farmer_id,farm_id,farm_type,size_ha,disposition,age,inherited,succession_stage,loan_principal,loan_rate,current_debt,debt_payments,debt_maturity,debt_free,debt_asset_ratio,n_holdings,n_local_links,n_catchment_links,Build_Wetland,Clean_Races,Farm_Plan,Riparian_Planting,x,y
26864,29388,SNB,64,for_profit,37,FALSE,2,255217,3,255217,17155,5,FALSE,0.673,1,11,10,1,0,0,0,38,259
26865,30129,SNB,128,for_profit,68,FALSE,3,2591971,3,1486141.874506501,217121,15,FALSE,0.295,1,9,12,0,0,1,0,81,166
26866,29160,Dairy,96,for_profit,61,FALSE,1,1109260,3,1109260,130039,15,FALSE,0.317,1,13,15,0,0,0,1,56,261
26867,28948,Dairy,96,for_profit,64,FALSE,2,1792,3,1437.930823352623,120,10,FALSE,0,3,17,16,0,0,1,1,89,180
26868,29148,Forest,80,for_profit,59,FALSE,3,514986,3,514986,34615,5,FALSE,0.606,1,11,11,0,0,0,0,44,222
26869,30188,SNB,240,for_profit,56,FALSE,2,821085,3,821085,68779,10,FALSE,0.627,5,12,14,1,0,3,2,94,95
26870,29444,Forest,928,for_profit,59,FALSE,2,6349827,3,5095207.570455757,426808,10,FALSE,0.533,5,11,10,0,0,0,0,137,37
26871,30577,Dairy,144,for_profit,63,FALSE,3,1376527,3,1376527,161371,15,FALSE,0.366,3,14,14,0,2,0,0,118,70
26872,30533,Forest,224,for_profit,70,FALSE,2,1112343,3,637777.0087374377,93177,15,FALSE,0.274,3,7,11,0,0,0,0,84,303
26873,28804,Forest,656,for_profit,72,FALSE,3,3972674,3,3972674,465719,15,FALSE,0.3,3,12,11,0,0,0,0,106,207
26874,29630,Dairy,32,for_profit,51,FALSE,3,877399,3,877399,58975,5,FALSE,0.753,1,12,11,0,0,0,0,28,273
26875,29634,Forest,176,for_profit,64,FALSE,2,1064474,3,1064474,124789,15,FALSE,0.312,2,10,11,1,0,1,0,114,133
26876,30395,SNB,464,for_profit,74,FALSE,4,1734500,3,994499.198228501,116586,15,FALSE,0.339,8,10,9,1,0,1,0,148,26
26877,29839,Crop,48,for_profit,78,FALSE,2,0,0,0,0,21,TRUE,0,1,14,12,0,0,0,0,134,217
26878,29525,Dairy,192,for_profit,50,FALSE,3,4124138,3,4124138,345465,10,FALSE,0.546,1,12,7,1,1,1,1,63,189
26879,29913,Dairy,128,for_profit,38,FALSE,4,2809983,3,2809983,188875,5,FALSE,0.583,3,8,10,1,1,0,0,18,254
26880,30096,SNB,624,for_profit,73,FALSE,2,1974,3,1974,231,10,FALSE,0.001,4,15,13,3,0,4,2,58,135
26881,29220,Forest,192,for_profit,59,FALSE,2,836430,3,836430,182638,20,FALSE,0.319,1,15,9,0,0,0,0,67,266
26882,28746,Dairy,256,for_profit,70,FALSE,4,4296246,3,2463311.157332029,359882,15,FALSE,0.282,4,12,13,2,0,1,0,93,106
26883,30403,Dairy,96,pro_environmental,46,FALSE,3,1537368,3,1537368,103335,5,FALSE,0.606,2,10,9,0,0,1,0,66,139
26884,30564,Dairy,112,for_profit,62,FALSE,3,1584317,3,1584317,185730,15,FALSE,0.335,3,12,16,0,0,2,0,103,172
26885,29705,Dairy,144,pro_environmental,67,FALSE,2,1523365,3,1523365,178585,15,FALSE,0.31,2,13,12,0,0,1,1,84,182
26886,30081,Dairy,96,for_profit,50,FALSE,2,1056602,3,1056602,123866,15,FALSE,0.304,2,11,10,0,0,0,0,126,88
26887,29079,SNB,320,for_profit,41,FALSE,3,1186964,3,1186964,79783,5,FALSE,0.717,4,6,11,0,0,1,0,11,319
26888,30024,Dairy,112,pro_environmental,66,FALSE,2,2675051,3,2675051,224080,10,FALSE,0.634,3,10,13,1,3,0,0,78,138
26889,29011,Dairy,224,for_profit,71,FALSE,2,2534,3,2534,212,5,FALSE,0,5,12,12,2,1,0,0,137,208
26890,29545,Forest,1120,for_profit,64,FALSE,3,7974229,3,7974229,535993,5,FALSE,0.623,6,12,8,0,0,0,0,174,10
26891,28914,Forest,48,for_profit,48,FALSE,3,254862,3,254862,29878,15,FALSE,0.384,1,9,11,0,0,0,0,69,199
26892,28995,SNB,80,for_profit,47,FALSE,2,221208,3,221208,14869,5,FALSE,0.683,1,17,15,0,0,1,1,101,247
26893,29670,Dairy,160,for_profit,58,FALSE,3,4074776,3,3269668.531616913,273889,10,FALSE,0.474,3,12,9,1,1,0,0,76,161
26894,30516,Dairy,224,for_profit,56,FALSE,3,3999322,3,3999322,335010,10,FALSE,0.513,4,12,11,0,1,3,0,75,121
26895,30170,Dairy,64,for_profit,50,FALSE,4,1630414,3,1630414,109589,5,FALSE,0.699,1,8,12,1,0,0,1,71,125
26896,29648,Dairy,288,for_profit,48,FALSE,2,5441308,3,5441308,365741,5,FALSE,0.564,3,11,12,2,2,0,2,138,23
26897,30215,Dairy,112,for_profit,54,FALSE,3,1349420,3,1349420,158193,15,FALSE,0.31,2,13,7,0,0,1,1,51,153
26898,30394,Dairy,224,for_profit,57,FALSE,2,4642175,3,4642175,388859,10,FALSE,0.611,8,13,10,4,1,0,3,137,53
26899,30341,SNB,32,for_profit,35,FALSE,3,91153,3,91153,6127,5,FALSE,0.611,2,10,10,1,0,2,0,11,283
26900,29390,Forest,176,for_profit,70,FALSE,2,0,0,0,0,21,TRUE,0,1,15,14,0,0,0,0,28,272
26901,28949,Dairy,128,for_profit,69,FALSE,2,2682413,3,2682413,224697,10,FALSE,0.572,2,18,15,1,0,0,0,95,190
26902,29299,Dairy,64,pro_environmental,63,FALSE,3,1920,3,1920,129,0,FALSE,0.129,1,12,8,1,0,0,0,77,169
26903,29575,Dairy,208,for_profit,48,FALSE,1,888142,3,888142,193930,20,FALSE,0.117,1,13,11,1,1,0,0,77,246
26904,28923,Dairy,80,for_profit,66,TRUE,2,1940,3,597.1868227969819,424,20,FALSE,0,3,13,12,0,3,3,1,63,181
26905,29883,Dairy,96,for_profit,64,FALSE,2,2506888,3,2506888,168502,5,FALSE,0.666,2,17,14,0,1,1,1,112,171
26906,29724,SNB,208,for_profit,61,FALSE,3,547681,3,547681,36813,5,FALSE,0.65,1,10,15,0,0,0,0,52,132
26907,30508,Dairy,1280,for_profit,52,FALSE,2,25869283,3,25869283,2166981,10,FALSE,0.601,2,13,12,0,1,2,0,128,34
26908,29805,Dairy,64,for_profit,59,FALSE,3,1281704,3,1281704,107364,10,FALSE,0.55,1,14,13,0,0,0,0,73,250
26909,30276,Forest,240,for_profit,72,FALSE,2,0,0,0,0,21,TRUE,0,2,10,11,0,0,0,0,16,249
26910,30237,SNB,496,pro_environmental,57,FALSE,3,1256732,3,1256732,84472,5,FALSE,0.628,4,7,8,1,0,2,0,124,240
26911,29205,Forest,1264,for_profit,64,FALSE,3,7334180,3,2257667.861866582,492972,20,FALSE,0.175,6,11,9,0,0,0,0,152,20
26912,29680,Forest,48,for_profit,57,FALSE,3,474080,3,474080,31866,5,FALSE,0.724,1,12,13,0,0,0,0,77,239
26913,30244,Forest,64,for_profit,63,FALSE,3,538226,3,308599.20753285283,36177,15,FALSE,0.349,1,17,15,0,0,0,0,136,214
26914,30344,Forest,64,for_profit,43,FALSE,3,562741,3,562741,37825,5,FALSE,0.644,1,13,12,0,0,0,0,36,263
26915,30091,Dairy,128,for_profit,46,FALSE,2,3531146,3,3531146,237348,5,FALSE,0.68,2,13,20,0,0,2,0,115,136
26916,29992,Dairy,80,for_profit,57,FALSE,4,1599343,3,1599343,133971,10,FALSE,0.545,3,11,14,0,1,2,1,30,256
26917,29166,Dairy,80,for_profit,57,FALSE,2,283281,3,283281,61856,20,FALSE,0.1,3,9,10,0,0,1,0,140,107
26918,30077,Forest,112,for_profit,56,FALSE,3,942128,3,942128,63326,5,FALSE,0.616,1,9,14,0,0,0,0,49,272
26919,29460,Dairy,80,for_profit,48,FALSE,2,2310846,3,2310846,155325,5,FALSE,0.683,3,19,15,3,1,3,1,86,179
26920,29698,Forest,640,for_profit,74,FALSE,2,4019894,3,1237436.9720828098,270200,20,FALSE,0.179,9,13,10,0,0,0,0,144,65
26921,30415,SNB,352,for_profit,53,TRUE,3,210602,3,210602,45986,20,FALSE,0.122,2,12,10,0,0,0,1,60,127
26922,28934,Dairy,160,for_profit,61,FALSE,2,320,3,320,22,5,FALSE,0,3,12,12,0,0,2,3,60,204
26923,29456,Dairy,192,for_profit,62,FALSE,4,3791270,3,3042178.56732818,254833,10,FALSE,0.468,4,10,12,0,4,3,0,163,48
26924,30140,Forest,112,for_profit,71,TRUE,2,0,0,0,0,21,TRUE,0,1,15,11,0,0,0,0,39,261
26925,29786,Dairy,96,for_profit,57,FALSE,3,1398967,3,1398967,164002,15,FALSE,0.38,2,14,15,0,0,0,0,93,144
26926,28814,Forest,96,for_profit,56,FALSE,3,545894,3,545894,63995,15,FALSE,0.417,1,10,16,0,0,0,0,88,143
26927,28947,Dairy,112,for_profit,45,FALSE,2,1415482,3,1415482,165938,15,FALSE,0.349,2,16,9,0,0,0,0,79,170
26928,29851,Dairy,192,for_profit,61,FALSE,1,1860470,3,572705.2413448974,218104,20,FALSE,0.085,2,13,12,0,1,0,0,64,138
26929,29424,SNB,160,for_profit,73,FALSE,4,0,0,0,0,21,TRUE,0,2,9,13,0,0,0,0,138,235
26930,29703,SNB,240,for_profit,69,FALSE,1,143552,3,143552,31345,20,FALSE,0.148,1,13,11,0,0,1,1,55,130
26931,29147,Dairy,160,for_profit,53,FALSE,2,3904211,3,3904211,327042,10,FALSE,0.636,3,13,9,0,0,0,2,87,217
26932,29745,SNB,48,pro_environmental,68,FALSE,4,147861,3,147861,17334,15,FALSE,0.299,3,12,10,0,0,2,1,109,133
26933,30454,Dairy,64,pro_environmental,57,FALSE,4,1568290,3,1568290,105414,5,FALSE,0.623,1,15,13,1,0,0,0,142,212
26934,28958,Forest,208,for_profit,47,FALSE,4,2526440,3,1448568.7831492731,169816,15,FALSE,0.392,1,13,7,0,0,0,0,113,166
26935,30578,Dairy,128,pro_environmental,54,FALSE,2,3162728,3,3162728,212585,5,FALSE,0.725,2,12,12,1,0,0,0,123,206
26936,28801,Dairy,80,pro_environmental,63,FALSE,6,1742518,3,1742518,145965,10,FALSE,0.598,1,12,13,1,1,0,0,90,260
26937,30113,Forest,48,pro_environmental,55,FALSE,6,425491,3,425491,28600,5,FALSE,0.641,1,17,7,0,0,0,0,90,255
26938,29962,SNB,240,for_profit,80,FALSE,1,69025,3,69025,5782,10,FALSE,0.045,1,16,13,1,0,1,1,77,148
26939,28818,Dairy,80,for_profit,51,FALSE,4,1917266,3,1917266,160603,10,FALSE,0.553,2,19,12,0,0,0,0,113,115
26940,29566,Dairy,64,pro_environmental,68,FALSE,3,4008,3,4008,336,5,FALSE,0.001,2,14,8,2,1,1,2,71,181
26941,30046,Dairy,256,pro_environmental,60,FALSE,3,4793544,3,4793544,322201,5,FALSE,0.669,4,9,9,2,0,0,0,141,21
26942,29640,Dairy,192,for_profit,65,FALSE,4,3719324,3,3719324,249997,5,FALSE,0.651,7,13,13,0,1,3,1,113,65
26943,29432,Dairy,656,for_profit,56,FALSE,3,7244320,3,7244320,849255,15,FALSE,0.331,2,8,13,0,0,2,0,45,217
26944,29748,Dairy,144,for_profit,67,FALSE,1,1806790,3,1806790,211811,15,FALSE,0.357,3,14,13,0,1,2,0,124,90
26945,28950,Forest,176,for_profit,70,FALSE,2,1121251,3,642884.5318610003,75366,15,FALSE,0.318,2,11,11,0,0,0,0,127,166
26946,29551,Forest,64,for_profit,64,FALSE,3,610646,3,489992.5812259966,41045,10,FALSE,0.554,1,11,14,0,0,0,0,45,138
26947,28937,SNB,144,for_profit,48,FALSE,3,735766,3,735766,49455,5,FALSE,0.676,2,13,12,1,0,0,0,129,224
26948,30479,Dairy,160,for_profit,30,FALSE,3,2939082,3,2939082,197552,5,FALSE,0.508,3,13,13,0,0,0,0,57,142
26949,30485,Crop,176,for_profit,64,FALSE,2,2528364,3,2528364,296401,15,FALSE,0.313,1,11,12,1,0,0,0,118,114
26950,29327,Dairy,64,for_profit,69,FALSE,2,0,0,0,0,21,TRUE,0,2,10,13,1,0,0,0,111,55
26951,29437,Forest,288,for_profit,69,FALSE,2,1909387,3,587763.2762988975,128341,20,FALSE,0.197,4,10,11,0,0,0,0,139,39
26952,28739,Dairy,144,for_profit,44,FALSE,2,3050031,3,3050031,205010,5,FALSE,0.619,2,15,12,2,0,0,2,60,124
26953,29499,Dairy,96,pro_environmental,37,FALSE,3,2498170,3,2498170,167916,5,FALSE,0.729,4,14,14,0,0,0,3,120,51
26954,29237,Dairy,32,for_profit,45,FALSE,4,695974,3,695974,46780,5,FALSE,0.628,2,12,15,1,0,0,0,146,239
26955,28918,Dairy,128,for_profit,56,FALSE,3,1858431,3,1858431,155674,10,FALSE,0.507,3,11,13,0,1,2,0,143,82
26956,29917,Forest,784,for_profit,54,FALSE,3,1562140,3,1562140,341100,20,FALSE,0.176,2,10,13,0,0,0,0,21,248
26957,28856,Dairy,96,pro_environmental,75,FALSE,3,64,3,64,4,0,FALSE,0,3,13,10,1,0,1,0,79,193
26958,30303,Dairy,512,for_profit,65,FALSE,3,1640991,3,1640991,358318,20,FALSE,0.091,6,9,9,1,1,2,0,98,220
26959,30560,Dairy,112,for_profit,70,FALSE,3,0,0,0,0,21,TRUE,0,3,8,11,0,3,0,1,56,200
26960,29768,SNB,368,for_profit,48,FALSE,4,1988866,3,1988866,133683,5,FALSE,0.651,5,8,13,0,0,3,0,148,60
26961,30321,Dairy,288,for_profit,53,FALSE,2,6823838,3,6823838,458669,5,FALSE,0.661,2,13,17,1,0,0,0,179,32
26962,30366,SNB,80,for_profit,58,FALSE,2,430356,3,430356,28927,5,FALSE,0.649,3,13,12,1,0,0,1,102,237
26963,30192,Dairy,336,for_profit,59,FALSE,2,3800993,3,3800993,445592,15,FALSE,0.313,5,9,10,2,5,0,0,109,72
26964,30310,SNB,128,for_profit,74,TRUE,3,2572,3,2572,302,10,FALSE,0.003,4,14,10,4,0,1,1,80,123
26965,29264,SNB,336,for_profit,77,FALSE,2,832,3,832,56,5,FALSE,0,4,12,10,2,0,2,0,109,59
26966,30458,Forest,64,pro_environmental,27,FALSE,2,611066,3,611066,41073,5,FALSE,0.691,1,17,13,0,0,0,0,54,218
26967,28771,SNB,256,for_profit,39,FALSE,2,750494,3,750494,50445,5,FALSE,0.704,2,8,10,2,0,2,0,61,140
26968,29146,Dairy,96,for_profit,67,FALSE,2,0,0,0,0,21,TRUE,0,1,9,13,0,1,0,0,69,286
26969,29862,Dairy,96,for_profit,59,FALSE,3,2135150,3,2135150,143516,5,FALSE,0.61,1,9,16,0,0,0,1,76,255
26970,29198,Dairy,208,for_profit,78,FALSE,1,4851,3,3892.5236741537806,406,10,FALSE,0.001,6,10,16,0,2,1,3,136,133
26971,29145,SNB,144,pro_environmental,69,FALSE,3,501498,3,501498,42009,10,FALSE,0.553,3,14,13,0,0,2,0,133,77
26972,28740,Forest,432,pro_environmental,73,FALSE,2,0,0,0,0,21,TRUE,0,3,10,12,0,0,0,0,39,223
26973,30205,Forest,32,for_profit,62,FALSE,4,307246,3,307246,20652,5,FALSE,0.694,1,14,13,0,0,0,0,52,238
26974,29524,Dairy,192,for_profit,57,TRUE,2,1920,3,1920,129,0,FALSE,0,4,9,15,2,2,4,2,129,88
26975,29866,SNB,96,for_profit,56,FALSE,3,248315,3,248315,16691,5,FALSE,0.58,2,10,17,1,0,0,0,140,197
26976,28798,SNB,112,for_profit,59,FALSE,2,118219,3,118219,25814,20,FALSE,0.165,1,11,8,0,0,0,1,99,159
26977,29588,SNB,112,for_profit,53,FALSE,4,1594859,3,1594859,107200,5,FALSE,0.739,2,13,8,0,0,1,0,97,252
26978,29491,Dairy,48,for_profit,51,FALSE,2,1082013,3,1082013,90637,10,FALSE,0.603,2,9,10,0,2,1,0,42,258
26979,29910,Dairy,288,for_profit,54,FALSE,4,7846518,3,7846518,527409,5,FALSE,0.756,3,13,10,2,0,0,1,69,162
26980,29806,Dairy,160,for_profit,80,FALSE,1,0,0,0,0,21,TRUE,0,2,13,16,2,0,2,0,126,44
26981,29849,SNB,256,for_profit,51,FALSE,3,815200,3,815200,54794,5,FALSE,0.683,2,13,12,0,0,0,0,96,110
26982,28875,Forest,80,pro_environmental,71,FALSE,4,555974,3,318775.26505384414,46572,15,FALSE,0.288,1,16,10,0,0,0,0,72,145
26983,30478,Dairy,160,for_profit,59,FALSE,2,3318119,3,3318119,277947,10,FALSE,0.543,3,15,10,3,1,0,0,69,137
26984,29501,SNB,96,for_profit,75,FALSE,2,60239,3,60239,13153,20,FALSE,0.148,2,13,8,2,0,0,1,105,71
26985,29937,SNB,464,for_profit,75,FALSE,1,1093,3,1093,128,10,FALSE,0.001,6,10,14,5,0,2,6,97,94
26986,29114,Dairy,112,for_profit,75,FALSE,2,800,3,800,54,0,FALSE,0,3,12,13,0,0,3,1,140,72
26987,29373,SNB,96,for_profit,45,FALSE,2,392613,3,392613,26390,5,FALSE,0.691,1,9,16,1,0,1,0,35,271
26988,30452,Dairy,208,for_profit,64,FALSE,3,4367026,3,4367026,293533,5,FALSE,0.534,1,14,10,1,0,1,1,118,144
26989,29064,SNB,64,for_profit,80,TRUE,2,9714,3,9714,653,5,FALSE,0.029,3,14,18,3,0,3,3,133,59
26990,29784,Dairy,80,for_profit,51,FALSE,3,1832391,3,1832391,153493,10,FALSE,0.629,1,9,8,0,0,0,1,54,276
26991,30078,Dairy,80,for_profit,43,FALSE,3,1957052,3,1957052,131545,5,FALSE,0.671,1,11,17,0,1,0,1,59,253
26992,29428,Forest,80,for_profit,55,FALSE,3,1003982,3,1003982,67483,5,FALSE,0.707,1,11,11,0,0,0,0,119,156
26993,29787,Dairy,144,for_profit,51,FALSE,4,3824359,3,3824359,257057,5,FALSE,0.683,2,13,13,1,0,0,0,46,243
26994,29633,Dairy,48,for_profit,66,FALSE,1,128,3,128,9,5,FALSE,0,2,9,10,0,1,1,2,115,85
26995,29611,Dairy,112,for_profit,61,FALSE,3,3091186,3,3091186,207776,5,FALSE,0.725,2,12,16,0,0,1,0,106,126
26996,30340,Forest,32,for_profit,67,FALSE,3,292898,3,292898,19687,5,FALSE,0.662,1,11,13,0,0,0,0,83,272
26997,29069,Dairy,144,for_profit,78,FALSE,1,1152,3,1152,77,0,FALSE,0,2,12,9,0,1,1,0,85,165
26998,30013,Dairy,32,for_profit,50,FALSE,2,64,3,64,4,0,FALSE,0.121,2,7,13,0,0,1,1,119,175
26999,28871,Crop,112,pro_environmental,43,TRUE,5,882586,3,271684.911951081,73931,20,FALSE,0.058,2,16,14,0,0,0,0,116,95
27000,29522,Forest,224,for_profit,78,FALSE,3,0,0,0,0,21,TRUE,0,1,13,12,0,0,0,0,48,153
27001,29356,Dairy,192,for_profit,66,FALSE,3,1918928,3,1918928,224957,15,FALSE,0.278,3,16,12,1,0,2,0,73,128
27002,30104,Crop,32,for_profit,64,FALSE,1,1600,3,1600,108,5,FALSE,0.001,1,11,9,1,0,0,1,116,126
27003,29626,Dairy,64,for_profit,69,FALSE,1,1161,3,357.3886089006681,254,20,FALSE,0,3,17,13,2,3,1,1,88,133
27004,29819,Forest,208,pro_environmental,54,FALSE,3,2244721,3,2244721,150881,5,FALSE,0.711,2,11,13,0,0,1,0,26,275
27005,30328,Dairy,160,for_profit,64,FALSE,2,4029216,3,4029216,337514,10,FALSE,0.592,3,13,10,0,0,1,2,88,164
27006,29778,Dairy,112,for_profit,54,FALSE,2,2129839,3,2129839,178409,10,FALSE,0.489,2,11,12,0,0,2,2,111,110
27007,30583,Forest,32,for_profit,64,FALSE,2,334670,3,334670,39234,15,FALSE,0.395,2,12,16,0,0,0,0,56,256
27008,29832,SNB,272,for_profit,78,FALSE,2,0,0,0,0,21,TRUE,0,2,13,13,0,0,0,0,50,129
27009,29656,SNB,96,for_profit,68,FALSE,4,114723,3,114723,13449,15,FALSE,0.299,2,11,9,0,0,0,0,103,228
27010,29764,Dairy,96,for_profit,49,FALSE,2,2029518,3,1628519.2459536656,136415,10,FALSE,0.491,2,12,15,2,0,0,0,20,252
27011,28899,Dairy,208,for_profit,55,FALSE,2,3558992,3,3558992,298125,10,FALSE,0.609,4,10,11,0,1,2,1,56,202
27012,29119,SNB,160,for_profit,60,FALSE,2,0,0,0,0,21,TRUE,0,1,10,10,0,0,0,0,44,273
27013,29091,Dairy,352,for_profit,63,FALSE,2,6110461,3,6110461,511852,10,FALSE,0.509,4,10,10,0,3,1,4,71,113
27014,28820,Dairy,64,for_profit,56,FALSE,3,1716342,3,1716342,115365,5,FALSE,0.605,1,10,13,0,0,0,0,132,130
27015,29152,Dairy,112,for_profit,68,FALSE,3,1473164,3,1473164,172700,15,FALSE,0.302,2,11,12,2,0,0,0,121,111
27016,30438,Dairy,64,for_profit,77,FALSE,1,0,0,0,0,21,TRUE,0,1,12,17,0,1,1,1,73,177
27017,29658,SNB,96,for_profit,57,FALSE,3,383433,3,383433,25773,0,FALSE,1.834,2,18,11,0,0,0,0,77,276
27018,30169,SNB,96,pro_environmental,50,FALSE,4,311494,3,311494,20937,5,FALSE,0.801,1,11,18,0,0,0,1,46,222
27019,29821,Dairy,96,for_profit,61,FALSE,2,2400,3,2400,161,0,FALSE,0.095,2,10,14,1,0,0,1,79,134
27020,29977,Dairy,128,pro_environmental,64,FALSE,1,5280,3,5280,355,5,FALSE,0.001,4,13,10,3,3,4,1,93,122
27021,28996,Forest,384,for_profit,62,FALSE,2,1661023,3,1661023,362692,20,FALSE,0.317,1,10,17,0,0,0,0,72,257
27022,29066,Forest,384,for_profit,76,FALSE,2,2896683,3,891680.8852680568,194703,20,FALSE,0.168,1,12,15,0,0,0,0,107,148
27023,29931,SNB,144,for_profit,57,FALSE,3,549326,3,549326,46015,10,FALSE,0.592,2,14,12,0,0,1,0,13,300
27024,30172,Dairy,80,for_profit,62,FALSE,3,1966597,3,1966597,132186,5,FALSE,0.675,1,12,8,0,0,1,0,61,163
27025,29903,Dairy,96,for_profit,57,FALSE,2,2447467,3,2447467,164508,5,FALSE,0.649,1,11,12,1,1,1,1,46,150
27026,30206,Forest,800,for_profit,64,FALSE,2,0,0,0,0,21,TRUE,0,9,11,15,0,0,0,0,159,12
27027,29646,Crop,96,for_profit,58,FALSE,2,509886,3,509886,111336,20,FALSE,0.123,2,11,10,2,0,0,1,114,91
27028,30486,Forest,64,pro_environmental,56,FALSE,3,905660,3,905660,60875,5,FALSE,0.705,2,15,11,1,0,0,1,87,126
27029,29858,Dairy,128,for_profit,56,FALSE,3,1590030,3,1590030,186400,15,FALSE,0.361,4,8,13,1,0,1,0,123,65
27030,28797,SNB,128,for_profit,60,TRUE,2,4741,3,1459.4137767425213,397,20,FALSE,0.003,2,17,10,2,0,0,1,94,91
27031,28916,Dairy,96,for_profit,55,FALSE,2,1222364,3,1222364,143298,15,FALSE,0.351,2,13,11,1,0,0,1,54,141
27032,30146,Forest,64,for_profit,39,FALSE,3,354127,3,354127,29664,10,FALSE,0.498,2,11,12,0,0,0,0,127,53
27033,30289,Dairy,112,pro_environmental,43,FALSE,2,2569364,3,2569364,172702,5,FALSE,0.655,2,14,8,2,0,0,2,125,42
27034,30364,Dairy,32,pro_environmental,58,FALSE,1,2627,3,1506.2262287381218,220,15,FALSE,0.001,1,12,14,0,1,1,1,121,225
27035,29171,Crop,240,for_profit,48,FALSE,2,6362924,3,6362924,427688,5,FALSE,0.642,4,16,14,0,0,3,2,116,119
27036,30256,SNB,112,for_profit,60,FALSE,2,325149,3,325149,27237,10,FALSE,0.614,4,11,10,4,0,0,2,129,43
27037,30227,Dairy,176,pro_environmental,59,FALSE,2,2400,3,2400,161,0,FALSE,0.148,2,8,12,1,0,2,0,98,243
27038,30201,SNB,176,for_profit,63,FALSE,4,636002,3,636002,42749,5,FALSE,0.734,2,12,17,0,0,0,0,24,268
27039,30350,Dairy,144,for_profit,75,FALSE,3,1600,3,1600,108,0,FALSE,0.105,2,12,11,0,0,2,1,59,158
27040,29319,Dairy,160,for_profit,58,FALSE,2,1892069,3,1892069,221808,15,FALSE,0.304,2,13,13,0,0,1,0,47,143
27041,30365,Dairy,144,for_profit,56,FALSE,2,2988706,3,2988706,250354,10,FALSE,0.634,2,12,10,1,1,1,0,120,74
27042,29305,Dairy,64,for_profit,75,FALSE,4,0,0,0,0,21,TRUE,0,2,14,11,0,0,0,0,127,76
27043,30301,Dairy,256,for_profit,71,FALSE,2,2453985,3,2453985,287682,15,FALSE,0.283,2,11,17,2,0,1,0,91,111
27044,28775,Dairy,64,for_profit,60,FALSE,2,192,3,192,13,5,FALSE,0,2,9,13,0,0,2,0,105,139
27045,29918,SNB,272,for_profit,67,FALSE,3,450781,3,450781,52845,15,FALSE,0.361,4,12,10,2,0,2,0,12,314
27046,29316,Forest,64,for_profit,68,FALSE,2,497544,3,285273.628759528,33443,15,FALSE,0.331,1,12,12,0,0,0,0,144,88
27047,29446,SNB,352,for_profit,65,FALSE,4,808275,3,808275,67706,10,FALSE,0.567,1,11,10,0,0,1,0,129,206
27048,29417,Dairy,160,for_profit,51,FALSE,5,3654361,3,3654361,306113,10,FALSE,0.591,3,14,12,0,0,0,0,122,133
27049,28917,Dairy,64,for_profit,70,TRUE,2,1440,3,1440,97,0,FALSE,0,2,12,10,2,0,2,0,147,215
27050,30336,SNB,208,for_profit,62,FALSE,2,130770,3,130770,28554,20,FALSE,0.116,7,12,10,4,0,1,0,95,80
27051,30587,Dairy,160,pro_environmental,57,FALSE,3,3656026,3,3656026,245742,5,FALSE,0.676,2,12,16,2,1,0,1,18,275
27052,29040,SNB,112,for_profit,35,TRUE,3,323874,3,323874,27130,10,FALSE,0.507,2,9,10,0,0,0,1,103,211
27053,30420,Dairy,96,pro_environmental,46,FALSE,3,640,3,640,43,0,FALSE,0.14,4,11,19,1,3,3,2,145,211
27054,29484,Dairy,64,for_profit,53,FALSE,2,288468,3,288468,62988,20,FALSE,0.117,2,16,11,0,0,0,1,133,213
27055,29742,Forest,80,for_profit,72,FALSE,3,740053,3,227809.2266862757,49743,20,FALSE,0.206,1,14,14,0,0,0,0,83,197
27056,29682,Dairy,32,for_profit,40,FALSE,3,395013,3,395013,46308,15,FALSE,0.339,1,13,13,0,0,1,0,110,99
27057,28873,Dairy,80,for_profit,64,FALSE,2,1920,3,1920,129,0,FALSE,0,2,15,12,1,2,0,1,9,310
27058,29215,Dairy,96,for_profit,53,FALSE,2,2156891,3,2156891,144977,5,FALSE,0.625,2,14,12,0,2,0,1,85,260
27059,29574,Dairy,144,pro_environmental,73,FALSE,1,7200,3,4128.218061254083,484,15,FALSE,0.001,1,11,11,0,0,0,1,92,185
27060,29576,Dairy,112,for_profit,36,FALSE,3,2678450,3,2678450,180034,5,FALSE,0.608,1,13,14,0,0,0,0,48,259
27061,28768,SNB,128,for_profit,54,FALSE,3,342718,3,342718,28708,10,FALSE,0.561,2,6,11,0,0,0,1,142,196
27062,29039,Forest,144,for_profit,59,FALSE,6,1171703,3,1171703,78757,0,FALSE,1.24,1,13,14,0,0,0,0,67,275
27063,29599,Dairy,80,pro_environmental,69,FALSE,4,192,3,192,13,0,FALSE,0.078,2,10,12,0,0,1,2,94,73
27064,30126,SNB,208,for_profit,62,FALSE,2,357899,3,357899,41957,15,FALSE,0.373,2,10,11,0,0,0,0,84,97
27065,29246,Forest,192,for_profit,55,FALSE,4,2563047,3,2563047,172277,5,FALSE,0.694,2,17,13,0,0,0,0,57,124
27066,28730,Dairy,272,for_profit,58,FALSE,2,2703549,3,2703549,316938,15,FALSE,0.338,2,10,12,0,1,1,1,73,137
27067,29507,Dairy,80,for_profit,78,FALSE,1,0,0,0,0,21,TRUE,0,1,9,10,0,0,0,0,88,245
27068,30032,Forest,96,for_profit,43,FALSE,3,660791,3,660791,44416,5,FALSE,0.595,2,14,16,0,0,0,0,14,285
27069,29309,Dairy,112,for_profit,50,FALSE,2,2313671,3,2313671,193808,10,FALSE,0.627,4,12,12,4,3,4,0,121,173
27070,29728,Dairy,192,for_profit,60,FALSE,4,3798705,3,3798705,318205,10,FALSE,0.638,6,9,10,0,0,0,2,145,94
27071,28993,Dairy,368,for_profit,52,FALSE,4,6030397,3,6030397,505146,10,FALSE,0.485,2,12,12,0,0,0,2,72,117
27072,29716,SNB,288,for_profit,65,FALSE,3,1187359,3,1187359,79809,5,FALSE,0.69,2,9,14,0,0,0,0,111,232
27073,29733,SNB,368,for_profit,44,TRUE,4,970719,3,970719,81314,10,FALSE,0.55,6,14,13,2,0,0,0,49,135
27074,29653,Dairy,256,for_profit,68,FALSE,2,2220987,3,2220987,260367,15,FALSE,0.317,5,13,10,1,2,1,0,139,58
27075,28951,Dairy,256,pro_environmental,71,FALSE,1,576,3,576,39,0,FALSE,0.109,4,12,12,0,0,3,0,77,121
27076,30401,SNB,320,for_profit,56,FALSE,2,647437,3,647437,141371,20,FALSE,0.334,4,11,20,0,0,0,0,87,282
27077,30457,Forest,176,for_profit,49,FALSE,2,2157638,3,2157638,180738,10,FALSE,0.566,2,13,13,0,0,0,0,129,118
27078,28975,SNB,176,for_profit,78,FALSE,1,0,0,0,0,21,TRUE,0,2,9,12,1,0,2,1,96,268
27079,29053,Dairy,128,for_profit,83,FALSE,2,384,3,384,26,0,FALSE,0,3,13,12,0,0,1,0,136,75
27080,29352,Dairy,256,for_profit,68,FALSE,2,3252466,3,3252466,381288,15,FALSE,0.299,2,13,12,0,0,2,2,96,151
27081,29930,Dairy,64,for_profit,60,FALSE,2,718651,3,221221.08628344015,84248,20,FALSE,0.095,3,14,15,1,0,1,2,123,86
27082,29279,Dairy,32,for_profit,57,FALSE,2,573765,3,573765,48062,10,FALSE,0.534,1,8,10,0,0,1,0,122,203
27083,28907,SNB,144,for_profit,69,FALSE,1,0,0,0,0,21,TRUE,0,1,17,19,0,0,0,0,100,137
27084,30220,Dairy,128,for_profit,64,FALSE,2,3200,3,3200,215,0,FALSE,0.116,2,14,13,0,2,0,2,60,214
27085,29415,Crop,48,for_profit,55,FALSE,3,1291448,3,1291448,86806,5,FALSE,0.618,1,9,17,0,0,0,0,106,144
27086,30257,Forest,240,for_profit,50,FALSE,2,1296883,3,1296883,108635,10,FALSE,0.509,1,8,16,0,0,0,0,34,237
27087,29450,Dairy,384,for_profit,75,FALSE,3,0,0,0,0,21,TRUE,0,5,13,9,0,1,1,0,82,117
27088,30471,Forest,96,pro_environmental,73,FALSE,1,0,0,0,0,21,TRUE,0,1,16,11,0,0,0,0,64,254
27089,29442,Dairy,96,for_profit,33,FALSE,2,1887866,3,1887866,126894,5,FALSE,0.651,2,12,11,1,1,0,1,61,175
27090,29600,Forest,96,for_profit,39,FALSE,3,2188794,3,2188794,147121,5,FALSE,0.594,3,15,12,0,1,0,0,135,96
27091,30189,Dairy,64,for_profit,63,FALSE,2,1311362,3,1311362,109848,10,FALSE,0.49,3,11,12,0,0,2,0,104,171
27092,29560,Dairy,64,pro_environmental,57,FALSE,1,833881,3,833881,97756,15,FALSE,0.323,2,14,10,2,0,2,0,65,172
27093,29720,Dairy,144,for_profit,47,FALSE,2,2355427,3,2355427,197306,10,FALSE,0.581,4,13,9,3,0,3,1,35,253
27094,30216,Dairy,80,for_profit,65,FALSE,2,1990,3,1990,167,5,FALSE,0.001,4,13,11,1,3,2,3,75,126
27095,29559,Dairy,176,for_profit,63,FALSE,2,2139687,3,2139687,250837,15,FALSE,0.331,2,13,10,0,1,0,0,46,133
27096,28857,Crop,64,for_profit,59,FALSE,1,331414,3,331414,72366,20,FALSE,0.123,1,17,12,1,0,0,0,83,263
27097,30347,Dairy,176,for_profit,56,FALSE,2,3401713,3,3401713,284950,10,FALSE,0.645,2,15,13,0,1,0,0,91,247
27098,29228,Dairy,192,for_profit,67,FALSE,4,320,3,320,22,0,FALSE,0.104,4,10,9,0,0,2,0,20,276
27099,30060,Dairy,144,for_profit,68,FALSE,1,1710,3,1710,200,10,FALSE,0,4,11,10,2,4,1,4,97,118
27100,30550,Forest,80,for_profit,74,FALSE,3,996714,3,571479.5467645559,66995,15,FALSE,0.389,2,9,10,0,1,0,0,94,143
27101,29335,Forest,80,for_profit,70,FALSE,2,251361,3,77376.01905416092,29467,20,FALSE,0.101,2,10,14,0,0,1,0,84,114
27102,29408,Dairy,96,for_profit,68,TRUE,2,2400,3,2400,161,5,FALSE,0.001,2,9,10,1,1,0,1,58,243
27103,29368,Dairy,144,for_profit,37,FALSE,3,3183816,3,3183816,214002,5,FALSE,0.567,4,8,13,0,0,1,3,55,194
27104,30183,Forest,96,for_profit,50,FALSE,2,483783,3,483783,40525,10,FALSE,0.575,2,11,10,1,0,1,1,55,136
27105,29592,Dairy,80,pro_environmental,71,FALSE,2,1591677,3,1591677,133329,10,FALSE,0.542,4,12,9,0,1,0,2,112,78
27106,29471,Forest,64,for_profit,71,FALSE,2,476572,3,273249.04692888627,39921,15,FALSE,0.313,1,10,12,0,0,0,0,84,142
27107,30519,Forest,208,for_profit,35,FALSE,2,1423179,3,1423179,95660,5,FALSE,0.675,3,10,8,0,0,0,0,106,241
27108,28884,Dairy,96,for_profit,63,FALSE,3,1361906,3,1361906,159657,15,FALSE,0.376,2,13,18,1,0,2,1,117,168
27109,29411,Dairy,208,for_profit,41,FALSE,3,3805177,3,3805177,318747,10,FALSE,0.514,3,9,14,0,0,0,2,13,312
27110,30253,Crop,112,for_profit,58,FALSE,4,2832293,3,2832293,190375,5,FALSE,0.581,1,13,14,0,0,0,0,122,164
27111,30099,Dairy,80,for_profit,65,FALSE,2,1811394,3,1811394,121754,5,FALSE,0.596,2,12,19,0,0,1,1,86,227
27112,30431,Dairy,128,for_profit,57,FALSE,4,1462804,3,1462804,171485,15,FALSE,0.353,2,16,13,0,0,0,0,172,21
27113,29026,Forest,80,pro_environmental,42,FALSE,1,590230,3,590230,49442,10,FALSE,0.541,1,14,15,0,0,0,0,81,137
27114,30502,SNB,160,pro_environmental,55,FALSE,2,633079,3,633079,42553,5,FALSE,0.706,3,10,17,2,0,0,1,117,67
27115,30384,Dairy,240,for_profit,37,FALSE,2,4862910,3,3902080.4576951475,326864,10,FALSE,0.446,1,11,8,0,0,0,0,73,270
27116,30451,Dairy,288,for_profit,82,FALSE,2,8464,3,8464,992,10,FALSE,0,2,14,11,2,0,1,0,131,27
27117,29894,Forest,112,for_profit,62,FALSE,4,701537,3,701537,47154,5,FALSE,0.614,4,17,10,0,0,0,1,105,116
27118,30520,Dairy,64,for_profit,51,FALSE,2,1431116,3,1431116,119880,10,FALSE,0.535,2,15,9,2,0,0,0,66,181
27119,29294,Dairy,128,for_profit,56,FALSE,2,3118121,3,3118121,209587,5,FALSE,0.666,2,11,11,1,2,0,2,93,125
27120,30094,Dairy,160,for_profit,66,FALSE,1,1723874,3,530657.1324548065,202091,20,FALSE,0.096,3,13,14,1,0,0,0,99,120
27121,29468,Dairy,128,for_profit,56,FALSE,2,1532777,3,1532777,179688,15,FALSE,0.326,2,9,9,1,0,1,0,120,65
27122,28982,Dairy,48,pro_environmental,74,FALSE,1,960,3,770.3200839389052,65,10,FALSE,0.001,2,12,14,1,0,0,1,58,162
27123,30510,Forest,144,for_profit,72,TRUE,3,0,0,0,0,21,TRUE,0,3,6,10,0,0,0,0,87,303
27124,30027,SNB,96,for_profit,61,FALSE,4,492341,3,492341,33093,5,FALSE,0.684,3,17,12,2,0,1,2,62,131
27125,30562,Dairy,112,for_profit,61,FALSE,3,1542893,3,1542893,180874,15,FALSE,0.38,4,10,7,1,1,1,0,142,229
27126,29591,Dairy,112,for_profit,72,FALSE,1,3347,3,3347,392,10,FALSE,0,2,10,17,1,2,1,1,95,104
27127,28915,Forest,608,for_profit,52,FALSE,4,4042500,3,3243769.7284614835,271719,10,FALSE,0.511,5,7,11,0,0,0,0,99,211
27128,29452,Dairy,96,for_profit,76,FALSE,1,960,3,960,65,5,FALSE,0,2,12,12,2,2,0,0,85,173
27129,29621,Forest,80,for_profit,52,FALSE,4,567253,3,567253,38128,5,FALSE,0.599,2,15,15,0,0,0,0,112,48
27130,30052,Dairy,96,for_profit,56,FALSE,3,2348166,3,2348166,196698,10,FALSE,0.58,3,9,15,1,0,2,0,87,172
27131,29090,Dairy,128,pro_environmental,81,FALSE,2,6235,3,3574.9221683221126,522,15,FALSE,0.001,2,11,9,2,2,1,0,94,239
27132,28751,Dairy,320,pro_environmental,73,FALSE,2,3346309,3,1030088.4741272917,392289,20,FALSE,0.095,3,12,11,2,0,1,0,145,79
27133,30412,Forest,64,for_profit,67,FALSE,3,623115,3,623115,73048,15,FALSE,0.391,3,9,11,2,0,2,2,95,124
27134,28776,SNB,144,for_profit,63,FALSE,2,2695,3,2162.5131523076557,226,10,FALSE,0.004,3,11,14,3,0,1,0,125,205
27135,29087,Forest,208,pro_environmental,68,FALSE,2,0,0,0,0,21,TRUE,0,1,12,8,0,0,0,0,43,246
27136,29776,SNB,96,for_profit,62,FALSE,4,578922,3,578922,38913,5,FALSE,0.704,1,11,12,0,0,1,0,107,130
27137,29378,Dairy,96,for_profit,64,FALSE,2,3394,3,3394,398,10,FALSE,0,2,9,11,0,1,2,2,149,214
27138,29712,Dairy,64,for_profit,75,FALSE,2,1015,3,1015,222,15,FALSE,0.001,2,14,11,2,1,1,2,131,77
27139,29065,Dairy,80,for_profit,65,FALSE,2,1751708,3,1751708,117742,5,FALSE,0.62,3,11,15,2,1,1,2,92,113
27140,30151,Dairy,32,for_profit,64,FALSE,3,778754,3,778754,52345,5,FALSE,0.649,2,10,13,1,0,1,0,122,83
27141,28778,Dairy,160,pro_environmental,53,FALSE,3,3682322,3,3682322,247510,5,FALSE,0.629,4,10,10,4,0,0,1,54,139
27142,28926,Dairy,336,pro_environmental,45,FALSE,3,9076279,3,9076279,610069,5,FALSE,0.786,6,11,12,6,4,2,4,141,30
27143,29377,Dairy,208,for_profit,67,FALSE,3,2641952,3,813267.4849804805,309717,20,FALSE,0.105,2,9,9,0,0,0,1,40,141
27144,29952,Dairy,112,for_profit,50,FALSE,2,2071955,3,2071955,173561,10,FALSE,0.537,3,14,9,2,0,0,0,64,240
27145,29675,Dairy,48,for_profit,53,FALSE,3,1382649,3,1382649,92936,5,FALSE,0.733,1,8,11,0,0,0,1,68,197
27146,29180,SNB,224,for_profit,74,FALSE,2,341605,3,105155.6724750325,40047,20,FALSE,0.038,2,17,12,0,0,0,1,9,291
27147,30456,Dairy,176,for_profit,54,FALSE,3,4065939,3,4065939,273295,5,FALSE,0.674,3,10,13,1,2,2,1,63,119
27148,29229,Forest,144,for_profit,72,FALSE,2,923687,3,923687,201691,20,FALSE,0.361,1,15,10,0,0,0,0,119,117
27149,28756,Dairy,48,for_profit,73,FALSE,1,0,0,0,0,21,TRUE,0,1,15,15,0,0,0,1,122,130
27150,30238,Forest,384,pro_environmental,75,FALSE,2,1848389,3,568986.36814582,154833,20,FALSE,0.141,3,12,14,0,0,0,0,149,30
27151,29005,Dairy,528,pro_environmental,60,FALSE,3,9964327,3,9964327,834678,10,FALSE,0.567,5,7,21,0,2,1,0,166,47
27152,30232,Forest,64,for_profit,43,FALSE,2,1383383,3,1383383,92985,5,FALSE,0.758,2,12,14,1,0,0,1,96,189
27153,28896,Dairy,160,for_profit,58,FALSE,3,1834841,3,1834841,215099,15,FALSE,0.315,2,12,11,0,0,0,1,89,268
27154,29217,Dairy,96,for_profit,52,FALSE,3,2164026,3,2164026,145457,5,FALSE,0.636,3,12,10,1,0,1,1,126,27
27155,29021,Forest,128,pro_environmental,68,FALSE,4,1221065,3,700114.2481896136,82075,15,FALSE,0.396,1,10,10,0,0,0,0,101,151
27156,29850,Forest,160,for_profit,73,FALSE,2,0,0,0,0,21,TRUE,0,1,14,12,0,0,0,0,61,246
27157,29109,Dairy,128,for_profit,42,FALSE,2,480379,3,480379,104893,20,FALSE,0.105,3,15,13,2,0,0,2,140,83
27158,29976,Forest,128,for_profit,65,FALSE,4,2686895,3,2686895,225072,10,FALSE,0.831,3,12,10,0,0,2,0,112,135
27159,30117,Dairy,64,for_profit,45,FALSE,3,1649108,3,1649108,138140,10,FALSE,0.635,2,14,15,2,2,0,0,123,157
27160,30111,Forest,48,for_profit,64,FALSE,2,330954,3,330954,22245,5,FALSE,0.649,1,12,9,0,0,0,0,38,235
27161,30009,Dairy,80,for_profit,49,FALSE,2,1621580,3,1621580,135834,10,FALSE,0.523,2,10,12,1,2,2,2,49,161
27162,28994,Dairy,64,for_profit,73,FALSE,2,281811,3,281811,61535,20,FALSE,0.12,2,10,9,0,1,0,1,124,126
27163,29234,Dairy,96,for_profit,64,FALSE,2,1660972,3,1660972,139134,10,FALSE,0.515,1,14,14,0,1,1,0,79,117
27164,28747,Dairy,96,for_profit,47,FALSE,1,500221,3,500221,109226,20,FALSE,0.133,1,16,13,1,1,1,0,86,202
27165,29959,Forest,48,for_profit,48,FALSE,4,560067,3,560067,37645,5,FALSE,0.657,1,16,14,0,0,0,0,95,148
27166,29689,Forest,160,for_profit,72,FALSE,5,1397918,3,430318.66440758324,93962,20,FALSE,0.195,1,10,14,0,0,0,0,104,152
27167,28971,Dairy,64,for_profit,70,FALSE,2,1920,3,1540.6401678778104,129,10,FALSE,0.001,2,12,15,0,1,0,1,65,134
27168,29596,SNB,176,for_profit,63,FALSE,2,467157,3,467157,31400,5,FALSE,0.656,1,7,13,1,0,1,1,13,326
27169,29268,Dairy,32,pro_environmental,60,FALSE,2,986011,3,986011,66275,5,FALSE,0.695,1,13,13,1,1,1,1,120,126
27170,30139,Forest,96,for_profit,65,FALSE,3,2913229,3,2913229,195815,5,FALSE,0.706,2,13,11,1,0,0,0,118,163
27171,30147,Dairy,112,for_profit,63,FALSE,2,1368630,3,1368630,160445,15,FALSE,0.305,2,10,13,0,0,0,0,79,175
27172,28898,Dairy,96,pro_environmental,59,FALSE,2,2078525,3,2078525,174111,10,FALSE,0.519,2,12,12,0,1,2,2,120,154
27173,29951,Dairy,48,for_profit,57,FALSE,4,936199,3,536782.447323335,78422,15,FALSE,0.284,1,17,13,0,0,0,0,48,235
27174,28772,Dairy,80,for_profit,55,FALSE,3,302370,3,302370,66024,20,FALSE,0.104,1,11,11,1,0,0,0,68,264
27175,30355,Dairy,64,for_profit,68,TRUE,1,800,3,800,54,5,FALSE,0,2,14,10,0,0,0,1,44,264
27176,29827,Dairy,192,for_profit,62,FALSE,1,0,0,0,0,21,TRUE,0,1,8,9,1,0,1,0,38,135
27177,29497,Crop,112,pro_environmental,75,FALSE,2,7854,3,7854,658,5,FALSE,0.001,1,9,13,1,0,0,1,120,37
27178,29925,SNB,64,for_profit,71,FALSE,1,247476,3,247476,54038,20,FALSE,0.324,2,8,18,1,0,1,2,118,173
27179,28819,SNB,368,for_profit,66,FALSE,2,673740,3,673740,78983,15,FALSE,0.33,6,9,12,1,0,2,2,145,106
27180,29726,SNB,48,for_profit,54,FALSE,2,135937,3,135937,11387,10,FALSE,0.586,2,16,8,1,0,1,2,97,255
27181,30337,Forest,80,for_profit,76,FALSE,1,522408,3,160811.94521841535,61242,20,FALSE,0.094,4,8,11,0,0,0,0,68,107
27182,29923,Forest,160,for_profit,67,FALSE,2,943486,3,540960.5480194959,79033,15,FALSE,0.318,1,13,14,0,0,0,0,108,54
27183,28986,Dairy,272,for_profit,58,FALSE,4,6645636,3,6645636,446691,5,FALSE,0.632,4,12,11,0,2,0,0,123,125
27184,29622,Dairy,32,pro_environmental,51,FALSE,2,652171,3,652171,54630,10,FALSE,0.566,2,13,10,0,0,2,2,113,56
27185,28845,Dairy,64,for_profit,58,FALSE,2,851113,3,851113,99776,15,FALSE,0.367,2,13,11,1,0,0,0,86,135
27186,29655,Dairy,80,pro_environmental,65,TRUE,2,2560,3,2560,172,0,FALSE,0,2,13,11,0,2,2,1,116,135
27187,30409,Forest,48,for_profit,59,FALSE,5,380870,3,380870,25600,5,FALSE,0.574,1,12,11,0,0,0,0,112,113
27188,29449,SNB,160,for_profit,61,FALSE,3,252668,3,252668,29620,15,FALSE,0.334,3,13,15,0,0,0,0,8,300
27189,30563,Dairy,64,for_profit,65,TRUE,2,0,0,0,0,21,TRUE,0,1,17,14,0,0,1,1,68,195
27190,30003,SNB,192,for_profit,50,FALSE,4,356094,3,356094,41745,15,FALSE,0.381,4,11,10,0,0,3,4,63,147
27191,28992,Dairy,64,for_profit,59,FALSE,2,1637275,3,1637275,110051,5,FALSE,0.651,1,10,15,1,0,1,1,83,175
27192,30039,SNB,32,pro_environmental,55,FALSE,2,126603,3,72589.55433457649,8510,15,FALSE,0.368,2,13,13,0,0,0,0,98,136
27193,29766,Forest,208,for_profit,80,FALSE,2,544079,3,544079,118802,20,FALSE,0.229,4,8,14,1,0,1,1,179,38
27194,28928,SNB,736,for_profit,59,FALSE,3,1723217,3,1723217,115827,5,FALSE,0.583,6,15,14,6,0,1,1,108,201
27195,29916,SNB,432,for_profit,68,FALSE,4,2197351,3,1763191.257045039,147697,10,FALSE,0.548,4,13,11,2,0,0,0,76,111
27196,30335,Dairy,224,for_profit,61,FALSE,2,128,3,128,9,0,FALSE,0.135,3,18,13,1,3,3,3,110,86
27197,29878,Dairy,96,for_profit,58,TRUE,1,3840,3,1182.060515227016,258,20,FALSE,0,1,11,12,0,1,1,0,128,69
27198,30222,Forest,96,for_profit,66,FALSE,1,1097818,3,1097818,91960,10,FALSE,0.535,2,13,13,0,0,0,0,103,127
27199,29103,Forest,64,for_profit,57,FALSE,2,1468003,3,1468003,98673,5,FALSE,0.63,1,18,14,0,0,0,0,84,141
27200,28731,Dairy,160,for_profit,72,TRUE,2,4326,3,4326,362,5,FALSE,0,4,8,12,2,3,3,3,89,95
27201,28780,Dairy,160,for_profit,55,FALSE,3,3777061,3,3777061,253878,5,FALSE,0.602,3,13,11,0,0,0,0,49,145
27202,30503,Dairy,128,for_profit,65,FALSE,3,2981,3,2981,250,5,FALSE,0,3,12,13,2,0,0,0,88,253
27203,29479,Forest,80,for_profit,58,FALSE,4,1375977,3,1375977,92487,5,FALSE,0.661,2,16,10,0,0,0,0,71,172
27204,30218,Dairy,224,for_profit,65,FALSE,2,5039930,3,5039930,422178,10,FALSE,0.753,4,13,8,1,0,3,2,102,105
27205,29529,SNB,80,for_profit,49,FALSE,3,272194,3,272194,22801,10,FALSE,0.644,3,12,13,1,0,0,1,84,86
27206,28858,Forest,112,for_profit,73,FALSE,1,0,0,0,0,21,TRUE,0,4,8,12,0,2,0,0,134,137
27207,29945,Dairy,208,pro_environmental,33,FALSE,2,4332561,3,4332561,362924,10,FALSE,0.564,5,9,15,3,1,3,5,78,198
27208,30230,Dairy,240,for_profit,65,FALSE,5,7082937,3,7082937,476085,5,FALSE,0.674,2,11,16,0,0,0,0,112,168
27209,29516,Dairy,80,for_profit,44,FALSE,3,1795002,3,1440339.6784484403,120652,10,FALSE,0.487,2,11,16,0,0,1,0,84,145
27210,30521,Dairy,64,for_profit,41,FALSE,3,876466,3,876466,102749,15,FALSE,0.445,2,16,10,1,0,0,0,81,276
27211,29427,Dairy,240,for_profit,60,FALSE,2,960,3,960,65,5,FALSE,0,1,16,10,0,0,1,0,65,258
27212,29943,Dairy,144,for_profit,76,FALSE,1,0,0,0,0,21,TRUE,0,3,12,11,0,0,1,0,132,69
27213,28959,Dairy,112,for_profit,74,FALSE,3,1611,3,1611,189,10,FALSE,0,4,10,13,0,3,3,2,134,111
27214,30541,Dairy,128,pro_environmental,59,FALSE,3,2625429,3,2625429,176470,5,FALSE,0.738,3,10,10,1,0,2,1,70,179
27215,29084,SNB,80,pro_environmental,48,FALSE,2,236936,3,236936,19847,10,FALSE,0.67,2,11,13,2,0,0,2,40,231
27216,29344,Dairy,128,for_profit,32,FALSE,1,2816625,3,2816625,235939,10,FALSE,0.637,3,14,14,3,1,1,2,139,119
27217,30132,Dairy,96,for_profit,73,FALSE,2,321,3,321,27,5,FALSE,0,2,10,10,0,1,2,0,99,193
27218,30326,Dairy,128,pro_environmental,64,TRUE,2,128,3,128,9,0,FALSE,0,3,11,13,1,2,1,2,54,212
27219,29841,Forest,96,for_profit,72,FALSE,4,0,0,0,0,21,TRUE,0,1,13,11,0,0,0,0,108,161
27220,30181,Dairy,96,for_profit,61,FALSE,1,2288781,3,2288781,153842,5,FALSE,0.672,2,10,9,2,0,1,2,119,210
27221,29328,Dairy,96,for_profit,81,FALSE,2,0,0,0,0,21,TRUE,0,1,10,9,0,0,0,0,95,129
27222,30291,SNB,48,for_profit,52,FALSE,1,0,0,0,0,21,TRUE,0,1,13,14,0,0,0,0,84,258
27223,30241,SNB,80,for_profit,76,FALSE,2,2400,3,2400,161,5,FALSE,0.005,2,13,10,0,0,0,2,110,122
27224,29030,Forest,80,for_profit,42,FALSE,4,706705,3,405198.93680257874,47502,15,FALSE,0.366,1,8,11,0,0,0,0,56,253
27225,29998,Dairy,272,for_profit,66,FALSE,2,0,0,0,0,21,TRUE,0,8,14,9,1,1,0,0,120,60
27226,29609,Dairy,32,for_profit,68,FALSE,2,122619,3,122619,26774,20,FALSE,0.111,2,11,9,1,1,1,2,23,274
27227,28990,SNB,672,for_profit,58,FALSE,3,1152311,3,1152311,135086,15,FALSE,0.324,8,9,12,1,0,3,1,101,97
27228,29803,Forest,176,for_profit,76,FALSE,2,0,0,0,0,21,TRUE,0,1,15,14,0,0,0,0,97,165
27229,29414,Dairy,112,for_profit,60,FALSE,3,4084,3,3277.0700237567594,342,10,FALSE,0.001,4,11,11,1,3,0,0,148,224
27230,29868,Dairy,128,for_profit,65,FALSE,3,1401877,3,1401877,164343,15,FALSE,0.295,2,14,13,1,0,0,0,59,216
27231,30059,Dairy,240,for_profit,67,TRUE,2,0,0,0,0,21,TRUE,0,2,15,8,0,2,2,0,28,256
27232,29102,SNB,192,for_profit,63,FALSE,5,633538,3,633538,42584,5,FALSE,0.658,2,10,14,0,0,1,0,126,234
27233,30037,Dairy,272,pro_environmental,70,FALSE,2,2880,3,2880,194,0,FALSE,0.101,4,12,15,2,0,0,0,152,234
27234,28921,Dairy,144,for_profit,57,FALSE,3,1955426,3,1955426,229236,15,FALSE,0.356,4,7,12,0,1,2,1,126,100
27235,29984,Forest,80,for_profit,54,FALSE,3,1087543,3,1087543,73100,5,FALSE,0.672,2,14,14,0,0,0,1,119,121
27236,29531,Dairy,384,pro_environmental,61,FALSE,2,1680655,3,1680655,366979,20,FALSE,0.122,3,8,11,0,2,0,0,46,247
27237,29928,Forest,48,for_profit,73,FALSE,2,0,0,0,0,21,TRUE,0,3,14,14,0,0,0,0,142,235
27238,30155,SNB,80,for_profit,61,TRUE,3,4000,3,4000,269,0,FALSE,0,1,14,13,0,0,0,1,135,93
27239,30038,Dairy,64,pro_environmental,61,FALSE,2,1172932,3,1172932,98253,10,FALSE,0.493,2,11,10,1,1,2,1,86,145
27240,29773,Forest,112,for_profit,85,FALSE,1,0,0,0,0,21,TRUE,0,2,14,14,0,0,0,0,54,224
27241,29447,Dairy,64,for_profit,51,FALSE,1,1920,3,1920,129,0,FALSE,0,1,14,12,1,1,0,0,111,150
27242,29754,Dairy,128,for_profit,46,FALSE,2,1415025,3,1415025,165884,15,FALSE,0.303,1,13,11,0,0,0,0,72,265
27243,29756,Dairy,208,for_profit,63,FALSE,2,800,3,800,54,0,FALSE,0.106,3,14,11,1,2,3,2,42,239
27244,30014,SNB,208,pro_environmental,71,FALSE,3,4866,3,4866,408,5,FALSE,0.001,4,12,9,1,0,1,2,129,40
27245,29326,Dairy,160,for_profit,62,FALSE,3,2400,3,2400,161,0,FALSE,0.107,4,8,10,0,0,1,2,89,162
27246,28735,Forest,128,for_profit,80,FALSE,3,1102659,3,632224.5554450509,74116,15,FALSE,0.357,1,8,16,0,0,0,0,90,203
27247,30537,Dairy,144,for_profit,81,FALSE,2,5760,3,3302.5744490032666,387,15,FALSE,0.001,1,8,17,0,1,0,0,60,279
27248,30314,Dairy,64,for_profit,55,FALSE,2,286394,3,286394,62535,20,FALSE,0.132,2,15,15,0,0,0,1,68,182
27249,30416,Dairy,96,for_profit,58,FALSE,2,367992,3,367992,80353,20,FALSE,0.105,1,16,9,1,0,1,0,82,238
27250,28743,Forest,64,for_profit,59,FALSE,3,763809,3,763809,51340,5,FALSE,0.672,1,13,10,0,0,0,0,99,170
27251,30338,Forest,448,for_profit,70,FALSE,2,0,0,0,0,21,TRUE,0,1,8,12,0,0,0,0,107,246
27252,30277,Dairy,32,for_profit,57,FALSE,1,650354,3,372889.32347344974,54478,15,FALSE,0.32,1,11,12,0,0,0,0,74,240
27253,30105,SNB,128,pro_environmental,67,FALSE,1,11600,3,11600,972,5,FALSE,0.027,3,8,12,3,0,3,2,86,83
27254,30461,SNB,144,for_profit,59,FALSE,1,91797,3,91797,20044,20,FALSE,0.108,4,9,8,0,0,0,1,100,86
27255,29797,Forest,192,pro_environmental,74,FALSE,3,0,0,0,0,21,TRUE,0,2,11,13,0,0,0,0,76,138
27256,30022,Forest,208,for_profit,64,FALSE,5,1200224,3,963079.8462765506,80674,10,FALSE,0.5,3,9,10,0,0,1,1,117,209
27257,29270,Dairy,80,pro_environmental,69,FALSE,3,1591205,3,1591205,133290,10,FALSE,0.546,1,9,14,1,1,0,0,60,254
27258,29397,Dairy,96,pro_environmental,42,FALSE,3,2086772,3,2086772,174802,10,FALSE,0.553,1,14,14,0,1,1,0,59,194
27259,29434,Forest,176,for_profit,53,FALSE,2,664808,3,664808,145164,20,FALSE,0.293,2,12,15,0,0,0,0,56,113
27260,29772,Dairy,96,for_profit,54,FALSE,3,2692864,3,2692864,181003,5,FALSE,0.773,2,9,7,1,0,0,2,73,105
27261,30272,Crop,112,for_profit,69,FALSE,1,3360,3,3360,226,0,FALSE,0.088,1,11,14,1,0,0,0,54,238
27262,28989,SNB,48,for_profit,67,FALSE,2,68710,3,68710,8055,15,FALSE,0.354,1,10,12,0,0,0,0,100,256
27263,28977,Dairy,80,pro_environmental,79,FALSE,2,1308,3,1308,153,10,FALSE,0.001,4,12,10,2,0,4,4,136,86
27264,30247,Forest,736,pro_environmental,29,FALSE,4,5117308,3,5117308,343963,5,FALSE,0.681,4,12,11,0,0,0,0,94,285
27265,30252,Dairy,128,for_profit,62,FALSE,2,628294,3,628294,137191,20,FALSE,0.117,3,16,8,0,0,0,2,120,147
27266,29714,Dairy,48,for_profit,47,FALSE,3,611492,3,188234.5178586454,71686,20,FALSE,0.1,1,13,15,0,0,0,0,55,255
27267,28911,Dairy,272,for_profit,72,FALSE,2,0,0,0,0,21,TRUE,0,2,8,13,0,0,0,0,137,199
27268,30531,Dairy,128,for_profit,66,FALSE,1,480,3,480,32,0,FALSE,0,3,10,13,2,0,3,0,44,126
27269,29638,Forest,112,for_profit,70,FALSE,2,910507,3,280279.7847754699,61200,20,FALSE,0.183,1,10,11,0,0,0,0,87,262
27270,29271,SNB,112,for_profit,42,FALSE,2,348845,3,348845,29222,10,FALSE,0.547,2,12,8,0,0,0,0,100,259
27271,30500,Dairy,464,for_profit,59,FALSE,2,8107008,3,8107008,679096,10,FALSE,0.529,5,14,12,3,0,3,0,135,48
27272,30108,Forest,208,pro_environmental,77,FALSE,3,1210651,3,1210651,264351,20,FALSE,0.256,2,12,10,1,0,0,0,85,155
27273,29376,Dairy,80,for_profit,39,FALSE,4,1467966,3,1467966,98670,5,FALSE,0.633,2,12,12,0,0,0,0,85,218
27274,28922,Dairy,352,for_profit,66,FALSE,2,5679032,3,5679032,475713,10,FALSE,0.529,5,7,13,0,0,2,1,141,100
27275,29613,Forest,64,for_profit,63,FALSE,4,556405,3,556405,37399,5,FALSE,0.637,1,13,11,0,0,0,0,83,246
27276,28891,SNB,192,for_profit,42,FALSE,2,440428,3,440428,36893,10,FALSE,0.508,4,11,12,1,0,0,0,14,295
27277,29213,SNB,320,pro_environmental,81,FALSE,2,4515,3,4515,529,10,FALSE,0.003,6,15,13,3,0,1,3,92,85
27278,29632,Forest,96,pro_environmental,56,FALSE,4,827272,3,827272,55606,5,FALSE,0.623,1,13,14,0,0,0,0,51,233
27279,29662,Dairy,144,for_profit,73,FALSE,2,461430,3,461430,100755,20,FALSE,0.095,1,9,8,1,1,1,0,122,45
27280,28984,Dairy,176,for_profit,69,FALSE,3,4459,3,4459,523,10,FALSE,0,3,10,10,0,0,0,2,100,122
27281,29174,Forest,48,pro_environmental,57,FALSE,2,118543,3,118543,25884,20,FALSE,0.118,2,16,13,0,0,0,0,102,199
27282,30087,Forest,80,for_profit,52,TRUE,4,0,0,0,0,21,TRUE,0,1,15,12,0,0,0,0,136,125
27283,29989,Dairy,192,for_profit,50,FALSE,2,5079776,3,5079776,341441,5,FALSE,0.633,3,13,17,2,2,1,2,115,124
27284,30588,Dairy,96,for_profit,70,FALSE,1,128,3,128,9,5,FALSE,0,3,17,10,1,0,1,0,89,88
27285,30261,Forest,80,for_profit,75,FALSE,2,800,3,641.9334032824211,54,10,FALSE,0,2,9,14,0,0,0,1,94,267
27286,30351,Dairy,192,for_profit,73,FALSE,3,712557,3,712557,155590,20,FALSE,0.103,4,13,10,0,2,1,0,138,76
27287,28800,Forest,80,for_profit,59,FALSE,4,386618,3,386618,45323,15,FALSE,0.35,1,16,11,0,0,0,0,78,196
27288,28945,Dairy,80,for_profit,47,FALSE,2,1815774,3,1815774,122049,5,FALSE,0.623,1,13,9,1,1,1,1,77,250
27289,29718,SNB,128,for_profit,52,FALSE,3,324592,3,324592,38052,15,FALSE,0.274,2,12,16,0,0,0,1,108,153
27290,29078,Dairy,144,pro_environmental,68,FALSE,2,3680,3,3680,247,0,FALSE,0.113,3,13,13,1,0,0,2,84,214
27291,29257,Dairy,128,for_profit,53,FALSE,3,3094103,3,3094103,259182,10,FALSE,0.561,3,15,15,0,1,1,3,118,129
27292,29741,SNB,128,for_profit,54,FALSE,3,361346,3,361346,30269,10,FALSE,0.625,2,13,10,0,0,2,2,12,291
27293,30497,Forest,144,for_profit,47,FALSE,5,1030963,3,1030963,69297,5,FALSE,0.674,1,9,16,0,0,0,0,68,119
27294,30042,Dairy,32,for_profit,47,TRUE,3,435138,3,435138,51011,15,FALSE,0.346,1,12,11,0,0,1,0,48,150
27295,29371,Dairy,240,for_profit,74,FALSE,2,6720,3,6720,452,5,FALSE,0.001,2,15,10,1,0,0,0,144,74
27296,29872,Dairy,112,for_profit,67,FALSE,2,0,0,0,0,21,TRUE,0,2,11,12,0,0,1,0,10,300
27297,29956,SNB,144,for_profit,57,FALSE,1,483604,3,483604,40510,10,FALSE,0.596,2,15,16,2,0,0,2,14,309
27298,29201,Dairy,128,for_profit,69,FALSE,3,1880700,3,1880700,157540,10,FALSE,0.411,2,17,13,1,0,0,1,127,209
27299,30074,Forest,112,for_profit,65,FALSE,3,980402,3,562126.839401337,65898,15,FALSE,0.409,2,17,10,1,0,0,0,82,127
27300,28852,Forest,416,for_profit,55,FALSE,5,5615462,3,3219701.6181508303,470388,15,FALSE,0.317,2,9,8,0,0,0,0,103,145
27301,30161,Dairy,64,for_profit,76,FALSE,1,228673,3,228673,49932,20,FALSE,0.091,1,12,15,1,1,0,0,120,166
27302,29125,Forest,80,for_profit,59,FALSE,3,0,0,0,0,21,TRUE,0,1,14,11,0,0,0,0,62,262
27303,30235,Dairy,192,for_profit,53,FALSE,3,4268505,3,4268505,286911,5,FALSE,0.723,3,15,19,1,0,2,3,73,169
27304,29120,Dairy,64,for_profit,79,FALSE,0,3181,3,3181,266,5,FALSE,0.001,2,10,7,2,0,2,2,72,159
27305,30082,SNB,48,for_profit,37,FALSE,3,123716,3,123716,10363,10,FALSE,0.53,2,13,14,1,0,0,0,78,287
27306,30047,Crop,160,for_profit,66,FALSE,2,1752527,3,539477.3355649106,205450,20,FALSE,0.077,2,9,8,0,0,0,0,107,170
27307,30374,Forest,128,pro_environmental,41,FALSE,4,1120362,3,1120362,75306,5,FALSE,0.641,1,10,13,0,0,0,0,75,263
27308,29345,Dairy,64,for_profit,49,FALSE,2,1444417,3,1444417,97088,5,FALSE,0.619,1,12,10,0,1,0,0,92,115
27309,29691,Forest,80,for_profit,79,FALSE,2,128,3,128,9,0,FALSE,0.097,2,10,8,0,0,1,0,84,125
27310,29857,Forest,96,for_profit,62,FALSE,3,519360,3,519360,43505,10,FALSE,0.587,3,12,13,2,0,0,1,28,258
27311,30025,Dairy,96,for_profit,50,FALSE,3,1092782,3,1092782,91539,10,FALSE,0.569,2,11,17,0,0,0,0,47,129
27312,29843,SNB,64,for_profit,62,FALSE,2,205471,3,205471,44866,20,FALSE,0.359,2,7,12,0,0,0,0,105,190
27313,28839,Dairy,112,pro_environmental,62,FALSE,1,3053750,3,3053750,255802,10,FALSE,0.615,1,11,12,0,1,1,0,120,131
27314,29721,Forest,272,for_profit,57,FALSE,1,2173462,3,1744022.3232062717,146091,10,FALSE,0.466,4,9,14,2,0,0,0,86,95
27315,30036,Dairy,64,for_profit,50,FALSE,2,1252040,3,1252040,84157,5,FALSE,0.537,1,14,17,0,0,0,0,127,217
27316,29312,SNB,80,for_profit,72,FALSE,2,256,3,256,17,0,FALSE,0,3,11,10,0,0,2,0,148,218
27317,29068,SNB,96,for_profit,56,FALSE,3,342196,3,342196,28665,10,FALSE,0.556,1,13,14,0,0,0,0,44,241
27318,30449,SNB,304,for_profit,40,FALSE,2,900568,3,900568,75438,10,FALSE,0.485,5,10,14,2,0,4,2,88,81
27319,30095,Dairy,112,for_profit,61,FALSE,2,1208963,3,372152.97569541633,141727,20,FALSE,0.093,2,12,12,1,1,0,0,120,103
27320,30426,Dairy,64,for_profit,67,FALSE,3,228358,3,228358,49863,20,FALSE,0.091,1,12,10,0,0,0,0,110,159
27321,29485,Dairy,80,for_profit,76,FALSE,1,0,0,0,0,21,TRUE,0,1,11,13,0,0,0,1,78,172
27322,29473,SNB,32,for_profit,70,FALSE,2,960,3,960,65,0,FALSE,0,1,12,12,1,0,0,0,56,234
27323,29737,SNB,80,for_profit,73,FALSE,3,211870,3,121478.55008859759,17748,15,FALSE,0.256,1,16,11,0,0,0,0,71,276
27324,28843,Dairy,48,pro_environmental,74,FALSE,2,1600,3,1600,108,5,FALSE,0.001,2,12,10,0,0,0,1,25,267
27325,29013,Dairy,176,pro_environmental,54,FALSE,2,3361102,3,3361102,281548,10,FALSE,0.563,6,11,15,4,5,5,3,92,120
27326,29594,Dairy,80,pro_environmental,61,FALSE,2,1665188,3,1665188,139487,10,FALSE,0.529,1,8,13,0,0,0,0,88,208
27327,30554,Dairy,128,for_profit,60,FALSE,4,2580859,3,2580859,216190,10,FALSE,0.587,3,12,17,0,0,0,0,97,203
27328,30193,Forest,48,for_profit,80,FALSE,3,0,0,0,0,21,TRUE,0,2,12,10,0,0,0,1,108,106
27329,29777,Dairy,80,for_profit,47,TRUE,3,302849,3,302849,66128,20,FALSE,0.104,1,11,12,0,0,0,0,80,232
27330,29223,Dairy,80,for_profit,41,FALSE,4,2014769,3,2014769,135424,5,FALSE,0.691,1,12,16,0,0,1,0,44,267
27331,29389,SNB,224,for_profit,43,FALSE,2,704348,3,704348,47343,5,FALSE,0.739,3,15,11,2,0,0,2,102,243
27332,29300,Forest,464,for_profit,59,FALSE,2,2793755,3,2241755.8188591003,187784,10,FALSE,0.443,3,10,10,0,0,0,0,4,303
27333,29258,Dairy,64,for_profit,64,FALSE,2,1236749,3,1236749,103598,10,FALSE,0.53,3,15,14,0,0,0,0,97,250
27334,29359,Forest,240,for_profit,70,FALSE,2,1715612,3,1376635.812340201,115316,10,FALSE,0.527,6,15,9,0,0,0,0,137,32
27335,28925,SNB,144,for_profit,79,FALSE,2,3360,3,3360,226,0,FALSE,0,2,16,12,2,0,0,0,114,139
27336,29477,Dairy,48,for_profit,72,FALSE,1,569,3,569,48,5,FALSE,0,3,15,13,0,3,3,0,9,308
27337,28865,Dairy,112,pro_environmental,41,FALSE,2,3026403,3,3026403,203422,5,FALSE,0.687,1,11,14,1,1,1,1,75,156
27338,29429,SNB,256,for_profit,57,FALSE,3,632380,3,632380,52972,10,FALSE,0.589,2,8,12,0,0,1,2,140,112
27339,29895,SNB,80,for_profit,60,FALSE,2,143128,3,143128,16779,15,FALSE,0.312,2,13,10,0,0,1,0,125,164
27340,29060,SNB,176,for_profit,61,FALSE,2,593973,3,593973,39924,5,FALSE,0.685,4,11,11,3,0,2,1,49,221
27341,30263,Forest,48,for_profit,39,FALSE,3,461071,3,461071,30991,5,FALSE,0.695,1,7,11,0,0,0,0,74,153
27342,29423,Forest,240,for_profit,66,FALSE,2,0,0,0,0,21,TRUE,0,2,9,8,0,0,0,0,36,228
27343,29834,Dairy,240,for_profit,63,FALSE,5,4627976,3,4627976,311073,5,FALSE,0.712,3,9,14,0,0,0,0,46,117
27344,30354,Dairy,144,for_profit,82,FALSE,2,1600,3,1600,108,5,FALSE,0,4,11,12,0,0,0,2,95,195
27345,29751,Dairy,96,pro_environmental,52,FALSE,2,2146532,3,2146532,144281,5,FALSE,0.598,3,12,9,0,0,0,0,81,189
27346,29211,Dairy,112,for_profit,66,FALSE,5,2337995,3,2337995,157150,5,FALSE,0.681,3,10,14,0,0,1,0,140,126
27347,29837,Dairy,128,for_profit,62,FALSE,2,2961493,3,2961493,199059,5,FALSE,0.589,1,13,12,1,1,1,1,122,162
27348,29098,SNB,64,for_profit,42,FALSE,3,280670,3,280670,18865,5,FALSE,0.741,1,11,10,0,0,0,1,28,263
27349,29196,Forest,48,pro_environmental,58,FALSE,5,397064,3,397064,26689,5,FALSE,0.606,1,12,9,0,0,0,0,110,44
27350,30167,Dairy,48,for_profit,57,FALSE,2,1009934,3,1009934,67883,5,FALSE,0.578,1,9,10,1,1,1,1,53,271
27351,29179,Dairy,96,for_profit,56,FALSE,4,1925950,3,1545414.5475647235,129454,10,FALSE,0.468,3,11,10,0,0,1,0,108,81
27352,29755,Forest,64,pro_environmental,60,FALSE,4,431727,3,247536.55540708912,36164,15,FALSE,0.28,1,10,13,0,0,0,0,98,162
27353,30120,Dairy,32,for_profit,55,FALSE,2,649607,3,372461.0208495946,54415,15,FALSE,0.278,2,11,17,0,2,2,0,104,158
27354,29132,Forest,240,for_profit,49,FALSE,3,2557241,3,2051973.0226791769,171887,10,FALSE,0.494,3,10,9,0,0,0,0,104,66
27355,29824,Dairy,64,for_profit,52,FALSE,3,1392804,3,1392804,116670,10,FALSE,0.554,1,7,13,0,0,0,1,59,236
27356,29157,SNB,80,for_profit,72,FALSE,3,4000,3,4000,269,0,FALSE,0.151,1,9,12,1,0,0,1,22,260
27357,29750,Dairy,64,for_profit,60,FALSE,1,2197,3,2197,258,10,FALSE,0.001,2,16,12,0,1,1,1,52,148
27358,30406,Forest,256,for_profit,63,FALSE,2,0,0,0,0,21,TRUE,0,2,10,16,0,0,0,0,86,286
27359,28889,Dairy,48,for_profit,68,FALSE,2,1214806,3,1214806,101760,10,FALSE,0.571,1,10,14,0,0,0,1,98,143
27360,30368,Crop,96,for_profit,61,FALSE,3,442428,3,442428,96606,20,FALSE,0.117,2,9,14,1,0,0,0,81,173
27361,30494,Dairy,192,for_profit,60,FALSE,2,2400,3,2400,161,0,FALSE,0.103,5,12,13,2,0,1,0,92,77
27362,30319,Dairy,96,for_profit,53,FALSE,2,300101,3,300101,65528,20,FALSE,0.099,2,10,12,1,0,1,0,132,22
27363,29645,Forest,80,for_profit,47,FALSE,3,792898,3,636234.6394947813,53295,10,FALSE,0.575,1,8,14,0,0,0,0,144,215
27364,30199,Forest,64,for_profit,61,FALSE,2,326769,3,326769,21964,5,FALSE,0.629,3,13,10,1,0,0,0,149,235
27365,29836,Forest,80,pro_environmental,57,FALSE,2,648709,3,371946.1403191771,54340,15,FALSE,0.341,1,16,11,0,0,0,0,67,270
27366,30061,Dairy,48,for_profit,53,FALSE,3,1140148,3,914873.8573570572,76636,10,FALSE,0.485,1,17,11,0,0,0,0,138,212
27367,29401,Dairy,128,for_profit,65,TRUE,4,1288854,3,1288854,151093,15,FALSE,0.281,5,8,11,2,0,3,0,123,171
27368,29979,SNB,64,for_profit,52,FALSE,4,241613,3,241613,20239,10,FALSE,0.589,1,13,17,0,0,1,0,115,97
27369,30089,Dairy,160,for_profit,60,FALSE,2,3284596,3,3284596,275139,10,FALSE,0.568,2,13,14,0,2,0,0,15,290
27370,29382,Crop,224,for_profit,43,FALSE,3,6718000,3,6718000,451555,5,FALSE,0.689,1,13,13,0,0,0,1,83,168
27371,28745,SNB,160,pro_environmental,63,FALSE,1,1042,3,597.4448916426048,122,15,FALSE,0.001,4,8,12,1,0,3,1,53,164
27372,29272,Dairy,304,pro_environmental,59,FALSE,3,5899556,3,5899556,494186,10,FALSE,0.543,2,14,12,0,0,0,1,179,22
27373,28882,Dairy,320,for_profit,61,FALSE,2,2455320,3,2455320,287838,15,FALSE,0.256,2,8,14,1,0,0,0,144,71
27374,29054,Dairy,32,for_profit,68,FALSE,5,90587,3,90587,19780,20,FALSE,0.113,2,11,11,1,0,0,0,135,128
27375,30476,Forest,128,for_profit,63,FALSE,4,766158,3,766158,89817,15,FALSE,0.433,1,11,15,0,0,0,0,100,161
27376,29642,Dairy,80,for_profit,62,FALSE,2,965142,3,965142,113144,15,FALSE,0.321,2,15,11,1,1,0,2,90,218
27377,29106,Dairy,144,for_profit,76,FALSE,2,5120,3,5120,344,0,FALSE,0.134,3,16,9,2,2,0,0,133,23
27378,30555,Forest,128,pro_environmental,53,FALSE,2,3716568,3,3716568,249812,5,FALSE,0.739,1,9,11,0,0,0,0,82,199
27379,30168,Dairy,80,pro_environmental,64,FALSE,3,976409,3,976409,114465,15,FALSE,0.357,2,16,13,2,0,0,0,11,306
27380,30203,SNB,112,for_profit,52,FALSE,2,41694,3,41694,9104,20,FALSE,0.092,2,9,9,1,0,1,0,109,240
27381,30197,Dairy,160,for_profit,50,FALSE,2,791414,3,791414,172809,20,FALSE,0.136,3,10,15,0,1,2,1,91,223
27382,29826,Crop,48,for_profit,69,FALSE,2,1164419,3,1164419,97539,10,FALSE,0.694,2,13,9,0,0,0,1,115,127
27383,29706,Forest,128,pro_environmental,68,FALSE,2,0,0,0,0,21,TRUE,0,1,10,9,0,0,0,0,82,242
27384,29523,Dairy,80,for_profit,55,FALSE,2,1591393,3,1591393,133306,10,FALSE,0.536,2,15,9,1,0,0,2,113,81
27385,28790,SNB,176,for_profit,61,TRUE,2,0,0,0,0,21,TRUE,0,1,9,16,0,0,0,0,93,136
27386,30243,Dairy,208,pro_environmental,50,FALSE,3,4466900,3,4466900,374177,10,FALSE,0.546,1,16,15,0,0,0,0,113,146
27387,28802,SNB,32,for_profit,46,FALSE,4,69101,3,69101,5788,10,FALSE,0.533,1,8,11,0,0,0,0,53,111
27388,30339,Dairy,128,for_profit,61,FALSE,2,3840,3,3081.280335755621,258,10,FALSE,0.001,1,13,13,1,0,0,0,133,98
27389,30270,Forest,96,for_profit,47,FALSE,3,523081,3,523081,35159,5,FALSE,0.602,2,10,9,0,0,0,0,103,249
27390,29462,SNB,800,for_profit,59,FALSE,4,3338239,3,3338239,224382,5,FALSE,0.618,4,8,9,0,0,1,1,92,164
27391,30286,Dairy,80,for_profit,48,FALSE,3,864025,3,864025,101290,15,FALSE,0.323,2,8,8,0,0,0,0,132,115
27392,29230,Dairy,48,for_profit,37,FALSE,3,1147347,3,1147347,77120,5,FALSE,0.656,1,14,13,1,0,1,1,90,232
27393,29095,Dairy,96,for_profit,62,FALSE,2,1672140,3,1672140,112394,5,FALSE,0.63,3,9,10,0,2,0,1,123,74
27394,29547,Forest,320,for_profit,68,FALSE,1,0,0,0,0,21,TRUE,0,4,12,9,0,0,0,0,101,272
27395,30509,Crop,96,for_profit,65,FALSE,3,1356510,3,1356510,159024,15,FALSE,0.319,2,15,12,0,0,0,1,91,180
27396,30589,Forest,272,for_profit,62,FALSE,4,182598,3,56208.82446859965,39871,20,FALSE,0.022,2,9,14,0,0,0,1,109,196
27397,30512,Dairy,240,for_profit,56,FALSE,3,6633491,3,6633491,445875,5,FALSE,0.71,2,12,14,1,0,0,1,46,139
27398,30234,Dairy,112,pro_environmental,63,FALSE,3,2158915,3,2158915,180845,10,FALSE,0.569,2,9,10,1,0,0,1,139,202
27399,29024,Forest,96,for_profit,63,FALSE,1,0,0,0,0,21,TRUE,0,1,12,11,0,0,0,0,54,124
27400,29278,Dairy,112,for_profit,77,FALSE,1,4480,3,3594.8270583815574,301,10,FALSE,0.001,1,12,11,0,1,1,1,80,148
27401,29597,Dairy,112,pro_environmental,48,FALSE,3,3219027,3,3219027,216369,5,FALSE,0.762,2,10,12,1,0,0,2,113,83
27402,29735,Forest,112,for_profit,58,FALSE,2,524887,3,524887,114611,20,FALSE,0.339,1,10,18,0,0,0,0,66,200
27403,29625,Dairy,192,pro_environmental,73,TRUE,1,2315,3,2315,271,10,FALSE,0,3,12,9,2,3,3,2,103,197
27404,29761,Dairy,176,for_profit,61,FALSE,1,5332,3,3057.174819806496,625,15,FALSE,0.001,3,11,13,3,1,3,1,124,47
27405,29965,Forest,80,for_profit,45,FALSE,5,676186,3,542582.9752899089,45450,10,FALSE,0.497,1,15,12,0,0,0,0,60,165
27406,28823,Dairy,128,for_profit,76,FALSE,3,1426887,3,1426887,167275,15,FALSE,0.292,3,6,13,0,2,0,0,72,108
27407,29116,Forest,48,for_profit,51,FALSE,3,695205,3,695205,46729,5,FALSE,0.678,2,10,13,0,0,0,0,87,150
27408,29159,Forest,64,pro_environmental,62,FALSE,3,498931,3,153585.06117779433,58490,20,FALSE,0.112,2,12,13,0,0,0,0,82,185
27409,29185,Forest,208,for_profit,54,FALSE,4,1215970,3,975714.7004866569,81732,10,FALSE,0.477,1,12,16,0,0,0,0,81,221
27410,29323,Dairy,80,for_profit,67,FALSE,4,1129831,3,1129831,132451,15,FALSE,0.334,2,11,12,0,0,0,0,111,132
27411,30030,Dairy,112,for_profit,57,FALSE,1,1360290,3,1360290,159467,15,FALSE,0.354,3,13,9,1,0,3,1,144,231
27412,29746,Forest,112,for_profit,74,FALSE,3,1364915,3,1364915,160010,15,FALSE,0.882,1,10,12,0,0,0,0,87,200
27413,28765,Dairy,656,for_profit,59,FALSE,1,12070793,3,12070793,1011129,10,FALSE,0.498,3,9,11,2,3,3,1,51,252
27414,28897,Dairy,80,for_profit,45,FALSE,3,1170041,3,1170041,137164,15,FALSE,0.372,1,14,11,0,1,0,0,56,238
27415,29740,Dairy,64,for_profit,52,FALSE,4,1673001,3,1673001,112452,5,FALSE,0.617,2,12,15,1,0,0,1,133,127
27416,29950,Dairy,80,for_profit,69,FALSE,4,1757244,3,1757244,147198,10,FALSE,0.594,2,15,16,2,0,0,0,147,213
27417,28796,SNB,96,for_profit,62,FALSE,2,213450,3,213450,17880,10,FALSE,0.549,1,12,10,0,0,0,0,58,114
27418,29240,SNB,208,for_profit,74,FALSE,1,0,0,0,0,21,TRUE,0,1,18,9,0,0,0,0,65,119
27419,29343,Dairy,96,for_profit,57,FALSE,5,2257920,3,2257920,151768,5,FALSE,0.598,1,12,12,0,0,0,0,119,142
27420,29627,SNB,128,for_profit,75,FALSE,2,192,3,192,13,0,FALSE,0.14,4,8,11,0,0,3,1,14,292
27421,30496,Dairy,304,pro_environmental,74,FALSE,3,9008,3,7228.170120960061,755,10,FALSE,0.001,5,15,8,1,3,1,3,80,131
27422,29149,Crop,224,for_profit,55,FALSE,2,5414104,3,5414104,453521,10,FALSE,0.555,1,9,12,0,0,0,0,64,202
27423,30141,Dairy,96,for_profit,75,FALSE,3,0,0,0,0,21,TRUE,0,2,12,10,0,0,0,0,127,111
27424,28810,Dairy,160,pro_environmental,57,FALSE,4,2833930,3,2833930,237389,10,FALSE,0.51,2,16,11,0,0,1,2,70,122
27425,29731,Dairy,128,for_profit,60,FALSE,2,2547722,3,1460771.1077019966,171247,15,FALSE,0.313,1,14,12,0,0,0,0,75,243
27426,30501,Dairy,96,for_profit,67,FALSE,2,128,3,128,9,0,FALSE,0,2,14,12,0,0,1,0,96,88
27427,29169,SNB,112,for_profit,55,FALSE,2,354434,3,354434,29690,10,FALSE,0.553,3,16,9,1,0,1,2,40,259
27428,29816,Dairy,176,for_profit,36,FALSE,2,4411135,3,4411135,296498,5,FALSE,0.623,2,15,11,0,0,2,0,86,160
27429,29568,Forest,96,for_profit,55,FALSE,5,1080808,3,867258.4471685836,72647,10,FALSE,0.517,2,15,11,1,0,0,0,128,80
27430,30048,Dairy,128,for_profit,77,FALSE,1,0,0,0,0,21,TRUE,0,1,15,8,0,0,0,0,68,186
27431,29919,Forest,96,for_profit,68,FALSE,4,832432,3,477286.22460636933,55953,15,FALSE,0.364,1,11,13,0,0,0,0,79,271
27432,28762,Forest,240,for_profit,79,FALSE,2,0,0,0,0,21,TRUE,0,4,11,9,0,0,0,0,129,153
27433,30528,Dairy,96,for_profit,56,FALSE,3,1299639,3,400065.61092425097,152357,20,FALSE,0.104,2,9,15,0,1,0,2,97,170
27434,29362,Dairy,96,pro_environmental,81,FALSE,4,128,3,128,9,0,FALSE,0.095,2,19,10,1,0,1,0,122,148
27435,30379,Dairy,64,for_profit,53,FALSE,3,960,3,960,65,5,FALSE,0,2,15,12,1,1,0,0,125,146
27436,30345,Forest,304,for_profit,72,FALSE,3,669903,3,669903,146276,20,FALSE,0.205,3,13,12,0,0,0,0,56,118
27437,30200,Forest,64,for_profit,46,FALSE,3,597850,3,597850,40185,5,FALSE,0.684,1,14,11,0,0,0,0,85,230
27438,30138,Dairy,48,pro_environmental,63,FALSE,2,1040055,3,1040055,69908,5,FALSE,0.595,1,12,17,1,0,0,0,97,201
27439,28764,Dairy,96,for_profit,64,FALSE,1,0,0,0,0,21,TRUE,0,2,13,13,0,0,0,1,62,196
27440,30370,SNB,96,for_profit,58,TRUE,1,681,3,681,57,10,FALSE,0.002,2,6,9,2,0,2,2,152,89
27441,29865,Forest,64,for_profit,75,FALSE,3,699420,3,561226.3261547387,47012,10,FALSE,0.494,1,13,10,0,0,0,0,132,129
27442,30421,Dairy,80,for_profit,44,FALSE,2,1620453,3,1620453,135740,10,FALSE,0.515,1,16,15,0,0,1,1,50,236
27443,28832,Forest,80,pro_environmental,51,FALSE,2,2149060,3,2149060,144451,5,FALSE,0.683,1,11,16,0,0,0,0,110,157
27444,29161,Dairy,112,for_profit,78,TRUE,1,3360,3,2696.120293786168,226,10,FALSE,0.001,1,14,12,1,1,0,0,31,266
27445,29514,Forest,64,for_profit,64,FALSE,3,505070,3,405276.62999481545,33949,10,FALSE,0.464,1,9,11,0,0,0,0,67,245
27446,29407,Forest,128,pro_environmental,61,FALSE,3,2472476,3,2472476,166189,5,FALSE,0.748,3,15,7,0,1,0,1,97,187
27447,29284,Forest,96,for_profit,74,FALSE,2,556506,3,171308.27319972022,46617,20,FALSE,0.168,1,12,15,0,0,0,0,26,252
27448,30334,Dairy,64,pro_environmental,75,FALSE,1,0,0,0,0,21,TRUE,0,2,16,17,2,1,1,2,128,50
27449,30466,Dairy,160,for_profit,41,FALSE,5,3587806,3,3587806,300538,10,FALSE,0.616,1,12,16,0,0,0,1,75,250
27450,28963,Forest,112,pro_environmental,60,FALSE,6,1167688,3,1167688,78487,5,FALSE,0.764,1,14,12,0,0,0,0,77,259
27451,29565,Dairy,128,for_profit,54,FALSE,3,3703049,3,3703049,248903,5,FALSE,0.657,2,10,13,1,0,1,0,104,143
27452,30506,Dairy,80,pro_environmental,63,FALSE,3,704,3,704,47,0,FALSE,0.112,3,14,11,0,1,2,2,138,107
27453,29056,SNB,96,for_profit,65,FALSE,2,66832,3,66832,14593,20,FALSE,0.109,1,12,14,0,0,0,0,76,185
27454,30031,SNB,80,for_profit,66,FALSE,2,134654,3,41450.30641077567,15786,20,FALSE,0.087,3,13,8,1,0,1,0,95,90
27455,29580,Dairy,128,for_profit,51,FALSE,2,2733394,3,2733394,183727,5,FALSE,0.607,3,10,10,2,0,0,0,118,171
27456,30373,Forest,80,pro_environmental,52,TRUE,3,0,0,0,0,21,TRUE,0,1,9,9,0,0,0,0,73,281
27457,29887,SNB,96,for_profit,78,FALSE,1,0,0,0,0,21,TRUE,0,2,11,13,0,0,0,1,131,60
27458,30428,Dairy,80,for_profit,54,FALSE,1,1462309,3,1462309,122493,10,FALSE,0.552,2,8,16,2,2,0,1,13,328
27459,29035,Dairy,112,for_profit,62,FALSE,1,64,3,64,4,0,FALSE,0.116,3,10,10,2,1,3,0,116,174
27460,29203,Forest,80,for_profit,74,FALSE,2,0,0,0,0,21,TRUE,0,1,11,17,0,0,0,0,70,266
27461,30436,Dairy,64,for_profit,48,FALSE,3,1444578,3,1444578,121007,10,FALSE,0.556,2,10,9,0,1,1,0,126,104
27462,29210,Dairy,64,for_profit,69,FALSE,2,663654,3,204291.45551366406,77800,20,FALSE,0.088,1,13,14,0,0,0,0,79,275
27463,28976,Dairy,64,for_profit,58,FALSE,2,1180719,3,1180719,98905,10,FALSE,0.525,2,11,11,1,0,1,2,46,226
27464,29823,Dairy,144,for_profit,75,FALSE,2,2560,3,2560,172,0,FALSE,0.097,4,16,7,2,3,4,0,126,66
27465,29259,Dairy,144,pro_environmental,58,FALSE,2,2512455,3,2016035.985929919,168876,10,FALSE,0.464,2,13,8,0,0,0,0,115,57
27466,28744,Dairy,288,for_profit,63,FALSE,4,3175519,3,3175519,372268,15,FALSE,0.337,6,11,9,2,0,4,0,90,125
27467,29338,Dairy,128,for_profit,71,FALSE,3,2350759,3,2350759,196915,10,FALSE,0.502,2,11,10,1,1,0,0,75,152
27468,28906,SNB,304,for_profit,79,FALSE,2,1600,3,1600,108,5,FALSE,0.001,3,10,12,0,0,0,3,149,55
27469,30565,Forest,64,for_profit,48,FALSE,4,569803,3,326704.31054955005,38300,15,FALSE,0.369,1,11,13,0,0,0,0,107,159
27470,30217,Dairy,112,for_profit,47,FALSE,3,2956955,3,2956955,198754,5,FALSE,0.755,3,16,18,2,2,1,0,80,143
27471,28979,Forest,144,for_profit,68,FALSE,2,645182,3,645182,75635,15,FALSE,0.379,3,12,15,0,1,0,1,65,124
27472,28997,Dairy,160,for_profit,59,FALSE,3,4105653,3,4105653,275964,5,FALSE,0.688,2,13,13,2,0,0,1,51,263
27473,28956,Forest,144,for_profit,71,FALSE,3,1285290,3,1285290,150675,15,FALSE,0.402,2,11,14,0,1,0,0,75,134
27474,29932,Dairy,80,pro_environmental,55,FALSE,2,1124422,3,1124422,131817,15,FALSE,0.411,2,12,11,1,0,0,1,91,148
27475,30437,Dairy,80,for_profit,49,FALSE,3,2069713,3,2069713,139117,5,FALSE,0.673,3,11,15,1,0,1,0,70,138
27476,29455,Forest,64,for_profit,46,FALSE,3,551485,3,551485,37068,5,FALSE,0.631,1,18,10,0,0,0,0,71,274
27477,29876,Dairy,112,for_profit,34,FALSE,3,2952661,3,2952661,198465,5,FALSE,0.685,3,8,12,2,1,2,1,43,145
27478,29614,Dairy,144,pro_environmental,62,FALSE,2,3673929,3,3673929,246946,5,FALSE,0.658,3,11,12,3,1,1,0,136,99
27479,29051,Dairy,176,for_profit,36,FALSE,3,3610988,3,3610988,302480,10,FALSE,0.563,1,9,10,0,0,0,0,66,282
27480,29534,Dairy,112,for_profit,62,FALSE,1,1227511,3,377862.5742465702,143902,20,FALSE,0.093,1,11,10,0,0,0,0,71,246
27481,29844,SNB,240,for_profit,52,FALSE,3,736327,3,736327,49493,5,FALSE,0.664,4,9,10,0,0,0,2,175,38
27482,29380,Dairy,112,pro_environmental,66,FALSE,4,2014712,3,2014712,168766,10,FALSE,0.443,4,13,16,1,2,2,3,93,148
27483,29124,SNB,208,for_profit,64,FALSE,1,448,3,448,30,0,FALSE,0,2,8,15,0,0,1,1,51,157
27484,29435,Forest,224,for_profit,54,FALSE,4,1994828,3,1600683.4087538316,134084,10,FALSE,0.517,1,9,12,0,0,0,0,62,211
27485,29875,SNB,192,for_profit,65,FALSE,3,352497,3,352497,41323,15,FALSE,0.363,5,9,10,1,0,4,1,97,263
27486,28850,Forest,80,for_profit,57,FALSE,4,1015775,3,1015775,85088,10,FALSE,0.481,2,10,11,0,0,1,1,105,86
27487,29752,Crop,368,pro_environmental,54,FALSE,4,6116038,3,6116038,512320,10,FALSE,0.47,3,12,11,0,0,0,0,40,255
27488,30163,Dairy,112,for_profit,68,FALSE,2,960,3,960,65,5,FALSE,0,4,12,12,2,1,0,0,87,176
27489,29115,Dairy,96,for_profit,65,FALSE,2,1142,3,916.359933185656,96,10,FALSE,0,4,15,14,4,0,4,1,135,61
27490,29722,Dairy,272,for_profit,53,FALSE,1,4512397,3,4512397,377988,10,FALSE,0.475,5,12,10,4,1,2,0,101,113
27491,30473,Dairy,96,for_profit,54,FALSE,3,2250676,3,2250676,151281,5,FALSE,0.644,1,11,10,0,0,1,1,93,249
27492,29668,SNB,80,pro_environmental,64,FALSE,1,1600,3,1600,108,0,FALSE,0.142,3,14,13,0,0,0,3,122,76
27493,28733,Dairy,128,for_profit,76,FALSE,2,2400,3,2400,161,0,FALSE,0.091,2,17,14,1,0,1,0,79,228
27494,29357,Forest,144,for_profit,50,FALSE,3,1577641,3,1265925.5703598524,106042,10,FALSE,0.481,3,17,12,0,2,0,2,79,141
27495,29637,SNB,96,for_profit,64,FALSE,1,490173,3,490173,41060,10,FALSE,0.909,2,10,10,0,0,0,1,27,247
27496,29361,Dairy,48,for_profit,75,FALSE,1,0,0,0,0,21,TRUE,0,2,14,12,0,0,0,0,118,165
27497,29470,Dairy,96,for_profit,59,FALSE,3,2252518,3,2252518,188686,10,FALSE,0.573,2,13,11,1,1,0,1,90,152
27498,29143,Dairy,176,for_profit,58,FALSE,3,2367104,3,2367104,277497,15,FALSE,0.342,1,9,11,1,1,0,0,100,133
27499,29848,Forest,144,for_profit,61,FALSE,2,491372,3,151258.18736670032,33028,20,FALSE,0.089,2,17,12,1,0,1,1,65,129
27500,30266,Dairy,96,for_profit,54,FALSE,2,2103757,3,2103757,176225,10,FALSE,0.583,4,11,14,0,3,3,3,47,112
27501,29790,Crop,64,pro_environmental,56,FALSE,3,1491981,3,1491981,100285,5,FALSE,0.553,1,8,10,0,0,0,0,83,133
27502,30552,Dairy,80,for_profit,54,FALSE,1,3791,3,3041.9619148045726,318,10,FALSE,0.001,2,13,12,2,2,1,1,56,151
27503,29443,SNB,224,for_profit,33,FALSE,4,1244378,3,1244378,83642,5,FALSE,0.65,2,12,12,1,0,0,0,44,259
27504,30317,Dairy,64,for_profit,67,FALSE,1,800,3,800,54,5,FALSE,0,3,11,10,1,0,0,2,116,171
27505,30545,Dairy,80,for_profit,57,FALSE,2,1587402,3,910158.5565098409,132971,15,FALSE,0.289,1,11,15,1,0,0,0,107,140
27506,30115,Forest,288,for_profit,56,TRUE,3,1921156,3,1101520.9580120347,129132,15,FALSE,0.365,3,10,13,0,0,0,0,146,19
27507,30177,Dairy,192,for_profit,68,FALSE,2,1767443,3,1767443,207198,15,FALSE,0.292,4,10,10,1,0,1,3,121,34
27508,28910,Forest,416,for_profit,44,FALSE,2,2700453,3,2700453,181513,5,FALSE,0.58,8,10,15,0,0,0,0,141,33
27509,29007,Forest,80,for_profit,60,FALSE,4,1181344,3,947930.2179590855,79405,10,FALSE,0.495,2,12,16,0,0,0,0,59,249
27510,29813,Forest,128,pro_environmental,56,FALSE,4,1131321,3,1131321,76043,0,FALSE,1.557,1,11,12,0,0,0,0,65,278
27511,30071,Forest,96,for_profit,70,FALSE,2,912723,3,912723,106999,15,FALSE,0.328,2,12,13,0,0,0,0,86,223
27512,29306,Dairy,128,for_profit,54,FALSE,4,549570,3,549570,120001,20,FALSE,0.131,2,13,11,0,1,0,0,56,163
27513,29218,Dairy,80,pro_environmental,44,FALSE,2,1966428,3,1966428,132175,5,FALSE,0.681,2,7,11,2,0,2,0,69,105
27514,29955,Forest,32,for_profit,73,FALSE,2,0,0,0,0,21,TRUE,0,1,11,13,0,0,0,0,103,255
27515,30380,Dairy,176,pro_environmental,47,FALSE,2,3469997,3,3469997,233238,5,FALSE,0.689,3,12,10,2,1,0,0,89,117
27516,29533,Dairy,144,for_profit,45,FALSE,3,3485464,3,3485464,291965,10,FALSE,0.616,1,8,13,1,0,0,0,138,86
27517,29608,Dairy,64,for_profit,53,FALSE,3,724394,3,724394,84921,15,FALSE,0.33,2,16,15,0,2,0,0,87,110
27518,29486,Dairy,96,pro_environmental,50,FALSE,1,373256,3,373256,81502,20,FALSE,0.127,4,14,10,3,0,2,0,122,89
27519,29644,Dairy,64,for_profit,60,TRUE,2,2021,3,1158.7678752492366,169,15,FALSE,0,2,12,13,1,1,0,1,70,159
27520,30353,Forest,160,for_profit,56,TRUE,4,0,0,0,0,21,TRUE,0,2,9,12,0,0,0,0,85,177
27521,29853,Forest,144,for_profit,37,FALSE,2,1429899,3,1147374.914275163,96112,10,FALSE,0.584,1,10,9,0,0,0,0,59,262
27522,29804,Dairy,64,pro_environmental,35,FALSE,3,1492314,3,1492314,100307,5,FALSE,0.64,1,12,15,0,0,0,1,80,257
27523,30245,Dairy,176,for_profit,50,FALSE,3,2352888,3,2352888,197093,10,FALSE,0.533,3,15,10,0,0,0,0,127,222
27524,29902,Forest,48,for_profit,68,FALSE,3,0,0,0,0,21,TRUE,0,1,7,10,0,0,0,0,55,183
27525,29612,Forest,112,for_profit,50,FALSE,4,950339,3,950339,63878,5,FALSE,0.622,1,12,9,0,0,0,0,25,277
27526,28881,Dairy,160,for_profit,48,FALSE,3,2437644,3,2437644,163848,5,FALSE,0.593,3,8,9,0,0,0,1,107,249
27527,29059,Dairy,192,for_profit,57,FALSE,2,1381542,3,1381542,161959,15,FALSE,0.31,3,10,12,0,0,1,2,118,228
27528,30045,SNB,112,for_profit,58,FALSE,2,285330,3,285330,19179,5,FALSE,0.629,1,8,14,0,0,0,0,82,102
27529,29758,Dairy,32,pro_environmental,56,FALSE,2,769007,3,769007,51689,5,FALSE,0.575,2,9,11,0,1,0,2,84,174
27530,28969,Dairy,80,pro_environmental,72,TRUE,3,4719,3,4719,553,10,FALSE,0.001,2,12,10,2,0,0,2,120,42
27531,29563,SNB,240,for_profit,58,FALSE,2,546862,3,546862,64109,15,FALSE,0.361,5,13,15,1,0,2,0,126,108
27532,30107,Dairy,80,for_profit,64,FALSE,3,709343,3,709343,83157,15,FALSE,0.244,2,10,12,0,0,0,2,132,84
27533,30442,Forest,224,for_profit,52,FALSE,2,0,0,0,0,21,TRUE,0,2,12,9,0,0,0,1,91,225
27534,29249,Dairy,176,for_profit,68,FALSE,1,0,0,0,0,21,TRUE,0,1,10,7,1,0,0,0,38,230
27535,30075,Dairy,112,for_profit,52,FALSE,2,2309622,3,2309622,193469,10,FALSE,0.598,3,10,13,2,1,1,1,115,88
27536,29194,SNB,48,for_profit,65,FALSE,1,2400,3,738.7878220168849,161,20,FALSE,0.003,1,11,7,0,0,0,1,77,257
27537,29856,Forest,128,for_profit,47,FALSE,3,920538,3,920538,61875,5,FALSE,0.677,1,12,12,0,0,0,0,123,231
27538,30439,Dairy,64,for_profit,59,FALSE,3,1725089,3,1725089,115953,5,FALSE,0.668,3,11,12,2,2,2,1,58,185
27539,29890,Dairy,128,for_profit,59,FALSE,3,3081025,3,3081025,258087,10,FALSE,0.543,1,15,13,0,0,0,0,127,123
27540,29571,Dairy,80,for_profit,80,FALSE,2,5254,3,4215.8976260573,440,10,FALSE,0.001,2,11,14,0,2,0,2,58,239
27541,29015,Dairy,160,for_profit,52,FALSE,6,3523107,3,3523107,236808,5,FALSE,0.619,6,14,11,0,0,0,3,127,50
27542,29168,Dairy,192,for_profit,63,FALSE,2,744773,3,744773,162625,20,FALSE,0.113,2,11,15,0,0,2,2,51,122
27543,30440,Dairy,80,for_profit,53,FALSE,2,346560,3,346560,75673,20,FALSE,0.108,3,13,13,3,1,3,3,134,83
27544,29165,Dairy,192,for_profit,32,FALSE,2,4396663,3,4396663,295525,5,FALSE,0.707,4,13,9,2,0,1,0,126,81
27545,30195,SNB,160,for_profit,47,FALSE,4,613692,3,492436.7426589944,41250,10,FALSE,0.376,2,11,11,0,0,0,0,20,281
27546,28760,Forest,160,for_profit,50,FALSE,4,1200085,3,1200085,80665,5,FALSE,0.706,1,19,13,0,0,0,0,53,215
27547,28849,Dairy,256,for_profit,63,FALSE,2,6714957,3,6714957,451351,5,FALSE,0.722,6,10,15,2,3,6,0,101,92
27548,29099,SNB,336,for_profit,66,FALSE,3,807730,3,807730,67661,10,FALSE,0.585,2,9,16,0,0,2,1,33,241
27549,29528,Dairy,48,for_profit,48,TRUE,3,781912,3,781912,91664,15,FALSE,0.368,1,12,10,0,0,1,0,114,114
27550,28957,Forest,128,pro_environmental,63,FALSE,4,1141339,3,1141339,76716,5,FALSE,0.645,1,11,11,0,0,0,0,47,229
27551,28807,Dairy,80,for_profit,56,FALSE,4,2074528,3,2074528,139441,5,FALSE,0.628,3,9,13,0,0,0,0,71,173
27552,30124,Dairy,64,for_profit,64,FALSE,2,0,0,0,0,21,TRUE,0,2,15,11,1,1,0,0,146,214
27553,30242,Forest,128,for_profit,56,FALSE,4,568679,3,568679,38224,5,FALSE,0.694,1,9,15,0,0,0,0,42,137
27554,30505,Forest,32,for_profit,50,TRUE,3,237478,3,136161.24565979128,15962,15,FALSE,0.4,1,14,11,0,0,0,0,100,248
27555,30268,Forest,48,for_profit,60,FALSE,1,0,0,0,0,21,TRUE,0,2,11,12,0,1,0,0,120,67
27556,29809,Forest,128,for_profit,50,TRUE,6,922681,3,529031.7179133304,77290,15,FALSE,0.299,1,12,10,0,0,0,0,57,246
27557,30153,Dairy,112,for_profit,54,FALSE,2,1797524,3,1797524,150572,10,FALSE,0.535,3,13,10,2,0,1,0,87,235
27558,29061,Dairy,112,pro_environmental,51,FALSE,5,2621866,3,2621866,176231,5,FALSE,0.657,1,10,8,0,1,0,0,115,46
27559,29075,Dairy,448,for_profit,49,FALSE,3,8385434,3,8385434,702419,10,FALSE,0.534,7,11,10,3,3,0,1,101,76
27560,29405,Dairy,64,for_profit,79,FALSE,1,0,0,0,0,21,TRUE,0,1,15,12,1,0,0,0,74,142
27561,28863,Dairy,64,for_profit,60,FALSE,2,128,3,128,9,0,FALSE,0.18,2,11,12,0,1,1,1,73,165
27562,29448,Dairy,96,for_profit,71,FALSE,2,4800,3,4800,323,5,FALSE,0.001,1,11,10,0,0,0,1,99,200
27563,28978,Crop,160,for_profit,47,FALSE,2,1954578,3,1120683.9169069284,131378,15,FALSE,0.352,2,13,10,0,0,0,0,121,121
27564,29110,SNB,32,for_profit,63,FALSE,1,0,0,0,0,21,TRUE,0,1,8,15,0,0,0,0,79,230
27565,29286,Dairy,80,for_profit,47,FALSE,3,1752922,3,1752922,146836,10,FALSE,0.601,1,17,10,0,1,1,0,50,264
27566,30445,SNB,192,for_profit,60,FALSE,2,353365,3,353365,41425,15,FALSE,0.395,3,9,12,2,0,1,0,142,200
27567,28878,SNB,160,for_profit,55,FALSE,2,480,3,480,32,5,FALSE,0.001,4,9,12,1,0,4,4,15,323
27568,30499,Forest,48,for_profit,59,FALSE,3,449674,3,360825.95148452424,30225,10,FALSE,0.551,1,12,12,0,0,0,0,41,272
27569,29207,Dairy,64,pro_environmental,52,FALSE,3,891181,3,891181,104474,15,FALSE,0.375,2,14,11,0,0,0,1,138,89
27570,29647,Dairy,48,for_profit,63,FALSE,2,1418295,3,1418295,95332,5,FALSE,0.752,1,8,8,0,0,1,1,123,169
27571,30106,Forest,384,pro_environmental,74,FALSE,3,256,3,256,17,5,FALSE,0,4,8,11,0,0,2,0,22,255
27572,29636,Dairy,80,for_profit,40,FALSE,3,1841595,3,1841595,123784,5,FALSE,0.679,3,14,16,0,2,0,0,135,63
27573,30352,Dairy,176,for_profit,60,FALSE,3,0,0,0,0,21,TRUE,0,1,7,12,0,0,0,0,67,161
27574,29723,Dairy,96,for_profit,51,FALSE,3,2205674,3,2205674,148256,5,FALSE,0.631,1,14,12,1,0,1,1,90,237
27575,30186,Dairy,304,for_profit,60,FALSE,2,6934074,3,6934074,580844,10,FALSE,0.578,5,11,11,4,3,2,1,91,74
27576,30547,Dairy,64,for_profit,67,FALSE,2,0,0,0,0,21,TRUE,0,1,13,14,0,1,0,1,59,198
27577,29296,Dairy,80,for_profit,70,FALSE,2,256,3,256,17,0,FALSE,0,2,13,7,0,0,1,0,116,146
27578,29131,SNB,80,for_profit,61,TRUE,2,0,0,0,0,21,TRUE,0,1,13,13,0,0,0,0,61,264
27579,30070,Dairy,64,for_profit,43,FALSE,3,1407331,3,1407331,94595,5,FALSE,0.617,1,8,11,0,0,0,0,98,122
27580,29353,Forest,160,for_profit,65,FALSE,4,1509349,3,1509349,101452,5,FALSE,0.691,1,11,16,0,0,0,0,80,262
27581,30538,Dairy,64,for_profit,78,FALSE,1,2560,3,2054.1868905037472,172,10,FALSE,0.001,1,9,8,1,1,0,0,137,200
27582,29779,Forest,64,for_profit,59,FALSE,5,462533,3,462533,38745,10,FALSE,0.523,1,15,13,0,0,0,0,103,164
27583,29602,Dairy,112,for_profit,53,FALSE,3,541105,3,541105,118153,20,FALSE,0.182,3,13,10,0,1,2,0,139,97
27584,29812,SNB,176,for_profit,57,FALSE,3,769707,3,769707,90233,15,FALSE,0.283,2,12,14,0,1,1,0,85,206
27585,29899,Crop,96,for_profit,66,FALSE,3,1600,3,1600,108,5,FALSE,0,2,11,12,1,0,0,2,66,190
27586,28822,Dairy,64,for_profit,46,FALSE,2,1455879,3,1455879,97858,5,FALSE,0.62,3,18,13,1,1,0,0,128,125
27587,29517,Forest,64,pro_environmental,43,FALSE,3,607044,3,487102.2760777175,40803,10,FALSE,0.551,1,11,10,0,0,0,0,86,208
27588,29978,Forest,48,for_profit,63,FALSE,3,453221,3,453221,30464,0,FALSE,1.494,1,9,13,0,0,0,0,107,92
27589,28941,Dairy,48,for_profit,59,TRUE,3,0,0,0,0,21,TRUE,0,2,9,13,0,0,0,0,109,119
27590,30093,Dairy,80,for_profit,63,FALSE,2,295,3,236.71294246039275,25,10,FALSE,0,2,14,9,0,0,2,0,108,78
27591,30116,Dairy,192,for_profit,71,FALSE,2,2066415,3,636100.9321804255,242247,20,FALSE,0.089,7,9,15,0,1,0,5,103,123
27592,29233,Forest,80,for_profit,54,FALSE,2,871244,3,871244,72981,10,FALSE,0.504,2,8,15,0,0,0,0,79,127
27593,29122,Forest,80,pro_environmental,61,FALSE,3,770960,3,237323.27469255732,51821,20,FALSE,0.217,1,11,11,0,0,0,0,42,269
27594,28980,Forest,64,pro_environmental,62,FALSE,3,0,0,0,0,21,TRUE,0,2,13,11,0,0,0,0,55,151
27595,29661,Dairy,128,for_profit,59,TRUE,2,2400,3,2400,161,0,FALSE,0,4,14,8,0,3,4,1,99,77
27596,29127,Dairy,80,pro_environmental,74,FALSE,2,1600,3,1600,108,0,FALSE,0,2,11,11,1,0,0,1,111,98
27597,30288,SNB,208,for_profit,58,FALSE,3,1221060,3,1221060,82074,5,FALSE,0.712,3,13,13,0,0,0,2,10,285
27598,29188,Dairy,112,for_profit,64,FALSE,1,1384929,3,1384929,162356,15,FALSE,0.339,1,9,16,0,1,1,0,65,252
27599,30056,Dairy,80,for_profit,60,FALSE,6,1931185,3,1931185,129806,5,FALSE,0.638,2,12,11,1,0,0,0,93,268
27600,29057,Forest,64,for_profit,78,FALSE,4,0,0,0,0,21,TRUE,0,2,13,12,0,0,0,0,149,229
27601,28750,Forest,128,for_profit,62,FALSE,3,1051963,3,1051963,70708,5,FALSE,0.594,1,15,14,0,0,0,0,62,198
27602,29549,SNB,96,pro_environmental,61,FALSE,3,259901,3,259901,17469,5,FALSE,0.669,1,10,14,0,0,1,1,96,100
27603,29980,Dairy,80,for_profit,33,FALSE,2,1525968,3,1525968,102569,5,FALSE,0.597,2,11,13,1,1,0,1,117,60
27604,30383,Dairy,128,pro_environmental,79,FALSE,2,0,0,0,0,21,TRUE,0,1,12,8,0,0,0,0,93,221
27605,29330,Dairy,80,for_profit,50,FALSE,2,1764086,3,1764086,147771,10,FALSE,0.553,3,9,11,1,0,0,1,118,57
27606,29129,Dairy,96,for_profit,62,FALSE,3,1065418,3,1065418,124899,15,FALSE,0.287,2,16,14,1,0,0,0,50,240
27607,28748,Dairy,208,for_profit,43,FALSE,4,5239491,3,5239491,352176,5,FALSE,0.691,4,15,13,3,0,3,0,134,104
27608,29422,SNB,32,for_profit,30,FALSE,4,183430,3,183430,12329,5,FALSE,0.669,1,16,15,0,0,0,1,85,186
27609,29214,Dairy,144,for_profit,57,FALSE,4,3244631,3,3244631,271792,10,FALSE,0.665,4,11,12,1,1,0,0,106,108
27610,29908,Dairy,80,for_profit,71,FALSE,3,1537937,3,881797.1250654057,103374,15,FALSE,0.323,2,13,8,0,1,0,0,131,85
27611,29025,SNB,80,for_profit,44,FALSE,2,180883,3,180883,15152,10,FALSE,0.558,1,9,11,0,0,0,1,95,279
27612,30360,Dairy,112,for_profit,72,FALSE,1,2400,3,2400,161,5,FALSE,0.001,3,14,9,2,2,0,1,121,125
27613,29684,Forest,128,for_profit,59,FALSE,2,1281176,3,734579.7087285086,86115,15,FALSE,0.42,1,11,11,0,0,0,0,96,137
27614,30255,Dairy,80,pro_environmental,52,FALSE,5,2172046,3,2172046,145996,5,FALSE,0.627,2,12,7,0,0,0,0,104,157
27615,30465,Dairy,160,for_profit,81,FALSE,2,0,0,0,0,21,TRUE,0,2,11,11,1,0,0,0,103,118
27616,28867,SNB,192,for_profit,57,FALSE,1,176205,3,176205,38475,20,FALSE,0.143,1,10,16,0,0,0,1,98,180
27617,30072,Crop,128,for_profit,58,FALSE,2,2519327,3,2519327,211035,10,FALSE,0.507,2,12,10,2,0,0,1,109,67
27618,29105,Forest,80,for_profit,55,FALSE,4,1352270,3,1352270,90894,5,FALSE,0.65,2,14,8,0,0,0,0,65,165
27619,28968,Dairy,80,for_profit,66,FALSE,4,977717,3,977717,114618,15,FALSE,0.311,1,15,13,0,0,0,0,94,182
27620,28793,Forest,128,for_profit,45,FALSE,5,1256372,3,1256372,84448,5,FALSE,0.719,1,15,10,0,0,0,0,57,257
27621,29774,Forest,48,for_profit,51,FALSE,2,641910,3,641910,43146,5,FALSE,0.558,2,12,12,1,1,1,0,111,144
27622,30164,SNB,240,pro_environmental,34,FALSE,3,1314739,3,1314739,88371,5,FALSE,0.73,2,18,14,0,0,1,0,132,125
27623,29694,Dairy,80,for_profit,63,FALSE,4,1806641,3,1449679.0070494455,121435,10,FALSE,0.497,1,16,9,0,1,1,0,78,250
27624,28862,Dairy,176,for_profit,54,FALSE,2,4493888,3,4493888,302060,5,FALSE,0.618,3,8,14,2,3,2,2,88,157
27625,30212,SNB,96,for_profit,63,FALSE,2,2880,3,2880,194,0,FALSE,0,1,11,11,1,0,0,1,52,268
27626,28742,SNB,592,for_profit,51,TRUE,3,2076,3,1665.8171815178825,174,10,FALSE,0.001,3,10,14,1,0,3,0,104,233
27627,30543,Dairy,48,for_profit,58,FALSE,4,1202034,3,1202034,80796,5,FALSE,0.565,1,13,10,1,0,0,1,71,174
27628,30231,Dairy,160,for_profit,33,FALSE,4,2950535,3,2950535,198322,5,FALSE,0.691,3,14,12,2,1,0,0,59,119
27629,29295,Dairy,64,for_profit,61,FALSE,2,1068022,3,1068022,89465,10,FALSE,0.553,2,13,8,1,1,0,1,91,132
27630,29204,Forest,80,for_profit,69,FALSE,2,104447,3,32151.738185915656,12244,20,FALSE,0.038,1,10,10,0,0,0,0,53,127
27631,30282,Dairy,48,for_profit,71,FALSE,1,1120,3,1120,75,5,FALSE,0.001,3,10,10,2,2,0,0,76,192
27632,30378,Dairy,112,for_profit,66,FALSE,2,2313009,3,2313009,193753,10,FALSE,0.567,1,16,12,0,0,0,1,82,270
27633,29009,Dairy,112,for_profit,64,FALSE,2,3840,3,3840,258,5,FALSE,0.001,3,8,11,3,0,0,2,57,182
27634,29472,Dairy,240,for_profit,58,FALSE,3,4403909,3,4403909,368900,10,FALSE,0.544,2,13,14,1,1,0,0,23,265
27635,29096,Forest,128,for_profit,62,FALSE,4,3625695,3,3625695,243704,5,FALSE,0.782,2,16,11,1,0,1,0,57,212
27636,28827,Forest,96,for_profit,57,FALSE,5,2192561,3,2192561,147375,5,FALSE,0.627,1,10,15,0,0,0,0,88,138
27637,28955,Dairy,224,for_profit,51,FALSE,2,5112861,3,5112861,343665,5,FALSE,0.67,4,17,9,3,0,0,4,89,86
27638,29445,Dairy,64,for_profit,56,FALSE,3,128,3,128,9,0,FALSE,0.149,3,18,14,0,0,2,1,134,109
27639,30580,Forest,256,for_profit,63,FALSE,2,1889425,3,1083327.5569979162,126999,15,FALSE,0.357,5,13,14,0,0,0,0,166,10
27640,29835,Dairy,144,for_profit,76,FALSE,2,5198,3,5198,435,5,FALSE,0.001,1,9,14,0,1,1,0,81,181
27641,29367,Dairy,80,for_profit,81,FALSE,1,672,3,672,45,5,FALSE,0,3,11,8,1,3,1,3,85,188
27642,29181,Forest,176,for_profit,56,FALSE,3,1994520,3,1994520,233819,15,FALSE,0.642,3,9,13,2,0,0,0,25,261
27643,29297,Forest,176,for_profit,74,FALSE,1,0,0,0,0,21,TRUE,0,3,10,13,0,0,0,0,113,236
27644,29349,Forest,160,pro_environmental,60,FALSE,4,1122288,3,1122288,75435,5,FALSE,0.714,1,9,10,0,0,0,0,80,219
27645,29970,Dairy,144,for_profit,66,FALSE,4,3390425,3,3390425,227890,5,FALSE,0.599,1,16,11,0,0,1,1,54,151
27646,29242,SNB,128,for_profit,39,FALSE,4,330904,3,330904,22242,5,FALSE,0.639,1,7,17,0,0,0,0,49,210
27647,29004,Dairy,80,for_profit,54,FALSE,2,2100255,3,2100255,175931,10,FALSE,0.635,2,12,11,2,2,2,1,115,154
27648,28837,Dairy,64,for_profit,58,FALSE,4,1346588,3,1346588,90512,5,FALSE,0.652,4,10,11,0,1,0,0,104,91
27649,30191,Dairy,128,for_profit,42,FALSE,5,3006755,3,3006755,202101,5,FALSE,0.645,1,14,13,0,0,1,0,89,229
27650,29921,Dairy,240,pro_environmental,75,FALSE,2,7200,3,7200,484,0,FALSE,0,3,14,17,0,0,0,1,118,152
27651,30540,Forest,80,for_profit,61,TRUE,3,0,0,0,0,21,TRUE,0,1,11,12,0,0,0,0,71,148
27652,29216,Forest,144,for_profit,58,FALSE,1,1453153,3,1166034.313475075,97675,10,FALSE,0.568,2,14,16,0,0,0,0,81,161
27653,29394,SNB,208,for_profit,41,FALSE,4,437793,3,437793,36672,10,FALSE,0.52,1,12,11,0,0,0,0,36,234
27654,28913,SNB,128,for_profit,61,FALSE,3,361787,3,361787,30306,10,FALSE,0.551,3,14,14,3,0,1,1,86,115
27655,28967,Dairy,80,for_profit,46,FALSE,3,1922494,3,1922494,161041,10,FALSE,0.582,2,15,11,0,0,0,0,63,183
27656,30239,Dairy,112,for_profit,66,FALSE,1,480,3,480,32,0,FALSE,0.126,3,12,8,3,1,0,3,78,179
27657,30145,SNB,64,for_profit,36,FALSE,4,230001,3,230001,15460,5,FALSE,0.647,2,11,10,0,0,0,1,96,127
27658,28838,Dairy,112,for_profit,50,FALSE,3,2303072,3,2303072,192920,10,FALSE,0.569,2,10,11,1,0,1,2,138,81
27659,28754,Crop,64,pro_environmental,41,FALSE,3,1252332,3,1252332,104904,10,FALSE,0.498,3,15,13,3,0,0,0,117,73
27660,30050,SNB,48,for_profit,74,FALSE,2,192,3,154.06401678778104,13,10,FALSE,0.001,1,14,14,0,0,1,0,145,236
27661,29241,Dairy,112,for_profit,43,FALSE,2,2722070,3,2184234.573841225,182966,10,FALSE,0.535,1,11,13,0,0,0,0,33,273
27662,29155,Dairy,160,for_profit,73,FALSE,3,5011,3,5011,587,10,FALSE,0.001,2,10,10,1,2,0,1,94,217
27663,30511,Dairy,48,for_profit,54,FALSE,1,588591,3,588591,69001,15,FALSE,0.337,1,12,9,0,0,0,0,76,130
27664,30389,Dairy,144,for_profit,48,FALSE,2,1562164,3,1562164,183133,15,FALSE,0.353,2,12,9,1,0,0,0,94,260
27665,29577,Dairy,96,for_profit,59,FALSE,3,1874461,3,1874461,157017,10,FALSE,0.558,2,9,9,0,0,0,2,109,44
27666,28924,SNB,96,for_profit,53,FALSE,2,384,3,384,26,0,FALSE,0.139,1,10,14,1,0,1,1,152,228
27667,30184,Forest,64,for_profit,44,FALSE,5,389767,3,312755.57099647424,26198,10,FALSE,0.497,1,11,12,0,0,0,0,109,233
27668,29413,Dairy,96,for_profit,62,FALSE,3,2283423,3,2283423,153482,5,FALSE,0.655,2,7,8,0,2,0,2,75,130
27669,29332,SNB,96,for_profit,76,FALSE,1,100924,3,100924,22037,20,FALSE,0.171,3,8,15,1,0,0,2,64,160
27670,29282,Dairy,160,for_profit,54,FALSE,2,1440,3,1440,97,0,FALSE,0,3,13,13,1,0,0,3,128,55
27671,30330,Dairy,304,for_profit,65,FALSE,2,1038324,3,1038324,226723,20,FALSE,0.099,3,10,9,0,2,2,0,14,282
27672,30053,Dairy,128,pro_environmental,72,FALSE,1,4942,3,3965.5435987771557,414,10,FALSE,0.001,2,9,11,0,0,1,1,65,159
27673,29573,Forest,112,for_profit,65,FALSE,3,0,0,0,0,21,TRUE,0,1,11,8,0,0,0,0,87,148
27674,29898,Dairy,80,for_profit,50,FALSE,5,1313411,3,1313411,110020,10,FALSE,0.555,2,10,12,0,1,0,0,107,51
27675,30300,Dairy,80,for_profit,42,FALSE,2,1691987,3,1691987,141732,10,FALSE,0.512,2,15,10,2,1,0,0,66,185
27676,30427,Dairy,160,for_profit,54,FALSE,4,3678944,3,3678944,247283,5,FALSE,0.585,1,12,14,0,1,0,0,91,198
27677,28805,Forest,32,for_profit,72,FALSE,2,140021,3,80282.94738261917,9412,15,FALSE,0.184,1,11,14,0,0,0,0,89,266
27678,30264,Crop,448,for_profit,69,FALSE,2,0,0,0,0,21,TRUE,0,2,10,15,1,0,0,0,46,254
27679,29649,SNB,96,for_profit,47,FALSE,3,691152,3,691152,46456,5,FALSE,0.683,2,11,9,1,0,0,1,121,85
27680,30271,Dairy,64,for_profit,61,FALSE,2,1605,3,1605,134,5,FALSE,0.001,2,18,7,1,2,2,0,106,114
27681,29019,SNB,112,pro_environmental,50,FALSE,2,506009,3,506009,34012,5,FALSE,0.645,4,13,12,0,0,1,2,119,92
27682,29023,Dairy,128,pro_environmental,56,FALSE,2,2129844,3,2129844,249683,15,FALSE,0.411,2,13,10,1,0,0,0,132,132
27683,30413,Dairy,112,for_profit,67,FALSE,2,1461,3,1461,171,10,FALSE,0,3,8,13,1,1,1,1,138,123
27684,30280,SNB,128,for_profit,60,FALSE,2,0,0,0,0,21,TRUE,0,1,19,13,0,0,0,0,128,211
27685,29107,SNB,96,for_profit,60,FALSE,2,4696,3,4696,551,10,FALSE,0.01,3,17,13,2,0,2,2,136,78
27686,29008,Dairy,48,for_profit,70,FALSE,3,540792,3,540792,63397,15,FALSE,0.343,2,12,13,0,0,0,1,118,226
27687,29966,Dairy,128,for_profit,36,FALSE,2,3062434,3,3062434,205844,5,FALSE,0.643,5,12,11,2,4,1,3,112,79
27688,29924,Dairy,96,for_profit,53,FALSE,2,1160872,3,1160872,136090,15,FALSE,0.332,1,10,10,0,0,0,0,58,179
27689,30567,Forest,112,for_profit,75,FALSE,1,0,0,0,0,21,TRUE,0,2,9,20,0,0,0,0,95,71
27690,29944,Dairy,80,for_profit,60,FALSE,2,2400,3,2400,161,0,FALSE,0.195,2,13,16,0,1,1,1,90,183
27691,28787,Dairy,128,pro_environmental,47,FALSE,2,2487325,3,2487325,167187,5,FALSE,0.549,2,13,9,0,2,2,0,147,232
27692,28952,Dairy,160,pro_environmental,60,FALSE,2,4800,3,4800,323,0,FALSE,0.115,1,14,9,1,1,0,0,27,269
27693,29939,SNB,192,for_profit,60,FALSE,4,7541,3,7541,632,5,FALSE,0.011,2,15,11,1,0,0,2,103,70
27694,30441,SNB,80,for_profit,61,FALSE,3,2400,3,2400,161,5,FALSE,0.007,1,10,10,1,0,0,1,108,250
27695,28815,SNB,176,for_profit,50,FALSE,2,572938,3,572938,47993,10,FALSE,0.661,2,9,13,1,0,1,1,37,240
27696,29138,Dairy,64,for_profit,49,FALSE,3,1427258,3,1427258,95934,5,FALSE,0.612,1,13,17,1,1,0,1,91,140
27697,28788,Forest,144,for_profit,77,FALSE,2,0,0,0,0,21,TRUE,0,3,14,13,0,0,0,0,50,218
27698,28901,Forest,48,for_profit,54,FALSE,2,403806,3,403806,33825,10,FALSE,0.609,1,13,13,0,0,0,0,90,129
27699,29584,Dairy,256,pro_environmental,54,FALSE,3,5196235,3,5196235,435271,10,FALSE,0.538,2,10,12,0,1,1,0,61,227
27700,30221,Dairy,160,for_profit,71,FALSE,2,2163848,3,2163848,253669,15,FALSE,0.309,2,12,8,1,0,1,1,122,114
27701,29049,Dairy,80,for_profit,51,TRUE,2,998698,3,998698,117078,15,FALSE,0.3,3,11,9,1,1,3,2,134,86
27702,30530,Dairy,64,for_profit,53,FALSE,3,1852453,3,1852453,124514,5,FALSE,0.736,1,12,9,0,0,1,1,45,146
27703,29800,Dairy,160,for_profit,55,FALSE,1,5600,3,5600,376,0,FALSE,0,3,13,22,2,0,0,2,124,54
27704,29302,Crop,48,for_profit,78,FALSE,2,0,0,0,0,21,TRUE,0,1,12,14,0,0,0,0,88,223
27705,29907,Dairy,80,for_profit,69,TRUE,2,0,0,0,0,21,TRUE,0,1,10,10,0,0,0,0,111,155
27706,30369,Crop,112,pro_environmental,75,FALSE,1,2400,3,1925.800209847263,161,10,FALSE,0,2,13,8,1,0,0,1,127,71
27707,29184,Dairy,48,for_profit,40,FALSE,3,992314,3,992314,66699,5,FALSE,0.553,2,9,10,1,0,1,0,101,221
27708,29488,SNB,192,for_profit,58,FALSE,2,795840,3,795840,53493,5,FALSE,0.715,4,9,10,2,0,2,3,143,57
27709,28927,Forest,96,for_profit,68,FALSE,2,0,0,0,0,21,TRUE,0,2,10,9,1,0,1,0,60,209
27710,29503,Dairy,128,for_profit,53,FALSE,3,1508462,3,464347.23148968094,176838,20,FALSE,0.092,1,11,9,0,0,0,1,74,150
27711,29922,Dairy,80,for_profit,71,FALSE,2,1122,3,643.3139812120946,94,15,FALSE,0,3,12,12,1,0,1,2,114,76
27712,30464,SNB,64,for_profit,53,FALSE,3,170863,3,170863,11485,5,FALSE,0.659,1,10,10,0,0,0,0,62,128
27713,30323,SNB,160,for_profit,48,FALSE,2,435662,3,435662,29283,5,FALSE,0.673,1,10,12,1,0,1,0,59,131
27714,29532,Dairy,208,pro_environmental,56,TRUE,3,2567,3,1471.8244115610046,301,15,FALSE,0,3,18,13,1,2,0,0,65,175
27715,30313,SNB,64,for_profit,55,FALSE,3,227831,3,227831,19085,10,FALSE,0.601,1,9,9,0,0,1,0,72,240
27716,29192,Crop,48,for_profit,41,FALSE,3,1044280,3,1044280,87476,10,FALSE,0.516,1,16,10,0,0,0,0,16,311
27717,28920,Dairy,112,for_profit,68,FALSE,3,1337405,3,1337405,156785,15,FALSE,0.318,4,12,13,0,0,3,3,126,61
27718,28841,Dairy,80,for_profit,74,FALSE,2,0,0,0,0,21,TRUE,0,2,13,12,0,0,1,0,86,220
27719,28981,Dairy,176,for_profit,34,FALSE,2,4229130,3,4229130,284264,5,FALSE,0.655,3,14,14,0,2,2,2,135,105
27720,30571,Dairy,160,for_profit,63,FALSE,3,2165000,3,2165000,253804,15,FALSE,0.332,2,15,15,0,0,0,0,108,164
27721,29949,Dairy,192,for_profit,72,FALSE,2,9361,3,9361,784,5,FALSE,0.001,3,15,12,2,0,0,2,175,32
27722,29426,Dairy,144,for_profit,60,FALSE,2,2032377,3,2032377,238257,15,FALSE,0.354,2,12,13,0,2,1,2,111,138
27723,29854,Dairy,80,for_profit,58,FALSE,3,1600,3,1600,108,0,FALSE,0.102,3,14,13,0,0,1,2,15,302
27724,30348,Forest,96,for_profit,50,FALSE,2,2456495,3,2456495,165115,5,FALSE,0.684,2,9,16,1,0,0,0,67,140
27725,29552,SNB,240,for_profit,72,FALSE,3,416181,3,416181,48789,15,FALSE,0.319,3,10,12,0,0,0,0,40,235
27726,29900,Dairy,80,for_profit,55,FALSE,1,373240,3,373240,81499,20,FALSE,0.122,2,13,11,1,2,0,0,96,134
27727,29490,SNB,128,pro_environmental,66,FALSE,2,213810,3,213810,25065,15,FALSE,0.36,2,9,11,1,0,1,0,99,255
27728,29002,Dairy,64,for_profit,65,FALSE,3,1145241,3,1145241,95933,10,FALSE,0.568,3,11,13,2,1,1,1,92,256
27729,28944,Dairy,192,for_profit,74,FALSE,3,64,3,64,4,0,FALSE,0.102,3,11,11,1,0,3,0,52,260
27730,28972,Dairy,48,pro_environmental,64,FALSE,3,1130376,3,1130376,75979,5,FALSE,0.614,2,12,17,0,1,1,0,57,192
27731,30084,Forest,112,for_profit,63,TRUE,2,0,0,0,0,21,TRUE,0,2,13,16,0,0,0,0,127,24
27732,28894,Dairy,160,pro_environmental,68,FALSE,3,6100,3,6100,715,10,FALSE,0.001,2,10,10,2,0,1,1,99,151
27733,29238,Dairy,80,for_profit,70,FALSE,1,192,3,192,13,5,FALSE,0,2,14,10,0,0,1,0,141,80
27734,30481,Dairy,112,for_profit,65,FALSE,2,0,0,0,0,21,TRUE,0,3,17,9,0,0,1,0,127,95
27735,30098,Dairy,128,for_profit,53,FALSE,4,3544934,3,3544934,238275,5,FALSE,0.714,3,12,11,0,0,0,0,116,78
27736,29542,Dairy,176,for_profit,53,FALSE,3,2388203,3,2388203,279970,15,FALSE,0.358,4,12,8,2,0,3,4,119,89
27737,29440,Dairy,32,for_profit,58,FALSE,3,745444,3,745444,50106,5,FALSE,0.639,1,15,8,0,1,1,0,80,271
27738,29905,Forest,64,for_profit,65,FALSE,2,146119,3,146119,31906,20,FALSE,0.099,2,17,14,0,0,0,0,85,184
27739,28829,Dairy,368,for_profit,41,FALSE,4,9446928,3,9446928,634982,5,FALSE,0.653,1,11,13,0,1,1,1,87,196
27740,30472,Dairy,192,for_profit,57,TRUE,2,6296,3,6296,527,5,FALSE,0.001,3,15,15,3,1,3,3,75,167
27741,29593,Dairy,144,pro_environmental,66,FALSE,2,571526,3,571526,124795,20,FALSE,0.101,1,16,11,0,0,0,1,52,230
27742,30585,Dairy,48,for_profit,77,FALSE,1,137,3,78.55081588775131,16,15,FALSE,0,2,11,12,0,1,2,2,66,171
27743,29348,Crop,160,for_profit,50,FALSE,4,1973917,3,1973917,231403,15,FALSE,0.282,2,13,7,2,0,0,0,84,150
27744,29244,Dairy,96,for_profit,53,FALSE,3,2086345,3,2086345,140235,5,FALSE,0.621,2,16,13,1,0,0,0,69,125
27745,30527,Dairy,80,for_profit,55,FALSE,3,1289485,3,1289485,108016,10,FALSE,0.468,2,12,13,0,0,0,1,141,74
27746,30128,Forest,64,for_profit,52,TRUE,5,455911,3,140342.28946814168,38190,20,FALSE,0.161,1,14,12,0,0,0,0,70,249
27747,29465,Dairy,176,for_profit,67,FALSE,4,1788847,3,1788847,209707,15,FALSE,0.279,1,9,14,0,0,1,0,70,261
27748,29794,Forest,80,pro_environmental,55,FALSE,3,548709,3,548709,36882,5,FALSE,0.496,1,13,17,0,0,0,0,96,133
27749,29968,Dairy,80,pro_environmental,32,FALSE,2,1965695,3,1965695,132126,5,FALSE,0.68,3,15,13,0,2,0,0,98,196
27750,29331,SNB,64,for_profit,55,FALSE,2,265941,3,265941,17875,5,FALSE,0.702,1,7,14,1,0,0,1,21,278
27751,29861,Dairy,96,for_profit,56,FALSE,2,2227820,3,2227820,149744,5,FALSE,0.621,2,11,10,0,0,0,2,61,160
27752,29873,Forest,64,pro_environmental,62,FALSE,4,595184,3,477585.6133740556,40006,10,FALSE,0.54,1,10,13,0,0,0,0,71,145
27753,30430,Dairy,208,pro_environmental,43,FALSE,3,3629522,3,3629522,304033,10,FALSE,0.545,2,11,15,1,0,1,0,180,11
27754,29016,Dairy,144,for_profit,53,FALSE,4,3782407,3,3782407,254237,5,FALSE,0.701,3,12,17,0,2,1,2,59,218
27755,29231,Forest,64,for_profit,77,FALSE,2,0,0,0,0,21,TRUE,0,2,14,14,0,0,1,0,98,147
27756,30504,SNB,224,pro_environmental,56,FALSE,1,1600,3,1600,108,0,FALSE,0,4,19,12,0,0,0,2,170,26
27757,29975,SNB,192,for_profit,37,FALSE,2,500488,3,500488,33641,5,FALSE,0.644,1,10,11,1,0,1,0,106,224
27758,28737,Dairy,96,for_profit,48,FALSE,2,1337675,3,1337675,156816,15,FALSE,0.32,2,10,11,0,0,0,0,124,121
27759,30251,Dairy,80,for_profit,62,FALSE,1,1693372,3,1358790.0637289498,113821,10,FALSE,0.508,2,16,15,0,1,0,0,136,122
27760,28965,Dairy,32,for_profit,56,FALSE,3,827939,3,827939,55651,5,FALSE,0.71,1,10,15,1,0,0,0,76,260
27761,29492,Forest,64,for_profit,58,FALSE,3,611677,3,611677,41114,5,FALSE,0.7,1,8,10,0,0,0,0,79,236
27762,30569,Dairy,32,for_profit,70,FALSE,2,800,3,800,54,5,FALSE,0.001,2,11,11,0,2,0,1,119,206
27763,29206,Dairy,80,for_profit,61,TRUE,3,2054,3,1648.1640129276159,172,10,FALSE,0.001,2,9,9,0,0,1,2,141,91
27764,30390,SNB,144,for_profit,59,FALSE,2,343205,3,343205,40234,15,FALSE,0.348,3,16,15,0,0,2,0,101,139
27765,30083,Forest,320,pro_environmental,70,FALSE,1,0,0,0,0,21,TRUE,0,2,9,10,0,0,0,0,97,275
27766,29458,Forest,288,for_profit,74,FALSE,2,0,0,0,0,21,TRUE,0,4,13,14,0,0,0,0,139,27
27767,29767,Dairy,64,for_profit,49,FALSE,1,0,0,0,0,21,TRUE,0,3,9,10,0,2,0,0,119,44
27768,29799,Forest,144,for_profit,76,FALSE,2,1213541,3,695800.260315603,81569,15,FALSE,0.35,1,10,12,0,0,0,0,72,192
27769,29686,Dairy,144,for_profit,68,FALSE,2,1920,3,1920,129,5,FALSE,0,2,8,12,0,2,0,0,120,223
27770,30015,Forest,64,pro_environmental,39,FALSE,3,512787,3,411468.88008622854,34467,10,FALSE,0.471,1,10,14,0,0,0,0,75,236
27771,28809,Dairy,80,for_profit,70,FALSE,2,64,3,19.70100858711693,4,20,FALSE,0,3,11,13,1,0,2,0,77,127
27772,28888,SNB,64,for_profit,73,FALSE,2,91038,3,91038,10672,15,FALSE,0.327,2,10,15,0,0,0,1,52,109
27773,29710,Forest,64,pro_environmental,55,FALSE,2,283227,3,87185.27436099011,33203,20,FALSE,0.099,1,11,11,0,0,0,0,130,92
27774,30258,Forest,80,for_profit,60,FALSE,3,695096,3,557756.6761099971,46721,10,FALSE,0.504,1,10,13,0,0,0,0,93,158
27775,30180,Dairy,208,for_profit,58,TRUE,2,1927,3,1927,421,15,FALSE,0,6,10,14,5,3,0,4,131,63
27776,29942,Forest,64,for_profit,77,FALSE,2,0,0,0,0,21,TRUE,0,2,13,15,0,0,0,0,69,183
27777,30069,Dairy,80,for_profit,66,FALSE,3,1238483,3,1238483,145188,15,FALSE,0.394,1,11,12,0,0,0,1,76,188
27778,29736,Dairy,48,for_profit,48,FALSE,2,1087267,3,1087267,91077,10,FALSE,0.591,2,12,15,1,0,2,1,116,71
27779,29762,Dairy,96,pro_environmental,57,FALSE,3,1647102,3,1647102,137972,10,FALSE,0.629,2,15,9,0,1,0,0,137,72
27780,30324,Forest,272,for_profit,59,FALSE,4,1905652,3,1905652,128090,5,FALSE,0.594,2,11,11,0,0,0,0,181,6
27781,29604,Forest,96,for_profit,57,FALSE,3,816883,3,816883,54907,5,FALSE,0.623,1,11,9,0,0,0,0,88,140
27782,30055,SNB,48,for_profit,68,FALSE,4,72345,3,72345,15797,20,FALSE,0.208,2,12,11,0,0,1,0,63,124
27783,30174,Dairy,160,for_profit,72,TRUE,3,1366,3,1366,160,10,FALSE,0,4,9,15,2,4,3,0,137,70
27784,30176,Dairy,64,for_profit,50,FALSE,3,1512472,3,1512472,101662,5,FALSE,0.718,2,14,13,1,0,0,1,46,265
27785,29199,Dairy,64,pro_environmental,46,FALSE,3,1736484,3,1736484,116719,5,FALSE,0.703,2,12,13,1,0,0,0,112,99
27786,29281,Forest,80,for_profit,57,FALSE,2,640379,3,640379,53642,10,FALSE,0.579,1,11,8,0,0,0,0,73,194
27787,30246,SNB,48,pro_environmental,59,FALSE,4,154701,3,154701,12959,10,FALSE,0.544,1,11,9,1,0,0,0,55,177
27788,28753,Dairy,208,for_profit,75,FALSE,4,2033489,3,625965.3789188722,238387,20,FALSE,0.092,3,16,12,0,1,0,0,87,91
27789,28781,Dairy,160,for_profit,70,FALSE,2,1440,3,1440,97,0,FALSE,0.107,4,10,10,3,0,1,1,147,92
27790,29459,Dairy,80,for_profit,60,FALSE,2,1005610,3,1005610,117888,15,FALSE,0.312,2,9,11,0,2,0,0,98,173
27791,29355,SNB,176,for_profit,56,FALSE,2,834347,3,834347,56081,5,FALSE,0.74,1,16,12,1,0,0,1,55,234
27792,29506,SNB,64,for_profit,59,FALSE,2,165617,3,165617,19415,15,FALSE,0.462,3,10,14,3,0,2,3,19,283
27793,29739,Dairy,160,for_profit,55,FALSE,2,3136300,3,3136300,210809,5,FALSE,0.62,2,18,11,1,0,0,1,125,214
27794,29863,Forest,32,for_profit,58,FALSE,4,103983,3,59620.06925880325,8710,15,FALSE,0.197,2,18,14,0,0,1,0,91,208
27795,30207,Dairy,64,pro_environmental,64,FALSE,3,407664,3,407664,89015,20,FALSE,0.162,1,18,11,1,0,0,0,90,219
27796,30160,Dairy,96,for_profit,49,FALSE,2,1104509,3,339999.0827116865,129482,20,FALSE,0.097,1,13,12,0,0,0,0,94,139
27797,29112,SNB,64,pro_environmental,76,FALSE,2,960,3,960,65,0,FALSE,0,2,13,16,1,0,0,0,52,142
27798,28851,SNB,48,for_profit,75,FALSE,1,2250,3,2250,491,20,FALSE,0.009,3,11,15,0,0,3,2,48,126
27799,29425,Dairy,128,for_profit,42,FALSE,2,3074787,3,3074787,206674,5,FALSE,0.588,3,10,15,2,0,3,0,91,150
27800,29431,Forest,128,for_profit,31,FALSE,3,2658204,3,2658204,178673,5,FALSE,0.564,2,11,12,1,1,0,0,90,250
27801,29579,Dairy,96,for_profit,67,FALSE,2,917,3,917,77,5,FALSE,0,4,10,17,2,0,2,1,86,106
27802,30524,Forest,240,for_profit,64,FALSE,3,2020330,3,621914.6668564054,135798,20,FALSE,0.195,2,9,10,0,0,0,0,58,231
27803,29874,Dairy,144,for_profit,64,FALSE,3,3255021,3,3255021,272662,10,FALSE,0.546,2,13,13,1,1,0,2,131,121
27804,30582,Forest,240,for_profit,66,FALSE,4,7198388,3,7198388,483845,5,FALSE,0.823,1,10,15,0,0,0,0,78,242
27805,29314,Dairy,64,for_profit,52,FALSE,2,1920,3,1920,129,5,FALSE,0.001,2,14,11,1,1,1,0,90,216
27806,29172,Forest,80,for_profit,60,FALSE,5,691002,3,691002,46446,5,FALSE,0.625,1,15,9,0,0,0,0,78,167
27807,29920,Dairy,112,for_profit,78,FALSE,1,347912,3,347912,75968,20,FALSE,0.1,2,11,15,0,0,0,1,83,227
27808,28962,SNB,80,for_profit,54,FALSE,4,407370,3,407370,27382,5,FALSE,0.795,1,13,12,1,0,1,1,98,154
27809,29958,Forest,96,for_profit,69,FALSE,3,897546,3,276290.0227083196,60329,20,FALSE,0.208,1,11,10,0,0,0,0,89,206
27810,29969,Dairy,64,for_profit,57,FALSE,2,798854,3,245909.83615394856,93650,20,FALSE,0.105,1,12,11,0,0,0,0,83,139
27811,29953,Dairy,80,for_profit,56,FALSE,1,0,0,0,0,21,TRUE,0,2,12,11,2,0,1,0,92,146
27812,30284,Forest,112,for_profit,56,FALSE,5,1035694,3,1035694,69615,5,FALSE,0.669,1,12,12,0,0,0,0,112,157
27813,28919,Crop,128,for_profit,49,FALSE,3,2895989,3,2323790.0932980687,194656,10,FALSE,0.43,1,10,11,0,0,0,0,81,251
27814,30548,Dairy,80,for_profit,55,FALSE,3,1661961,3,1661961,139217,10,FALSE,0.528,1,16,11,0,0,0,0,140,211
27815,30362,Forest,160,pro_environmental,59,FALSE,3,1172448,3,1172448,78807,5,FALSE,0.658,2,12,13,0,0,0,0,83,131
27816,29381,Forest,96,for_profit,66,FALSE,5,830549,3,666446.4327035144,55826,10,FALSE,0.509,1,11,12,0,0,0,0,37,266
27817,29086,Forest,64,for_profit,76,FALSE,2,0,0,0,0,21,TRUE,0,2,10,9,1,0,0,0,94,175
27818,30381,Forest,96,for_profit,53,FALSE,4,667257,3,667257,44850,5,FALSE,0.654,1,15,9,0,0,0,0,60,115
27819,29785,Forest,48,for_profit,40,FALSE,4,448895,3,360200.86883307796,30173,10,FALSE,0.557,1,15,14,0,0,0,0,142,78
27820,28866,SNB,64,for_profit,61,FALSE,3,480,3,480,32,0,FALSE,0.157,2,7,12,1,0,2,0,8,284
27821,30080,Dairy,144,for_profit,55,FALSE,2,3236,3,3236,379,10,FALSE,0,4,13,13,0,4,3,3,104,112
27822,29200,Dairy,96,for_profit,78,FALSE,2,256,3,256,17,0,FALSE,0,3,14,8,1,3,1,0,80,119
27823,29111,Dairy,112,pro_environmental,57,FALSE,2,1289688,3,1289688,151191,15,FALSE,0.316,3,12,9,1,0,0,0,91,78
27824,30312,Dairy,64,for_profit,52,FALSE,4,1233460,3,1233460,82908,5,FALSE,0.574,1,10,12,0,0,0,0,129,51
27825,29617,Dairy,112,for_profit,69,FALSE,1,1987,3,1987,166,5,FALSE,0,3,18,11,1,1,2,1,119,161
27826,29860,Forest,160,pro_environmental,44,FALSE,4,1449797,3,1449797,97449,5,FALSE,0.664,1,11,12,0,0,0,0,90,242
27827,29038,Dairy,80,for_profit,68,FALSE,2,403427,3,403427,88090,20,FALSE,0.166,3,13,12,0,1,0,1,119,53
27828,29882,Dairy,64,for_profit,59,FALSE,2,676900,3,676900,79353,15,FALSE,0.308,2,10,20,0,0,0,0,31,253
27829,29081,Dairy,64,for_profit,72,FALSE,1,628460,3,628460,73675,15,FALSE,0.27,1,12,10,0,0,0,0,46,270
27830,29519,Dairy,80,for_profit,62,FALSE,3,1621425,3,1621425,135821,10,FALSE,0.479,2,12,17,0,0,0,2,80,176
27831,30262,Dairy,64,for_profit,56,FALSE,1,743971,3,743971,87216,15,FALSE,0.319,1,12,11,0,1,0,0,67,285
27832,30279,SNB,48,for_profit,62,FALSE,2,0,0,0,0,21,TRUE,0,1,9,15,0,0,0,0,127,47
27833,30213,Dairy,208,pro_environmental,61,FALSE,2,698602,3,698602,152543,20,FALSE,0.099,3,6,19,2,1,0,0,145,196
27834,29770,SNB,64,for_profit,50,FALSE,4,97106,3,97106,11384,15,FALSE,0.326,3,14,14,0,0,0,1,10,308
27835,30285,Dairy,128,for_profit,67,FALSE,3,1571688,3,1571688,184250,15,FALSE,0.307,2,13,12,1,0,0,0,124,63
27836,29708,Crop,128,for_profit,58,FALSE,2,1815769,3,558945.0103315738,212864,20,FALSE,0.095,1,12,8,0,0,0,0,122,116
27837,28900,Forest,144,for_profit,69,FALSE,2,1187421,3,365521.73933629645,79813,20,FALSE,0.184,1,11,13,0,0,0,0,46,238
27838,30190,Dairy,32,for_profit,59,FALSE,2,812416,3,812416,54607,5,FALSE,0.697,1,8,10,0,0,0,1,75,255
27839,29654,Forest,80,for_profit,58,FALSE,2,292651,3,167795.43664500955,19671,15,FALSE,0.154,1,16,9,0,0,0,0,13,302
27840,29996,Dairy,48,for_profit,61,FALSE,3,324244,3,324244,70800,20,FALSE,0.176,3,12,13,0,2,0,1,90,264
27841,29711,Crop,160,for_profit,69,FALSE,3,4088022,3,4088022,342440,10,FALSE,0.584,2,12,15,2,0,0,0,82,150
27842,29669,Dairy,48,for_profit,49,FALSE,2,566361,3,566361,66395,15,FALSE,0.331,1,9,9,0,0,0,0,137,129
27843,30432,Dairy,272,for_profit,76,FALSE,1,6208,3,6208,417,0,FALSE,0,5,9,9,5,5,2,4,173,27
27844,29315,Dairy,176,pro_environmental,53,FALSE,3,4709991,3,4709991,316585,5,FALSE,0.702,4,12,11,3,0,0,1,98,131
27845,30016,Dairy,80,for_profit,70,FALSE,3,1067810,3,1067810,125180,15,FALSE,0.34,1,12,10,0,0,0,1,131,218
27846,28912,Dairy,80,for_profit,58,FALSE,2,2327681,3,2327681,156457,5,FALSE,0.799,1,9,12,0,0,1,1,81,228
27847,29121,Dairy,128,for_profit,64,FALSE,2,847,3,847,71,5,FALSE,0,4,9,15,0,1,2,0,56,189
27848,29896,Dairy,48,for_profit,72,FALSE,2,772,3,772,169,15,FALSE,0,3,12,14,1,3,0,0,106,94
27849,29537,Forest,80,for_profit,59,FALSE,3,812201,3,812201,54593,5,FALSE,0.744,1,10,11,0,0,0,0,33,264
27850,30484,Dairy,48,for_profit,59,FALSE,2,64,3,64,4,0,FALSE,0,3,15,14,0,1,1,0,115,55
27851,29946,SNB,128,for_profit,42,TRUE,3,0,0,0,0,21,TRUE,0,3,12,11,0,0,3,3,105,193
27852,30028,Dairy,144,for_profit,76,FALSE,1,0,0,0,0,21,TRUE,0,1,9,15,1,0,1,1,36,131
27853,30400,Dairy,176,for_profit,46,FALSE,3,2856382,3,2856382,191994,5,FALSE,0.634,3,12,10,2,1,1,0,109,64
27854,30204,Dairy,112,for_profit,39,FALSE,2,2997852,3,2997852,251120,10,FALSE,0.636,2,11,10,1,0,0,1,103,140
27855,30534,Dairy,80,for_profit,75,FALSE,2,0,0,0,0,21,TRUE,0,1,10,10,0,0,0,0,112,152
27856,30372,SNB,128,pro_environmental,45,FALSE,3,384414,3,384414,25839,5,FALSE,0.644,2,13,11,0,0,1,1,52,124
27857,30453,SNB,64,for_profit,48,FALSE,4,224342,3,224342,18792,10,FALSE,0.573,2,8,7,1,0,0,0,44,122
27858,29817,Dairy,48,for_profit,68,FALSE,3,1223346,3,1223346,102476,10,FALSE,0.575,1,17,15,1,0,0,0,64,165
27859,29100,Dairy,192,for_profit,70,FALSE,2,942770,3,942770,205858,20,FALSE,0.136,3,16,12,0,2,1,0,83,179
27860,28794,SNB,208,pro_environmental,57,FALSE,3,604271,3,604271,40617,5,FALSE,0.607,2,12,14,0,0,1,0,10,297
27861,29253,Dairy,96,for_profit,78,FALSE,2,1600,3,1600,108,0,FALSE,0,2,15,15,2,1,0,1,93,187
27862,30000,Dairy,96,for_profit,74,FALSE,2,179,3,179,15,5,FALSE,0,4,11,19,1,0,2,1,126,152
27863,29697,Forest,48,pro_environmental,72,FALSE,2,527072,3,527072,61789,15,FALSE,0.308,1,10,12,0,0,0,0,137,20
27864,30391,Crop,96,for_profit,52,FALSE,2,1994768,3,1994768,167095,10,FALSE,0.477,1,12,11,0,0,0,0,45,236
27865,29336,Dairy,32,for_profit,75,FALSE,3,851,3,851,71,5,FALSE,0,2,11,14,1,0,2,2,127,157
27866,28741,Crop,80,for_profit,80,FALSE,3,960,3,960,65,0,FALSE,0,2,15,14,2,0,0,0,106,154
27867,29570,Dairy,128,for_profit,48,FALSE,3,2916277,3,2916277,244287,10,FALSE,0.57,2,14,14,1,1,1,0,75,180
27868,30219,Crop,48,for_profit,53,FALSE,4,1204772,3,1204772,80980,5,FALSE,0.595,1,13,20,1,0,0,1,101,201
27869,29912,Dairy,176,pro_environmental,70,FALSE,2,707856,3,707856,154564,20,FALSE,0.104,2,13,12,0,0,1,1,47,148
27870,29104,Dairy,112,for_profit,65,FALSE,1,2510,3,2510,294,10,FALSE,0,3,14,10,0,0,3,2,96,83
27871,28824,Forest,272,for_profit,49,FALSE,2,1740404,3,997884.3370387295,145788,15,FALSE,0.345,1,12,12,0,0,0,0,42,226
27872,29010,Dairy,240,for_profit,58,FALSE,2,3840,3,3840,258,5,FALSE,0,3,16,11,2,0,1,2,80,186
27873,29093,Dairy,144,for_profit,49,FALSE,2,2443847,3,2443847,286493,15,FALSE,0.391,2,15,20,2,2,1,0,117,159
27874,29651,Forest,64,for_profit,51,FALSE,4,576534,3,576534,38752,5,FALSE,0.72,2,13,12,0,0,1,0,67,184
27875,30144,Dairy,176,for_profit,37,FALSE,2,3551318,3,3551318,297482,10,FALSE,0.544,3,13,10,0,0,1,2,111,76
27876,29191,Crop,64,for_profit,75,FALSE,2,0,0,0,0,21,TRUE,0,1,15,13,1,0,0,0,83,253
27877,29747,Forest,176,for_profit,36,FALSE,2,1550095,3,1550095,104191,5,FALSE,0.645,1,17,20,0,0,0,0,68,272
27878,29457,Dairy,96,for_profit,47,FALSE,3,2084598,3,2084598,140118,5,FALSE,0.678,3,15,12,0,0,1,0,57,184
27879,28786,Crop,48,for_profit,65,FALSE,2,1216229,3,1216229,101879,10,FALSE,0.582,1,10,8,0,0,0,0,77,186
27880,29363,Dairy,96,for_profit,65,FALSE,2,1149074,3,353717.4490817625,134707,20,FALSE,0.099,3,10,11,1,0,0,0,114,73
27881,29118,Crop,96,for_profit,44,FALSE,3,1984384,3,1984384,133382,5,FALSE,0.635,3,16,14,0,0,0,1,64,163
27882,30561,SNB,240,for_profit,75,FALSE,2,640,3,513.5467226259368,43,10,FALSE,0,2,10,15,0,0,1,0,118,99
27883,30223,SNB,80,for_profit,64,FALSE,3,114671,3,35298.974307707584,13443,20,FALSE,0.074,2,15,11,0,0,0,0,62,123
27884,30417,Forest,144,for_profit,57,FALSE,3,1093320,3,1093320,128170,15,FALSE,0.317,2,12,13,0,1,0,0,72,154
27885,29759,Dairy,128,for_profit,54,TRUE,2,0,0,0,0,21,TRUE,0,1,14,16,1,0,0,0,49,266
27886,29556,Dairy,96,for_profit,52,FALSE,2,2127118,3,2127118,142976,5,FALSE,0.644,3,14,9,0,0,3,0,60,146
27887,30419,Forest,112,for_profit,55,FALSE,2,595224,3,595224,129970,20,FALSE,0.356,2,11,14,0,0,0,0,114,152
27888,29256,Dairy,96,for_profit,66,FALSE,3,384,3,384,26,0,FALSE,0.093,1,16,13,0,0,1,0,55,185
27889,29544,Dairy,144,for_profit,56,FALSE,4,3686502,3,3686502,247791,5,FALSE,0.585,2,12,13,1,0,0,1,117,133
27890,29973,Dairy,80,pro_environmental,60,FALSE,2,256,3,256,17,0,FALSE,0.151,2,14,14,0,0,1,0,53,161
27891,30579,Forest,112,for_profit,67,FALSE,3,534963,3,306728.32204203727,44812,15,FALSE,0.296,2,7,11,0,0,0,0,140,64
27892,29825,Forest,240,for_profit,72,FALSE,2,256,3,256,17,5,FALSE,0,3,11,13,1,0,2,0,41,248
27893,29846,SNB,256,for_profit,60,FALSE,3,480,3,480,32,0,FALSE,0,5,9,6,2,0,0,0,92,278
27894,30327,Dairy,64,for_profit,69,TRUE,3,64,3,64,4,0,FALSE,0,2,14,13,2,0,1,0,110,57
27895,29540,Dairy,128,pro_environmental,53,FALSE,3,2503189,3,2503189,209684,10,FALSE,0.618,3,18,14,0,1,1,1,70,188
27896,30549,Forest,64,for_profit,46,FALSE,4,1561418,3,1561418,104952,5,FALSE,0.685,1,11,8,0,0,0,0,144,91
27897,29881,Dairy,176,for_profit,63,FALSE,2,2370407,3,2370407,277884,15,FALSE,0.359,2,14,11,0,1,0,1,107,119
27898,29539,Dairy,144,for_profit,63,FALSE,2,574381,3,574381,125419,20,FALSE,0.109,1,10,15,0,0,1,0,60,241
27899,30568,SNB,112,for_profit,83,FALSE,1,64,3,64,4,5,FALSE,0,3,10,8,0,0,1,3,98,140
27900,30333,SNB,80,for_profit,54,FALSE,2,182642,3,182642,21411,15,FALSE,0.415,2,17,14,1,0,2,0,39,243
27901,30008,Dairy,96,for_profit,65,FALSE,2,1325602,3,1325602,155401,15,FALSE,0.351,1,10,11,0,1,1,0,47,262
27902,30143,SNB,48,for_profit,79,FALSE,3,192,3,192,13,0,FALSE,0,1,10,12,0,0,1,0,63,266
27903,29094,Dairy,464,for_profit,57,TRUE,3,480,3,480,32,0,FALSE,0,5,11,9,3,0,3,1,175,20
27904,29409,Dairy,80,for_profit,64,FALSE,3,1440,3,1440,97,0,FALSE,0.12,3,16,12,1,0,0,0,53,222
27905,29753,Dairy,128,pro_environmental,71,FALSE,2,3690,3,3690,433,10,FALSE,0.001,4,14,10,4,3,0,3,103,111
27906,28774,Forest,64,for_profit,60,FALSE,3,918778,3,918778,107709,15,FALSE,0.737,2,9,14,1,0,1,0,59,211
27907,30410,SNB,32,for_profit,53,FALSE,4,425149,3,425149,28577,5,FALSE,0.656,2,15,9,0,0,1,1,134,61
27908,30054,Dairy,112,for_profit,53,FALSE,3,2726275,3,2726275,183249,5,FALSE,0.685,2,12,12,0,0,1,0,131,123
27909,29775,SNB,80,for_profit,41,FALSE,3,59102,3,59102,12905,20,FALSE,0.106,2,10,12,0,0,0,1,83,225
27910,30518,Dairy,96,for_profit,70,TRUE,2,2720,3,2720,183,0,FALSE,0,3,17,15,1,2,0,3,136,113
27911,30460,SNB,192,for_profit,36,FALSE,2,619372,3,619372,41632,5,FALSE,0.7,5,11,13,0,0,2,2,132,46
27912,29128,Forest,64,for_profit,53,FALSE,2,1813981,3,1813981,121928,5,FALSE,0.658,2,13,12,0,1,0,1,87,169
27913,30455,Dairy,48,for_profit,51,FALSE,2,817589,3,817589,68487,10,FALSE,0.459,3,13,15,0,0,3,1,110,95
27914,29623,Forest,64,for_profit,63,FALSE,2,610390,3,489787.1625369462,41028,10,FALSE,0.554,1,16,17,0,0,0,0,76,150
27915,28960,Dairy,48,for_profit,73,FALSE,2,0,0,0,0,21,TRUE,0,2,13,17,0,1,1,0,113,161
27916,29631,SNB,128,pro_environmental,57,FALSE,2,2880,3,2880,194,0,FALSE,0.119,3,12,11,1,0,0,2,44,228
27917,28755,Forest,144,for_profit,66,FALSE,2,2674854,3,2674854,224063,10,FALSE,0.838,4,14,10,0,2,0,0,137,67
27918,30343,Dairy,256,for_profit,51,FALSE,2,1760,3,1760,118,0,FALSE,0.126,3,9,13,3,1,2,1,56,250
27919,30021,Dairy,32,for_profit,54,FALSE,3,682908,3,210218.38081579452,57205,20,FALSE,0.157,2,11,13,0,0,0,0,124,111
27920,29136,Dairy,128,for_profit,52,FALSE,2,2090491,3,2090491,140514,5,FALSE,0.757,3,9,13,0,0,0,1,144,96
27921,30532,Dairy,96,for_profit,52,FALSE,3,1754686,3,1754686,117942,5,FALSE,0.652,3,14,14,0,0,0,0,63,177
27922,29562,Dairy,96,for_profit,49,FALSE,2,2311622,3,2311622,155377,5,FALSE,0.661,1,8,12,0,0,0,0,16,319
27923,28938,Forest,96,for_profit,54,FALSE,3,433360,3,347735.32455808745,29129,10,FALSE,0.413,2,12,12,1,0,1,0,91,96
27924,29569,SNB,224,for_profit,56,FALSE,4,275090,3,275090,32249,15,FALSE,0.298,3,11,12,0,0,0,0,179,15
27925,30067,Dairy,112,pro_environmental,55,FALSE,3,2397187,3,2397187,161129,5,FALSE,0.601,1,12,18,0,0,0,0,98,125
27926,29001,Dairy,144,for_profit,63,FALSE,1,128,3,102.70934452518736,9,10,FALSE,0,2,9,14,0,0,2,0,100,117
27927,30566,Forest,48,for_profit,64,FALSE,3,411186,3,411186,27638,5,FALSE,0.62,1,14,11,0,0,0,0,132,92
27928,30283,Forest,80,pro_environmental,57,FALSE,4,679740,3,389738.1867995626,45689,15,FALSE,0.357,1,12,9,0,0,0,0,89,139
27929,29530,Dairy,80,for_profit,63,FALSE,3,833215,3,833215,97678,15,FALSE,0.281,2,14,10,0,0,2,0,88,237
27930,30088,Forest,32,for_profit,50,FALSE,3,287669,3,287669,19336,5,FALSE,0.667,1,13,14,0,0,0,0,52,146
27931,28799,Dairy,80,for_profit,79,FALSE,1,2305,3,1849.5706182074755,193,10,FALSE,0.001,2,14,12,2,0,2,0,131,79
27932,30495,Dairy,64,for_profit,65,FALSE,3,1254978,3,1254978,84354,5,FALSE,0.584,1,13,11,0,0,0,0,127,30
27933,29859,Forest,80,for_profit,64,FALSE,3,768264,3,768264,51639,5,FALSE,0.704,1,9,10,0,0,0,0,55,273
27934,30185,Dairy,64,for_profit,39,FALSE,2,1562168,3,1562168,105002,5,FALSE,0.685,1,14,10,1,0,1,0,109,77
27935,30429,Dairy,144,for_profit,59,TRUE,2,0,0,0,0,21,TRUE,0,1,11,9,0,0,0,0,90,190
27936,29167,Forest,144,for_profit,83,FALSE,1,0,0,0,0,21,TRUE,0,1,9,11,0,0,0,0,57,221
27937,28736,Forest,64,for_profit,64,FALSE,2,1355651,3,1355651,113558,10,FALSE,0.581,1,15,11,0,0,0,0,59,177
27938,29701,Dairy,128,for_profit,44,FALSE,2,3958901,3,3958901,266100,5,FALSE,0.718,2,13,15,1,0,2,0,69,175
27939,29643,Dairy,112,for_profit,76,FALSE,1,0,0,0,0,21,TRUE,0,3,12,12,2,0,2,0,72,163
27940,30491,SNB,96,for_profit,58,FALSE,3,922740,3,922740,108173,15,FALSE,0.268,2,13,12,0,1,0,1,93,208
27941,30198,Crop,64,for_profit,71,FALSE,3,867434,3,867434,101690,15,FALSE,0.345,1,10,16,0,0,0,1,82,201
27942,29482,Forest,128,for_profit,68,FALSE,2,246895,3,246895,28944,15,FALSE,0.393,3,12,9,1,0,0,2,143,61
27943,28859,SNB,80,for_profit,68,FALSE,1,42449,3,42449,9269,20,FALSE,0.117,2,13,8,0,0,0,0,130,57
27944,29044,Forest,80,for_profit,36,FALSE,5,1131644,3,1131644,76064,5,FALSE,0.675,2,14,9,1,1,1,0,87,122
27945,29329,Dairy,144,for_profit,51,TRUE,2,798,3,798,94,10,FALSE,0,4,12,12,4,4,4,4,57,146
27946,29135,Dairy,96,for_profit,54,FALSE,4,2442625,3,2442625,164183,5,FALSE,0.592,2,10,13,2,0,2,0,132,131
27947,29036,Dairy,128,for_profit,58,FALSE,2,2553718,3,2553718,213916,10,FALSE,0.537,2,11,10,1,0,0,0,132,73
27948,30398,SNB,64,for_profit,75,FALSE,1,3645,3,3645,245,5,FALSE,0.009,1,9,10,1,0,0,0,110,141
27949,30572,SNB,144,for_profit,42,FALSE,3,461189,3,461189,30999,5,FALSE,0.635,3,13,15,0,0,0,2,33,257
27950,30293,Dairy,64,for_profit,70,TRUE,3,480,3,480,32,5,FALSE,0,2,14,10,1,2,0,1,54,116
27951,30490,Forest,128,for_profit,60,FALSE,3,1741226,3,1741226,145857,10,FALSE,0.541,4,8,10,0,1,0,0,119,63
27952,30570,Dairy,32,for_profit,66,FALSE,2,128,3,128,9,0,FALSE,0.099,1,16,8,0,0,1,0,78,181
27953,29659,Forest,160,for_profit,74,FALSE,2,1217102,3,697842.008165065,101952,15,FALSE,0.315,1,10,14,0,0,0,0,58,226
27954,30041,Dairy,112,for_profit,44,FALSE,4,3048877,3,3048877,204932,5,FALSE,0.68,2,17,13,0,0,0,0,77,155
27955,29991,Dairy,128,for_profit,78,FALSE,3,0,0,0,0,21,TRUE,0,3,10,11,0,0,0,0,9,304
27956,30134,Dairy,32,for_profit,45,FALSE,3,657843,3,657843,55105,10,FALSE,0.543,2,18,10,0,1,0,2,45,231
27957,29508,Forest,80,for_profit,73,FALSE,2,549511,3,549511,64419,15,FALSE,0.347,2,14,14,0,0,0,0,123,146
27958,30397,SNB,128,for_profit,74,FALSE,2,128,3,102.70934452518736,9,10,FALSE,0,2,11,11,2,0,2,0,142,61
27959,29416,Forest,112,for_profit,50,FALSE,2,2902576,3,2902576,195099,5,FALSE,0.711,1,10,10,0,0,0,0,41,265
27960,30269,SNB,208,for_profit,51,FALSE,2,4251,3,4251,356,5,FALSE,0.001,2,13,14,1,0,1,1,138,62
27961,29342,Dairy,80,for_profit,63,FALSE,3,1002408,3,1002408,117513,15,FALSE,0.323,2,14,15,0,0,2,1,72,140
27962,28905,Dairy,64,pro_environmental,36,FALSE,2,816944,3,816944,95771,15,FALSE,0.344,2,8,10,0,0,2,1,51,159
27963,29666,Dairy,112,for_profit,61,FALSE,4,2394553,3,2394553,200584,10,FALSE,0.587,1,15,14,0,0,0,1,50,270
27964,30123,Forest,48,for_profit,59,FALSE,3,194839,3,59976.95018914493,16321,20,FALSE,0.09,1,15,11,0,0,0,0,140,213
27965,29938,Dairy,112,for_profit,67,FALSE,4,2357694,3,2357694,197496,10,FALSE,0.509,3,16,9,1,2,2,2,84,189
27966,30463,SNB,32,pro_environmental,71,FALSE,3,1886,3,1886,127,5,FALSE,0.015,1,12,11,0,0,0,1,143,64
27967,30522,Dairy,48,for_profit,62,FALSE,3,1039640,3,1039640,87087,10,FALSE,0.489,1,10,13,0,1,0,0,112,117
27968,29554,SNB,128,for_profit,38,FALSE,4,418052,3,418052,28100,5,FALSE,0.665,2,10,14,0,0,1,1,141,53
27969,30004,Dairy,64,for_profit,57,FALSE,2,192,3,192,13,0,FALSE,0,2,15,12,0,0,2,2,115,49
27970,30356,Dairy,128,for_profit,58,FALSE,3,2852556,3,2288938.726417112,191737,10,FALSE,0.491,1,14,12,0,1,0,0,42,263
27971,30536,Dairy,320,pro_environmental,56,FALSE,2,9118,3,9118,764,5,FALSE,0,3,13,16,1,0,3,3,125,136
27972,28876,Forest,96,for_profit,55,FALSE,1,477405,3,146958.75007082123,55966,20,FALSE,0.112,1,13,10,0,0,0,0,128,215
27973,28728,Dairy,32,for_profit,63,FALSE,3,847117,3,847117,56940,5,FALSE,0.673,1,12,15,0,0,1,0,92,230
27974,30359,Dairy,80,for_profit,51,FALSE,2,2405481,3,2405481,161686,5,FALSE,0.746,2,12,11,0,0,0,2,114,157
27975,30118,Dairy,80,for_profit,50,FALSE,3,1635158,3,1635158,136972,10,FALSE,0.574,1,11,8,0,0,0,0,106,78
27976,30470,Dairy,112,pro_environmental,59,FALSE,3,1091689,3,875989.5438699786,73379,10,FALSE,0.386,2,9,12,0,0,0,0,92,128
27977,30044,Dairy,80,pro_environmental,58,FALSE,4,1329136,3,1329136,111337,10,FALSE,0.531,2,14,10,0,1,0,0,93,131
27978,29080,Forest,96,for_profit,41,FALSE,1,505938,3,155742.01378982447,42381,20,FALSE,0.159,2,13,8,0,0,0,0,91,280
27979,29855,Forest,64,for_profit,48,TRUE,3,0,0,0,0,21,TRUE,0,2,13,15,1,0,0,0,20,272
27980,29629,Forest,64,for_profit,50,FALSE,4,581342,3,581342,39075,5,FALSE,0.657,1,12,10,0,0,0,0,84,170
27981,30121,SNB,32,pro_environmental,70,FALSE,2,131693,3,131693,11031,10,FALSE,0.642,1,16,15,1,0,0,1,127,61
27982,29266,Forest,112,pro_environmental,83,FALSE,1,0,0,0,0,21,TRUE,0,3,12,13,0,0,0,0,69,150
27983,30287,Dairy,112,for_profit,72,FALSE,3,506869,3,506869,110677,20,FALSE,0.115,1,8,8,0,0,1,0,44,253
27984,30210,Dairy,256,for_profit,46,FALSE,5,5596533,3,5596533,468802,10,FALSE,0.605,4,10,15,1,0,0,1,55,197
27985,29719,Dairy,256,pro_environmental,35,FALSE,2,6350655,3,6350655,426864,5,FALSE,0.681,1,11,14,1,0,0,0,82,249
27986,28770,Dairy,128,for_profit,79,FALSE,1,3840,3,3840,258,0,FALSE,0,1,14,9,1,1,0,0,18,288
27987,30584,SNB,128,for_profit,77,FALSE,1,2657,3,2657,223,5,FALSE,0,3,14,9,2,0,2,0,121,138
27988,28946,Forest,96,for_profit,76,FALSE,4,350498,3,350498,76533,20,FALSE,0.208,2,15,12,0,0,0,0,53,154
27989,29679,Dairy,80,for_profit,75,FALSE,3,1077960,3,1077960,126370,15,FALSE,0.356,2,15,9,1,0,0,0,107,74
27990,29715,SNB,48,for_profit,62,FALSE,2,128571,3,128571,10770,10,FALSE,0.601,2,10,11,1,0,2,1,50,137
27991,30233,Dairy,176,for_profit,69,FALSE,1,3206,3,2572.548113654302,269,10,FALSE,0,6,12,11,5,2,6,2,36,257
27992,29628,Dairy,64,pro_environmental,55,TRUE,3,755517,3,755517,88570,15,FALSE,0.3,1,14,13,0,0,0,1,112,102
27993,29267,SNB,240,for_profit,61,FALSE,2,391217,3,391217,45863,15,FALSE,0.373,3,12,12,0,0,3,3,91,274
27994,29717,Forest,64,pro_environmental,56,TRUE,2,0,0,0,0,21,TRUE,0,2,13,6,1,0,0,0,32,252
27995,29954,Forest,48,for_profit,52,FALSE,3,429876,3,344939.7045867925,28894,10,FALSE,0.526,1,12,11,0,0,0,0,69,263
27996,30097,Dairy,112,for_profit,56,FALSE,2,960,3,960,65,0,FALSE,0.112,3,13,13,2,0,0,0,118,85
27997,29585,Dairy,96,for_profit,77,FALSE,1,2880,3,2880,194,5,FALSE,0.001,1,13,11,1,0,0,1,78,235
27998,30307,Forest,96,for_profit,85,FALSE,2,0,0,0,0,21,TRUE,0,2,18,15,0,1,0,1,82,155
27999,29845,Dairy,80,for_profit,58,FALSE,2,1368570,3,784688.2489014585,114640,15,FALSE,0.269,1,11,16,0,0,1,0,15,314
28000,28870,Dairy,80,for_profit,63,FALSE,2,0,0,0,0,21,TRUE,0,2,13,13,0,1,0,2,93,81
28001,29997,Forest,32,for_profit,55,FALSE,6,308736,3,247734.93899475192,20752,10,FALSE,0.567,1,12,17,0,0,0,0,85,271
28002,30542,Crop,112,for_profit,60,FALSE,1,2788447,3,2788447,233579,10,FALSE,0.547,2,12,12,2,0,0,2,109,90
28003,29134,Dairy,48,for_profit,49,FALSE,4,1244136,3,1244136,83625,5,FALSE,0.608,2,10,11,0,0,0,0,82,153
28004,29263,Dairy,272,for_profit,38,FALSE,4,5752229,3,5752229,386640,5,FALSE,0.66,3,8,11,0,0,0,0,129,162
28005,29788,Dairy,80,for_profit,69,FALSE,4,1069786,3,1069786,125412,15,FALSE,0.367,1,9,13,1,0,1,1,68,280
28006,30331,Forest,96,for_profit,54,FALSE,4,987127,3,987127,66350,5,FALSE,0.744,1,10,12,0,0,0,0,81,195
28007,29641,Forest,112,for_profit,79,FALSE,4,0,0,0,0,21,TRUE,0,1,9,15,0,0,0,0,84,199
28008,29657,Dairy,96,for_profit,69,FALSE,2,4800,3,4800,323,0,FALSE,0.141,1,16,12,1,1,0,1,50,150
28009,29406,Dairy,64,for_profit,29,FALSE,3,1116173,3,1116173,93498,10,FALSE,0.511,2,9,12,1,0,2,1,145,76
28010,28732,Forest,96,pro_environmental,72,FALSE,3,0,0,0,0,21,TRUE,0,1,16,8,0,0,0,0,93,254
28011,29578,Forest,64,for_profit,59,FALSE,2,940470,3,754648.8847312732,63214,10,FALSE,0.486,3,10,15,0,2,0,1,36,251
28012,29346,Dairy,48,for_profit,49,FALSE,3,478308,3,478308,56072,15,FALSE,0.28,1,14,14,0,1,0,0,55,144
28013,29175,SNB,160,for_profit,76,FALSE,2,0,0,0,0,21,TRUE,0,3,13,16,1,0,0,0,177,28
28014,29418,Dairy,192,for_profit,57,FALSE,2,0,0,0,0,21,TRUE,0,2,13,14,0,0,2,0,108,84
28015,28939,Dairy,32,for_profit,71,FALSE,3,467404,3,143880.15965082502,54794,20,FALSE,0.101,1,11,11,0,0,0,0,64,185
28016,28887,SNB,112,pro_environmental,84,FALSE,1,3840,3,3840,258,5,FALSE,0.006,3,8,9,1,0,3,1,99,216
28017,30229,Dairy,160,for_profit,65,FALSE,3,1731692,3,1731692,203007,15,FALSE,0.299,4,17,15,0,0,1,0,123,80
28018,29141,Dairy,112,for_profit,36,FALSE,3,2858622,3,2858622,192144,5,FALSE,0.667,2,10,14,1,0,2,0,107,96
28019,29089,Dairy,80,for_profit,71,FALSE,1,2213,3,1268.853690216012,259,15,FALSE,0,3,15,13,2,1,3,2,123,58
28020,29222,Dairy,96,for_profit,51,FALSE,4,1875942,3,1875942,157141,10,FALSE,0.53,2,11,14,0,0,0,1,106,80
28021,29960,Dairy,96,for_profit,39,FALSE,2,1708653,3,1708653,114848,5,FALSE,0.525,2,12,11,0,0,1,1,130,23
28022,30387,Forest,64,for_profit,68,FALSE,3,797558,3,639973.9015689014,53608,10,FALSE,0.501,3,14,7,0,0,0,1,87,272
28023,29176,Dairy,80,pro_environmental,64,FALSE,3,1036776,3,1036776,121542,15,FALSE,0.339,2,8,14,0,1,0,1,131,134
28024,28842,Dairy,64,for_profit,58,TRUE,3,960,3,960,65,5,FALSE,0.001,2,21,7,1,0,0,1,108,166
28025,29830,Dairy,96,for_profit,64,FALSE,3,2330366,3,2330366,195207,10,FALSE,0.605,2,10,12,2,2,1,0,84,163
28026,29158,Dairy,64,for_profit,44,FALSE,2,1673498,3,1673498,112485,5,FALSE,0.69,3,14,11,2,2,1,2,89,263
28027,30363,SNB,80,pro_environmental,74,FALSE,3,320,3,320,22,5,FALSE,0.001,1,11,10,1,0,1,0,51,236
28028,29795,Forest,160,for_profit,53,FALSE,4,1399909,3,1123310.4358196133,94096,10,FALSE,0.556,3,15,13,0,0,0,0,25,256
28029,28727,Dairy,96,pro_environmental,80,FALSE,1,7692,3,7692,644,5,FALSE,0.001,1,12,14,1,1,0,1,143,239
28030,30148,Forest,96,for_profit,53,FALSE,4,1058716,3,1058716,88685,10,FALSE,0.632,2,12,8,0,0,1,0,130,80
28031,30017,Dairy,128,pro_environmental,49,FALSE,4,2508783,3,2508783,168630,5,FALSE,0.637,2,11,7,1,0,0,0,87,248
28032,29660,Dairy,48,pro_environmental,38,TRUE,4,1760,3,1412.2534872213262,118,10,FALSE,0.001,2,13,8,1,0,0,1,11,289
28033,30515,Dairy,64,for_profit,62,FALSE,3,775234,3,775234,90881,15,FALSE,0.314,2,13,11,0,0,0,0,93,87
28034,28738,Dairy,80,for_profit,54,FALSE,2,1161741,3,1161741,136191,15,FALSE,0.376,2,14,9,0,2,0,2,130,82
28035,30320,Dairy,256,for_profit,53,FALSE,2,5681078,3,5681078,381858,5,FALSE,0.647,2,12,12,1,0,2,0,108,48
28036,29589,Dairy,64,for_profit,73,FALSE,1,2400,3,2400,161,5,FALSE,0.001,2,10,15,0,2,0,1,72,166
28037,29729,Dairy,80,for_profit,52,TRUE,2,480,3,480,32,5,FALSE,0,3,16,14,2,0,0,1,128,129
28038,30371,Dairy,64,for_profit,81,FALSE,3,0,0,0,0,21,TRUE,0,3,10,12,0,0,0,0,103,107
28039,29433,Dairy,64,for_profit,70,FALSE,1,3200,3,3200,215,0,FALSE,0,1,11,12,0,0,0,1,71,142
28040,29085,Dairy,64,for_profit,73,FALSE,1,0,0,0,0,21,TRUE,0,2,16,12,0,2,1,0,76,164
28041,30349,Forest,48,for_profit,54,FALSE,3,566306,3,566306,38065,5,FALSE,0.665,1,13,14,0,0,0,0,106,132
28042,28909,Dairy,64,for_profit,61,FALSE,2,0,0,0,0,21,TRUE,0,2,13,16,0,0,0,1,118,82
28043,30011,Forest,96,for_profit,63,FALSE,3,1049608,3,842223.0444405692,70550,10,FALSE,0.494,1,15,8,0,0,0,0,128,131
28044,29101,Dairy,192,pro_environmental,65,FALSE,4,4618815,3,4618815,310457,5,FALSE,0.635,7,10,9,5,0,1,0,115,62
28045,29581,SNB,128,for_profit,54,FALSE,3,699470,3,699470,152732,20,FALSE,0.638,1,12,9,0,0,0,1,122,118
28046,29354,Dairy,48,for_profit,48,FALSE,3,848015,3,680461.4437306778,57000,10,FALSE,0.493,2,13,13,0,0,0,0,60,120
28047,30298,Forest,128,for_profit,43,FALSE,2,820221,3,820221,68707,10,FALSE,0.603,1,11,11,0,0,0,0,49,213
28048,29247,SNB,80,for_profit,66,FALSE,2,258967,3,258967,21693,10,FALSE,0.585,2,11,7,0,0,1,1,91,131
28049,30062,Forest,48,for_profit,58,FALSE,6,958888,3,958888,80323,10,FALSE,0.448,2,11,13,1,0,0,0,107,90
28050,29478,SNB,80,for_profit,55,FALSE,2,320,3,320,22,0,FALSE,0.166,1,11,13,0,0,1,0,110,131
28051,30523,Forest,32,for_profit,46,FALSE,2,301533,3,301533,20268,5,FALSE,0.69,1,11,15,0,0,0,0,78,261
28052,29548,Forest,32,for_profit,82,FALSE,2,0,0,0,0,21,TRUE,0,1,9,9,0,0,0,0,152,224
28053,29339,Dairy,64,for_profit,45,FALSE,2,697045,3,697045,81715,15,FALSE,0.315,2,13,11,0,2,0,1,97,114
28054,29909,Dairy,64,for_profit,83,TRUE,1,0,0,0,0,21,TRUE,0,1,13,11,1,0,0,0,44,127
28055,29372,Forest,64,for_profit,58,FALSE,6,436134,3,349961.22863396927,29315,10,FALSE,0.515,1,14,11,0,0,0,0,12,307
28056,29961,Dairy,128,for_profit,70,FALSE,1,1425596,3,1425596,167123,15,FALSE,0.286,2,13,10,1,1,2,0,97,245
28057,29212,Dairy,96,pro_environmental,53,FALSE,4,2423283,3,2423283,162883,5,FALSE,0.693,1,20,10,0,0,0,0,38,263
28058,29555,Dairy,64,for_profit,44,FALSE,1,1421626,3,1421626,95556,5,FALSE,0.622,2,14,12,0,0,1,0,147,229
28059,29063,Dairy,48,for_profit,80,TRUE,3,0,0,0,0,21,TRUE,0,2,13,8,0,2,1,0,83,212
28060,29769,Dairy,64,for_profit,63,FALSE,2,1920,3,1920,129,0,FALSE,0,2,12,13,0,1,2,0,150,236
28061,30434,Dairy,32,for_profit,45,FALSE,4,756018,3,756018,63329,10,FALSE,0.601,1,8,11,0,1,1,0,59,219
28062,28886,Dairy,128,pro_environmental,58,FALSE,3,5120,3,5120,344,0,FALSE,0.103,1,16,8,0,1,0,0,100,198
28063,29811,SNB,32,for_profit,57,FALSE,3,87672,3,87672,5893,5,FALSE,0.677,1,12,10,1,0,0,1,61,132
28064,29818,Dairy,96,for_profit,53,TRUE,2,800,3,800,54,0,FALSE,0,3,9,9,0,1,3,1,66,168
28065,29877,Forest,96,for_profit,46,FALSE,4,755812,3,755812,50802,5,FALSE,0.584,1,12,12,0,0,0,0,180,18
28066,29690,Forest,112,for_profit,59,FALSE,4,680825,3,680825,45762,5,FALSE,0.572,1,13,12,0,0,0,0,111,250
28067,29947,SNB,624,pro_environmental,56,FALSE,2,1628580,3,1628580,109466,5,FALSE,0.616,3,10,10,3,0,2,1,31,246
28068,30001,Forest,48,for_profit,55,FALSE,2,339922,3,194898.90830800147,28474,15,FALSE,0.294,1,13,8,0,0,0,0,96,247
28069,29126,Dairy,80,for_profit,73,FALSE,2,2888,3,2888,242,5,FALSE,0.001,1,12,14,0,1,1,0,44,144
28070,30396,Forest,64,for_profit,35,FALSE,3,792277,3,792277,66366,10,FALSE,0.526,2,11,10,0,0,1,0,79,125
28071,29029,Dairy,96,for_profit,59,FALSE,1,1052809,3,324084.3617124061,123421,20,FALSE,0.093,1,10,10,0,0,0,0,84,252
28072,29410,Dairy,224,for_profit,70,FALSE,2,4000,3,4000,269,0,FALSE,0.109,5,10,13,0,0,0,1,134,67
28073,29045,Crop,224,pro_environmental,50,FALSE,4,458310,3,458310,53728,15,FALSE,0.346,1,12,12,0,0,0,0,31,270
28074,29439,SNB,32,for_profit,79,FALSE,1,0,0,0,0,21,TRUE,0,2,15,15,0,0,0,0,17,309
28075,30322,Dairy,64,for_profit,65,FALSE,1,0,0,0,0,21,TRUE,0,1,7,9,0,0,0,0,123,128
28076,30332,SNB,240,for_profit,59,FALSE,3,589202,3,589202,69072,15,FALSE,0.364,3,7,10,0,0,0,0,111,194
28077,29911,Dairy,176,pro_environmental,65,FALSE,1,676594,3,676594,147737,20,FALSE,0.108,1,9,12,1,0,0,0,104,75
28078,29840,Dairy,64,for_profit,37,FALSE,2,1663117,3,1663117,111788,5,FALSE,0.686,2,9,11,0,0,0,1,133,70
28079,29927,Dairy,48,for_profit,71,FALSE,1,1771,3,1015.4269703445808,208,15,FALSE,0.001,3,12,13,0,3,0,2,87,189
28080,30156,Forest,112,for_profit,55,FALSE,3,286505,3,164271.5438388335,19258,15,FALSE,0.138,1,10,15,0,0,0,0,133,231
28081,29350,Dairy,80,pro_environmental,67,FALSE,3,2400,3,1925.800209847263,161,10,FALSE,0.001,2,13,13,1,1,1,1,122,141
28082,30551,Dairy,112,for_profit,60,FALSE,1,704,3,704,47,5,FALSE,0,4,11,17,0,1,3,0,129,145
28083,30513,Dairy,80,for_profit,29,FALSE,1,1983249,3,1983249,166130,10,FALSE,0.559,1,12,12,0,1,1,1,131,128
28084,29527,Forest,96,for_profit,35,FALSE,4,1381874,3,1108838.8496593654,92884,10,FALSE,0.499,3,10,12,0,0,0,0,173,33
28085,29046,Dairy,32,for_profit,30,FALSE,5,774225,3,774225,52040,5,FALSE,0.664,1,14,15,1,0,1,0,78,268
28086,29676,Forest,64,for_profit,68,FALSE,4,351060,3,108066.18866551985,41155,20,FALSE,0.124,1,10,14,0,0,0,0,81,134
28087,29605,Dairy,112,for_profit,65,FALSE,1,446324,3,446324,97457,20,FALSE,0.109,1,12,10,0,0,0,1,62,260
28088,30318,Dairy,144,for_profit,79,TRUE,0,4800,3,4800,323,0,FALSE,0,4,14,10,2,1,0,4,89,186
28089,30544,Forest,144,pro_environmental,57,FALSE,4,754314,3,754314,88429,15,FALSE,0.304,2,12,14,0,1,0,0,107,158
28090,30529,SNB,48,for_profit,56,FALSE,4,540481,3,540481,36329,5,FALSE,0.719,2,13,10,0,0,2,1,127,221
28091,29226,Forest,80,pro_environmental,50,FALSE,2,432553,3,432553,29074,5,FALSE,0.576,3,8,16,0,0,0,0,86,279
28092,29489,Dairy,48,for_profit,68,FALSE,3,800,3,800,54,0,FALSE,0,3,9,12,0,3,0,1,127,142
28093,30526,Dairy,96,for_profit,43,FALSE,3,1997432,3,1997432,134259,5,FALSE,0.571,1,13,14,0,1,0,0,66,279
28094,29587,Dairy,80,for_profit,74,FALSE,2,0,0,0,0,21,TRUE,0,1,13,9,1,0,1,0,124,155
28095,30058,Dairy,80,for_profit,82,FALSE,1,2413,3,2413,527,15,FALSE,0,2,13,11,0,1,0,2,79,160
28096,29699,Dairy,80,for_profit,66,FALSE,3,1843096,3,1478931.1098202714,123885,10,FALSE,0.507,1,10,9,0,0,0,0,89,240
28097,29512,Dairy,80,for_profit,65,FALSE,2,2048,3,2048,138,5,FALSE,0.001,2,16,17,2,1,2,2,136,102
28098,29990,Dairy,64,for_profit,64,FALSE,2,308019,3,308019,67257,20,FALSE,0.353,1,12,10,0,0,0,0,48,269
28099,29793,SNB,272,for_profit,65,FALSE,3,190218,3,190218,41535,20,FALSE,0.129,5,11,8,1,0,2,1,76,106
28100,30281,SNB,80,for_profit,65,FALSE,2,1440,3,1440,97,0,FALSE,0,3,10,12,1,1,0,0,135,74
28101,29940,Dairy,64,for_profit,58,FALSE,4,1301228,3,1301228,87463,5,FALSE,0.576,3,13,14,1,1,1,3,92,206
28102,30444,Dairy,64,pro_environmental,54,FALSE,2,1590778,3,1590778,106925,5,FALSE,0.632,1,13,15,1,0,1,0,89,210
28103,29303,Dairy,128,for_profit,46,FALSE,2,1858088,3,1858088,217825,15,FALSE,0.369,1,9,10,1,0,1,0,65,196
28104,29033,Forest,128,for_profit,55,FALSE,2,1556604,3,1556604,182481,15,FALSE,0.576,2,13,13,1,0,0,1,131,210
28105,30388,SNB,128,for_profit,27,FALSE,4,399059,3,399059,26823,5,FALSE,0.692,2,8,13,0,0,0,2,35,244
28106,29421,SNB,80,for_profit,54,FALSE,6,152781,3,152781,12798,10,FALSE,0.479,3,6,11,1,0,0,0,107,268
28107,29224,Crop,48,for_profit,60,FALSE,4,1173804,3,1173804,98326,10,FALSE,0.562,1,14,15,1,0,0,0,66,192
28108,29475,Forest,112,for_profit,47,FALSE,2,0,0,0,0,21,TRUE,0,1,11,11,0,0,0,0,51,216
28109,30214,Dairy,96,for_profit,67,FALSE,5,1353132,3,1353132,158628,15,FALSE,0.39,2,13,12,0,0,1,0,177,26
28110,29108,Dairy,80,for_profit,71,FALSE,3,832326,3,832326,97574,15,FALSE,0.288,2,13,9,0,0,1,0,118,46
28111,30423,Dairy,64,for_profit,75,FALSE,2,0,0,0,0,21,TRUE,0,2,15,11,1,0,0,0,100,195
28112,29320,Dairy,112,for_profit,49,TRUE,3,448,3,359.48270583815577,30,10,FALSE,0,1,10,14,0,0,1,0,100,177
28113,29963,Crop,80,for_profit,45,FALSE,4,1375099,3,1103402.4761503174,92428,10,FALSE,0.505,2,9,13,0,0,0,0,118,96
28114,29948,Forest,96,for_profit,59,FALSE,5,1538560,3,1538560,103415,5,FALSE,0.668,2,11,10,0,0,0,0,91,193
28115,29892,Dairy,32,for_profit,40,FALSE,5,951028,3,951028,63924,5,FALSE,0.711,2,13,11,0,0,2,0,114,74
28116,29833,SNB,112,for_profit,50,FALSE,3,288261,3,288261,19376,5,FALSE,0.643,3,10,14,0,0,3,1,107,237
28117,29904,Dairy,112,for_profit,62,FALSE,2,4800,3,4800,323,5,FALSE,0.001,2,11,15,0,0,0,1,42,243
28118,29276,Crop,64,pro_environmental,67,FALSE,1,948178,3,948178,111155,15,FALSE,0.377,1,13,12,1,0,0,0,104,164
28119,29983,Dairy,80,for_profit,50,FALSE,3,2142090,3,2142090,143982,5,FALSE,0.681,1,13,12,0,1,0,1,57,229
28120,29652,Forest,32,for_profit,64,FALSE,2,500628,3,500628,41936,10,FALSE,0.548,2,9,12,1,0,0,0,70,190
28121,29867,SNB,112,for_profit,56,FALSE,3,315711,3,315711,21221,5,FALSE,0.696,1,11,15,0,0,0,0,121,213
28122,29934,Dairy,64,for_profit,59,TRUE,2,3200,3,985.0504293558465,215,20,FALSE,0,1,10,11,0,0,0,1,76,196
28123,28890,Dairy,80,for_profit,72,FALSE,2,0,0,0,0,21,TRUE,0,1,8,8,0,0,1,0,71,241
28124,29193,Dairy,80,for_profit,57,FALSE,3,779060,3,779060,91330,15,FALSE,0.286,2,10,13,1,0,0,0,99,66
28125,29941,Dairy,128,for_profit,53,FALSE,2,1663510,3,1663510,195014,15,FALSE,0.337,2,14,14,0,1,2,0,129,91
28126,29743,Forest,144,for_profit,61,FALSE,2,1766219,3,1766219,207055,15,FALSE,0.899,1,8,12,0,0,0,0,80,253
28127,30325,Dairy,128,for_profit,61,FALSE,3,461567,3,461567,100785,20,FALSE,0.099,1,9,11,0,0,0,1,91,138
28128,29601,Dairy,64,for_profit,77,FALSE,2,0,0,0,0,21,TRUE,0,1,9,11,0,0,0,0,125,31
28129,29260,Forest,160,for_profit,53,FALSE,4,2080384,3,1192816.5004366687,174267,15,FALSE,0.287,2,10,11,1,0,0,1,119,135
28130,29436,SNB,96,for_profit,54,FALSE,1,148283,3,148283,17383,15,FALSE,0.319,3,9,12,0,0,0,2,126,162
28131,30136,Dairy,80,for_profit,67,FALSE,4,830772,3,830772,97392,15,FALSE,0.403,3,9,15,0,1,2,1,88,108
28132,29885,Dairy,64,for_profit,60,FALSE,2,763364,3,763364,89490,15,FALSE,0.355,1,10,15,0,1,0,0,102,66
28133,29070,Forest,80,for_profit,54,FALSE,3,959790,3,959790,80398,10,FALSE,0.532,2,15,12,0,0,0,0,119,80
28134,28773,Dairy,160,pro_environmental,60,FALSE,3,2227476,3,1277153.7019736113,186588,15,FALSE,0.262,4,13,16,0,0,0,0,14,317
28135,28855,Dairy,32,for_profit,54,FALSE,1,671839,3,385208.04084095586,56278,15,FALSE,0.306,1,9,10,0,0,0,0,47,239
28136,29590,Forest,96,for_profit,55,FALSE,3,948467,3,543816.4722088162,79450,15,FALSE,0.334,2,13,10,1,0,0,0,85,122
28137,29255,Dairy,128,for_profit,47,FALSE,2,2656180,3,1522956.9791585933,222499,15,FALSE,0.303,1,12,11,0,0,0,0,111,146
28138,29515,Forest,112,for_profit,56,FALSE,3,1065841,3,855248.6756099237,71641,10,FALSE,0.559,1,16,12,0,0,0,0,74,253
28139,29685,Forest,64,for_profit,63,FALSE,4,0,0,0,0,21,TRUE,0,1,13,13,0,0,0,0,127,29
28140,29289,SNB,128,pro_environmental,60,FALSE,3,248625,3,248625,29146,15,FALSE,0.373,3,8,13,1,0,2,1,97,74
28141,30209,Dairy,48,for_profit,43,FALSE,5,1156171,3,1156171,77713,5,FALSE,0.613,1,13,14,1,0,1,0,112,149
28142,29304,Crop,64,pro_environmental,52,FALSE,2,1248569,3,1001872.6842536614,83923,10,FALSE,0.437,2,11,10,0,0,0,0,101,142
28143,29513,Dairy,80,for_profit,63,FALSE,2,1868162,3,1868162,125570,5,FALSE,0.663,2,17,11,1,0,0,1,110,52
28144,30346,Forest,32,for_profit,51,FALSE,4,314477,3,314477,21138,0,FALSE,1.752,1,10,10,0,0,0,0,143,216
28145,30135,Dairy,112,for_profit,70,FALSE,3,1044263,3,1044263,122419,15,FALSE,0.314,3,15,12,1,0,0,0,103,85
28146,30194,Forest,48,for_profit,62,FALSE,3,433874,3,433874,36344,10,FALSE,0.654,1,7,18,0,0,0,0,84,160
28147,28942,Dairy,96,for_profit,56,FALSE,3,2584318,3,2584318,173707,5,FALSE,0.685,1,13,10,0,0,0,0,117,75
28148,29828,SNB,64,for_profit,50,FALSE,4,214840,3,214840,14441,5,FALSE,0.637,1,12,9,0,0,0,0,33,248
28149,29163,SNB,64,for_profit,68,FALSE,2,34402,3,34402,7512,20,FALSE,0.133,1,15,8,0,0,0,1,28,252
28150,30179,Forest,80,for_profit,77,FALSE,2,237752,3,237752,51914,20,FALSE,0.218,1,16,17,0,0,0,0,70,270
28151,29313,Forest,64,for_profit,71,FALSE,3,458663,3,458663,53769,15,FALSE,0.368,2,7,14,0,0,0,0,92,169
28152,30178,Crop,80,pro_environmental,74,FALSE,2,1025337,3,1025337,120201,15,FALSE,0.292,2,17,9,1,0,0,1,121,158
28153,29520,SNB,144,for_profit,55,FALSE,2,510168,3,510168,34291,5,FALSE,0.701,2,12,15,1,0,1,2,95,214
28154,29232,Forest,64,pro_environmental,66,FALSE,2,315041,3,315041,68791,20,FALSE,0.22,2,13,10,0,0,0,1,124,67
28155,30119,Dairy,64,for_profit,73,FALSE,6,854568,3,854568,100181,15,FALSE,0.34,1,14,14,0,0,1,0,60,200
28156,28808,SNB,256,for_profit,65,FALSE,2,551199,3,551199,64617,15,FALSE,0.469,3,16,14,3,0,0,3,98,206
28157,29391,SNB,96,for_profit,44,FALSE,2,372588,3,372588,25044,5,FALSE,0.619,3,13,17,0,0,1,0,136,25
28158,29582,Dairy,96,for_profit,45,FALSE,3,2667074,3,2667074,179269,5,FALSE,0.771,4,13,13,0,2,0,0,99,88
28159,29915,Dairy,64,pro_environmental,66,FALSE,2,256,3,256,17,0,FALSE,0.114,1,13,13,0,0,1,0,43,269
28160,29438,Forest,96,for_profit,57,FALSE,4,582089,3,333748.65598018444,39126,15,FALSE,0.327,1,12,10,0,0,0,0,7,307
28161,28964,Forest,80,for_profit,48,FALSE,3,672854,3,672854,45226,5,FALSE,0.616,1,12,14,0,0,0,0,62,172
28162,29538,Forest,32,for_profit,66,FALSE,5,0,0,0,0,21,TRUE,0,1,11,7,0,0,0,0,73,254
28163,28935,Dairy,80,for_profit,59,FALSE,2,2113418,3,2113418,142055,5,FALSE,0.672,1,9,13,1,0,1,0,125,74
28164,28766,SNB,80,pro_environmental,56,FALSE,3,306758,3,306758,25696,10,FALSE,0.617,3,9,13,1,0,0,0,59,196
28165,29077,Forest,64,for_profit,56,FALSE,2,0,0,0,0,21,TRUE,0,1,8,11,0,0,0,0,119,140
28166,29713,Dairy,192,pro_environmental,62,FALSE,3,4398882,3,4398882,368479,10,FALSE,0.557,3,12,16,0,0,0,0,124,142
28167,29283,Forest,112,for_profit,64,FALSE,5,1097641,3,629347.4168018047,91946,15,FALSE,0.309,2,14,9,0,0,0,0,75,194
28168,30171,Forest,96,for_profit,71,FALSE,2,0,0,0,0,21,TRUE,0,3,10,17,2,0,0,0,91,171
28169,29360,SNB,64,for_profit,66,FALSE,3,337485,3,337485,28270,10,FALSE,0.496,1,10,12,0,0,0,0,118,214
28170,30402,Forest,96,for_profit,60,FALSE,4,1176868,3,944338.6005677204,79104,10,FALSE,0.52,2,12,13,0,0,0,0,67,179
28171,29618,Dairy,80,pro_environmental,52,FALSE,4,1920,3,1920,129,5,FALSE,0.001,2,12,13,1,0,0,0,109,125
28172,29399,Dairy,112,pro_environmental,63,FALSE,1,3360,3,2696.120293786168,226,10,FALSE,0.001,1,9,14,1,0,0,0,46,157
28173,30304,Dairy,80,for_profit,54,FALSE,3,1313404,3,1313404,110019,10,FALSE,0.594,3,13,9,1,0,1,0,56,156
28174,28803,SNB,32,for_profit,62,FALSE,1,0,0,0,0,21,TRUE,0,1,13,15,0,0,0,0,66,145
28175,29037,SNB,112,for_profit,70,FALSE,2,305364,3,305364,25579,10,FALSE,0.554,2,10,16,1,0,2,0,141,76
28176,29083,Dairy,80,for_profit,79,FALSE,2,1353,3,775.7609773439965,159,15,FALSE,0,3,14,11,1,1,1,0,140,94
28177,30076,SNB,64,pro_environmental,66,FALSE,2,1600,3,1600,108,0,FALSE,0.149,3,13,18,1,0,1,3,61,134
28178,29852,Dairy,128,for_profit,70,FALSE,2,1088,3,1088,73,0,FALSE,0.121,2,14,13,2,1,1,2,56,216
28179,29441,Forest,64,for_profit,53,FALSE,4,568163,3,455903.51026143774,38189,10,FALSE,0.522,1,13,9,0,0,0,0,105,89
28180,28821,Forest,64,pro_environmental,61,FALSE,2,0,0,0,0,21,TRUE,0,1,12,11,0,0,0,0,134,215
28181,30026,Forest,80,pro_environmental,64,FALSE,3,880356,3,504764.1027129722,59174,15,FALSE,0.35,2,19,10,0,0,0,1,88,135
28182,28782,Dairy,112,for_profit,63,FALSE,1,2965552,3,2965552,199332,5,FALSE,0.676,3,14,14,2,0,3,1,52,140
28183,29392,Dairy,48,for_profit,43,FALSE,4,1265448,3,1265448,85058,5,FALSE,0.724,1,13,13,0,0,0,1,69,266
28184,28872,Forest,48,for_profit,46,FALSE,2,160399,3,160399,13436,10,FALSE,0.549,2,11,11,0,0,0,0,128,106
28185,29387,SNB,112,for_profit,57,TRUE,2,128,3,128,9,5,FALSE,0,3,14,12,0,0,1,0,71,132
28186,29732,Forest,96,for_profit,60,FALSE,4,1036231,3,831489.1155209331,69651,10,FALSE,0.626,1,9,14,0,0,0,0,102,154
28187,28885,Dairy,64,for_profit,41,FALSE,4,1841783,3,1841783,123797,5,FALSE,0.732,1,12,7,1,0,0,0,85,192
28188,29307,Dairy,48,for_profit,56,FALSE,2,1181315,3,1181315,98955,10,FALSE,0.758,3,12,15,1,0,0,0,83,160
28189,29541,SNB,80,for_profit,62,FALSE,3,355403,3,355403,29771,10,FALSE,0.577,3,14,12,1,0,3,0,103,159
28190,29430,Dairy,48,for_profit,65,FALSE,2,0,0,0,0,21,TRUE,0,1,11,11,0,0,0,0,42,115
28191,30090,Dairy,96,for_profit,53,FALSE,2,1105975,3,1105975,129654,15,FALSE,0.291,3,15,13,1,0,1,1,125,150
28192,29796,Forest,64,for_profit,27,FALSE,2,534885,3,534885,35953,5,FALSE,0.605,1,13,11,0,0,0,0,55,222
28193,30316,Dairy,64,for_profit,75,FALSE,2,456070,3,140391.2341613503,53465,20,FALSE,0.11,2,14,12,1,0,2,0,139,78
28194,30273,Forest,64,for_profit,61,FALSE,3,523003,3,523003,43810,10,FALSE,0.518,2,12,13,0,0,0,0,73,174
28195,29034,Dairy,128,for_profit,58,FALSE,4,1462421,3,450174.51060906454,171440,20,FALSE,0.089,5,15,11,0,0,1,1,89,175
28196,29693,Dairy,80,for_profit,49,FALSE,2,1959441,3,1959441,131705,5,FALSE,0.623,1,8,12,1,0,0,0,96,185
28197,29483,Forest,96,for_profit,64,FALSE,4,675695,3,675695,56601,10,FALSE,0.516,1,10,11,0,0,0,0,73,238
28198,29677,Dairy,48,for_profit,47,FALSE,4,410796,3,329629.59291850677,27612,10,FALSE,0.497,1,13,9,0,0,0,0,19,254
28199,28817,SNB,240,for_profit,67,FALSE,4,350401,3,350401,41078,15,FALSE,0.35,2,11,22,1,0,1,0,7,290
28200,29667,Dairy,64,for_profit,69,FALSE,2,2560,3,2560,172,5,FALSE,0.001,1,14,7,0,1,1,0,86,131
28201,29334,Dairy,80,for_profit,66,FALSE,1,2560,3,2560,172,0,FALSE,0.093,2,8,9,1,2,0,1,100,186
28202,28811,Forest,96,for_profit,50,FALSE,3,986939,3,565874.9173827838,82673,15,FALSE,0.338,2,13,13,1,1,0,1,53,220
28203,28758,Forest,32,for_profit,66,FALSE,2,0,0,0,0,21,TRUE,0,1,11,12,0,0,0,0,136,231
28204,28970,Dairy,80,pro_environmental,69,FALSE,3,1847968,3,1482840.4842462612,124212,10,FALSE,0.48,2,13,12,0,1,2,0,129,76
28205,30302,SNB,144,for_profit,64,FALSE,1,231081,3,231081,27090,15,FALSE,0.297,2,10,14,2,0,0,0,104,81
28206,29891,Dairy,64,for_profit,68,FALSE,3,1650844,3,946533.8912656856,110963,15,FALSE,0.393,3,15,10,0,0,0,0,55,155
28207,28936,Dairy,176,for_profit,61,FALSE,1,623162,3,623162,136070,20,FALSE,0.104,2,11,13,0,2,0,2,62,142
28208,29151,Forest,32,pro_environmental,64,FALSE,4,318061,3,318061,21379,5,FALSE,0.719,1,15,14,0,0,0,0,99,204
28209,29696,SNB,80,for_profit,68,FALSE,1,4000,3,4000,269,0,FALSE,0,1,12,14,0,0,0,1,57,220
28210,29358,Dairy,64,pro_environmental,61,FALSE,2,258491,3,258491,56443,20,FALSE,0.105,2,12,18,2,1,0,0,136,115
28211,28991,Forest,96,pro_environmental,58,FALSE,3,710603,3,407433.90819185216,47764,15,FALSE,0.315,1,13,11,0,0,0,0,114,53
28212,29567,Dairy,96,for_profit,59,FALSE,2,1607230,3,1607230,134632,10,FALSE,0.493,2,11,9,0,0,0,2,99,72
28213,30425,Dairy,128,for_profit,66,FALSE,2,2439816,3,2439816,204375,10,FALSE,0.568,1,13,10,0,1,0,0,129,28
28214,28930,SNB,96,for_profit,73,FALSE,2,0,0,0,0,21,TRUE,0,2,10,11,0,0,0,0,47,231
28215,30446,Dairy,64,for_profit,63,FALSE,2,1525863,3,1525863,127816,10,FALSE,0.588,2,13,18,2,2,1,2,107,174
28216,29688,Dairy,96,for_profit,47,FALSE,3,2045532,3,2045532,171347,10,FALSE,0.585,1,14,12,0,1,0,1,84,270
28217,29801,Forest,80,for_profit,49,FALSE,2,310516,3,310516,36402,15,FALSE,0.369,3,11,11,0,0,0,0,99,108
28218,30114,Dairy,64,for_profit,71,FALSE,2,1402061,3,1402061,117446,10,FALSE,0.557,1,13,10,0,0,0,1,128,94
28219,30065,SNB,352,for_profit,59,FALSE,3,1848524,3,1483286.6279615425,124250,10,FALSE,0.496,7,13,10,1,0,1,1,168,22
28220,29288,Crop,80,for_profit,68,FALSE,2,1042737,3,320983.91548600857,122241,20,FALSE,0.092,1,12,10,0,0,0,0,112,104
28221,29117,Forest,80,for_profit,60,FALSE,3,700960,3,700960,82174,15,FALSE,0.337,2,18,9,1,0,0,1,68,177
28222,29518,SNB,176,for_profit,42,TRUE,2,3279,3,3279,384,10,FALSE,0.005,4,9,11,2,0,2,3,111,238
28223,30102,Forest,64,for_profit,64,FALSE,3,204073,3,204073,44560,20,FALSE,0.231,1,14,11,0,0,0,0,81,171
28224,28761,Dairy,176,for_profit,68,TRUE,2,7040,3,4036.479882115104,473,15,FALSE,0.001,1,14,17,0,1,0,0,39,269
28225,29700,Dairy,64,pro_environmental,46,FALSE,3,694333,3,694333,81397,15,FALSE,0.298,1,16,9,0,0,0,0,82,255
28226,29889,Dairy,368,for_profit,46,FALSE,3,7965106,3,7965106,535380,5,FALSE,0.691,3,10,8,1,1,1,0,57,206
28227,28893,SNB,112,for_profit,58,FALSE,4,449736,3,449736,30229,0,FALSE,1.237,1,11,12,0,0,0,0,43,251
28228,29050,Dairy,112,for_profit,61,FALSE,2,1573768,3,1573768,184494,15,FALSE,0.369,3,11,11,0,0,3,0,102,129
28229,29467,SNB,80,for_profit,55,FALSE,2,278760,3,278760,18737,5,FALSE,0.659,3,10,11,2,0,2,3,146,238
28230,28954,Dairy,112,for_profit,80,FALSE,1,553,3,553,65,10,FALSE,0,3,12,13,1,2,3,0,61,191
28231,30358,Dairy,80,for_profit,66,FALSE,2,884954,3,884954,103744,15,FALSE,0.381,2,14,11,1,0,1,0,88,129
28232,29619,Forest,96,for_profit,45,FALSE,4,888162,3,509239.77912771516,74398,15,FALSE,0.302,2,13,11,0,0,1,0,97,239
28233,30377,Dairy,80,for_profit,55,FALSE,2,2006498,3,2006498,134868,5,FALSE,0.688,1,14,10,0,0,0,1,32,267
28234,30480,SNB,80,for_profit,65,FALSE,2,339346,3,339346,28426,10,FALSE,0.627,3,12,16,0,0,1,0,131,119
28235,29262,Forest,64,for_profit,64,FALSE,4,207991,3,119254.47260809696,13980,15,FALSE,0.234,2,11,8,0,0,0,0,99,103
28236,30385,Dairy,80,for_profit,47,FALSE,2,1831222,3,1831222,123087,5,FALSE,0.624,4,18,12,0,3,1,0,94,84
28237,30150,Dairy,64,pro_environmental,66,FALSE,3,0,0,0,0,21,TRUE,0,2,11,11,0,0,0,0,110,116
28238,29301,Dairy,48,for_profit,59,FALSE,3,0,0,0,0,21,TRUE,0,2,12,13,0,0,0,0,101,174
28239,29695,Dairy,112,for_profit,50,FALSE,2,2636547,3,2636547,177217,5,FALSE,0.596,4,10,14,1,4,1,0,91,156
28240,30475,Dairy,80,pro_environmental,70,FALSE,1,2400,3,2400,161,0,FALSE,0,2,12,8,1,1,0,1,115,148
28241,30294,SNB,64,pro_environmental,58,FALSE,2,1600,3,1600,108,0,FALSE,0.021,3,14,9,2,0,2,2,16,296
28242,28853,Dairy,144,for_profit,67,FALSE,3,3211356,3,3211356,269004,10,FALSE,0.567,1,12,14,0,1,0,0,41,136
28243,29162,Dairy,128,for_profit,60,FALSE,2,3063685,3,3063685,256634,10,FALSE,0.581,3,11,13,2,2,0,1,76,171
28244,29386,Dairy,112,for_profit,40,FALSE,2,3139103,3,3139103,210997,5,FALSE,0.759,3,14,12,2,0,0,2,95,199
28245,29709,Dairy,128,pro_environmental,53,FALSE,3,2840078,3,2840078,237904,10,FALSE,0.552,3,11,13,3,0,0,1,123,97
28246,29936,Dairy,48,for_profit,49,FALSE,2,1012423,3,1012423,84807,10,FALSE,0.476,1,14,16,1,1,0,1,125,130
28247,29704,Dairy,96,for_profit,59,FALSE,2,2760595,3,2760595,185555,5,FALSE,0.688,2,9,15,2,2,2,2,117,149
28248,29994,Forest,176,for_profit,64,FALSE,3,798566,3,798566,93616,15,FALSE,0.417,2,10,10,0,0,0,0,52,177
28249,30073,Dairy,64,for_profit,67,FALSE,2,2307,3,2307,193,5,FALSE,0.001,2,11,11,0,2,2,0,127,73
28250,28987,Forest,192,for_profit,59,FALSE,3,1351993,3,1084861.8346300127,90875,10,FALSE,0.532,1,12,14,0,0,0,0,51,211
28251,29557,Dairy,64,for_profit,62,FALSE,2,732724,3,732724,85898,15,FALSE,0.314,2,15,12,0,2,1,2,110,69
28252,29235,Forest,112,for_profit,79,TRUE,3,0,0,0,0,21,TRUE,0,1,14,11,0,0,0,0,98,129
28253,29926,SNB,64,for_profit,39,FALSE,3,321529,3,321529,21612,5,FALSE,0.632,2,12,10,0,0,0,0,84,90
28254,29274,Dairy,32,for_profit,71,FALSE,1,0,0,0,0,21,TRUE,0,1,14,14,0,0,0,1,119,146
28255,29511,Forest,96,for_profit,48,FALSE,4,791669,3,791669,53213,5,FALSE,0.604,1,15,10,0,0,0,0,87,244
28256,29505,Dairy,96,pro_environmental,53,FALSE,3,2290951,3,2290951,153988,5,FALSE,0.607,1,9,11,1,0,0,0,97,159
28257,28784,SNB,96,for_profit,69,FALSE,2,2400,3,2400,161,0,FALSE,0.165,2,9,12,2,0,2,2,78,132
28258,30034,Forest,64,for_profit,58,FALSE,3,711180,3,711180,47802,5,FALSE,0.624,2,15,13,0,0,0,0,57,187
28259,29757,Dairy,96,for_profit,60,TRUE,2,640,3,640,43,5,FALSE,0,3,9,12,0,3,0,0,179,35
28260,29139,Dairy,64,for_profit,69,FALSE,3,3042,3,2440.951765981406,255,10,FALSE,0.001,2,11,8,0,0,0,2,92,109
28261,30535,Crop,80,pro_environmental,50,FALSE,2,4000,3,4000,269,0,FALSE,0.122,1,15,9,1,0,0,1,28,262
28262,29496,Forest,128,for_profit,59,FALSE,3,1148783,3,1148783,77216,5,FALSE,0.657,1,10,10,0,0,0,0,57,263
28263,28806,Dairy,32,for_profit,62,FALSE,3,745288,3,745288,62430,10,FALSE,0.592,1,16,12,0,0,0,1,48,237
28264,29043,Dairy,96,pro_environmental,70,FALSE,1,2400,3,2400,161,5,FALSE,0.001,2,16,11,1,0,0,1,82,147
28265,30474,Forest,48,for_profit,43,FALSE,4,590421,3,473763.70237426285,39686,10,FALSE,0.556,1,11,16,0,0,0,0,113,113
28266,29236,Dairy,80,for_profit,45,FALSE,5,1838265,3,1838265,123560,5,FALSE,0.631,1,17,11,0,1,0,0,44,269
28267,29671,Dairy,48,for_profit,51,FALSE,1,0,0,0,0,21,TRUE,0,1,10,8,0,1,1,0,83,193
28268,29829,Crop,64,for_profit,60,FALSE,1,1920,3,1540.6401678778104,129,10,FALSE,0.001,1,15,12,1,0,0,0,144,212
28269,29615,Crop,176,for_profit,45,FALSE,2,1157579,3,1157579,135704,15,FALSE,0.301,4,9,13,1,0,0,1,69,109
28270,30196,Dairy,128,for_profit,46,FALSE,2,1486803,3,1486803,174299,15,FALSE,0.298,2,14,11,0,0,1,0,71,197
28271,29150,Forest,160,for_profit,70,FALSE,2,737489,3,737489,161034,20,FALSE,0.236,2,11,13,0,0,0,0,82,282
28272,30051,Forest,64,for_profit,57,FALSE,2,583073,3,583073,39192,5,FALSE,0.659,1,12,13,0,0,0,0,49,258
28273,29251,Dairy,32,pro_environmental,59,FALSE,2,800,3,800,54,0,FALSE,0.109,2,10,12,1,2,0,2,99,116
28274,29509,Dairy,80,for_profit,48,FALSE,4,1551211,3,1244717.6955489095,104266,10,FALSE,0.58,2,14,12,0,0,0,0,95,122
28275,30228,Dairy,96,pro_environmental,65,FALSE,3,1266455,3,1266455,148467,15,FALSE,0.336,1,15,10,1,1,0,0,69,191
28276,29650,SNB,64,for_profit,67,FALSE,2,31194,3,31194,6811,20,FALSE,0.112,2,10,12,1,0,0,0,79,286
28277,29802,Dairy,48,for_profit,71,FALSE,2,0,0,0,0,21,TRUE,0,1,8,14,0,1,0,0,133,118
28278,29879,Dairy,128,pro_environmental,71,FALSE,1,1442514,3,1442514,169107,15,FALSE,0.309,1,12,13,0,0,0,0,90,92
28279,29398,Dairy,64,for_profit,68,FALSE,4,617475,3,617475,72387,15,FALSE,0.339,3,7,9,1,1,1,0,143,102
28280,28988,Dairy,96,for_profit,44,FALSE,4,2495090,3,2495090,167709,5,FALSE,0.634,3,15,11,0,0,1,0,80,164
28281,29493,Dairy,64,for_profit,65,FALSE,2,1300180,3,1300180,108912,10,FALSE,0.501,2,16,11,0,0,2,0,90,187
28282,29760,Dairy,112,for_profit,63,FALSE,4,2429166,3,1949203.4968974318,163278,10,FALSE,0.478,1,13,20,0,0,0,0,81,260
28283,28813,Forest,64,for_profit,60,FALSE,3,874464,3,874464,102514,15,FALSE,0.988,1,8,10,0,0,0,0,77,144
28284,28785,Dairy,32,for_profit,66,FALSE,2,653848,3,653848,54771,10,FALSE,0.52,1,11,14,0,0,0,0,59,189
28285,28908,Dairy,64,pro_environmental,69,FALSE,3,661495,3,661495,77547,15,FALSE,0.353,3,9,11,0,0,0,0,142,86
28286,29402,Dairy,64,for_profit,47,FALSE,2,1343131,3,1343131,90280,5,FALSE,0.594,3,13,10,0,2,0,1,81,140
28287,29783,Dairy,80,for_profit,58,FALSE,4,1004077,3,1004077,117708,15,FALSE,0.304,3,10,14,0,0,0,1,101,164
28288,29901,Dairy,96,for_profit,56,FALSE,3,1195317,3,1195317,140128,15,FALSE,0.342,1,12,16,1,1,1,0,29,269
28289,29219,Dairy,128,for_profit,77,FALSE,1,4837,3,4837,1056,15,FALSE,0.001,2,12,10,0,2,0,2,119,124
28290,28847,Dairy,96,for_profit,65,FALSE,4,2328726,3,1868608.758115324,156527,10,FALSE,0.475,2,9,12,0,0,1,0,73,161
28291,29495,Dairy,144,for_profit,58,FALSE,3,2638000,3,2638000,177315,5,FALSE,0.603,5,13,10,0,2,0,0,148,228
28292,29062,Dairy,32,for_profit,60,FALSE,3,886037,3,886037,59556,5,FALSE,0.76,1,9,10,0,0,1,0,95,207
28293,28836,Dairy,96,for_profit,56,FALSE,2,2222042,3,2222042,149356,5,FALSE,0.584,3,12,11,3,0,3,0,62,185
28294,28999,Forest,112,for_profit,54,FALSE,5,846735,3,846735,56914,5,FALSE,0.554,1,15,11,0,0,0,0,56,270
28295,30489,Forest,160,for_profit,48,FALSE,2,952725,3,546257.8545011523,64038,15,FALSE,0.357,2,13,13,1,0,0,0,78,114
28296,29972,Dairy,32,for_profit,60,FALSE,3,713067,3,713067,59731,10,FALSE,0.567,1,19,16,0,0,1,0,53,236
28297,30575,Forest,64,pro_environmental,75,FALSE,4,686337,3,393520.66659818665,46133,15,FALSE,0.445,1,11,11,0,0,0,0,110,161
28298,29311,Dairy,112,for_profit,80,FALSE,1,2880,3,2310.9602518167158,194,10,FALSE,0.001,2,12,11,1,0,0,0,39,132
28299,29164,Dairy,80,for_profit,64,FALSE,3,1112905,3,1112905,130466,15,FALSE,0.326,2,15,19,1,0,0,0,93,151
28300,30450,Crop,96,for_profit,74,FALSE,2,448006,3,448006,97824,20,FALSE,0.107,1,11,9,1,0,0,1,58,160
28301,29808,SNB,64,for_profit,48,FALSE,2,189251,3,189251,12721,5,FALSE,0.73,1,10,14,0,0,0,1,85,95
28302,30408,Dairy,64,for_profit,66,FALSE,2,1590849,3,489708.27827822475,106930,20,FALSE,0.183,2,12,9,0,2,1,0,92,191
28303,30133,Dairy,192,pro_environmental,42,FALSE,4,4379956,3,4379956,294402,5,FALSE,0.653,4,10,11,3,0,0,4,106,66
28304,28864,Crop,64,for_profit,59,FALSE,5,1442353,3,1442353,120821,10,FALSE,0.51,2,10,9,1,0,0,0,125,131
28305,29453,Dairy,64,for_profit,57,FALSE,2,1599114,3,1599114,107486,5,FALSE,0.673,2,13,10,0,1,2,0,81,274
28306,30488,SNB,64,for_profit,43,FALSE,3,189015,3,189015,15833,10,FALSE,0.56,1,14,9,0,0,0,0,107,63
28307,29322,Dairy,96,for_profit,50,FALSE,3,2280744,3,2280744,153302,5,FALSE,0.652,1,10,12,0,0,1,0,88,250
28308,29308,SNB,64,pro_environmental,45,TRUE,2,864,3,864,58,0,FALSE,0.001,3,12,14,3,0,2,1,100,241
28309,30226,Forest,32,for_profit,76,FALSE,2,586376,3,336206.6658174895,49119,15,FALSE,0.288,1,14,16,0,0,0,0,100,251
28310,30211,Dairy,32,for_profit,59,FALSE,4,1097038,3,1097038,73738,5,FALSE,0.774,1,11,12,0,0,0,0,99,143
28311,29838,Dairy,32,pro_environmental,47,FALSE,2,479874,3,147718.7780427211,56256,20,FALSE,0.104,1,11,15,0,0,1,0,83,190
28312,30224,Dairy,64,for_profit,74,FALSE,1,480,3,480,32,0,FALSE,0,2,8,10,1,0,0,1,94,194
28313,28834,Forest,64,for_profit,58,FALSE,3,578736,3,578736,38900,5,FALSE,0.662,1,14,18,0,0,0,0,107,111
28314,30462,Dairy,160,for_profit,53,FALSE,2,5184,3,5184,348,0,FALSE,0,3,15,11,0,1,1,0,132,100
28315,29702,SNB,112,for_profit,45,FALSE,2,221728,3,221728,25993,15,FALSE,0.334,1,11,11,0,0,0,0,68,242
28316,28757,Dairy,64,for_profit,53,FALSE,1,932965,3,932965,109372,15,FALSE,0.371,1,14,14,0,0,1,0,49,232
28317,29403,Dairy,112,for_profit,45,FALSE,3,2464178,3,2464178,165631,5,FALSE,0.62,3,14,11,2,0,0,2,86,118
28318,28877,Dairy,32,for_profit,79,FALSE,4,0,0,0,0,21,TRUE,0,2,11,9,0,0,0,0,61,181
28319,29964,Dairy,144,for_profit,39,FALSE,3,3479596,3,3479596,233884,5,FALSE,0.641,2,17,8,2,0,1,0,110,82
28320,29351,Forest,48,for_profit,61,TRUE,1,0,0,0,0,21,TRUE,0,1,14,11,0,0,0,0,67,124
28321,29987,Dairy,64,pro_environmental,51,FALSE,3,1533210,3,1533210,103056,5,FALSE,0.591,2,15,10,1,0,1,2,81,168
28322,28779,Dairy,48,for_profit,68,FALSE,2,604401,3,604401,70854,15,FALSE,0.337,2,14,11,1,2,2,0,87,232
28323,29385,Dairy,64,for_profit,73,FALSE,2,237087,3,237087,51769,20,FALSE,0.102,1,9,11,1,1,0,0,38,265
28324,30311,Dairy,48,for_profit,68,FALSE,1,261053,3,261053,57002,20,FALSE,0.138,1,9,11,1,0,1,1,49,162
28325,30159,Dairy,80,for_profit,60,FALSE,2,1897196,3,1897196,127521,5,FALSE,0.651,1,11,12,0,1,1,1,68,255
28326,29535,Forest,48,for_profit,61,FALSE,4,334189,3,191611.8146767279,27994,15,FALSE,0.292,1,14,14,0,0,0,0,60,237
28327,29261,Dairy,128,for_profit,55,FALSE,3,1247674,3,1247674,146265,15,FALSE,0.309,3,8,11,0,1,0,0,128,148
28328,29142,Dairy,80,for_profit,58,FALSE,3,1782949,3,1782949,149352,10,FALSE,0.617,3,12,10,0,2,1,0,125,56
28329,29771,Dairy,144,for_profit,67,FALSE,2,2311504,3,2311504,193627,10,FALSE,0.468,3,11,12,3,2,0,0,101,69
28330,30005,SNB,80,for_profit,53,FALSE,2,310337,3,310337,20860,5,FALSE,0.793,3,12,10,0,0,0,2,143,89
28331,29020,Dairy,96,for_profit,65,FALSE,1,2880,3,2880,194,0,FALSE,0,1,12,11,1,0,0,0,89,204
28332,29810,Forest,112,for_profit,60,FALSE,3,0,0,0,0,21,TRUE,0,1,14,12,0,0,0,0,90,200
28333,30064,Forest,144,for_profit,57,FALSE,2,0,0,0,0,21,TRUE,0,1,16,14,0,0,0,0,57,167
28334,29974,Dairy,48,for_profit,61,FALSE,2,1066024,3,1066024,89297,10,FALSE,0.61,1,11,13,0,0,0,1,35,273
28335,29293,Dairy,192,for_profit,69,FALSE,2,1920,3,1920,129,0,FALSE,0.08,4,11,12,1,2,3,3,58,153
28336,29463,Dairy,32,pro_environmental,65,FALSE,2,139971,3,139971,30563,20,FALSE,0.12,1,15,15,1,0,1,0,124,216
28337,30367,Forest,64,pro_environmental,58,FALSE,3,674998,3,674998,45370,5,FALSE,0.763,1,12,9,0,0,0,0,88,146
28338,29749,Forest,48,for_profit,58,FALSE,3,393608,3,393608,32971,10,FALSE,0.593,1,17,11,0,0,0,0,124,168
28339,28860,Dairy,128,for_profit,57,FALSE,5,2454063,3,1969181.2668243349,164952,10,FALSE,0.558,3,13,14,1,0,0,0,95,114
28340,30525,Forest,80,for_profit,50,FALSE,2,304994,3,244732.29550089838,20500,10,FALSE,0.29,3,14,8,1,0,0,0,32,250
28341,29822,Forest,80,for_profit,67,FALSE,4,585112,3,585112,39329,5,FALSE,0.688,1,17,14,0,0,0,0,149,227
28342,28833,Forest,80,for_profit,67,FALSE,3,577593,3,463470.30025262927,38823,10,FALSE,0.419,1,12,10,0,0,0,0,91,196
28343,29673,Dairy,128,for_profit,54,FALSE,2,1414851,3,1414851,165864,15,FALSE,0.311,3,13,10,3,0,3,0,127,59
28344,28830,Forest,144,for_profit,54,FALSE,2,3445616,3,3445616,231600,5,FALSE,0.712,1,15,17,0,0,0,0,88,78
28345,29384,Forest,80,for_profit,59,FALSE,4,189996,3,189996,41486,20,FALSE,0.129,2,14,8,0,0,0,0,128,98
28346,29285,Forest,64,for_profit,47,FALSE,2,412934,3,412934,27756,5,FALSE,0.631,3,13,12,0,0,0,0,104,238
28347,30487,Dairy,48,for_profit,69,FALSE,2,1029360,3,1029360,86226,10,FALSE,0.559,2,15,13,0,1,2,0,129,216
28348,30049,Dairy,80,pro_environmental,47,FALSE,4,1844953,3,1844953,124010,5,FALSE,0.636,2,15,10,1,2,0,0,50,117
28349,29337,Dairy,112,for_profit,43,FALSE,2,2739165,3,2739165,184115,5,FALSE,0.673,2,13,7,0,1,2,1,70,129
28350,29763,Forest,96,pro_environmental,72,FALSE,2,0,0,0,0,21,TRUE,0,1,13,10,0,0,0,0,131,51
28351,29583,Dairy,80,for_profit,66,FALSE,2,0,0,0,0,21,TRUE,0,2,12,14,0,1,0,0,70,253
28352,30043,Dairy,64,for_profit,62,FALSE,2,1766201,3,1766201,118716,5,FALSE,0.623,1,10,8,0,0,0,0,110,173
28353,30029,SNB,96,pro_environmental,43,FALSE,2,248671,3,248671,16715,5,FALSE,0.64,1,10,12,0,0,0,0,62,144
28354,30498,Dairy,80,for_profit,60,FALSE,2,1991503,3,1991503,133860,5,FALSE,0.633,1,16,8,1,1,1,1,74,188
28355,29454,Forest,96,for_profit,69,FALSE,1,885553,3,272598.23839604936,59523,20,FALSE,0.205,1,10,8,0,0,0,0,74,143
28356,29789,Dairy,32,pro_environmental,73,FALSE,2,487203,3,487203,57115,15,FALSE,0.418,1,11,15,0,0,0,0,103,200
28357,28767,SNB,64,pro_environmental,51,FALSE,3,179292,3,179292,12051,5,FALSE,0.692,1,11,12,1,0,1,1,45,223
28358,30557,Forest,112,for_profit,58,FALSE,4,1123840,3,1123840,75540,5,FALSE,0.735,1,13,14,0,0,0,0,94,243
28359,29842,SNB,112,for_profit,81,FALSE,1,0,0,0,0,21,TRUE,0,2,12,15,1,0,1,2,64,143
28360,28848,Dairy,96,pro_environmental,73,FALSE,3,3840,3,3840,258,0,FALSE,0.157,1,10,16,0,1,0,0,100,70
28361,29280,Dairy,64,for_profit,54,FALSE,2,1536243,3,1536243,128686,10,FALSE,0.659,1,12,11,1,1,0,1,41,266
28362,29250,Forest,48,for_profit,54,FALSE,3,183893,3,183893,21558,15,FALSE,0.277,1,11,13,0,0,0,0,70,196
28363,29225,Forest,32,for_profit,35,FALSE,4,264344,3,264344,17768,5,FALSE,0.605,1,9,16,0,0,0,0,125,28
28364,29598,Forest,64,for_profit,63,FALSE,3,555355,3,555355,37329,5,FALSE,0.628,1,15,15,0,0,0,0,128,114
28365,29494,Forest,160,for_profit,65,FALSE,5,1032753,3,1032753,69417,5,FALSE,0.631,3,10,14,0,0,0,0,115,235
28366,28844,Forest,64,for_profit,54,FALSE,2,533835,3,533835,35882,5,FALSE,0.611,1,13,18,0,0,0,0,38,249
28367,30249,Forest,64,for_profit,58,FALSE,2,224154,3,224154,18777,10,FALSE,0.568,2,11,13,1,0,0,0,37,244
28368,30236,Dairy,80,for_profit,52,FALSE,4,2001435,3,2001435,167653,10,FALSE,0.621,2,14,8,1,1,0,1,87,154
28369,30225,Forest,80,for_profit,61,FALSE,3,1868673,3,1868673,125604,5,FALSE,0.594,1,12,13,0,0,0,0,76,178
28370,28998,Dairy,64,for_profit,50,FALSE,2,1603034,3,1286301.3389967906,107749,10,FALSE,0.552,1,17,13,0,0,1,0,87,229
28371,30112,Dairy,64,pro_environmental,60,FALSE,2,1330501,3,1330501,111452,10,FALSE,0.702,3,13,13,2,1,2,0,94,120
28372,28792,Dairy,64,for_profit,47,FALSE,2,1488699,3,1488699,124703,10,FALSE,0.573,2,13,10,1,2,1,2,102,148
28373,28974,Dairy,128,pro_environmental,73,FALSE,1,1684802,3,1684802,197510,15,FALSE,0.335,1,14,13,0,1,0,1,86,210
28374,29012,Dairy,64,for_profit,52,FALSE,4,1650164,3,1650164,110917,5,FALSE,0.659,3,11,13,1,0,0,3,81,191
28375,28854,SNB,32,for_profit,73,FALSE,2,0,0,0,0,21,TRUE,0,1,11,12,0,0,0,0,96,77
28376,30477,SNB,112,for_profit,74,FALSE,2,231089,3,231089,50459,20,FALSE,0.179,2,14,15,1,0,0,1,44,138
28377,29369,Dairy,64,for_profit,65,FALSE,2,1226052,3,983804.6662015235,82410,10,FALSE,0.537,2,11,10,0,1,0,1,89,114
28378,29073,Forest,96,for_profit,56,FALSE,2,1298717,3,1298717,108789,10,FALSE,0.574,3,14,10,0,0,0,0,61,187
28379,28816,Dairy,64,for_profit,58,FALSE,2,590366,3,590366,69209,15,FALSE,0.348,2,7,14,1,0,0,0,125,98
28380,29564,Forest,64,for_profit,72,FALSE,2,0,0,0,0,21,TRUE,0,2,12,10,1,0,0,0,124,93
28381,30248,Dairy,80,for_profit,53,FALSE,3,1688000,3,1688000,113460,5,FALSE,0.626,3,15,10,1,1,1,1,132,55
28382,29197,Crop,176,for_profit,60,FALSE,4,2458056,3,2458056,288159,15,FALSE,0.309,2,11,13,1,0,0,0,127,127
28383,29243,SNB,64,pro_environmental,58,FALSE,3,273729,3,273729,18399,5,FALSE,0.722,1,14,16,0,0,0,0,81,240
28384,29886,Dairy,64,for_profit,59,FALSE,2,1176212,3,1176212,98527,10,FALSE,0.504,1,9,13,0,0,0,0,34,266
28385,28749,Forest,80,for_profit,61,FALSE,3,581079,3,466267.5250574324,39058,10,FALSE,0.549,1,13,13,0,0,0,0,83,112
28386,29727,Forest,32,for_profit,63,FALSE,1,0,0,0,0,21,TRUE,0,1,12,12,0,0,0,0,83,157
28387,29173,Dairy,64,for_profit,64,FALSE,3,1287885,3,1287885,107882,10,FALSE,0.555,2,13,11,0,1,2,1,68,133
28388,30469,Dairy,144,for_profit,52,FALSE,4,3810294,3,3810294,256112,5,FALSE,0.664,2,11,11,0,0,0,0,112,142
28389,30035,Dairy,48,pro_environmental,60,FALSE,2,619814,3,619814,72661,15,FALSE,0.337,2,12,12,2,1,1,1,55,161
28390,29396,SNB,160,for_profit,56,FALSE,2,359101,3,359101,24137,5,FALSE,0.554,1,7,9,0,0,1,0,12,322
28391,29113,Dairy,176,for_profit,49,FALSE,2,2427387,3,2427387,284564,15,FALSE,0.358,2,16,13,1,0,2,0,136,89
28392,30447,Dairy,96,for_profit,66,TRUE,2,2720,3,2720,183,5,FALSE,0.001,3,15,12,0,2,2,2,99,185
28393,30020,Forest,112,for_profit,62,FALSE,1,0,0,0,0,21,TRUE,0,1,11,16,0,0,0,0,53,184
28394,29383,Forest,112,for_profit,61,FALSE,3,2109758,3,2109758,176727,10,FALSE,0.517,1,11,11,0,0,0,0,60,170
28395,29277,SNB,96,for_profit,58,FALSE,2,254277,3,254277,17091,0,FALSE,2.62,1,6,13,1,0,0,1,81,295
28396,29055,Dairy,48,for_profit,72,TRUE,2,1474,3,845.1379753178499,123,15,FALSE,0,2,9,12,1,2,1,0,95,158
28397,30122,Forest,80,for_profit,59,FALSE,5,555846,3,446020.14310115075,37362,10,FALSE,0.525,1,14,10,0,0,0,0,55,126
28398,30101,Dairy,32,pro_environmental,63,FALSE,2,800350,3,458891.5729617647,67043,15,FALSE,0.324,1,13,14,0,0,0,0,131,135
28399,29052,Dairy,48,for_profit,67,FALSE,1,261638,3,261638,57130,20,FALSE,0.139,1,10,10,0,0,0,0,53,227
28400,29464,Dairy,64,pro_environmental,80,FALSE,1,694,3,694,81,10,FALSE,0,2,11,11,1,1,2,0,77,183
28401,29310,Crop,48,for_profit,76,FALSE,2,0,0,0,0,21,TRUE,0,1,13,11,0,0,0,1,74,244
28402,30493,Dairy,144,for_profit,63,FALSE,2,4037004,3,4037004,271350,5,FALSE,0.713,1,14,12,0,1,0,1,129,102
28403,29780,Forest,96,for_profit,73,FALSE,4,772052,3,442666.5292537969,64672,15,FALSE,0.334,1,10,13,0,0,0,0,97,179
28404,29526,Dairy,80,for_profit,31,FALSE,3,2236886,3,2236886,150354,5,FALSE,0.677,2,13,13,0,2,1,2,77,190
28405,30305,Forest,80,for_profit,59,FALSE,3,592571,3,475488.8983955844,39830,10,FALSE,0.531,2,12,13,0,0,0,0,22,272
28406,29985,Forest,64,for_profit,76,FALSE,1,0,0,0,0,21,TRUE,0,1,12,11,0,0,0,0,137,50
28407,30173,Dairy,48,for_profit,70,FALSE,3,1038572,3,1038572,86998,10,FALSE,0.55,1,12,13,0,0,0,0,121,70
28408,29265,SNB,80,for_profit,55,FALSE,3,352685,3,352685,23706,5,FALSE,0.688,1,9,14,0,0,1,0,107,142
28409,29871,Dairy,64,pro_environmental,58,FALSE,4,1823217,3,1823217,122549,5,FALSE,0.725,1,8,11,0,1,0,0,79,152
28410,30507,Dairy,96,for_profit,43,FALSE,5,256,3,256,17,0,FALSE,0.109,2,9,10,0,0,1,0,137,120
28411,30142,Dairy,48,for_profit,50,FALSE,2,1241993,3,996595.99167868,83481,10,FALSE,0.528,1,10,12,0,0,0,0,119,138
28412,29252,Dairy,48,pro_environmental,42,FALSE,2,1212022,3,1212022,81467,5,FALSE,0.709,1,11,13,0,0,0,0,91,107
28413,29935,SNB,48,for_profit,68,FALSE,2,206021,3,206021,44986,20,FALSE,0.67,1,14,10,0,0,0,0,126,112
28414,30154,Dairy,32,for_profit,52,FALSE,3,644692,3,644692,54004,10,FALSE,0.559,2,13,15,0,0,1,1,104,201
28415,29123,Dairy,80,for_profit,46,FALSE,3,1498929,3,1498929,125560,10,FALSE,0.514,1,14,18,0,0,0,0,92,258
28416,29190,Dairy,80,for_profit,55,FALSE,2,1760506,3,1412659.5100989023,118334,10,FALSE,0.489,3,16,10,3,0,3,0,83,203
28417,29156,Forest,128,for_profit,62,FALSE,4,0,0,0,0,21,TRUE,0,1,15,9,0,0,0,0,134,94
28418,29681,Forest,112,for_profit,54,FALSE,5,692572,3,692572,46552,5,FALSE,0.622,2,9,10,0,0,0,0,135,45
28419,29048,Forest,32,for_profit,72,FALSE,2,0,0,0,0,21,TRUE,0,1,15,9,0,0,0,0,144,237
28420,28791,Dairy,96,for_profit,73,FALSE,2,394821,3,394821,86211,20,FALSE,0.111,2,8,14,2,2,0,1,103,88
28421,29341,Forest,96,for_profit,61,FALSE,3,529984,3,163144.0521099153,62130,20,FALSE,0.124,1,12,13,0,0,0,0,57,267
28422,30092,Forest,64,for_profit,55,FALSE,3,1977550,3,1977550,132922,5,FALSE,0.7,2,13,13,1,0,0,0,75,172
28423,30576,Dairy,48,for_profit,66,TRUE,2,640,3,640,43,5,FALSE,0,2,13,14,1,2,0,2,102,185
28424,29092,Dairy,80,for_profit,42,FALSE,3,1769574,3,1769574,148231,10,FALSE,0.557,3,15,10,0,2,0,3,68,171
28425,29707,Forest,32,pro_environmental,55,FALSE,3,633557,3,633557,53071,10,FALSE,0.803,2,14,13,1,1,1,1,13,310
28426,28961,Dairy,112,for_profit,53,FALSE,3,2401383,3,2401383,161411,5,FALSE,0.618,3,15,9,1,0,0,2,58,144
28427,30175,Dairy,96,for_profit,58,FALSE,3,1560434,3,1560434,130712,10,FALSE,0.596,3,9,13,1,1,2,0,72,121
28428,28825,Dairy,80,for_profit,76,FALSE,2,1091445,3,1091445,127951,15,FALSE,0.347,1,14,10,0,0,1,0,86,198
28429,29137,Forest,64,for_profit,64,FALSE,4,447845,3,447845,30102,5,FALSE,0.659,1,12,15,0,0,0,0,24,262
28430,29221,SNB,112,for_profit,47,FALSE,3,468060,3,468060,31461,5,FALSE,0.652,1,12,9,1,0,0,0,138,215
28431,29536,Dairy,64,pro_environmental,71,FALSE,2,2923,3,2923,343,10,FALSE,0.001,2,13,16,0,2,0,2,77,271
28432,29510,SNB,32,for_profit,79,FALSE,1,0,0,0,0,21,TRUE,0,1,13,14,0,0,0,0,28,274
28433,29366,Forest,64,for_profit,64,FALSE,3,485469,3,278350.26305263315,32631,15,FALSE,0.382,2,10,8,0,0,0,0,152,236
28434,29340,Dairy,80,for_profit,64,FALSE,2,1572617,3,1572617,105705,5,FALSE,0.703,3,10,15,0,2,2,2,79,191
28435,29553,Dairy,80,for_profit,65,FALSE,2,1682854,3,1682854,140967,10,FALSE,0.577,1,9,8,0,0,0,0,55,172
28436,29870,SNB,48,for_profit,71,FALSE,2,70465,3,21691.118282674914,8261,20,FALSE,0.101,2,11,14,0,0,0,0,130,227
28437,29144,SNB,64,for_profit,57,FALSE,4,906970,3,906970,60963,5,FALSE,0.709,2,13,10,1,0,0,0,57,188
28438,30023,Dairy,48,pro_environmental,35,FALSE,4,1212792,3,1212792,81519,5,FALSE,0.694,1,13,10,0,0,1,0,68,261
28439,30405,SNB,64,for_profit,51,TRUE,3,1440,3,1440,97,0,FALSE,0,2,12,8,1,0,0,0,148,87
28440,30392,Dairy,32,for_profit,75,FALSE,2,0,0,0,0,21,TRUE,0,1,11,11,0,0,0,1,117,48
28441,28895,Dairy,112,for_profit,54,FALSE,3,2532343,3,2532343,170213,5,FALSE,0.624,2,13,20,0,0,0,0,102,168
28442,28940,Forest,80,for_profit,55,FALSE,1,0,0,0,0,21,TRUE,0,1,13,10,0,0,0,0,128,46
28443,29781,Dairy,48,pro_environmental,43,FALSE,2,1344683,3,1344683,90384,5,FALSE,0.657,2,11,11,0,2,0,1,87,183
28444,30010,Forest,80,for_profit,48,FALSE,5,790305,3,790305,53121,5,FALSE,0.715,1,8,13,0,0,0,0,47,158
28445,29028,Dairy,64,for_profit,54,FALSE,1,814974,3,814974,95540,15,FALSE,0.324,1,12,12,1,0,1,1,43,138
28446,28985,Dairy,64,for_profit,49,FALSE,3,1237152,3,1237152,103632,10,FALSE,0.542,1,19,11,0,0,0,0,129,59
28447,30558,Dairy,96,for_profit,60,FALSE,2,1066607,3,1066607,125039,15,FALSE,0.336,3,11,9,0,1,1,1,131,110
28448,29275,Forest,64,for_profit,62,FALSE,2,0,0,0,0,21,TRUE,0,1,16,16,0,0,0,0,106,162
28449,29202,Forest,64,for_profit,52,FALSE,4,361149,3,207069.69786164598,30252,15,FALSE,0.305,1,13,13,0,0,0,0,61,117
28450,29347,Crop,96,pro_environmental,48,FALSE,2,2591739,3,2591739,174206,5,FALSE,0.681,3,12,12,2,0,0,0,115,129
28451,30202,Forest,128,for_profit,59,TRUE,3,0,0,0,0,21,TRUE,0,1,16,11,0,0,0,0,120,49
28452,28929,Forest,96,for_profit,51,FALSE,2,930041,3,930041,109029,15,FALSE,0.404,3,11,12,2,2,2,1,132,61
28453,29031,Dairy,80,pro_environmental,65,FALSE,3,1482310,3,1482310,124168,10,FALSE,0.694,3,14,10,2,0,0,0,140,207
28454,29639,Dairy,32,for_profit,69,FALSE,2,362853,3,362853,42537,15,FALSE,0.39,2,13,10,0,0,1,0,83,165
28455,30382,Dairy,96,for_profit,74,FALSE,1,384,3,308.1280335755621,26,10,FALSE,0,1,13,10,0,0,1,0,54,261
28456,29595,SNB,32,for_profit,39,FALSE,3,80353,3,80353,5401,0,FALSE,1.021,1,11,10,1,0,1,0,90,109
28457,29186,SNB,64,for_profit,75,FALSE,2,0,0,0,0,21,TRUE,0,1,13,17,0,0,0,0,38,237
28458,28795,Dairy,48,for_profit,68,TRUE,2,640,3,640,43,5,FALSE,0,2,12,11,2,2,1,0,123,223
28459,29248,Dairy,80,for_profit,76,FALSE,2,128,3,128,9,5,FALSE,0,2,11,11,0,0,2,0,111,46
28460,29620,Dairy,32,for_profit,63,FALSE,3,606899,3,486985.92564837256,40793,10,FALSE,0.453,1,10,13,0,0,1,0,122,223
28461,29364,Forest,112,for_profit,69,FALSE,2,1331056,3,1331056,156040,15,FALSE,0.326,1,11,14,0,0,0,0,73,124
28462,30467,Dairy,80,for_profit,52,TRUE,3,1413583,3,1413583,118411,10,FALSE,0.487,2,13,15,2,0,0,0,52,117
28463,30514,SNB,48,pro_environmental,70,FALSE,3,95264,3,95264,11168,15,FALSE,0.335,1,11,10,0,0,0,0,60,273
28464,29318,Dairy,96,for_profit,70,FALSE,1,393642,3,393642,85954,20,FALSE,0.163,2,12,13,0,0,0,0,37,137
28465,29807,Crop,176,for_profit,68,FALSE,2,2286556,3,2286556,268054,15,FALSE,0.317,2,11,9,0,0,1,1,109,103
28466,28883,Forest,64,for_profit,49,FALSE,2,540981,3,434092.21805140923,36362,10,FALSE,0.497,1,8,11,0,0,0,0,63,244
28467,28846,Forest,48,for_profit,59,FALSE,3,300691,3,300691,20211,5,FALSE,0.59,1,14,13,0,0,0,0,134,31
28468,30299,Dairy,96,for_profit,58,FALSE,4,1182087,3,1182087,99019,10,FALSE,0.494,2,14,9,0,0,0,0,101,170
28469,29982,Dairy,48,for_profit,37,FALSE,4,1144246,3,1144246,76911,5,FALSE,0.698,2,12,10,0,0,0,0,124,61
28470,30539,Dairy,64,pro_environmental,82,FALSE,2,1797,3,1797,151,5,FALSE,0.001,1,9,16,1,0,1,0,47,273
28471,30131,Dairy,48,for_profit,59,FALSE,2,623238,3,623238,73063,15,FALSE,0.317,2,11,9,0,0,0,1,101,148
28472,29420,Forest,32,for_profit,59,FALSE,5,364916,3,209229.55861674933,30568,15,FALSE,0.301,2,12,14,0,0,0,0,140,19
28473,29738,Forest,144,for_profit,54,FALSE,4,1570103,3,1570103,105536,5,FALSE,0.505,3,12,11,1,0,0,0,145,224
28474,29981,Dairy,32,for_profit,39,FALSE,5,873145,3,873145,58689,5,FALSE,0.694,1,11,15,0,0,0,0,76,153
28475,29481,Dairy,96,for_profit,65,FALSE,1,301813,3,301813,65902,20,FALSE,0.102,3,14,11,0,0,1,2,82,143
28476,28879,Dairy,64,for_profit,58,FALSE,3,0,0,0,0,21,TRUE,0,1,15,14,0,0,0,0,50,226
28477,28752,SNB,96,for_profit,62,FALSE,1,0,0,0,0,21,TRUE,0,3,9,11,0,0,0,0,36,247
28478,29933,Dairy,48,for_profit,48,FALSE,1,1187457,3,1187457,79816,5,FALSE,0.58,3,11,14,0,0,2,2,55,149
28479,28903,SNB,64,for_profit,64,FALSE,3,208992,3,208992,14048,5,FALSE,0.551,1,13,7,0,0,0,0,70,134
28480,29291,Dairy,80,for_profit,55,FALSE,2,1891015,3,1891015,127106,5,FALSE,0.728,3,11,9,2,1,1,2,130,66
28481,30165,Dairy,96,for_profit,70,FALSE,1,3585,3,3585,300,5,FALSE,0,2,13,10,1,2,0,0,93,202
28482,28729,Dairy,32,for_profit,64,FALSE,2,802908,3,802908,53968,5,FALSE,0.689,1,10,13,1,0,0,1,49,273
28483,30559,Dairy,64,pro_environmental,63,FALSE,2,978263,3,978263,81946,10,FALSE,0.481,2,10,11,0,1,0,0,130,137
28484,30375,Dairy,96,for_profit,58,FALSE,3,2306009,3,2306009,193166,10,FALSE,0.633,2,8,11,2,1,2,2,130,105
28485,29725,SNB,48,for_profit,70,FALSE,2,192,3,192,13,0,FALSE,0.104,1,13,10,0,0,1,0,97,106
28486,29995,Dairy,64,for_profit,49,FALSE,3,61787,3,61787,13491,15,FALSE,0.142,2,11,13,2,0,0,1,70,182
28487,30033,Dairy,80,for_profit,50,FALSE,3,2255213,3,2255213,151586,5,FALSE,0.717,1,13,11,1,0,1,0,78,155
28488,29018,Forest,64,for_profit,72,FALSE,3,0,0,0,0,21,TRUE,0,1,13,11,0,0,0,0,51,272
28489,29245,Forest,64,for_profit,60,FALSE,4,568901,3,456495.69382596575,38239,10,FALSE,0.516,1,9,10,0,0,0,0,112,88
28490,30187,Dairy,80,pro_environmental,54,TRUE,1,2240,3,2240,151,0,FALSE,0,3,10,11,1,2,3,0,118,222
28491,29466,Dairy,48,for_profit,78,FALSE,2,64,3,64,4,0,FALSE,0,3,11,12,0,0,2,2,90,173
28492,29831,Dairy,96,for_profit,56,FALSE,2,1045880,3,1045880,122609,15,FALSE,0.307,3,13,10,0,1,1,0,61,267
28493,29239,Dairy,96,for_profit,46,FALSE,2,2265174,3,2265174,152255,5,FALSE,0.689,2,9,10,0,0,1,0,84,88
28494,29610,Dairy,112,for_profit,52,FALSE,2,2880,3,2880,194,5,FALSE,0.001,2,11,8,1,0,1,1,82,124
28495,30399,Dairy,64,for_profit,47,FALSE,4,1273369,3,1273369,85590,5,FALSE,0.66,2,13,10,0,0,0,0,66,126
28496,29782,Forest,128,for_profit,42,FALSE,2,2259954,3,2259954,151904,5,FALSE,0.627,4,10,11,0,1,2,2,87,191
28497,30130,Dairy,80,for_profit,53,FALSE,5,1592276,3,1277668.9395561502,107026,10,FALSE,0.468,2,9,12,0,0,0,0,76,125
28498,28902,Dairy,80,for_profit,52,FALSE,2,2504095,3,2504095,168315,5,FALSE,0.752,3,11,13,1,0,0,0,94,180
28499,28840,SNB,32,for_profit,57,FALSE,2,85793,3,85793,10058,15,FALSE,0.358,2,12,9,0,0,0,0,109,132
28500,28769,Dairy,48,for_profit,72,FALSE,4,725092,3,725092,85003,15,FALSE,0.341,1,10,11,0,1,0,0,130,120
28501,30012,SNB,96,for_profit,54,TRUE,2,256,3,256,17,0,FALSE,0,2,8,15,2,0,1,0,52,111
28502,29663,Dairy,80,for_profit,66,FALSE,2,0,0,0,0,21,TRUE,0,2,11,9,0,0,0,0,63,173
28503,30306,Dairy,80,for_profit,75,FALSE,3,0,0,0,0,21,TRUE,0,1,15,16,1,0,0,0,70,258
28504,30254,Dairy,48,for_profit,67,FALSE,3,0,0,0,0,21,TRUE,0,1,16,11,0,0,0,0,131,214
28505,30386,SNB,144,for_profit,51,FALSE,5,467762,3,467762,31441,5,FALSE,0.639,3,11,16,1,0,0,0,138,115
28506,29400,SNB,112,for_profit,42,FALSE,3,599989,3,599989,40329,5,FALSE,0.77,3,11,11,2,0,2,2,103,131
28507,30260,SNB,48,for_profit,72,FALSE,2,1250,3,1250,105,5,FALSE,0.004,2,15,14,2,0,0,2,15,308
28508,29097,Dairy,64,for_profit,66,FALSE,4,1424654,3,1424654,95759,5,FALSE,0.594,2,16,14,0,0,0,1,111,74
28509,28861,Dairy,64,for_profit,54,FALSE,3,1509728,3,1509728,126465,10,FALSE,0.614,2,9,8,2,0,0,0,146,217
28510,28831,SNB,80,for_profit,68,FALSE,3,256,3,256,17,0,FALSE,0.093,2,9,10,0,0,1,0,120,202
28511,29208,Dairy,80,for_profit,35,TRUE,3,934447,3,287649.19330008834,109546,20,FALSE,0.138,2,11,9,0,0,0,0,83,122
28512,29929,Dairy,48,for_profit,44,FALSE,4,196878,3,196878,23080,15,FALSE,0.3,1,18,9,0,0,0,0,61,272
28513,30361,Forest,80,for_profit,75,FALSE,4,0,0,0,0,21,TRUE,0,2,16,12,0,0,0,0,102,135
28514,29227,Forest,128,for_profit,58,FALSE,4,1065874,3,855275.155362809,71643,10,FALSE,0.555,3,10,10,0,0,0,0,158,14
28515,29734,Dairy,64,for_profit,64,FALSE,4,1394815,3,1394815,116839,10,FALSE,0.565,2,9,11,0,0,0,0,99,233
28516,30329,Dairy,112,pro_environmental,45,FALSE,3,2526189,3,2526189,211610,10,FALSE,0.638,2,11,11,1,0,0,0,141,104
28517,30309,Dairy,80,for_profit,57,FALSE,2,1920,3,1920,129,0,FALSE,0.139,2,11,7,2,2,0,0,75,183
28518,29032,Forest,64,for_profit,60,FALSE,3,299211,3,240091.9194119206,20112,10,FALSE,0.275,1,15,14,0,0,0,0,83,237
28519,29993,Dairy,80,for_profit,66,FALSE,2,960,3,960,65,0,FALSE,0.105,3,15,12,1,0,3,1,115,120
28520,29298,Dairy,64,pro_environmental,76,FALSE,4,768,3,768,52,0,FALSE,0.103,3,13,8,0,2,1,0,71,127
28521,30068,Dairy,128,pro_environmental,47,FALSE,3,2691496,3,2691496,225457,10,FALSE,0.535,1,14,12,0,0,0,0,85,211
28522,30182,Dairy,48,pro_environmental,52,FALSE,3,1185661,3,951394.2510865482,79695,10,FALSE,0.544,1,16,14,1,0,0,0,52,267
28523,29393,Forest,32,for_profit,75,FALSE,3,312291,3,179056.2981343193,20991,15,FALSE,0.405,1,13,14,0,0,0,0,128,63
28524,29022,Dairy,64,for_profit,58,FALSE,2,0,0,0,0,21,TRUE,0,1,16,12,0,1,1,0,66,247
28525,30482,Dairy,48,pro_environmental,68,FALSE,1,2746,3,2746,322,10,FALSE,0.001,1,11,14,1,1,1,1,54,177
28526,30573,Crop,48,pro_environmental,53,FALSE,2,870985,3,870985,72959,10,FALSE,0.498,1,10,11,0,0,0,0,71,283
28527,29461,Crop,32,for_profit,75,FALSE,2,960,3,960,65,0,FALSE,0,1,10,10,1,0,0,0,76,163
28528,30296,Dairy,80,for_profit,56,FALSE,5,1536855,3,1536855,103301,5,FALSE,0.529,4,13,12,2,0,0,3,126,79
28529,30443,Dairy,80,for_profit,64,FALSE,2,1423403,3,1423403,119234,10,FALSE,0.65,3,14,15,1,1,0,0,129,138
28530,28734,SNB,64,for_profit,69,FALSE,4,242837,3,242837,20342,10,FALSE,0.592,1,11,11,0,0,0,1,58,235
28531,29672,Dairy,112,for_profit,56,FALSE,1,691,3,691,58,5,FALSE,0,3,12,14,0,2,3,0,126,91
28532,30448,SNB,48,pro_environmental,50,FALSE,3,147839,3,147839,9937,5,FALSE,0.761,1,10,10,0,0,0,1,93,98
28533,30546,Dairy,32,for_profit,49,FALSE,2,369841,3,369841,43357,15,FALSE,0.294,1,12,12,0,0,0,1,130,67
28534,29665,Crop,48,for_profit,61,FALSE,2,1199204,3,1199204,100453,10,FALSE,0.58,2,12,17,2,0,0,0,87,187
28535,29558,SNB,48,for_profit,71,FALSE,1,108777,3,33484.63454813779,12752,20,FALSE,0.093,2,14,14,0,0,1,0,150,231
28536,29374,Forest,48,for_profit,48,FALSE,1,986608,3,986608,82645,10,FALSE,0.573,2,16,15,1,1,0,1,66,130
28537,29088,Dairy,96,for_profit,46,FALSE,3,2511795,3,2511795,168832,5,FALSE,0.626,3,10,15,0,0,1,3,96,192
28538,30517,Dairy,32,for_profit,63,FALSE,2,876584,3,703385.6879786472,58920,10,FALSE,0.526,2,12,11,1,1,1,0,80,181
28539,29027,Forest,80,pro_environmental,76,FALSE,3,0,0,0,0,21,TRUE,0,2,18,12,0,0,0,0,70,167
28540,29792,Crop,48,for_profit,62,FALSE,2,1083369,3,1083369,90750,10,FALSE,0.518,1,11,9,0,0,0,0,47,233
28541,28933,Forest,64,for_profit,63,FALSE,3,357582,3,357582,29953,10,FALSE,0.526,1,10,10,0,0,0,0,138,201
28542,28835,Dairy,48,for_profit,63,FALSE,2,0,0,0,0,21,TRUE,0,1,11,14,0,1,0,0,123,160
28543,29154,Forest,64,for_profit,62,FALSE,2,313365,3,96462.60243596714,21063,20,FALSE,0.116,2,20,12,0,0,0,0,31,260
28544,29412,Dairy,112,pro_environmental,49,FALSE,2,1415358,3,1415358,165923,15,FALSE,0.341,2,13,11,0,0,2,0,125,96
28545,30250,Forest,112,for_profit,55,FALSE,3,761329,3,436518.3511606264,63774,15,FALSE,0.282,1,9,13,0,0,0,0,104,174
28546,28953,SNB,208,pro_environmental,70,FALSE,3,76068,3,76068,16610,20,FALSE,0.09,2,9,13,1,0,0,1,144,52
28547,30553,Dairy,48,for_profit,68,FALSE,1,2746,3,1574.456499472738,322,15,FALSE,0.001,1,18,12,1,1,0,0,57,239
28548,30308,Forest,96,for_profit,47,FALSE,3,809706,3,809706,54425,5,FALSE,0.626,1,8,8,0,0,0,0,179,40
28549,30393,Dairy,48,for_profit,54,FALSE,1,1440,3,1440,97,0,FALSE,0.112,1,12,11,1,0,1,0,117,81
28550,29325,Dairy,80,for_profit,61,FALSE,3,1161326,3,1161326,136143,15,FALSE,0.435,3,10,9,1,0,0,2,50,224
28551,29017,Forest,64,pro_environmental,68,FALSE,2,695427,3,695427,58254,10,FALSE,0.448,3,15,7,2,2,1,0,42,230
28552,29616,SNB,80,for_profit,41,FALSE,4,283886,3,283886,23780,10,FALSE,0.616,3,11,12,1,0,0,0,128,66
28553,29561,Dairy,128,for_profit,41,FALSE,2,2766525,3,2766525,231742,10,FALSE,0.611,3,14,15,0,1,0,1,92,117
28554,29000,SNB,64,pro_environmental,69,FALSE,2,87370,3,87370,10242,15,FALSE,0.302,2,10,16,0,0,1,0,134,54
28555,30006,Forest,80,for_profit,52,FALSE,3,713964,3,713964,47990,5,FALSE,0.646,1,17,9,0,0,0,0,47,146
28556,29888,Dairy,64,for_profit,54,FALSE,4,1153156,3,661177.6981449325,77510,15,FALSE,0.337,2,11,17,0,0,0,0,104,117
28557,28932,Forest,64,for_profit,61,FALSE,2,0,0,0,0,21,TRUE,0,1,14,10,0,0,0,0,86,85
28558,28874,Dairy,64,pro_environmental,51,FALSE,2,1695530,3,1695530,113966,5,FALSE,0.727,1,9,10,0,1,1,1,65,272
28559,30002,Forest,48,for_profit,49,FALSE,3,339940,3,104643.13842350828,28476,20,FALSE,0.16,1,9,15,0,0,0,0,111,49
28560,30274,Dairy,80,for_profit,47,FALSE,3,2096015,3,2096015,140885,5,FALSE,0.708,2,14,16,0,0,0,0,98,235
28561,30100,Dairy,48,for_profit,57,TRUE,2,0,0,0,0,21,TRUE,0,2,12,12,0,0,0,2,66,132
28562,30137,Crop,96,for_profit,60,FALSE,3,0,0,0,0,21,TRUE,0,3,13,12,0,0,0,1,68,166
28563,29521,Forest,96,for_profit,58,FALSE,2,860008,3,690084.8278626354,57806,10,FALSE,0.578,2,12,17,0,0,1,1,60,250
28564,29504,Dairy,48,for_profit,67,FALSE,2,1440,3,1440,97,0,FALSE,0.097,1,11,12,1,0,0,0,118,220
28565,29003,Dairy,64,for_profit,51,FALSE,2,1803430,3,1803430,121219,5,FALSE,0.695,2,12,13,2,2,1,0,95,160
28566,29550,Forest,32,for_profit,50,TRUE,4,226258,3,129728.10584767033,18953,15,FALSE,0.293,1,11,14,0,0,0,0,69,172
28567,30259,Dairy,112,pro_environmental,57,FALSE,2,1920,3,1920,129,5,FALSE,0,2,15,11,0,1,0,2,104,250
28568,29292,Dairy,80,pro_environmental,60,FALSE,2,2504,3,2504,210,5,FALSE,0,4,15,15,2,1,3,4,83,184
28569,30433,Dairy,48,for_profit,73,FALSE,3,0,0,0,0,21,TRUE,0,2,9,9,1,0,0,0,67,168
28570,29365,Forest,112,for_profit,51,FALSE,3,349053,3,200134.2915187391,23462,15,FALSE,0.168,1,14,15,0,0,0,0,9,295
28571,30574,Forest,32,for_profit,61,FALSE,2,898511,3,898511,60394,5,FALSE,0.714,1,10,9,0,0,0,0,70,154
28572,29333,SNB,112,for_profit,72,FALSE,3,257893,3,257893,30233,15,FALSE,0.292,3,13,9,1,0,1,0,49,122
28573,29957,Dairy,64,pro_environmental,74,FALSE,1,3273,3,1007.5218922755269,715,20,FALSE,0,1,12,11,1,1,0,1,54,269
28574,29082,Crop,64,for_profit,81,FALSE,1,3200,3,985.0504293558465,215,20,FALSE,0,1,15,11,0,0,0,1,98,142
28575,29170,SNB,64,for_profit,48,FALSE,3,148830,3,148830,17447,15,FALSE,0.363,1,10,16,0,0,0,0,49,229
28576,29480,Dairy,64,for_profit,39,FALSE,4,815602,3,815602,95613,15,FALSE,0.35,1,12,10,0,0,1,0,90,234
28577,29273,Forest,80,for_profit,68,FALSE,2,0,0,0,0,21,TRUE,0,1,9,14,0,0,0,0,58,173
28578,30125,Dairy,64,for_profit,46,FALSE,4,779538,3,779538,91386,15,FALSE,0.341,2,10,12,0,0,0,0,129,146
28579,30357,Dairy,80,pro_environmental,55,FALSE,2,1391421,3,1391421,163117,15,FALSE,0.439,2,13,12,0,0,0,0,125,148
28580,29498,Forest,48,for_profit,44,FALSE,3,433593,3,347922.28766179347,29144,10,FALSE,0.524,1,12,9,0,0,0,0,104,169
28581,29209,Dairy,64,pro_environmental,67,FALSE,1,3791,3,3791,318,5,FALSE,0.001,2,10,9,2,1,1,2,126,86
28582,29869,Dairy,128,for_profit,66,FALSE,3,2252317,3,2252317,188669,10,FALSE,0.488,2,10,13,1,0,2,0,77,231
28583,29130,Dairy,64,pro_environmental,57,FALSE,2,1600,3,1600,108,0,FALSE,0.127,2,14,9,2,0,0,2,95,202
28584,29014,Dairy,64,for_profit,57,FALSE,1,1870070,3,1500575.4993454462,125698,10,FALSE,0.529,1,12,16,0,1,0,0,97,145
28585,30556,Dairy,32,for_profit,68,FALSE,3,450663,3,450663,52831,15,FALSE,0.395,1,11,11,0,0,0,0,53,113
28586,30007,SNB,64,for_profit,59,FALSE,3,480,3,480,32,0,FALSE,0.107,4,8,15,1,0,0,0,45,124
28587,29765,Forest,96,pro_environmental,76,FALSE,3,904998,3,518892.9290276143,75809,15,FALSE,0.302,2,14,10,0,0,0,0,95,141
28588,29178,Dairy,64,for_profit,65,FALSE,3,1199405,3,1199405,100470,10,FALSE,0.514,1,18,13,0,0,0,0,87,239
28589,30581,Dairy,80,for_profit,45,FALSE,3,1909799,3,1909799,159977,10,FALSE,0.578,2,12,11,0,0,2,0,117,128
28590,28892,Forest,32,pro_environmental,34,FALSE,3,275061,3,275061,18488,0,FALSE,1.564,1,11,9,0,0,0,0,75,238
28591,30127,SNB,32,for_profit,54,FALSE,2,87992,3,87992,7371,10,FALSE,0.59,2,10,11,0,0,2,1,140,231
28592,28931,Dairy,32,for_profit,65,FALSE,4,0,0,0,0,21,TRUE,0,1,11,11,0,0,0,0,105,202
28593,29324,Dairy,96,pro_environmental,68,FALSE,2,2174164,3,2174164,182122,10,FALSE,0.593,3,11,14,3,2,2,3,133,73
28594,28759,Forest,32,pro_environmental,58,FALSE,2,265515,3,265515,17847,5,FALSE,0.6,1,14,11,0,0,0,0,109,145
28595,29500,Dairy,128,for_profit,56,FALSE,3,2592955,3,2592955,217203,10,FALSE,0.556,1,13,14,0,0,0,0,58,272
28596,29140,Forest,32,for_profit,60,FALSE,3,77529,3,77529,16929,20,FALSE,0.177,1,9,11,0,0,0,0,79,240
28597,30278,Dairy,128,for_profit,53,TRUE,3,5610,3,5610,470,5,FALSE,0.001,3,11,9,1,0,2,1,114,67
28598,29404,Forest,64,for_profit,62,FALSE,2,292020,3,292020,34234,15,FALSE,0.429,1,10,10,0,0,0,0,51,214
28599,30265,Forest,80,pro_environmental,66,FALSE,2,1066144,3,1066144,124985,15,FALSE,0.976,1,12,9,0,0,0,0,69,270
28600,28869,Dairy,48,for_profit,52,FALSE,1,0,0,0,0,21,TRUE,0,1,11,18,0,0,1,0,76,174
28601,28828,Dairy,80,for_profit,64,FALSE,3,1050719,3,1050719,123176,15,FALSE,0.348,2,13,11,0,1,1,0,121,72
28602,30166,Dairy,32,for_profit,52,TRUE,2,828,3,828,181,15,FALSE,0.001,2,9,14,1,1,1,1,143,103
28603,29635,Forest,48,for_profit,67,FALSE,3,762435,3,437152.4913239246,51248,15,FALSE,0.432,2,13,13,0,0,1,0,119,87
28604,29379,Forest,48,pro_environmental,53,FALSE,4,0,0,0,0,21,TRUE,0,1,10,15,0,0,0,0,82,138
28605,29914,Forest,64,for_profit,74,FALSE,2,0,0,0,0,21,TRUE,0,1,12,16,0,0,0,0,77,146
28606,29624,Dairy,64,pro_environmental,78,FALSE,1,1507,3,1507,126,5,FALSE,0.001,3,11,10,2,2,0,1,61,120
28607,30079,Forest,80,for_profit,48,FALSE,4,649637,3,521279.61288522766,43666,10,FALSE,0.477,1,11,11,0,0,0,0,67,254
28608,29395,Dairy,112,for_profit,75,FALSE,2,448,3,448,30,5,FALSE,0,1,12,14,1,0,1,0,99,157
28609,30103,Forest,64,for_profit,50,FALSE,2,757504,3,757504,50916,5,FALSE,0.594,2,12,16,0,0,0,0,130,76
28610,29195,Dairy,32,for_profit,54,FALSE,2,1011902,3,1011902,68016,5,FALSE,0.714,1,9,9,1,1,0,0,122,151
28611,29988,Dairy,64,pro_environmental,46,FALSE,2,1465579,3,1465579,98510,5,FALSE,0.583,1,12,13,1,0,0,0,49,239
28612,29287,Forest,80,for_profit,68,FALSE,2,548495,3,548495,64300,15,FALSE,0.349,2,15,10,0,0,0,0,53,145
28613,28943,Dairy,48,for_profit,60,FALSE,4,1128610,3,1128610,75860,5,FALSE,0.732,2,14,14,1,0,1,0,96,157
28614,29999,Dairy,48,for_profit,65,FALSE,2,567709,3,325503.68713006866,38159,15,FALSE,0.321,2,8,10,0,0,1,0,54,246
28615,30066,SNB,64,for_profit,64,FALSE,4,273881,3,273881,18409,5,FALSE,0.693,3,11,9,0,0,0,1,143,108
28616,30057,Dairy,64,pro_environmental,41,FALSE,5,1238793,3,1238793,83266,5,FALSE,0.571,2,11,13,0,0,0,0,100,166
28617,29897,Dairy,64,for_profit,62,FALSE,3,1576693,3,1576693,105979,5,FALSE,0.734,1,10,14,0,0,0,0,101,253
28618,29906,SNB,80,for_profit,53,FALSE,2,206835,3,118591.66426381783,13903,15,FALSE,0.225,2,12,15,0,0,1,0,92,92
28619,30586,Dairy,64,for_profit,54,FALSE,2,1497061,3,1497061,100626,5,FALSE,0.642,1,9,15,0,0,0,0,67,142
28620,29815,Dairy,32,for_profit,76,FALSE,2,64,3,64,4,0,FALSE,0,2,15,16,0,0,1,0,83,183
28621,29687,Dairy,48,for_profit,60,FALSE,3,1302842,3,1302842,87571,5,FALSE,0.765,3,15,13,2,0,0,3,62,270
28622,29798,Forest,48,for_profit,65,FALSE,2,389469,3,389469,26178,5,FALSE,0.587,1,10,13,0,0,0,0,48,227
28623,29683,Dairy,64,pro_environmental,68,FALSE,1,1383,3,792.9618859325552,116,15,FALSE,0.001,2,11,14,0,1,1,0,126,155
28624,30208,Dairy,112,pro_environmental,51,FALSE,3,2445022,3,2445022,204811,10,FALSE,0.555,1,10,12,0,0,1,1,72,180
28625,30411,Forest,32,for_profit,47,FALSE,3,205505,3,117829.09064972505,13813,15,FALSE,0.36,2,8,11,0,0,0,0,131,163
28626,29586,Dairy,64,for_profit,47,FALSE,4,1347184,3,1347184,90552,5,FALSE,0.702,2,12,13,0,0,1,1,102,202
28627,29182,SNB,32,for_profit,76,FALSE,1,960,3,960,65,0,FALSE,0,1,11,13,1,0,0,0,57,224
28628,29880,SNB,96,for_profit,53,FALSE,5,541036,3,541036,36366,5,FALSE,0.753,2,14,12,1,0,0,1,148,234
28629,30414,Dairy,96,for_profit,58,FALSE,2,1756482,3,1756482,147134,10,FALSE,0.502,1,14,12,1,0,0,1,83,241
28630,29177,Dairy,48,pro_environmental,53,FALSE,4,937444,3,937444,78526,10,FALSE,0.555,3,12,12,2,0,0,1,114,47
28631,30086,Forest,64,for_profit,68,FALSE,2,150927,3,150927,32956,20,FALSE,0.122,2,11,14,0,0,0,0,115,84
28632,29730,Forest,32,for_profit,49,FALSE,2,276853,3,276853,18609,5,FALSE,0.642,1,9,14,0,0,0,0,137,229
28633,28826,Forest,32,for_profit,44,FALSE,3,130369,3,40131.26232021636,15283,20,FALSE,0.091,1,10,13,0,0,0,0,67,189
28634,29254,Dairy,64,pro_environmental,67,FALSE,4,625688,3,192604.44782587528,73350,20,FALSE,0.089,2,11,9,0,1,0,1,64,182
28635,29047,Dairy,48,for_profit,46,FALSE,5,968225,3,968225,81105,10,FALSE,0.526,2,12,7,1,0,0,0,45,159
28636,30492,Dairy,64,for_profit,81,FALSE,2,691,3,691,58,5,FALSE,0,2,13,13,0,1,2,0,106,122
28637,29474,Forest,80,pro_environmental,58,FALSE,1,384316,3,384316,83917,20,FALSE,0.241,2,11,17,0,0,1,0,88,151
28638,29884,Dairy,80,for_profit,49,FALSE,3,1761484,3,1761484,118399,5,FALSE,0.595,2,9,9,1,1,0,0,127,151
28639,30085,SNB,48,for_profit,66,FALSE,3,34842,3,34842,7608,20,FALSE,0.119,2,8,9,0,0,0,0,107,179
28640,29133,Dairy,64,for_profit,33,FALSE,2,1749862,3,1749862,117618,5,FALSE,0.75,1,16,9,1,1,1,1,66,260
28641,29072,Dairy,48,for_profit,53,FALSE,2,1251719,3,1251719,84135,5,FALSE,0.663,1,11,12,1,1,1,0,108,151
28642,30149,Forest,64,for_profit,55,FALSE,4,64,3,64,4,0,FALSE,0.209,2,8,10,0,0,1,0,108,107
28643,29451,Dairy,64,pro_environmental,60,FALSE,2,649417,3,199908.90458780807,76131,20,FALSE,0.093,1,14,12,0,0,0,0,125,207
28644,28868,Dairy,48,for_profit,66,FALSE,4,0,0,0,0,21,TRUE,0,1,10,13,0,0,0,0,62,204
28645,30404,Dairy,96,for_profit,58,FALSE,2,0,0,0,0,21,TRUE,0,3,9,14,2,0,0,1,132,139
28646,29042,Forest,64,for_profit,71,FALSE,5,827517,3,664013.505105074,55622,10,FALSE,0.54,2,15,13,0,0,0,0,117,52
28647,29664,SNB,64,for_profit,78,FALSE,2,3766,3,3766,441,15,FALSE,0.011,2,12,14,2,0,2,1,86,88
28648,30290,Dairy,64,for_profit,62,FALSE,2,2400,3,2400,161,5,FALSE,0.001,2,13,13,0,0,0,1,108,156
28649,29546,Forest,32,pro_environmental,60,FALSE,3,84981,3,26159.553292840374,7119,20,FALSE,0.077,1,14,11,0,0,0,0,138,232
28650,29678,Forest,32,pro_environmental,40,FALSE,3,220769,3,177148.744386571,14839,10,FALSE,0.521,1,8,13,0,0,0,0,88,73
28651,30019,Dairy,80,for_profit,51,FALSE,2,1545879,3,1545879,129493,10,FALSE,0.53,1,14,18,0,0,0,1,64,274
28652,29067,SNB,48,for_profit,55,TRUE,2,1609,3,1609,108,5,FALSE,0.006,2,15,15,2,0,2,1,125,161
28653,28904,Forest,48,for_profit,41,FALSE,3,890592,3,890592,74602,10,FALSE,0.472,1,13,12,0,0,0,0,109,99
28654,29674,Forest,192,for_profit,67,FALSE,4,427119,3,427119,50071,15,FALSE,0.345,2,12,10,0,0,0,0,18,291
28655,30407,Dairy,64,for_profit,53,FALSE,5,1429569,3,1429569,119750,10,FALSE,0.566,3,11,16,0,0,0,0,124,58
28656,30468,Dairy,32,for_profit,76,FALSE,2,0,0,0,0,21,TRUE,0,1,16,10,1,0,1,0,139,101
28657,28880,Dairy,64,for_profit,59,FALSE,3,694644,3,694644,81433,15,FALSE,0.351,2,14,14,0,0,1,1,98,135
28658,29986,SNB,80,for_profit,73,FALSE,2,0,0,0,0,21,TRUE,0,2,11,11,2,0,0,0,60,244
28659,29469,Forest,48,for_profit,76,FALSE,1,0,0,0,0,21,TRUE,0,2,9,15,0,0,0,0,120,129
28660,29791,Crop,144,for_profit,57,FALSE,2,1914060,3,1914060,160334,10,FALSE,0.513,2,12,9,2,0,0,0,122,94
28661,29476,Dairy,48,pro_environmental,68,FALSE,1,1390,3,796.9754312698856,163,15,FALSE,0,2,8,9,0,1,2,2,66,178
28662,28783,Dairy,48,for_profit,43,TRUE,3,2197,3,1259.679872302114,258,15,FALSE,0.001,2,9,10,1,2,0,0,101,217
28663,29317,SNB,64,for_profit,73,FALSE,2,64,3,64,4,0,FALSE,0,2,13,6,0,0,2,1,56,209
28664,29076,Dairy,48,for_profit,71,FALSE,2,800,3,800,54,0,FALSE,0,2,12,10,0,0,0,1,89,172
28665,30342,SNB,64,for_profit,78,FALSE,2,128,3,128,9,0,FALSE,0,2,9,11,0,0,1,1,145,63
28666,29607,Dairy,96,for_profit,79,FALSE,1,3714,3,2129.4724832635648,311,15,FALSE,0.001,3,9,15,0,1,0,2,85,225
28667,28812,SNB,96,for_profit,76,FALSE,2,128,3,102.70934452518736,9,10,FALSE,0,2,14,15,0,0,2,0,63,127
28668,29269,Dairy,32,pro_environmental,63,FALSE,1,2050,3,1644.9543459112037,172,10,FALSE,0.001,1,13,15,1,1,1,1,52,114
28669,29058,Dairy,64,pro_environmental,57,FALSE,3,1654404,3,1654404,111202,5,FALSE,0.673,2,9,10,1,2,1,1,126,143
28670,29692,Dairy,64,for_profit,44,FALSE,3,1835832,3,1473102.3545184669,123397,10,FALSE,0.56,3,11,9,0,1,0,0,90,158
28671,29419,Forest,32,for_profit,48,FALSE,4,281052,3,281052,18891,5,FALSE,0.635,1,13,14,0,0,0,0,117,145
28672,30295,Forest,80,for_profit,70,FALSE,4,0,0,0,0,21,TRUE,0,2,9,12,0,0,0,0,119,110
28673,29153,Forest,48,for_profit,49,FALSE,5,388840,3,388840,26136,5,FALSE,0.586,1,10,11,0,0,0,0,69,193
28674,29006,SNB,32,pro_environmental,66,FALSE,2,73839,3,73839,8656,15,FALSE,0.37,2,11,13,0,0,2,2,126,106
28675,30297,Forest,32,for_profit,69,FALSE,2,811667,3,811667,67991,10,FALSE,0.645,1,14,10,0,0,0,0,52,149
28676,30435,SNB,64,for_profit,59,FALSE,2,250233,3,250233,16820,5,FALSE,0.606,2,11,13,1,0,0,1,15,298
28677,28777,Dairy,64,for_profit,57,FALSE,3,1142829,3,1142829,95731,10,FALSE,0.49,1,11,16,1,0,0,0,72,248
28678,30292,Dairy,32,for_profit,62,TRUE,3,960,3,960,65,0,FALSE,0,1,9,10,1,0,1,0,80,136
28679,29189,Dairy,48,for_profit,47,FALSE,3,1187508,3,1187508,79819,5,FALSE,0.604,2,16,11,0,0,2,0,60,183
28680,30376,Dairy,64,for_profit,55,TRUE,2,256,3,256,17,0,FALSE,0,1,17,13,1,1,1,0,54,230
28681,29893,SNB,32,for_profit,68,FALSE,2,0,0,0,0,21,TRUE,0,1,12,10,0,0,0,0,144,239
28682,29820,Forest,80,for_profit,53,FALSE,3,699737,3,215398.82258942875,82031,20,FALSE,0.119,2,15,12,0,0,0,0,121,152
28683,29071,Dairy,32,pro_environmental,55,FALSE,4,681667,3,681667,57101,10,FALSE,0.585,1,15,7,0,0,0,0,69,247
28684,29967,Forest,48,pro_environmental,78,FALSE,2,0,0,0,0,21,TRUE,0,1,14,13,0,0,0,0,137,232
28685,30110,Forest,32,for_profit,58,FALSE,3,245601,3,245601,20573,10,FALSE,0.555,1,13,11,0,0,0,0,108,99
28686,30158,SNB,48,for_profit,47,FALSE,3,149460,3,149460,10046,5,FALSE,0.699,2,12,12,2,0,0,1,107,59
28687,29847,SNB,48,pro_environmental,63,FALSE,2,138152,3,138152,9286,5,FALSE,0.711,1,14,11,0,0,1,1,66,122
28688,30063,Forest,32,for_profit,51,FALSE,2,836168,3,836168,56204,5,FALSE,0.59,1,12,13,0,0,0,0,123,108
28689,30162,Dairy,48,for_profit,42,FALSE,3,1181406,3,1181406,79409,5,FALSE,0.704,2,13,7,0,1,0,0,95,107
28690,29041,Forest,32,for_profit,58,FALSE,4,237569,3,136213.42174917657,19900,15,FALSE,0.312,1,14,12,0,0,0,0,64,265
28691,30422,Forest,32,for_profit,45,FALSE,3,304964,3,304964,20498,0,FALSE,1.271,1,14,8,0,0,0,0,91,240
28692,30424,Dairy,48,for_profit,61,FALSE,3,1201349,3,1201349,80750,5,FALSE,0.73,2,13,7,0,0,1,2,110,51
28693,30267,Forest,80,for_profit,49,FALSE,4,728066,3,728066,48937,0,FALSE,1.534,1,11,12,0,0,0,0,64,243
28694,29375,SNB,48,pro_environmental,66,FALSE,4,114199,3,114199,13388,15,FALSE,0.402,1,13,14,0,0,0,0,56,177
28695,29290,Dairy,64,for_profit,76,FALSE,2,274923,3,274923,60031,20,FALSE,0.146,3,16,12,1,0,0,0,113,71
28696,30018,Dairy,48,for_profit,52,FALSE,3,1190680,3,1190680,80032,5,FALSE,0.739,1,9,11,0,1,1,0,54,110
28697,30157,Dairy,32,for_profit,52,FALSE,1,0,0,0,0,21,TRUE,0,1,12,15,1,1,0,0,66,275
28698,28763,Crop,32,for_profit,67,FALSE,2,459659,3,459659,53886,15,FALSE,0.359,2,11,11,0,0,0,0,131,103
28699,30418,Forest,48,for_profit,60,FALSE,1,699594,3,561365.9466699526,47024,10,FALSE,0.488,2,13,10,0,0,0,0,121,143
28700,29074,Forest,48,for_profit,46,FALSE,1,645209,3,517726.5114980595,43368,10,FALSE,0.608,1,13,10,0,0,0,0,120,94
28701,29183,Dairy,48,pro_environmental,35,FALSE,1,1485659,3,1485659,99860,5,FALSE,0.726,2,10,13,2,0,2,0,70,186
28702,29187,Forest,80,for_profit,63,FALSE,3,1474073,3,1474073,123478,10,FALSE,0.793,3,15,11,1,0,0,0,108,113
28703,28789,Crop,48,for_profit,46,FALSE,2,972572,3,972572,65372,5,FALSE,0.611,3,18,10,2,0,0,0,127,64
28704,29744,Dairy,32,pro_environmental,60,FALSE,1,640,3,640,43,0,FALSE,0,2,14,12,0,2,0,0,125,114
28705,30040,Forest,32,pro_environmental,57,FALSE,4,244531,3,244531,20484,10,FALSE,0.567,1,8,7,0,0,0,0,125,163
28706,29606,SNB,32,pro_environmental,59,FALSE,3,85715,3,85715,10048,15,FALSE,0.512,2,13,9,2,0,2,1,34,255
28707,29502,Dairy,80,pro_environmental,47,FALSE,2,1750986,3,1750986,146674,10,FALSE,0.543,2,9,16,0,0,0,2,80,183
28708,28966,Dairy,48,for_profit,73,FALSE,1,225948,3,225948,49337,20,FALSE,0.129,1,14,11,1,0,0,1,37,268
28709,30109,Forest,32,pro_environmental,54,FALSE,4,665884,3,665884,44758,5,FALSE,0.577,2,13,16,1,1,1,1,125,52
28710,29864,Forest,32,for_profit,67,FALSE,2,0,0,0,0,21,TRUE,0,1,10,11,0,0,0,0,150,225
28711,30240,Crop,32,for_profit,52,FALSE,4,794444,3,794444,66548,10,FALSE,0.565,2,8,14,1,0,0,0,80,154
28712,30459,SNB,48,for_profit,61,FALSE,3,248455,3,248455,20812,10,FALSE,0.587,2,11,14,1,0,0,0,57,191
28713,29603,Dairy,32,for_profit,59,FALSE,2,960,3,960,65,0,FALSE,0.107,1,15,11,1,0,0,1,102,156
28714,30315,Forest,32,for_profit,48,FALSE,4,253326,3,253326,17027,5,FALSE,0.573,1,10,13,0,0,0,0,112,114
28715,29543,Crop,32,pro_environmental,57,FALSE,3,1085476,3,1085476,72961,5,FALSE,0.779,1,12,11,0,0,0,1,57,234
28716,28973,Dairy,32,for_profit,54,FALSE,2,807293,3,807293,54263,5,FALSE,0.603,2,10,12,2,0,0,1,107,168
28717,29814,Dairy,32,for_profit,42,FALSE,2,643244,3,643244,53882,10,FALSE,0.552,1,13,16,0,0,0,1,47,271
28718,28983,Dairy,32,for_profit,40,FALSE,2,670748,3,670748,56186,10,FALSE,0.533,1,13,17,1,0,0,1,121,82
28719,29971,Forest,32,pro_environmental,44,FALSE,3,219817,3,176384.8436366649,14775,10,FALSE,0.519,1,8,10,0,0,0,0,18,278
28720,29321,Dairy,32,for_profit,64,FALSE,3,738051,3,738051,61824,10,FALSE,0.587,1,15,10,0,1,1,0,46,262
28721,29487,Dairy,48,for_profit,40,FALSE,4,1077453,3,1077453,72422,5,FALSE,0.571,1,9,14,0,0,1,0,114,95
28722,30152,Dairy,32,pro_environmental,58,FALSE,2,751464,3,751464,50510,5,FALSE,0.679,2,13,15,0,0,2,2,135,21
28723,30275,Dairy,64,for_profit,42,FALSE,3,1359476,3,1359476,91378,5,FALSE,0.596,1,14,14,0,0,1,0,136,83
28724,29370,Forest,48,for_profit,54,FALSE,2,1154017,3,1154017,96668,10,FALSE,0.564,2,13,14,0,0,0,0,92,183
28725,30483,Forest,32,for_profit,72,FALSE,4,239456,3,137295.35889939693,20058,15,FALSE,0.31,1,11,12,0,0,0,0,86,213
28726,29572,Dairy,32,for_profit,53,FALSE,4,1002264,3,1002264,67368,5,FALSE,0.707,1,10,13,0,0,0,0,70,170
