farm_id,farmer_id,farm_type,size_ha,gross_profit,current_profit,current_income,current_costs,ghg_emissions,nitrates,sediment,phosphates,e_coli
28727,28029,Forest,96,51979,51979,374052,322073,-1074.1,193.3,287.2,19.3,38.5
28728,27973,Dairy,32,42454,15765,292046,249592,294.8,552.5,9.7,7.5,55.5
28729,28482,Forest,32,39715,13631,265037,225322,301.6,534.3,32.1,9.2,61.7
28730,27066,Forest,272,205143,205143,1489432,1284289,-2112.1,2859.9,895.7,95.4,378.7
28731,27200,Dairy,160,140567,31454,1166202,1025635,1115.5,2379.7,150.6,37.2,220
28732,28010,Forest,96,56298,56298,434795,378497,-1362.3,192.8,283.3,19.4,38.2
28733,27493,SNB,128,45878,20248,338213,292335,-398.6,883.5,531.9,31.5,164.8
28734,28530,Forest,64,29849,10451,277901,248052,-882.7,127.7,194.8,12.7,24.6
28735,27246,Forest,128,87448,49914,578695,491247,-1700.7,256.5,380.3,25.6,50.6
28736,27937,Crop,64,109624,52219,281595,171971,67.6,1272.1,63.4,24.6,12.6
28737,27758,Forest,96,65974,22535,518869,452895,-1042.4,763.3,303.2,31.3,67.5
28738,28034,Dairy,80,115866,51690,665838,549972,450.8,1127.9,109.5,21.5,140.8
28739,26952,Forest,144,81126,24045,708205,627079,-1016.5,734.2,352.4,27.8,71.1
28740,26972,Forest,432,236428,236428,1660678,1424250,-4887.3,866.7,1301.5,86.2,172.8
28741,27866,Dairy,80,99256,36517,808289,709033,845.7,1968,145.6,35.1,185.7
28742,27626,SNB,592,57243,57243,580499,523256,1455.2,6131.6,5578.4,213.1,1694.7
28743,27250,Dairy,64,61111,0,684278,623167,709.4,1064.6,64.7,17.9,129.9
28744,27466,Dairy,288,410566,209978,2405294,1994728,2555.1,10500.5,389.4,183.2,1095.5
28745,27371,SNB,160,7249,7025,332328,325079,494.7,1003.9,318.5,39.2,306.7
28746,26882,Forest,256,205243,114346,1235730,1030487,-1690.9,2759.5,741.2,83.9,323
28747,27164,Forest,96,69297,38202,436437,367140,-1407.1,193.2,287.3,19.1,37.9
28748,27607,Forest,208,180375,79249,1188460,1008085,-1388.9,2435.5,464.9,52,142.4
28749,28385,Forest,80,36394,0,303296,266902,-844.5,160.1,239.4,16,31.6
28750,27601,Forest,128,95918,57738,581630,485712,-1842.3,256.3,383.5,25.7,50.9
28751,27132,Forest,320,207483,90533,1426604,1219121,-2485.1,2712.4,852.4,80.9,221.7
28752,28477,SNB,96,5230,0,127347,122117,275.8,890.1,1068.2,38.4,311
28753,27788,Forest,208,164465,88540,1163568,999103,-1006.1,2597.2,688.1,79.2,206
28754,27659,Crop,64,64868,18055,250710,185842,-184.8,451.4,52,9.1,8.4
28755,27917,Dairy,144,210876,210833,1048618,837742,1357.1,5282.7,574.2,122,578.9
28756,27149,Forest,48,47874,7793,448087,400213,490.1,868.2,48.2,14.2,106.2
28757,28316,Forest,64,48390,0,294512,246122,-933.2,126,195.2,12.9,25.9
28758,28203,Dairy,32,45034,20610,203121,158087,273.4,505.3,11,5.1,23.6
28759,28594,Forest,32,31258,22128,150359,119101,-433.8,64.4,97.2,6.5,13.1
28760,27546,Forest,160,100374,62849,633061,532687,-1971.7,317.9,481.4,31.5,63.7
28761,28224,Dairy,176,223251,80477,1552028,1328777,1773.7,6581.5,211.2,116.2,704.9
28762,27432,Forest,240,113235,54288,888734,775499,-2616.6,479.7,710.3,48.1,95.9
28763,28698,Forest,32,20963,13722,118796,97833,-176.9,104.7,106.2,7.3,32.3
28764,27439,Forest,96,64619,0,493935,429316,-990.7,437.5,244.3,18,44.4
28765,27413,Dairy,656,807419,806702,5113768,4306349,6225.6,24020.3,1268.2,449.9,1293.4
28766,28164,SNB,80,12038,2782,184972,172934,262,372.7,235.5,17.6,111.6
28767,28357,Forest,64,34954,34954,248115,213161,-731.6,128.3,188.9,12.8,25.9
28768,27061,SNB,128,25197,12989,180285,155088,123.2,1268.1,1905.7,59,478
28769,28500,Dairy,48,67376,20008,542140,474764,518.1,1664.5,66.7,23,41.4
28770,27986,Dairy,128,224639,224639,1145811,921172,1267.8,4730.5,513.4,107.5,602.2
28771,26967,Forest,256,116846,116846,957454,840608,-2714.9,669.5,746.7,51.9,123.2
28772,27174,Forest,80,66981,45539,353746,286765,-1135.1,160.5,243,15.8,31.8
28773,28134,Dairy,160,214342,214149,1118862,904520,1405.4,6033.3,637.9,136.9,572.4
28774,27906,Forest,64,60212,35053,299591,239379,-898.5,127.9,192.5,12.9,25.2
28775,27044,Dairy,64,81646,31258,584498,502852,592.3,2016.6,389.6,47.4,171.2
28776,27134,Forest,144,20642,8691,156090,135448,378.5,1577.2,2156.6,70,533.1
28777,28677,Forest,64,51446,31449,290567,239121,-825.6,128.4,192.1,12.7,24.8
28778,27141,Dairy,160,181946,70478,1172546,990600,1183.1,5741.6,582.5,117.8,642.5
28779,28322,Dairy,48,24537,24537,388483,363946,447,672.1,5,6.1,18.1
28780,27201,Dairy,160,249146,132785,1246038,996892,813.7,4814.3,610.2,117.5,591.1
28781,27789,Dairy,160,184361,184264,942873,758512,1289.9,4810.9,188.5,64.8,220.4
28782,28182,Dairy,112,155305,50977,971940,816635,1059.7,3352.8,67.3,46.6,195.9
28783,28662,Dairy,48,55012,13677,348991,293979,24.6,1118.6,89.1,24.1,146.6
28784,28257,SNB,96,25187,5021,285473,260286,-579,326.1,199.4,19.4,90.6
28785,28284,Forest,32,27503,16595,150048,122545,-391,64.4,94,6.4,13.1
28786,27879,Crop,48,77842,77842,217360,139518,52.6,1006.5,49.1,20.2,9.5
28787,27691,Dairy,128,97491,12478,865857,768366,163.6,1448.3,170.2,27.8,92.4
28788,27697,Forest,144,71046,71046,587019,515973,-1757.8,289,423.4,28.8,57.7
28789,28703,Forest,48,47304,2563,214182,166878,-384.3,352.8,105,10.4,14.5
28790,27385,Dairy,176,240052,100295,1549955,1309903,1671.1,6623.4,210.7,119.2,719.1
28791,28420,Forest,96,123438,58368,753044,629606,559.6,2871.9,156.8,42.4,80.3
28792,28372,Forest,64,58150,30129,395431,337281,-557.5,380.7,145.6,13.1,45.4
28793,27620,Dairy,128,194531,97361,1119424,924893,1301.5,4870,509.3,105.9,575.5
28794,27860,Forest,208,116055,70287,787288,671233,-2136.3,577.8,788.3,46.8,142.7
28795,28458,Dairy,48,59717,30789,347233,287516,30.9,1234,59.7,15.1,56.3
28796,27417,Forest,96,67300,57923,378088,310788,-1117.2,190.4,280.7,18.8,36.3
28797,27030,SNB,128,12103,12103,123669,111566,302.6,963.5,1238.1,40.6,307
28798,26976,Crop,112,198923,96148,517885,318962,128.6,2181.1,113,44,22.5
28799,27931,Dairy,80,109917,46013,709588,599671,703,1480.6,13.6,14.4,48.6
28800,27287,Forest,80,51095,25157,360744,309649,-1130.9,159.8,247.4,15.8,31.8
28801,26936,Forest,80,52760,33172,343723,290963,-1111.4,161.4,242.2,15.8,31.7
28802,27387,Dairy,32,35340,35120,205358,170018,246.3,487.5,11.4,5.1,29.2
28803,28174,SNB,32,4395,0,59290,54895,113,329.4,420.4,15.8,126.1
28804,26873,Dairy,656,781868,322559,3800050,3018182,5169.5,23604.6,1582,432.9,2224.8
28805,27677,Dairy,32,77430,54349,296399,218969,304.3,1157.1,128.7,27,138.3
28806,28263,Dairy,32,58741,58741,327372,268631,352.9,1074,127.1,27.7,145.5
28807,27551,Dairy,80,96156,96156,734071,637915,461.2,2511.8,300.8,58.9,293.4
28808,28156,SNB,256,51958,13098,516183,464225,-738.2,908.8,508,40.7,156.9
28809,27771,Forest,80,63374,31038,357465,294091,-402.1,849.9,229,26.3,121.4
28810,27424,Forest,160,208073,94069,1160973,952900,1327.4,6090.3,191.8,110.3,457.5
28811,28202,Dairy,96,89952,4792,833686,743734,856.8,1480.3,10,12.2,35.7
28812,28667,Forest,96,47822,36719,300485,252663,-757.9,479.4,722.8,29,160.4
28813,28283,Forest,64,45051,45051,291873,246822,-924,127.6,194.6,12.7,25.1
28814,26926,Forest,96,51822,28912,423106,371284,-1351.4,191.4,288.2,19.3,38.3
28815,27695,SNB,176,18127,2662,187958,169831,434,1627.2,976.6,47,297.5
28816,28379,Forest,64,39236,0,422012,382776,-152.9,581.7,127.4,15.9,79.8
28817,28199,SNB,240,11326,0,238813,227487,589.7,2375.9,466.1,53.7,390.5
28818,26939,Dairy,80,71604,10435,841246,769642,826,2744.4,151,43.1,189.9
28819,27179,SNB,368,61216,28077,401113,339897,148.8,2942,2427.7,122.6,937.5
28820,27014,Crop,64,131388,68099,321094,189706,76.1,1216.1,64,25.7,12.1
28821,28180,Forest,64,95706,43829,608245,512539,589.8,968.5,6.7,8.1,44.7
28822,27586,Dairy,64,109609,47747,697899,588290,692.6,2371.3,212,52.1,270.1
28823,27406,Dairy,128,130101,15389,1139183,1009082,1352.9,4822.7,509.9,109,437.9
28824,27871,Forest,272,134887,82493,1072498,937611,-3102.2,545.4,810.3,54.1,109.3
28825,28428,Forest,80,57967,36617,364219,306252,-1145.8,158.3,243.5,15.7,33.2
28826,28633,Forest,32,23289,13654,141903,118614,-454.2,63.4,95.8,6.3,12.8
28827,27636,Dairy,96,146572,146546,845621,699049,885.9,3546.4,115.6,64.8,199
28828,28601,Dairy,80,110439,41883,703851,593412,760.9,3107.3,314,67.5,219.9
28829,27739,Forest,368,281530,178208,1680276,1398746,-5056,733.1,1103.3,73.6,147.2
28830,28344,Forest,144,80460,51498,563308,482848,-1615,288,439.3,28.5,57.9
28831,28510,Forest,80,38737,38737,275633,236896,-726.7,319.5,424.9,21.4,77.2
28832,27443,Dairy,80,99693,36776,752132,652439,731.9,1192,8.5,10.2,57.4
28833,28342,Forest,80,46725,46725,361284,314559,-1082.3,159.6,235.6,15.9,33
28834,28313,Dairy,64,80805,30698,568012,487207,624.8,2427.8,252.2,55.2,298.8
28835,28542,Dairy,48,38047,0,439711,401664,523.1,1997.5,185.3,38.9,108.7
28836,28293,Crop,96,155900,79096,610013,454113,390.8,2402.2,147.6,45.6,107.8
28837,27648,Forest,64,66415,16554,429237,362822,-107.2,1247.6,223.2,33.1,87.7
28838,27658,Forest,112,80885,80885,567854,486969,-1004.8,836.3,351.8,33.7,113.2
28839,27313,Forest,112,100462,58153,521309,420847,-1727.7,224.6,337.7,22.3,44.8
28840,28499,Forest,32,4169,0,104247,100078,124.2,348.4,402.8,16,127.3
28841,27718,Forest,80,83675,39133,543047,459372,-282.8,1203.2,153.4,21.2,73.8
28842,28024,Dairy,64,86235,86235,656286,570051,712.4,2485.2,254.7,55.5,287.9
28843,27324,Forest,48,48051,48051,277291,229240,-191.5,710.6,155.2,19.3,83.3
28844,28366,Dairy,64,65672,8714,553724,488052,618.8,1092.9,64,18.9,140.4
28845,27185,Dairy,64,89591,46332,506056,416465,247.9,1913.8,241,44.2,217.7
28846,28467,Forest,48,28208,16345,188237,160029,-571.2,95.9,142.9,9.8,18.8
28847,28290,Forest,96,86617,86617,455722,369105,-1360.6,191.8,294.9,19.3,37.9
28848,28360,Forest,96,53369,27693,377899,324530,-1152.1,193.7,286.8,19.5,39.5
28849,27547,Dairy,256,255040,254806,1645740,1390700,89.5,5264.6,418.6,97.4,427.9
28850,27486,Forest,80,81665,54364,376763,295098,-1184.8,159.9,240.7,15.9,32.1
28851,27798,SNB,48,-2214,0,84028,86242,132.3,330.9,81.1,10.1,83
28852,27300,Forest,416,467410,223918,2915536,2448126,-2220.5,5890.2,1394.9,175.8,788.1
28853,28242,Dairy,144,203063,79252,1388153,1185090,1486.2,5331.6,568.8,124.8,317.1
28854,28375,Forest,32,14366,9743,140170,125804,-433.4,64.7,95,6.4,12.9
28855,28135,Dairy,32,41632,16049,308894,267262,301,1148.1,38.5,22,68.1
28856,26957,Dairy,96,169062,86694,988528,819466,987.7,3332.4,173.2,52.6,177.3
28857,27096,Dairy,64,56926,56926,537967,481041,599.7,2308.5,89.1,30.2,111.1
28858,27206,Dairy,112,138629,138625,874867,736238,955,3662.9,161.6,50.4,158.6
28859,27943,Forest,80,40568,24992,242473,201905,-433.1,442.4,619.7,25.6,148.5
28860,28339,Forest,128,80302,25967,540212,459910,-1572.3,257.6,383.2,25.6,52.4
28861,28509,Dairy,64,85003,41797,537656,452653,291.3,812.1,98,17,106.4
28862,27624,Dairy,176,205337,205135,1741799,1536462,1743.4,6324.4,356.3,100.1,257.1
28863,27561,Dairy,64,86538,86452,651099,564561,618,1034.5,34.7,13.8,43.8
28864,28304,Forest,64,53737,53737,299452,245715,-974.7,129.7,191.3,12.9,25.8
28865,27337,Forest,112,89423,59561,521699,432276,-1615,223.8,341.5,22.3,44
28866,27820,SNB,64,13334,13334,143289,129955,-73,585.3,262.5,22,173.7
28867,27616,SNB,192,31108,3453,546747,515639,665.7,2160,784.9,76.8,689.5
28868,28644,Forest,48,44237,30965,228831,184594,-683.5,96.2,143.6,9.7,18.7
28869,28600,Forest,48,42911,27966,222907,179996,-651.8,96.6,139.2,9.6,19.9
28870,28000,Dairy,80,91648,43234,484943,393295,68.9,2000,282.7,44.9,117.2
28871,26999,Dairy,112,145334,58266,971481,826147,775.1,3668.4,434.6,83.2,448.3
28872,28184,Forest,48,29226,22222,190946,161720,-385.6,238.4,324.4,14,77.8
28873,27057,Dairy,80,106344,43733,518449,412105,719.5,3002.6,315.9,66.5,183.1
28874,28558,Crop,64,97474,97474,278138,180664,70.3,1287.7,63.8,26.6,13.1
28875,26982,Forest,80,55877,32609,370022,314145,-1118.4,161,239.4,15.8,31.9
28876,27972,Forest,96,70754,70754,426575,355821,-1290.3,192.4,288.4,19.1,38.3
28877,28318,Dairy,32,15187,0,199682,184495,-96.9,263.2,53.1,6.8,31.2
28878,27567,SNB,160,12840,0,275249,262409,497.5,1241,1321.7,54.1,420
28879,28476,Forest,64,49032,30374,291991,242959,-912.6,129.3,193.2,13.1,25.8
28880,28657,SNB,64,15906,15906,211187,195281,-50.9,272.7,196.1,15.7,86.2
28881,27526,Dairy,160,141118,50214,945431,804313,237.2,1736.9,286.3,41,126.8
28882,27373,Forest,320,194698,116896,1263651,1068953,-3808.4,641.8,950,63.9,126.4
28883,28466,Dairy,64,93613,47359,557886,464273,598,2343,253.6,57,294.8
28884,27108,Forest,96,110444,73173,546382,435938,-928,417.9,247.4,18.2,37
28885,28187,Dairy,64,62986,6810,582698,519712,612,1066.9,63.2,17.7,66.1
28886,28062,Forest,128,147175,36143,1116047,968872,1252.7,2242.6,128.4,37.9,252.3
28887,28016,Forest,112,26958,6211,399632,372674,-645.8,679.6,809.7,36.8,220
28888,27772,SNB,64,3063,0,71579,68516,168.5,301.2,273.5,15.8,105.1
28889,27359,Dairy,48,36316,36316,514268,477952,503.1,700.5,17,7.7,36.9
28890,28123,Forest,80,64215,39956,353678,289463,-1146,159.5,236,15.9,32.3
28891,27276,SNB,192,37414,17245,275478,238064,294.7,1939.1,2883.4,92.1,716.4
28892,28590,Forest,32,17676,7977,137753,120077,-435.5,63.2,90.8,6.4,13.1
28893,28227,Forest,112,72933,72933,503848,430915,-1556.4,224,338.8,22.6,44.4
28894,27732,Dairy,160,216950,90980,1571803,1354853,1632.1,6099.3,638.8,139.1,733.8
28895,28441,Forest,112,86499,37714,616132,529633,-1143.9,756.9,306,30.2,102.3
28896,27153,Forest,160,220148,95831,1362413,1142265,1489.4,3008.6,164.2,51.7,364.5
28897,27414,Forest,80,47242,24598,354934,307692,-1159.4,159.4,247,16.1,32
28898,27172,Dairy,96,119121,47091,850209,731088,195.4,2323.8,171.1,49.7,255.7
28899,27011,Dairy,208,205204,89804,1308503,1103299,405.5,5006.7,719.7,125.6,589.9
28900,27837,Forest,144,102781,60848,653000,550219,-2036.2,289.4,428.1,28.5,58.8
28901,27698,SNB,48,-1425,0,134815,136240,180.8,561.3,570.3,23.5,187.4
28902,28498,Dairy,80,113763,113666,801038,687275,806.4,3124.7,319.9,67.1,300.8
28903,28479,SNB,64,13092,0,117348,104256,224.6,717.1,914.2,31.9,256.6
28904,28653,Forest,48,42144,25524,221391,179247,-662.2,96.4,148.1,9.8,18
28905,27962,Dairy,64,62761,62664,558717,495956,575.7,993.9,22.5,9.5,25.3
28906,27468,SNB,304,25411,0,493882,468471,629.9,1390.3,1171.7,74.6,459
28907,27083,SNB,144,72988,30912,642394,569406,-2169.9,287.3,435.5,29.1,58.9
28908,28285,Dairy,64,60532,16439,432058,371526,276.8,1815.5,245.6,43,220.4
28909,28042,Dairy,64,62896,62783,379471,316575,445.6,906.4,182.9,13.5,104.6
28910,27508,Forest,416,283681,174028,1676627,1392946,-4381.7,1392.7,1177.3,90,159.3
28911,27267,Dairy,272,239329,238469,1622356,1383027,1848.9,4284.4,302.8,76,506.1
28912,27846,Forest,80,50806,29176,354748,303942,-1038.2,161.8,234.1,15.8,32.5
28913,27654,SNB,128,8287,0,186306,178019,381.3,1320,1199.9,47.4,349.5
28914,26891,Forest,48,35297,35297,215958,180661,-718.5,95.2,143.8,9.7,18.6
28915,27127,Forest,608,308641,155810,2371309,2062668,-7082.8,1217.8,1818.5,121.5,244.4
28916,27031,Dairy,96,113461,34556,699752,586291,846.9,1888.4,92.2,25.6,143.2
28917,27049,Dairy,64,110505,61102,535899,425394,220.1,1889.3,103.6,35.8,198.8
28918,26955,Dairy,128,109360,8636,806510,697150,995.5,1984.7,19.6,19.1,88.5
28919,27813,Forest,128,108640,108640,569800,461160,-1710.5,256.5,390.5,26.1,52.1
28920,27717,Dairy,112,103442,103173,718648,615206,265.3,1456.9,180.6,28.8,180.5
28921,27234,Dairy,144,197754,197475,1426138,1228384,1517.6,4866.3,363.2,89.8,222.2
28922,27274,Dairy,352,363652,122565,2182981,1819329,2654.6,11694.1,988.1,244.1,1362.1
28923,26904,Dairy,80,116384,49687,844528,728144,788.4,2353.2,66.4,38.3,121.8
28924,27666,Forest,96,61975,53607,386690,324715,-1188.7,190.2,289.8,19.5,38.8
28925,27335,SNB,144,18643,0,413989,395346,354.4,747.9,41.2,15.8,76.1
28926,27142,Dairy,336,438186,177449,2320859,1882673,2626.6,11019,1113.2,236.5,627
28927,27709,Forest,96,80455,44526,465244,384789,-982.7,708.1,256.8,23.9,62.4
28928,27194,SNB,736,17569,16008,680422,662853,1659.9,4731.9,2370.8,140.4,861.5
28929,28452,Dairy,96,79192,1239,692370,613178,807.3,3513.9,64.1,46.3,119.3
28930,28214,Dairy,96,100408,19601,860082,759674,948.3,2274.1,192.9,44.8,283.6
28931,28592,SNB,32,3029,3029,31283,28254,83.6,353.4,565.8,17.4,130.9
28932,28557,Forest,64,24247,10074,246269,222022,-735.9,129.1,187.8,12.7,25.9
28933,28541,SNB,64,24450,9768,243343,218893,-746.8,127.4,191.8,12.9,25.5
28934,26922,Forest,160,110451,32005,644340,533889,-681.1,1364,1084.1,54.1,323.2
28935,28163,Forest,80,47069,22429,357949,310880,-1127.1,158.7,243.1,16.2,32.1
28936,28207,Dairy,176,196836,65269,1029320,832484,672.3,5328.6,262.1,106.9,309.2
28937,26947,Forest,144,97695,65483,535798,438103,-1460.8,451.4,648.9,33.5,117.1
28938,27923,SNB,96,20936,12098,132576,111640,300.9,1035.1,1581.3,48.4,383.1
28939,28015,Dairy,32,28535,0,353841,325306,341.7,1062.1,45.5,15.2,57.7
28940,28442,SNB,80,6165,0,79154,72989,193.9,803.1,493,21.9,143.4
28941,27589,Dairy,48,61113,61113,352733,291620,91.9,1303.9,178.5,30.3,154.5
28942,28147,Forest,96,69016,38047,443874,374858,-1382.9,192.4,294,19.2,39
28943,28613,Forest,48,30935,3015,311460,280525,-279.6,292.3,98,8.3,24.9
28944,27729,Dairy,192,162494,5202,1700870,1538376,1767.8,6802.2,137.6,78.7,354.6
28945,27288,Forest,80,55444,32026,352184,296740,-1121,160,241.6,15.8,32.6
28946,27988,Forest,96,80275,46633,511955,431680,-993.9,835.5,307.6,30.2,111.4
28947,26927,Forest,112,90586,47022,617133,526547,-1239.8,806.8,355.6,33.5,115.9
28948,26867,Dairy,96,106824,106727,837225,730401,224,2448.2,228.8,42.6,175.4
28949,26901,Dairy,128,124611,32149,1090624,966013,1152.6,4168.1,163.5,54.6,203.9
28950,26945,Forest,176,107422,107422,724330,616908,-2181.3,351.7,529.1,35.3,70.5
28951,27075,Dairy,256,277130,127519,1437767,1160637,114.9,6223.6,923.6,154.9,738.4
28952,27692,Forest,160,96112,43276,696514,600402,-2249.6,319.5,473.9,32.2,62.4
28953,28546,SNB,208,35172,16389,216172,181000,536.7,2199.7,3504.4,101.4,776.5
28954,28230,Dairy,112,151453,58620,1109953,958500,782.7,3452.7,433.5,83.3,262.7
28955,27637,Forest,224,218620,54826,1425451,1206831,1770.6,6760.1,304.4,96.4,384.1
28956,27473,Dairy,144,135507,59550,1048719,913212,294.6,3749.6,531.7,93.6,481.9
28957,27550,Forest,128,68259,31885,571810,503551,-1794.4,255.1,374.4,25.5,51.6
28958,26934,Dairy,208,240826,40451,2258890,2018064,2117.6,3526.4,207.2,57.4,215.1
28959,27213,Dairy,112,101737,22694,903696,801959,1025.3,2502.2,56.2,37.5,218.6
28960,27915,Forest,48,7591,0,290749,283158,-285.6,674,155.3,19.9,83.3
28961,28426,Dairy,112,104669,23407,667286,562617,566.5,1618.1,146.4,31,200.5
28962,27808,Forest,80,69967,46614,368129,298162,-1114.9,159.4,236.1,16.4,31.5
28963,27450,Forest,112,68484,30248,485432,416948,-1457.1,222.7,339.8,22.2,46.1
28964,28161,Forest,80,51063,30101,348417,297354,-1043.5,159.7,232.6,15.8,32
28965,27760,Dairy,32,48398,48398,289275,240877,311.2,1126.6,123.6,26.2,75.7
28966,28708,Dairy,48,46221,14026,403421,357200,458.6,764.2,17.2,8,41.8
28967,27655,Forest,80,87973,45403,559465,471492,-407.4,1225.7,191.3,25.1,73.9
28968,27619,Forest,80,59702,36256,370798,311096,-1163.8,159.6,238.8,16.2,32.2
28969,27530,Dairy,80,116213,62309,648147,531934,446.6,2499.8,301,60.4,295.6
28970,28204,Forest,80,37944,37944,362596,324652,-1199.4,160.1,242.6,16.2,31.5
28971,27167,Dairy,64,59277,2798,545915,486638,633,1306,79.7,21.6,109.2
28972,27730,Dairy,48,49012,16391,381367,332355,41.4,1147.1,60.8,14.8,33.6
28973,28716,Dairy,32,62256,31253,345334,283078,305.4,1065,45.5,16.1,57.1
28974,28373,Forest,128,98838,61232,579714,480876,-1851.6,257.2,373.5,25.6,51.1
28975,27078,SNB,176,31297,13770,236177,204880,237.4,1744.7,2799.2,81.8,638.6
28976,27463,Forest,64,99199,51807,449548,350349,590.4,2648.3,258,55,280.8
28977,27263,Dairy,80,126617,49418,611430,484813,619.4,1504.5,118.4,31.1,173
28978,27563,Forest,160,125928,50086,829199,703271,-2024.1,900.1,491.3,41.3,134.4
28979,27471,Dairy,144,136389,60489,776704,640315,-172.5,1455.6,275.9,35.6,192.3
28980,27594,Forest,64,48798,15025,397134,348336,-477.1,710.1,206.8,23.5,94.2
28981,27719,SNB,176,180503,28133,1250615,1070112,1244.3,2448,135.4,34.4,191.7
28982,27122,Forest,48,30537,10634,271132,240595,-299,678.1,161,18.8,80.7
28983,28718,Forest,32,4696,0,136370,131674,-450.5,63.4,94.9,6.6,12
28984,27280,Dairy,176,167503,167073,1161702,994199,1513.4,2816.9,113.2,38.8,240.8
28985,28446,Forest,64,37028,0,268718,231690,-851.8,127.6,194.3,12.8,26.2
28986,27183,Dairy,272,343193,343193,2812471,2469278,2476.9,9568.8,339.2,170,510.3
28987,28250,Forest,192,91613,52632,742797,651184,-2161.5,384.4,561.2,38.6,76.4
28988,28280,Dairy,96,117256,24136,958629,841373,965.2,3652.7,115,62.6,380.1
28989,27262,SNB,48,8538,0,50495,41957,137.2,539.7,817.9,24.7,200.8
28990,27227,SNB,672,57505,0,1168087,1110582,1468.2,5165,5065.4,210.2,1549
28991,28211,SNB,96,25116,25116,162714,137598,330.9,1074.9,1405.1,48.4,389.7
28992,27191,Dairy,64,46160,45945,587320,541160,606.8,1079.2,19.2,15,106.3
28993,27071,Forest,368,191215,100012,1455555,1264340,-4315.8,734.9,1107.2,74,149.5
28994,27162,SNB,64,63301,9630,293720,230419,-705.7,414.6,162,16.2,22.7
28995,26892,SNB,80,9555,2526,82876,73321,209.4,875.4,1361.1,41.8,317.9
28996,27021,Forest,384,508660,164346,1531138,1022478,390.1,6978,132.1,91,30.7
28997,27472,Dairy,160,198881,76862,1445887,1247006,1690,6289.1,639.2,136.2,706.2
28998,28370,Dairy,64,64691,13746,545832,481141,655.5,2428.4,258.5,54.3,289.9
28999,28294,Forest,112,64868,30188,491301,426433,-1474.1,225.3,348,22.4,45.5
29000,28554,Forest,64,36043,23947,218172,182129,-511.1,269.3,211.9,15.7,80.2
29001,27926,Dairy,144,117943,23537,1002600,884657,1328.5,3080.1,71.2,46.4,231.1
29002,27728,Forest,64,78037,30847,497623,419586,187.1,732.5,58.9,9.7,25
29003,28565,Dairy,64,129317,88344,565693,436376,276.9,1853.3,236,46.3,118.3
29004,27647,Forest,80,79662,36706,574609,494947,-328.6,1309.5,272.4,36.3,154.4
29005,27151,Dairy,528,599524,599358,3189033,2589509,4310,19730.8,1112.9,380.4,2175
29006,28674,SNB,32,4669,488,73370,68701,90.8,371,138.7,12.7,116.4
29007,27509,Forest,80,119653,59906,719129,599476,787.4,3185.9,185.3,56.7,326.1
29008,27686,Forest,48,36257,17798,203610,167353,-206.8,625.9,115.8,13.5,42.2
29009,27633,Dairy,112,155279,155150,814316,659037,655.5,3858,431.2,83.8,325.1
29010,27872,Dairy,240,238439,76295,1949714,1711275,846.4,4020.2,376.5,82.6,483.5
29011,26889,Dairy,224,211807,211764,1458512,1246705,-210.2,3973.6,729,104.4,312.3
29012,28374,Dairy,64,83067,24398,614472,531405,658.3,1778.1,149.2,36.8,187.8
29013,27325,Dairy,176,199531,83188,1303335,1103804,1226,6025.1,562.9,128.6,658.1
29014,28584,Dairy,64,80291,24495,707981,627690,676.2,2443.2,250.7,56.8,290.8
29015,27541,Dairy,160,157858,157858,1010014,852156,90.1,2812.9,434,65.5,346.3
29016,27754,Dairy,144,177904,177904,1038396,860492,300,1704.1,238,37.6,115.8
29017,28551,Dairy,64,74146,74092,433178,359032,224.6,1503.4,179.9,32.8,86.6
29018,28488,Dairy,64,104592,48816,571688,467096,605.4,2533.4,78.4,41.5,262
29019,27681,Forest,112,71999,43886,428979,356980,-853,498.6,386.9,24.3,90.7
29020,28331,Forest,96,75609,47931,441361,365752,-1302,193.2,291.5,19,38.1
29021,27155,Forest,128,81477,42102,575646,494169,-1862.5,258.2,383.7,25.7,51.5
29022,28524,Dairy,64,105310,54002,568407,463097,648,2446.6,256.1,55.2,279.4
29023,27682,Forest,128,115544,60402,651458,535914,-1556,831.2,395.9,35.4,116.7
29024,27399,Forest,96,52235,30354,376307,324072,-1153.8,191.7,288.1,18.9,38
29025,27611,Forest,80,6019,0,80017,73998,219.4,863.8,1317.3,39.5,317.3
29026,27113,Forest,80,57706,33252,356503,298797,-1090.9,161,241,15.9,31.4
29027,28539,Dairy,80,91353,91224,670033,578680,356,1020.3,73.6,13,32
29028,28445,Forest,64,52688,52688,296592,243904,-896.5,128.4,197.7,12.7,25.8
29029,28071,Dairy,96,143147,143121,847174,704027,947.5,3595.5,114.6,66.1,389.7
29030,27224,Forest,80,37300,10119,352487,315187,-1149.2,159.5,239.1,16.1,32.1
29031,28453,Forest,80,90100,18627,491185,401085,-18.2,1663.8,165.1,30.2,92.8
29032,28518,Forest,64,35791,18130,279849,244058,-836.9,126.9,194.7,12.6,26.7
29033,28104,Dairy,128,106526,35735,869403,762877,225.6,1251.4,170.4,22.5,84.3
29034,28195,Dairy,128,141706,29271,1209098,1067392,1228.6,3264.7,120.3,52.1,310.5
29035,27459,Dairy,112,99470,14185,903018,803548,974.5,3419.9,142.4,46.5,114.4
29036,27947,Dairy,128,139572,35446,985939,846367,498.5,3842.5,213.8,71.6,382.4
29037,28175,Forest,112,60766,35132,468742,407976,-1379.6,224,332.4,22.1,44.4
29038,27827,Forest,80,62321,30458,423916,361595,-676.9,411,209.8,17.6,59.9
29039,27062,SNB,144,35455,13974,276024,240569,501.4,1631.8,2058.6,71.4,572.8
29040,27052,SNB,112,-2285,0,99406,101691,225.2,471,49.5,12.2,71.8
29041,28690,Dairy,32,54313,54313,285035,230722,309.8,1241.5,127.4,25.8,146.6
29042,28646,Forest,64,16945,0,214978,198033,320.5,1094.3,794.6,38,273.9
29043,28264,Dairy,96,79908,7050,788989,709081,546.5,1347.1,126.8,26.2,169.8
29044,27944,Dairy,80,102430,44983,591065,488635,753.1,2088.9,173.6,40.6,115.4
29045,28073,Forest,224,153742,84923,967982,814240,-3056.5,446.9,669.5,44.8,88.5
29046,28085,Dairy,32,41354,41345,273112,231758,284.7,1157.4,13.5,12.5,50.9
29047,28635,Forest,48,43132,43132,285059,241927,-263.7,584.6,161.3,20,81.4
29048,28419,Forest,32,25069,16371,131748,106679,-384.1,64.8,96.4,6.5,12.6
29049,27701,Dairy,80,118930,44825,722394,603464,626,2059.9,23,22,47.9
29050,28228,Dairy,112,171236,97416,962193,790957,682.9,3590.6,297.1,74.4,413.1
29051,27479,Forest,176,119872,119872,767872,648000,-2415.2,352.7,529.2,35.2,70
29052,28399,Forest,48,30890,15861,216339,185449,-732.6,93.9,146.5,9.6,19
29053,27079,Forest,128,92411,42231,678900,586489,-1020.1,1033.8,369.5,38,144
29054,27374,Crop,32,42732,23663,151810,109078,-170.7,364.7,64.6,9.3,9.6
29055,28396,Dairy,48,80520,45299,502391,421871,485.4,1207.2,75.4,21.5,106.5
29056,27453,Dairy,96,134785,134785,914697,779912,951.7,3232,132.9,44.8,179
29057,27600,SNB,64,15458,3904,150210,134752,-5.3,579.2,247.1,22.1,177.2
29058,28669,Forest,64,50003,28560,286075,236072,-867.5,129.6,194.2,12.9,25.8
29059,27527,Dairy,192,167919,62201,1028145,860226,308.2,3872.5,556.8,93.5,493.6
29060,27340,Forest,176,52021,31077,539396,487375,-880.6,710.5,352.4,31.4,123.2
29061,27558,Forest,112,89310,57583,485307,395997,-1398.9,222.1,339.1,22,45.9
29062,28292,Forest,32,23136,19663,134104,110968,-454.5,63.9,94.4,6.3,12.8
29063,28059,Dairy,48,68188,31027,394830,326642,422.7,1781.4,192,40.8,109.5
29064,26989,SNB,64,3169,3169,95309,92140,175.9,503.7,217.1,14.7,99.4
29065,27139,Forest,80,68174,68174,406172,337998,-662.1,745.2,253.8,27.8,61.6
29066,27022,Forest,384,223758,108601,1726720,1502962,-5480.8,766.1,1161.6,76.8,153.6
29067,28652,SNB,48,16218,10727,118746,102528,170.1,497,458.5,19.5,142.6
29068,27317,Crop,96,70531,40980,436958,366427,-1413.1,193.1,291.2,19.4,38.3
29069,26997,Dairy,144,136926,3070,1259999,1123073,1044.9,2249.1,178.2,40,259.3
29070,28133,Forest,80,64763,28176,434256,369493,-341.9,1185.3,271.4,37.4,160.7
29071,28683,Forest,32,23702,12722,139721,116019,-452.8,63.2,96.4,6.4,13.1
29072,28641,Dairy,48,45483,5948,442693,397210,470.8,1806.8,191.9,40.2,106
29073,28378,Dairy,96,138450,66689,818066,679616,229.2,2290.8,269.4,49.2,111.6
29074,28700,Forest,48,30527,20753,219971,189444,-776.5,95.5,147.9,9.6,18.8
29075,27559,Dairy,448,489323,489103,3024158,2534835,3327.5,14846.7,366.2,172.1,422.6
29076,28664,Dairy,48,61298,24713,452026,390728,517.1,1888,192.4,40.1,214.7
29077,28165,Forest,64,46464,25668,299296,252832,-956.4,127,186.7,12.9,26.1
29078,27290,Dairy,144,127713,18868,751155,623442,472.6,4232.2,539,99.2,253.9
29079,26887,SNB,320,65928,28300,464643,398715,410,3179.8,4600.4,148.5,1133.5
29080,27978,Forest,96,55357,33614,370902,315545,-1144.4,192.7,287.2,19.2,37.9
29081,27829,Forest,64,45520,0,281540,236020,-838.5,129.2,188.2,13,26.2
29082,28574,Dairy,64,79332,79332,704705,625373,687.8,2228.6,90,29.8,118.5
29083,28176,Dairy,80,63502,8239,521601,458099,-42.4,1791.9,201.9,33.5,137.6
29084,27215,SNB,80,-2649,0,84843,87492,184.9,336.2,102.4,11,57.6
29085,28040,Dairy,64,76106,38879,463265,387159,-172.9,1257.3,223.6,33.2,87.8
29086,27817,Dairy,64,80551,80551,605727,525176,309.6,1667.3,114.9,24.9,90.7
29087,27135,Forest,208,163501,100442,952995,789494,-2966.9,416,604.4,42,83.2
29088,28537,Dairy,96,159501,75172,1018352,858851,930.9,1546.1,22.8,18.4,126.3
29089,28019,Dairy,80,76951,28702,465500,388549,9.9,1947.3,154,39.5,212.5
29090,27131,Forest,128,84421,35852,632281,547860,-1445.4,755.7,359.4,29.3,71.8
29091,27013,Dairy,352,354199,353709,2164565,1810366,2538.6,11249.8,500.9,152.8,574.8
29092,28424,Dairy,80,123108,53966,792041,668933,806.1,2685.7,269.8,58.9,230
29093,27873,Forest,144,120326,120326,687155,566829,-2122.6,288.3,433.3,29,57.5
29094,27903,Dairy,464,564826,564004,3080350,2515524,3938.4,16314,315.7,206.3,990.8
29095,27393,Dairy,96,84694,17919,556994,472300,86.9,1128.8,127.4,22.1,134.1
29096,27635,Forest,128,128561,21716,1033852,905291,1205.5,4707.6,394.6,91.1,486.7
29097,28508,Dairy,64,76483,22927,516010,439527,630.2,1062.3,63.5,19.2,96.7
29098,27348,Forest,64,50382,50382,280037,229655,-874.4,127.5,190.6,12.8,25.7
29099,27548,Forest,336,178338,112340,1282506,1104168,-3501.3,806.4,1045.6,67.9,155.8
29100,27859,Dairy,192,272039,126666,1947112,1675073,1869.6,7138.7,357.9,137.5,403.3
29101,28044,Dairy,192,228907,93094,1448362,1219455,1350.5,6242.2,657.2,119.7,599.7
29102,27232,Forest,192,86046,43513,750125,664079,-2169.1,382.8,583.3,38.8,75.5
29103,27199,Forest,64,119080,66455,575692,456612,595.6,2428.7,76.7,43,252.7
29104,27870,Dairy,112,114581,114581,631602,517021,-147.3,1841.3,214.8,39.1,208.4
29105,27618,Dairy,80,98877,45588,605790,506913,81.8,1766,288.3,49.3,227.6
29106,27377,Dairy,144,144019,32559,921235,777216,1236.4,5072.7,211.3,68.1,287.5
29107,27685,Forest,96,41870,20583,300501,258631,-569.6,490.7,320.5,19.7,90.7
29108,28110,SNB,80,57618,22689,306014,248396,435.8,1793.3,780.3,53.3,346.4
29109,27157,Dairy,128,146571,146567,1131835,985264,1272.7,2035.3,41.1,19.7,106.2
29110,27564,Forest,32,19685,15454,140208,120523,-431.2,62.5,94.3,6.3,12.3
29111,27823,Dairy,112,142181,74012,704488,562307,289.2,2910.1,377.6,65.6,353.2
29112,27797,SNB,64,43149,33360,258271,215122,-276.6,389.4,465.3,22.5,136.8
29113,28391,Dairy,176,254980,254980,1629332,1374352,1675.7,6278.9,173.5,105.9,602.9
29114,26986,Dairy,112,110209,34443,800977,690768,641.5,3680.6,165.9,69.8,388.7
29115,27489,Dairy,96,48745,2913,476681,427936,-114.2,1933.5,278.6,43.5,183.3
29116,27407,Forest,48,77895,32327,377533,299638,336.2,1404.8,42.6,25.4,126
29117,28221,Forest,80,73162,73162,377737,304575,-1220.2,159.6,244.5,16,31.3
29118,27881,Forest,96,128339,128339,596043,467704,-128.4,1887,256.1,48.1,162.6
29119,27012,Dairy,160,247747,247704,1435352,1187605,1564.5,6265.4,191.7,110.1,614.2
29120,27304,Dairy,64,112418,63983,554265,441847,323.2,1760,103.5,34.9,105.3
29121,27847,Dairy,128,194708,79525,1114665,919957,1217.3,4970.4,504.7,106.8,549
29122,27593,Dairy,80,85294,24138,692956,607662,823.4,3091.8,317.3,70.1,363.1
29123,28415,Forest,80,51729,26858,347672,295943,-1089.4,160.4,245,16.2,32
29124,27483,Forest,208,204524,92332,1329863,1125339,-573.6,3743.4,717.5,105.2,483.8
29125,27302,Forest,80,60978,60978,350806,289828,-1077.4,161.4,238.3,16.2,31.8
29126,28069,Forest,80,49695,24097,350214,300519,-1165.6,160.6,241.6,16.2,31.4
29127,27596,Dairy,80,76137,3497,694146,618009,746.9,2361.4,78.5,26.1,112.9
29128,27912,Forest,64,70447,36908,298037,227590,-707.7,414.9,155.9,16.5,22.7
29129,27606,Dairy,96,63724,0,836185,772461,895.1,1411.9,33.4,15.2,75.6
29130,28583,Forest,64,65775,33318,424599,358824,-186.3,1123,110.8,17.7,60.5
29131,27578,Crop,80,110906,35860,319137,208231,82.4,1422.2,28.5,18.8,6.2
29132,27354,Dairy,240,260343,98803,1399384,1139041,915.5,7390.4,416.3,143.4,805
29133,28640,Dairy,64,70065,19565,548835,478770,562,878,6.6,8.4,23.7
29134,28003,Dairy,48,32256,31939,412113,379857,113.9,502.8,58.2,7.9,30.9
29135,27946,Dairy,96,129615,48725,935772,806157,650.6,2674.5,160.1,40.8,159
29136,27920,Dairy,128,77495,77495,622176,544681,894.7,1851.3,263.9,25.9,153.2
29137,28429,Forest,64,17571,17571,246414,228843,-766.3,127.6,191.3,12.7,27
29138,27696,Dairy,64,44194,0,537654,493460,571.1,1084.1,18.9,14.8,58.9
29139,28260,Forest,64,34827,34827,254033,219206,-772.9,128.4,196.2,12.8,25.6
29140,28596,Forest,32,38082,27671,146997,108915,-430.5,63.6,95.3,6.4,13.8
29141,28018,SNB,112,30712,0,359126,328414,-184.1,851.1,488.6,27.9,159.7
29142,28328,Forest,80,59680,26056,426488,366808,-568.1,718,253.1,27.3,99.2
29143,27498,Dairy,176,259862,99335,1653191,1393329,1660.7,5919.1,72.9,65.6,139.2
29144,28437,Dairy,64,71387,20047,505795,434408,592.3,2214.4,58.2,26.4,114.5
29145,26971,Forest,144,79381,39344,607449,528068,-1707.9,429,591,34.3,120
29146,26968,Dairy,96,117691,37170,830888,713197,865.3,3405.6,131.9,45,89.1
29147,26931,Crop,160,218405,83858,1015617,797212,500.4,2994.5,310.5,68.5,305
29148,26868,Forest,80,39292,39292,316151,276859,-850.1,159.7,238.8,15.8,31.6
29149,27422,Forest,224,227516,42703,2086669,1859153,2351.3,8586.1,900.5,196.7,1004.6
29150,28271,Forest,160,110999,63437,671256,560257,-1914.8,319.8,473.5,32,64.2
29151,28208,Dairy,32,72620,72534,335244,262624,282.5,1262.7,126.3,26.9,64.5
29152,27015,Forest,112,114131,65580,609804,495673,-1243.6,739.6,312.9,27,63.6
29153,28673,Dairy,48,44808,44808,441991,397183,507.2,1790.6,189.7,44,197.6
29154,28543,Forest,64,52838,26762,311497,258659,-568.3,690.9,208.3,23.8,56.3
29155,27662,Dairy,160,215846,215792,1479102,1263256,1666.2,2655.7,160.1,46.8,317.4
29156,28417,Dairy,128,181894,87398,1225721,1043827,1306.4,2113.7,128,35.2,256.1
29157,27356,SNB,80,45186,24112,323879,278693,-936.2,160.2,236,16.1,31.2
29158,28026,Dairy,64,74538,27408,509330,434792,280.6,1482.7,191.8,34.6,187.7
29159,27408,Dairy,64,64629,8307,631460,566831,632.9,2110.1,128.6,36,115.7
29160,26866,Dairy,96,116131,38229,826317,710186,937.5,1562.1,95.1,27.1,99.1
29161,27444,SNB,112,93046,60930,497740,404694,-1477.7,224,328.2,22.6,43.7
29162,28243,Dairy,128,130671,25547,1076327,945656,522.3,3220,231.6,51.4,164.2
29163,28149,Forest,64,30900,30900,253613,222713,-725.2,129.1,195.6,12.7,25.1
29164,28299,Dairy,80,140645,70089,859253,718608,790.4,2604.8,33.1,30,128
29165,27544,Dairy,192,260593,96141,1427017,1166424,1375.5,4720.2,373.2,87.2,414.7
29166,26917,Dairy,80,112559,51682,600786,488227,774.9,2449.1,225,47.9,281.7
29167,27936,Forest,144,68703,68703,639716,571013,-2077.9,288.6,433.9,29.1,57.2
29168,27542,Forest,192,143430,55092,940849,797419,-923.8,1373.1,395.6,41.3,164.9
29169,27427,SNB,112,9276,0,198133,188857,319.7,603.3,168.1,26.2,197.1
29170,28575,SNB,64,31321,23946,197089,165768,246.7,656.6,821.6,32.2,248.9
29171,27035,Dairy,240,263400,63949,2421190,2157790,2267.5,3668.1,37.5,37.2,245.8
29172,27806,Forest,80,66792,42576,369622,302830,-1138.9,161,236.9,16,32.6
29173,28387,Crop,64,53634,24934,317068,263434,-505.4,655.1,164.5,21.4,81.3
29174,27281,Forest,48,51375,51371,256431,205056,-286.2,703.4,111.8,17.4,82.7
29175,28013,Forest,160,100430,59792,653546,553116,-1893.2,479,705.2,36.5,115.1
29176,28023,Dairy,80,115356,52040,741379,626023,743.2,1253.2,270.9,26.8,209.2
29177,28630,Dairy,48,55189,26095,317047,261858,118.2,1328,177.4,29.6,141.8
29178,28588,Forest,64,45931,27450,272379,226448,-819.1,127.7,190,13,24.1
29179,27351,Forest,96,51671,51671,495328,443657,-622.2,1367.9,320.5,40.4,185.9
29180,27146,SNB,224,31234,0,383248,352014,-190.1,953.4,910.3,53.4,295.6
29181,27642,Dairy,176,215440,215177,1191593,976153,1504.5,6126.4,229.7,80.5,298.3
29182,28627,Forest,32,18044,18044,141640,123596,-460.6,64.6,97.9,6.3,13
29183,28701,Forest,48,33855,16603,224630,190775,-726.9,95.5,144.3,9.7,19.4
29184,27707,Dairy,48,41977,0,331843,289866,294.5,1411.7,44.1,24.8,144.3
29185,27409,Forest,208,68752,0,761169,692417,-2320.4,413.3,615.5,42,83.8
29186,28457,SNB,64,6719,302,62602,55883,169,627,1105.9,32.1,254.1
29187,28702,Dairy,80,73863,25540,448071,374208,304.4,2150.9,428.3,54.8,296.3
29188,27598,Forest,112,54419,0,485581,431162,-1478.8,223.1,337.8,22.6,45.5
29189,28679,Forest,48,65039,28520,483715,418676,492.8,1479.3,135,30.9,169.7
29190,28416,Dairy,80,129802,70381,616679,486877,433.8,2466.3,122.9,46.3,270.2
29191,27876,Forest,64,58126,5923,546936,488810,532.5,947.2,6.7,8.3,45.6
29192,27716,Forest,48,47268,31609,218051,170783,-632.3,95.8,141.7,9.7,19.4
29193,28124,Dairy,80,57907,57403,484588,426681,670.5,1604.2,85.8,23.1,119.6
29194,27536,Forest,48,43113,37026,211784,168671,-686.9,96.1,148,9.4,19.6
29195,28610,Dairy,32,33112,399,355140,322028,347.7,1044.8,44.4,15.2,29.7
29196,27349,Dairy,48,55522,55522,415969,360447,474.5,820.2,48.2,13.9,101
29197,28382,Forest,176,134527,134527,816504,681977,-2497.4,351.7,530.2,35.2,70.3
29198,26970,Dairy,208,260105,119638,1397928,1137823,1489.1,5581.6,578.8,124.4,643.3
29199,27785,Dairy,64,107376,49533,608616,501240,670.3,2456.7,254.2,52.9,172.3
29200,27822,Dairy,96,43728,0,680485,636757,548.9,2778.6,160.7,40.4,138.5
29201,27298,Forest,128,100721,1650,767669,666948,-440.7,877.7,261.4,23.2,52.8
29202,28449,Forest,64,39457,24811,260133,220676,-712.6,127.4,193.1,13.2,25
29203,27460,SNB,80,13491,2282,143378,129887,287.1,893.4,1158.9,39.8,329.8
29204,27630,Forest,80,26510,7419,297755,271245,-901.9,159.4,236.2,15.8,31.6
29205,26911,Forest,1264,672298,371376,4856927,4184629,-14313.4,2528.5,3804.7,253.2,505.2
29206,27763,Forest,80,87113,50214,509754,422641,-349,1285.7,181.8,29.6,148.8
29207,27569,Forest,64,31020,12067,271596,240576,-877.1,127.5,195.6,12.6,25.3
29208,28511,Dairy,80,57639,37521,344697,287058,-1052.5,160.3,236.2,16.1,31.9
29209,28581,Forest,64,58242,23135,441048,382806,-152.2,1235.8,221,34.9,151.6
29210,27462,Dairy,64,87538,33352,547974,460436,573.5,2514.4,77.3,42.6,262.1
29211,27346,Dairy,112,104582,104582,598214,493632,11.7,2484.2,219.3,54.4,261.6
29212,28057,Dairy,96,159316,159316,846049,686733,958.2,3737.8,384,83,429.7
29213,27277,SNB,320,47088,46819,566337,519249,441,2501.7,3198,115.2,839.2
29214,27609,Dairy,144,167097,166925,1152474,985377,1413.8,5355.6,568,119.8,491.1
29215,27058,SNB,96,152586,89224,417509,264923,-66.8,1566.1,128.3,34.2,22.2
29216,27652,Forest,144,136590,82326,674635,538045,-1819.9,594.7,394.3,32.1,55.5
29217,27154,Dairy,96,112031,112014,636351,524320,515.2,1265.8,83.9,22.4,94.9
29218,27513,Forest,80,87109,32277,435820,348711,-397,1139.6,190.6,25.7,75.6
29219,28289,Dairy,128,213920,110094,1308577,1094657,1362,4861.5,516.2,110.6,560.7
29220,26881,Forest,192,105430,46111,847411,741981,-2598.7,384,585.2,38.2,77.8
29221,28430,Forest,112,81086,44035,503482,422396,-1522.3,223.6,332.9,22.5,45
29222,28020,Dairy,96,71008,70793,560408,489400,114.1,1135.3,159.7,25.3,148.8
29223,27330,Dairy,80,109549,108756,686264,576715,718.6,1232.2,8.2,10.2,27.7
29224,28107,Forest,48,28297,16516,212535,184238,-654.7,97.1,146.7,9.7,19.5
29225,28363,Dairy,32,27850,1986,273297,245447,311.6,1230.1,126.1,26,150.8
29226,28091,Forest,80,63732,44815,331709,267977,-995.2,160.3,240.1,16.1,32.9
29227,28514,Forest,128,91454,91454,531045,439591,-1534.6,255.6,386.8,25.8,51.4
29228,27098,Dairy,192,221796,100257,1306923,1085127,1659.2,5352.1,349.2,95.5,507.5
29229,27148,Dairy,144,194022,45177,1581350,1387328,1513.4,5454,170.5,98.1,299.8
29230,27392,Forest,48,19078,3761,200602,181524,-654.3,95,144.1,9.4,19.4
29231,27755,Dairy,64,32718,0,512910,480192,249.7,884,62.4,14.5,52.4
29232,28154,Forest,64,37646,37614,346708,309062,-602.1,323.6,150,11.9,32.2
29233,27592,Dairy,80,116337,116337,645991,529654,698.7,3112.1,322,65.9,367.7
29234,27163,Forest,96,37251,17597,379688,342437,-1080.1,192.4,291.2,19.6,37.6
29235,28252,Forest,112,66773,36712,509393,442620,-1570.4,222.5,337.1,22.4,44.6
29236,28266,Forest,80,139805,58087,355109,215304,85.2,1631.3,81.2,32.7,15.8
29237,26954,Dairy,32,31624,15420,166303,134679,-29.8,536,56.9,9.3,33.3
29238,27733,Forest,80,57126,57126,422133,365007,-366,1353.1,177.6,29.8,158.2
29239,28493,Dairy,96,103015,103015,537860,434845,141.6,2263.8,186.3,36.9,127.2
29240,27418,SNB,208,14251,0,207197,192946,512.9,1018,907.9,53.2,344.2
29241,27661,Forest,112,67634,0,494264,426630,-1481.4,223.8,335,22.5,45.4
29242,27646,Forest,128,49277,21135,487201,437924,-1458.6,257.7,379.1,25.7,52
29243,28383,Forest,64,16448,7399,121256,104808,224.6,699.7,894,31.7,249.3
29244,27744,Dairy,96,126729,84332,632737,506008,-93.2,1877.3,335.7,52.5,222.1
29245,28489,Dairy,64,114673,114544,633995,519322,614.6,2157.4,87.9,28.7,58.2
29246,27065,Dairy,192,200626,94637,1086438,885812,138.3,2287.8,316.8,49.5,279.7
29247,28048,Forest,80,36812,36812,257699,220887,-455.7,421.6,625.7,26,146.4
29248,28459,Dairy,80,79516,13651,595297,515781,627.8,2198.7,23.5,22.4,90.6
29249,27534,SNB,176,167431,15327,1069030,901599,1492.8,2926.9,174.9,52.1,348.1
29250,28362,Forest,48,42438,28225,224599,182161,-713.6,95.7,143.5,10,19.5
29251,28273,Forest,32,16977,590,161395,144418,-76,260.2,48.6,5.2,11.9
29252,28412,Forest,48,56451,21724,333894,277443,449.5,1863.7,190.7,41.1,110.7
29253,27861,Dairy,96,125248,44514,960152,834904,969.5,3555.8,303.4,70.1,173.5
29254,28634,Forest,64,40610,17559,294506,253896,-942.3,129.4,191.3,12.8,26.3
29255,28137,Forest,128,76455,76455,584575,508120,-1835.9,255.2,386.9,25.2,53
29256,27888,SNB,96,9748,0,96450,86702,255.6,1040.9,1590,47.7,400.5
29257,27291,Dairy,128,213797,110991,1239222,1025425,621.3,3317.1,433.9,82,202.1
29258,27333,Dairy,64,65190,9926,521361,456171,589.4,1102.1,64.4,18.3,139.4
29259,27465,Dairy,144,160977,160816,1050665,889688,1157.4,3717.8,536.2,94.1,501.6
29260,28129,Forest,160,139183,49569,1131510,992327,-845.2,1176.9,293.7,27.1,84.6
29261,28327,Dairy,128,129838,67070,811568,681730,-226.2,2519.9,449.1,71,245.8
29262,28235,SNB,64,2082,0,79694,77612,194.6,706.2,1000,31.4,239.5
29263,28004,Forest,272,77989,0,720874,642885,-1639.9,1528.8,2553.4,87.7,527.5
29264,26965,SNB,336,79026,30335,636305,557279,-364.4,2761.4,1672,92,570.8
29265,28408,SNB,80,26703,15454,239559,212856,305.6,821,1044.3,39,319.9
29266,27982,Dairy,112,131722,131722,823207,691485,-48.8,2555.1,400.8,65.3,304.4
29267,27993,SNB,240,13988,13919,279506,265518,589.9,1251.7,322,49.4,345.6
29268,27169,SNB,32,7199,7199,120896,113697,127.2,367.8,114.2,12.5,110.6
29269,28668,Forest,32,10825,210,134538,123713,-435.7,64,99.4,6.4,12.8
29270,27257,Dairy,80,131306,71315,721968,590662,788,2668.5,112.2,37.8,152.3
29271,27270,Forest,112,41505,41505,341802,300297,-824,450.1,432.2,24.8,91.8
29272,27372,Forest,304,200067,108150,1291306,1091239,-3972.8,607.4,897,60.9,120.3
29273,28577,Dairy,80,145190,144644,722086,576896,679.8,2731.7,33.6,30.6,65.2
29274,28254,Forest,32,22405,12906,148995,126590,-459,64.8,99.9,6.6,12.5
29275,28448,Forest,64,53744,34236,290702,236958,-934.6,128.4,188,13,25.3
29276,28118,Forest,64,42945,42945,298776,255831,-838.7,128.5,193.2,12.9,25.4
29277,28395,Forest,96,44042,25305,350332,306290,-1031.5,191.7,285.2,19.2,37.7
29278,27400,Forest,112,62480,24855,499369,436889,-1560,225.2,333.8,22.3,45
29279,27082,Dairy,32,34188,11110,197510,163322,251.3,1164.6,45,15.4,59.5
29280,28361,Dairy,64,39993,0,554579,514586,659.9,1104.9,64.7,19.1,122.2
29281,27786,Forest,80,63705,37733,375932,312227,-1188.9,160.8,237.8,16.2,32.6
29282,27670,Dairy,160,140453,41589,853458,713005,1197.5,2311.9,228.8,45,314.7
29283,28167,Dairy,112,195843,94435,1117311,921468,1198.8,4284.6,447.7,97.6,502.4
29284,27447,Forest,96,43348,21881,374377,331029,-1134.7,192.2,279.7,19,38.7
29285,28346,Forest,64,37335,21170,245062,207727,-724.6,127.7,186.4,12.8,25.7
29286,27565,Dairy,80,106501,106501,681980,575479,720.7,3035.8,95,54.2,160.7
29287,28612,Dairy,80,107232,51635,522429,415197,361.2,2443.2,304.2,57.7,300.5
29288,28220,Dairy,80,66244,66083,727186,660942,713.4,1237.4,28,12.3,65.4
29289,28140,SNB,128,17586,1150,279991,262405,-130.1,759.1,186.2,22.6,114.8
29290,28695,Dairy,64,66925,66812,506359,439434,600.6,2131.5,88.4,29.2,109.9
29291,28480,Dairy,80,74751,8643,645335,570584,438.9,2159.8,241.6,44.9,223.5
29292,28568,Dairy,80,92454,24512,777218,684764,806.5,1322.8,69.6,21.6,150.2
29293,28335,Dairy,192,192808,192808,1284177,1091369,-216.3,2503.2,426,59.7,296.1
29294,27119,Forest,128,95887,39799,732129,636242,-969.9,1489,421.6,44.6,190.6
29295,27629,Dairy,64,90665,36981,487994,397329,579.7,2137.1,88.6,30.7,70.7
29296,27577,Dairy,80,133336,75881,708254,574918,411.2,2403.5,303.3,57.4,284.4
29297,27643,Forest,176,95820,60224,680333,584513,-2082.1,351.9,531.6,34.8,70.7
29298,28520,Dairy,64,81688,47458,441959,360271,-132.6,1277.3,224.9,33.7,147.8
29299,26902,Crop,64,109661,109661,285591,175930,73.5,1289,63.9,25.2,12.8
29300,27332,Forest,464,253234,146107,1836558,1583324,-5404.4,928.9,1402.7,92.9,185.7
29301,28238,Dairy,48,78512,47883,405261,326749,90.9,1260.5,175.8,29.1,146.4
29302,27704,Forest,48,42192,27621,211583,169391,-648,96.4,143.2,9.5,19.2
29303,28103,Dairy,128,196539,98551,1234244,1037705,1337.1,4686.6,510.6,110.6,569.3
29304,28142,SNB,64,25492,11882,251128,225636,-1.7,575.7,611.1,27.1,200.8
29305,27042,Forest,64,37920,20772,281740,243820,-862,128.7,192,13.1,25.3
29306,27512,Forest,128,154463,154463,748276,593813,-1074.4,1420.2,423.8,45.5,186.7
29307,28188,Dairy,48,40639,4238,388665,348026,112.8,1086.7,132.2,23.3,103.8
29308,28308,SNB,64,11202,4782,101120,89918,177.6,633.9,368.5,17.6,111.7
29309,27069,Dairy,112,138500,58066,646935,508435,593.9,1456.2,76,18.2,52.5
29310,28401,Forest,48,40486,22829,226135,185649,-611,94.8,141.9,9.6,19.1
29311,28298,Dairy,112,178536,90160,1008180,829644,767.1,3659.1,439.1,84.4,457.8
29312,27316,SNB,80,22220,8838,217693,195473,-18.2,750.8,918.8,34.2,252.8
29313,28151,Forest,64,43475,18199,354036,310561,-543.4,733.3,163.3,21.2,53.1
29314,27805,Dairy,64,40324,0,565695,525371,597.4,1264.6,11.7,12.2,60.3
29315,27844,Dairy,176,158732,55520,1260583,1101851,793.6,4166,295.6,62.4,225.3
29316,27046,Forest,64,49534,49534,283157,233623,-862.5,127.5,192.5,12.8,25.2
29317,28663,SNB,64,6336,0,110938,104602,-80.8,239.9,71.9,8.6,37.7
29318,28464,Forest,96,114120,62217,642892,528772,-188.7,1831.1,333,51.3,227.1
29319,27040,Dairy,160,204681,42232,1483994,1279313,1716.8,5740.8,593.7,130.2,673.6
29320,28112,Forest,112,80692,48939,522313,441621,-1486.9,223.4,337.3,22.8,44.7
29321,28720,Dairy,32,21664,0,299549,277885,310.4,464.1,3.3,4,21.2
29322,28307,Forest,96,59268,29650,419970,360702,-1280.6,190.3,285.4,19,37.3
29323,27410,Dairy,80,114048,114048,854450,740402,867.6,3190.4,321.4,67.1,372
29324,28593,Forest,96,85846,39694,537135,451289,-661.7,633.2,194.1,16.7,43.8
29325,28550,Forest,80,106518,34715,671699,565181,742.8,1547.7,40.4,17.6,85.9
29326,27245,Dairy,160,250095,109652,1623231,1373136,1665,3005.2,175,52.8,351.6
29327,26950,Dairy,64,61406,61309,415880,354474,530.3,2194.6,88.5,29.6,118.4
29328,27221,Dairy,96,111443,33926,648642,537199,907.4,3463.3,134.1,45.2,171.9
29329,27945,Dairy,144,107193,0,1144557,1037364,1264,2298.3,15.2,18.4,73.9
29330,27605,Dairy,80,52115,52115,459675,407560,580.1,2020.9,212.9,35.7,193.1
29331,27750,Forest,64,43715,20183,283277,239562,-848,127.6,194.9,12.7,25.5
29332,27669,SNB,96,5819,5806,253511,247692,19.1,584.5,551.9,23.5,162.7
29333,28572,SNB,112,-321,-321,185306,185627,300.3,711.1,282.8,21.8,140.1
29334,28201,Dairy,80,139491,139276,780112,640621,846.8,1348.8,80.3,23.2,161.7
29335,27101,Forest,80,39603,32108,278137,238534,-684.6,311.9,462.2,20.8,83.3
29336,27865,Forest,32,22340,647,190423,168083,0.4,295.6,52.6,6.9,35.4
29337,28349,Dairy,112,165138,68298,974770,809632,1014.6,1726.8,38.6,17.9,91
29338,27467,Dairy,128,223008,223008,1280053,1057045,1310.8,4341.6,220.4,65.5,229
29339,28053,Forest,64,61212,12830,345829,284617,-112.7,515.1,105.3,11.4,24.8
29340,28434,Dairy,80,137815,88684,677200,539385,116.8,1886.1,289,46.9,223.4
29341,28421,Forest,96,58210,26170,410400,352190,-1407.1,193.2,290.9,19,38
29342,27961,Dairy,80,128513,60906,772436,643923,758.6,2868.6,89.7,36.2,124.9
29343,27419,Dairy,96,120108,120108,914653,794545,960.7,3710.6,384,82.5,436.9
29344,27216,Dairy,128,142065,48528,815845,673780,782.5,2175.6,164.2,38.9,229.3
29345,27308,Dairy,64,90819,72807,581311,490492,673.7,2354.5,253.8,58.1,281.3
29346,28012,Forest,48,46082,33275,208616,162534,-645.6,97.6,143.3,9.6,19.6
29347,28450,Crop,96,121490,46176,419546,298056,-151.1,891.3,68.9,16.7,12
29348,27743,Crop,160,178896,46958,660199,481303,-92.6,2606.8,98.7,39.4,17.7
29349,27644,Forest,160,164788,49663,830743,665955,1264.6,6124.3,634.1,135,356.5
29350,28081,Dairy,80,68695,0,655462,586767,45.8,838.8,107.5,17,55.8
29351,28320,SNB,48,8357,3771,50001,41644,122.4,502.9,845,23.7,191
29352,27080,Forest,256,231521,12165,1661435,1429914,-1430.4,1994.6,508.6,54.7,236.2
29353,27580,Forest,160,140916,96022,716957,576041,-2192.5,318.9,483.5,32,63.8
29354,28046,Dairy,48,39607,39538,365655,326048,404.1,706.1,8,7.5,42.9
29355,27791,SNB,176,26397,824,501961,475564,590.8,876.5,603.5,43.8,281.4
29356,27001,Dairy,192,254558,254541,1467624,1213066,1833,6716.8,254.4,107.7,531
29357,27494,Dairy,144,175438,61774,921793,746355,918.6,2500.2,223.9,49,277
29358,28210,Dairy,64,98905,55436,532313,433408,291.1,1875.4,239.6,44.5,221
29359,27334,Forest,240,134712,134712,936322,801610,-2807.9,483,719.1,48,95.4
29360,28169,Forest,64,31777,17114,247117,215340,-753.5,127,189.9,12.8,25.2
29361,27496,Forest,48,37435,37403,289896,252461,-299.1,629.9,111.9,14.2,42.5
29362,27434,Dairy,96,119677,26324,978652,858975,974.7,3408.3,270.9,66.7,334.8
29363,27880,Forest,96,107138,107138,523877,416739,-1024.8,777.9,302.6,28.7,97.7
29364,28461,Dairy,112,125482,125106,962019,836537,1097.7,1917.4,111,32.5,229.6
29365,28570,Forest,112,47805,23033,441034,393229,-1337.5,224.2,339.4,22.1,43.6
29366,28433,Forest,64,59726,44984,268225,208499,-722.5,128.1,189.7,13.1,25.1
29367,27641,Forest,80,55354,10799,520807,465453,-350.4,1313.2,267.7,38,168
29368,27103,Forest,144,115739,115678,788751,673012,-1406.7,1146.4,395,40.1,139.9
29369,28377,Dairy,64,52791,5846,419310,366519,507.8,1020.1,32.8,12.5,70.6
29370,28724,Forest,48,62148,34919,318594,256446,-285.1,664.3,158.4,20.1,82.7
29371,27295,Dairy,240,283631,117809,1475349,1191718,1703.2,8497.5,937.4,191.7,1022.4
29372,28055,SNB,64,22929,7470,241019,218090,-712.8,129,196.4,12.5,25.8
29373,26987,Forest,96,75960,47663,420450,344490,-1298.2,191.7,289.2,19.1,37.3
29374,28536,Dairy,48,54392,23161,279917,225525,29.1,528.8,59.7,7.8,31.9
29375,28694,Dairy,48,38528,22986,216817,178289,-672.4,95.4,142.7,9.6,19.4
29376,27273,Forest,80,71026,28880,435627,364601,-407.2,1184.3,190.1,24.2,81.4
29377,27143,Forest,208,166414,94259,1021390,854976,-2576.1,982.2,633.8,51.6,152
29378,27137,Forest,96,86827,86730,515177,428350,-403.4,775.4,150.1,15.5,55.3
29379,28604,Forest,48,27713,14114,209667,181954,-687.1,95.1,138.2,9.6,19.4
29380,27482,Dairy,112,92315,12011,1075571,983256,1126.7,2820.8,235.4,58.4,300
29381,27816,Forest,96,76989,47768,439294,362305,-1300.5,192.7,289.8,19.4,38.9
29382,27370,Forest,224,129748,62941,999800,870052,-3164.7,447.3,678.9,44.8,89.6
29383,28394,Dairy,112,158978,72909,1015898,856920,1144.6,4238.8,450.5,93.3,539.7
29384,28345,Dairy,80,64046,4018,657736,593690,398.5,1004.5,72,13,57.5
29385,28323,Forest,64,52235,34891,282788,230553,-853,128,191.1,13,26
29386,28244,Dairy,112,125496,53352,743351,617855,316.7,1436.7,176.9,28.3,175.6
29387,28185,SNB,112,10124,0,239935,229811,344.4,1083.8,207.7,28.1,221.2
29388,26864,SNB,64,3461,3444,109706,106245,190.5,650.9,98,13.8,102.1
29389,27331,SNB,224,33166,12431,253788,220622,579.7,1594.8,2017.6,76.8,522
29390,26900,Forest,176,126837,101248,787150,660313,-2409.3,353.2,527.8,35.2,71.1
29391,28157,SNB,96,8670,0,145661,136991,271.1,579.6,743,31.8,236.6
29392,28183,Forest,48,33641,18977,215668,182027,-620.6,94.5,145.3,9.9,19
29393,28523,Forest,32,28968,16977,147218,118250,-502.6,64.5,95.9,6.5,13.6
29394,27653,Forest,208,89096,89096,807718,718622,-2361.4,417.5,613,41.2,83.8
29395,28608,Dairy,112,150780,150554,1041010,890230,1106.2,3764.7,156.7,52.5,204.8
29396,28390,SNB,160,20705,6261,165152,144447,459.4,1785.3,2693.4,78.7,645.4
29397,27258,Forest,96,58783,58783,428941,370158,-1356.2,191.8,288.4,19.3,38.3
29398,28279,Dairy,64,60010,15528,347455,287445,231.7,1702,159.8,32.9,109.6
29399,28172,Forest,112,95258,59668,518366,423108,-1643,223.8,338.2,22.3,44.7
29400,28506,Forest,112,52981,52981,434010,381029,-788.8,336.9,218,19.6,71
29401,27367,Dairy,128,88436,3912,804663,716227,421.4,3273.5,334.2,68.5,376.6
29402,28286,Dairy,64,60780,19937,388045,327265,200.2,1816.8,238.7,45.1,115.6
29403,28317,Dairy,112,106480,41909,761312,654832,71.5,2161.2,233.5,39.7,130.9
29404,28598,Forest,64,21688,4582,247467,225779,-751.6,128.1,190.5,12.8,26
29405,27560,Forest,64,36088,19546,293192,257104,-928.8,128.2,191.1,12.8,25.7
29406,28009,Dairy,64,73007,29904,399396,326389,515.4,2299.5,65.5,38.7,220.8
29407,27446,Forest,128,86798,86798,659582,572784,-1415.4,451.4,351,26.4,60.7
29408,27102,Dairy,96,111615,22546,851488,739873,904.8,3157.9,135.6,46.3,178.6
29409,27904,Dairy,80,111469,48323,612778,501309,406.3,2506.9,302.4,58.3,300.2
29410,28072,Dairy,224,297466,118517,1867657,1570191,2198,6146.9,560.6,127.1,723.9
29411,27109,Forest,208,198923,67835,1470676,1271753,864.8,3310.7,177.3,41.5,186
29412,28544,Dairy,112,149708,69975,899189,749481,513.4,3130.6,420.3,76,380.7
29413,27668,Forest,96,66157,66157,458563,392406,-1020,802.3,309.7,29.8,103
29414,27229,Dairy,112,92471,8600,698135,605664,365.9,3021.3,418.6,75.1,388
29415,27085,Forest,48,27690,27690,216921,189231,-687.3,94.7,144.1,9.6,19.3
29416,27959,Dairy,112,91553,3902,923933,832380,1020.7,1683.9,39.1,18.1,91.3
29417,27048,Dairy,160,197210,69416,1331676,1134466,391.2,3924.6,303.3,60.8,220.6
29418,28014,SNB,192,67571,8993,820116,752545,896.6,2986,717,90.2,725.9
29419,28671,Forest,32,23090,0,148919,125829,-429.2,64.4,96.9,6.2,12.7
29420,28472,Dairy,32,39154,16293,186361,147207,253.5,1220.2,127.1,28.3,145
29421,28106,SNB,80,5806,0,121442,115636,-34.7,311.2,75.2,10.4,46.3
29422,27608,Forest,32,32246,32246,154917,122671,-487.6,63.7,94.6,6.3,12.1
29423,27342,SNB,240,27559,8910,229984,202425,554,2572.2,896.5,75.1,628.5
29424,26929,SNB,160,35926,15371,270615,234689,-82.4,1440,2145.9,69.2,526.5
29425,27799,Dairy,128,227647,118549,1300310,1072663,1295.6,4878.6,139.7,79.8,377.7
29426,27722,Forest,144,82721,26664,743720,660999,-1688.4,521.1,401,28,63.8
29427,27211,Dairy,240,255847,60343,2067425,1811578,2251.4,3574.8,84,37.4,194.4
29428,26992,Forest,80,64036,33236,365761,301725,-1207.9,160.1,242.8,15.8,32.5
29429,27338,SNB,256,-9839,0,262251,272090,549.7,1120.3,158.2,30.4,183.8
29430,28190,Forest,48,33079,19059,216370,183291,-687.6,95.7,142.5,9.5,18.9
29431,27800,Dairy,128,125878,16524,1065770,939892,1205.7,4049.9,54,48.5,208.1
29432,26943,Dairy,656,801262,329822,4064576,3263314,5368.8,25217.6,787.2,443.2,2692.2
29433,28039,Dairy,64,118982,118982,633363,514381,670.8,2340.9,256,52.2,289
29434,27259,Forest,176,100301,100301,702075,601774,-2064.9,352.5,536.9,35.4,70.7
29435,27484,Forest,224,151538,0,999352,847814,-3200.7,449.8,674,45,88
29436,28130,Forest,96,48989,38169,306331,257342,-706,351.5,321.4,19.9,64.4
29437,26951,Forest,288,156128,88564,1115830,959702,-3168.7,576.3,860.5,57.6,116.5
29438,28160,Forest,96,126465,46742,612831,486366,794,3374.9,384.4,80.9,226
29439,28074,Forest,32,12723,6157,90427,77704,-182.3,201.1,123.9,9.1,61.1
29440,27737,Dairy,32,38046,9708,280502,242456,292.3,533.2,9.4,7.5,29.1
29441,28179,Crop,64,96803,40184,272128,175325,67.6,1290.1,64.1,24.8,13.1
29442,27089,Forest,96,79085,0,617078,537993,-545.8,1172.2,236.4,27.9,54.8
29443,27503,Dairy,224,322781,124953,2165855,1843074,2256,7691.5,309.4,103.8,195.6
29444,26870,Forest,928,476357,268965,3544078,3067721,-10539,1857.5,2783.2,184.9,371.3
29445,27638,Dairy,64,77206,29924,460022,382816,582.9,1148.1,42,15.9,124.8
29446,27047,SNB,352,53685,53685,366798,313113,975.4,3807.6,5936.5,176.4,1375.3
29447,27241,Dairy,64,124138,124138,627871,503733,661.6,2444.2,256.1,53.1,149.2
29448,27562,Forest,96,55512,22897,422541,367029,-1244.4,192.6,288.5,19.2,37
29449,27188,SNB,160,11075,0,203683,192608,433.7,756.1,595.5,38.6,241.7
29450,27087,Dairy,384,438814,170803,2480408,2041594,2716.9,13079.2,917.3,268.6,1071.5
29451,28643,Dairy,64,85863,35636,400974,315111,493.6,2482.6,255.6,54.7,294.8
29452,27128,Forest,96,89790,36880,655804,566014,-526.3,1317.3,313.3,39.8,96.9
29453,28305,Crop,64,101118,43538,356831,255713,212.7,1590.3,68.3,31.4,70.1
29454,28355,SNB,96,8946,0,271894,262948,322.5,471.5,308.2,24.2,148.7
29455,27476,Forest,64,78087,24290,554452,476365,614.3,1032,18.9,15,58
29456,26923,Dairy,192,174063,69636,1014177,840114,325.9,2930.3,256.7,57.6,175.2
29457,27878,Forest,96,78559,0,570121,491562,-404.7,1318.1,261.4,32,133.9
29458,27766,Forest,288,148938,148938,1121406,972468,-3351.7,577.1,856.3,58.3,113.1
29459,27790,Dairy,80,82075,82075,666654,584579,432.2,2450.4,299.5,57.4,148.8
29460,26919,Dairy,80,115296,56418,835161,719865,765.1,2755.5,78.8,45.8,269.6
29461,28527,Forest,32,73224,44897,319199,245975,341.9,1222.2,129.6,26.4,137.8
29462,27390,SNB,800,100128,98613,2257840,2157712,1748,6853.8,3057.9,198.1,1231.6
29463,28336,Dairy,32,25002,0,262664,237662,310.2,1178.8,127.1,26.7,72.4
29464,28400,Dairy,64,68369,22312,528266,459897,239.6,1731.6,240.6,45,213.7
29465,27747,Forest,176,114426,60958,767545,653119,-2368.8,352.5,527.3,35.4,70.9
29466,28491,Dairy,48,70475,29778,447046,376571,538.6,777.7,47.5,13.7,98.5
29467,28229,SNB,80,11837,0,198139,186302,-310.4,361.4,415,19.4,98.6
29468,27121,Dairy,128,189508,60647,1245902,1056394,432.5,3689.8,210.2,72.8,418.7
29469,28659,Dairy,48,50357,50357,485681,435324,504.4,1735.4,109.7,29.1,132.5
29470,27497,Dairy,96,138909,47631,964690,825781,1010.3,3669.7,386,82.7,435.7
29471,27106,Dairy,64,74297,22231,556341,482044,615.9,2222.3,76.9,42.2,254.8
29472,27634,Forest,240,158266,94765,996467,838201,-2463.2,1070.4,744.5,57.2,127.8
29473,27322,Dairy,32,39196,39196,314635,275439,320,1213.7,129.3,27.2,146.3
29474,28637,Crop,80,152471,74116,484569,332098,244.8,1209.5,82.2,27.1,80.8
29475,28108,SNB,112,9299,9299,111504,102205,272.7,532.9,460.8,28,179.6
29476,28661,Dairy,48,66996,66996,432277,365281,137.2,571.1,77.8,12.7,64.6
29477,27336,Dairy,48,28218,28068,260131,231913,72.5,762.5,70.9,13,48.3
29478,28050,SNB,80,-6036,0,273847,279883,267.2,335.4,83.7,10.4,58.4
29479,27203,Forest,80,74019,32183,575257,501238,-330.4,1397.2,274,37.4,164
29480,28576,Forest,64,91961,38460,542948,450987,556,979.7,6.8,8,46.3
29481,28475,Dairy,96,126321,52684,679906,553585,877.4,1831.5,142.9,36.2,245.5
29482,27942,SNB,128,12828,12828,169387,156559,323.1,1265.2,432,31.3,224.3
29483,28197,Forest,96,68832,39708,414919,346087,-1313.4,189.8,279.4,19.2,39.4
29484,27054,Dairy,64,49427,0,580820,531393,625.3,2487.1,121.7,44.7,246.2
29485,27321,Forest,80,109089,45107,755307,646218,850.5,1289.4,79.3,22.2,76.6
29486,27518,Dairy,96,115325,35507,701569,586244,327.7,2342.1,269.9,48.2,207.7
29487,28721,Forest,48,45351,32679,222787,177436,-681.5,96.9,147,9.4,19.4
29488,27708,SNB,192,56598,21207,469569,412971,-756,1008.2,1308,51.5,298.5
29489,28092,Forest,48,63138,37797,332717,269579,-218,630.4,165.1,20.2,89
29490,27727,Forest,128,59994,34150,475057,415063,-995.2,551.5,656.3,34.3,170.2
29491,26978,Dairy,48,62460,24883,433972,371512,479.4,1722.2,57.4,33.7,99.7
29492,27761,Dairy,64,116654,62545,579944,463290,624.3,2234.6,88.1,29.1,57.3
29493,28281,Dairy,64,104784,46604,620994,516210,617.7,2517.7,76.4,42.8,257.5
29494,28365,Forest,160,79483,46536,621233,541750,-1824.1,319.6,476.1,32.2,64.3
29495,28291,Dairy,144,117844,5217,892837,774993,244.9,3460.6,443.6,77.5,338.5
29496,28262,Forest,128,110963,71885,577115,466152,-1719.2,257.4,380.4,25.7,51.6
29497,27177,Dairy,112,108555,25859,976176,867621,1012,3927.2,131.4,74.9,226.7
29498,28580,Forest,48,37118,22398,212749,175631,-725.6,95.5,145.4,9.6,19.4
29499,26953,Dairy,96,114064,30254,614277,500213,765.2,3142.5,275.2,69.1,352.5
29500,28595,Forest,128,77418,40021,549794,472376,-1625.5,257.5,385.8,25.5,50.9
29501,26984,SNB,96,1453,0,99260,97807,218.4,402.3,148.4,13.3,71.3
29502,28707,Dairy,80,97870,25532,779105,681235,768.8,1344,80.5,22.5,162.4
29503,27710,Forest,128,77141,0,566470,489329,-1868.3,256.6,381.2,25.9,51.3
29504,28564,SNB,48,2603,0,48382,45779,129,517.4,814,23.6,204.9
29505,28256,Forest,96,75202,0,439140,363938,-1290.1,191.9,284.2,19.1,39.3
29506,27792,Dairy,64,44065,10052,288359,244294,418.9,1411.1,254.9,34.2,189.4
29507,27067,Dairy,80,113215,53600,723583,610368,804.1,2848.5,325.7,68.5,354.2
29508,27957,Dairy,80,117069,57024,651249,534180,362.6,2538.8,306.9,56.1,305.5
29509,28274,Dairy,80,132378,132378,618306,485928,777.7,3044,322.7,67.6,358.6
29510,28432,SNB,32,18904,9734,139876,120972,-407.1,63.7,98.7,6.4,12.7
29511,28255,Dairy,96,134445,56615,846838,712393,862.9,1386.7,34.3,14.6,75.6
29512,28097,Dairy,80,89834,41655,603959,514125,50.4,1655.1,168.3,29.8,98.1
29513,28143,Dairy,80,71712,17573,492501,420789,327.2,2190,138.1,34.8,126
29514,27445,Dairy,64,65842,14395,544180,478338,607.5,2026.5,88.4,30.9,114.5
29515,28138,Forest,112,77360,77360,490466,413106,-1465.9,224.4,332.5,22.4,46.7
29516,27209,Forest,80,62749,62749,442274,379525,-684,675.1,255.9,26.7,61
29517,27587,Forest,64,45349,24090,289183,243834,-913.3,126.1,188.3,13.2,25.7
29518,28222,SNB,176,20872,20840,216245,195373,219.7,1515.8,893.9,44.3,277.7
29519,27830,Forest,80,93882,93873,544598,450716,-437.1,647.3,155.5,17.2,77.7
29520,28153,SNB,144,3988,3988,216735,212747,341,620,197,20,100.9
29521,28563,SNB,96,2816,2816,179336,176520,285.3,457.5,99.4,19.4,142.7
29522,27000,Forest,224,114095,35877,1011119,897024,-3209.5,447.6,667.1,45.2,90.3
29523,27384,Forest,80,64722,683,348575,283853,-1089.2,160.1,240.1,16,31.4
29524,26974,Dairy,192,197643,77390,1339615,1141972,77.6,4276.1,372.8,91.8,357.3
29525,26878,Dairy,192,284199,284199,1841357,1557158,2020.2,7404.1,769.7,161.5,850.8
29526,28404,Dairy,80,116673,116673,808695,692022,768.2,1807,49.2,20.5,77.9
29527,28084,Dairy,96,127173,50173,620569,493396,869.2,3401.2,297.4,68.8,322.7
29528,27549,SNB,48,12951,3319,185505,172554,187,528.8,567,24.1,195.1
29529,27205,Forest,80,40601,23408,259219,218618,-496.9,475.5,585.4,24.7,141.8
29530,27929,Dairy,80,113527,113295,702099,588572,754.4,2934.2,94.7,53.3,156.1
29531,27236,Forest,384,285034,285034,1785466,1500432,-5062.9,1322.7,1163.8,86,212.8
29532,27714,Dairy,208,266807,76912,2063469,1796662,1822,4866.5,479.3,102.4,471.9
29533,27516,Dairy,144,209336,101377,1380359,1171023,1484.5,5466.4,575.9,121.7,615.5
29534,27480,Forest,112,44710,0,478832,434122,-1569.3,222.2,340.6,22.4,44.6
29535,28326,Dairy,48,73646,28736,429617,355971,456.6,1830.2,196.8,36.8,210.8
29536,28431,Forest,64,64260,32102,344834,280574,-137.6,588.6,131.2,15.1,76.4
29537,27849,Forest,80,59334,59334,349929,290595,-1076.1,161.2,233.8,15.9,32.3
29538,28162,Dairy,32,39609,11744,299599,259990,306.3,1134.1,124.7,27.4,71.3
29539,27898,Forest,144,84715,43793,629087,544372,-1891,287.6,433,28.9,56.3
29540,27895,Dairy,128,219584,219423,1325123,1105539,1302.5,3201.8,266.5,63.6,191
29541,28189,SNB,80,35061,17912,303439,268378,-8.1,735.3,273.7,28.9,232.8
29542,27736,Dairy,176,144293,11711,1287531,1143238,1138.3,2507.8,74.5,28.2,156.3
29543,28715,Forest,32,8351,0,138073,129722,-414.9,64.4,100.9,6.5,13.4
29544,27889,Dairy,144,206788,85774,1589527,1382739,1553.7,5123.7,514.6,106.8,561.6
29545,26890,Forest,1120,688339,409620,4519219,3830880,-13370.1,2243.2,3379.1,224.1,444.9
29546,28649,Forest,32,13313,5482,126557,113244,-392,64.8,93.5,6.4,12.9
29547,27394,Forest,320,139899,77144,1183612,1043713,-3488.1,641.7,963.7,63.4,129.1
29548,28052,Forest,32,23581,0,184790,161209,281.9,1187,127.4,27.5,135.6
29549,27602,SNB,96,10995,10995,97611,86616,240.1,1089,475.6,39.4,349.2
29550,28566,Forest,32,28155,17819,152097,123942,-444.5,63.5,97.3,6.5,12.1
29551,26946,SNB,64,13305,13305,188855,175550,225.9,733.3,819.5,32.1,255.8
29552,27725,SNB,240,29851,7333,280538,250687,653.3,2456.7,3625.5,110.4,867.9
29553,28435,Crop,80,124907,56974,342411,217504,82.1,1651.1,76.5,30.9,15.9
29554,27968,SNB,128,16253,2688,179195,162942,385.6,1027,1189.6,47.9,353.5
29555,28058,Dairy,64,55513,55513,473027,417514,233.4,1809.8,107.7,36.4,211.6
29556,27886,Forest,96,76796,44745,467288,390492,-818.3,734,306.6,30.6,118
29557,28251,Dairy,64,99493,48631,526836,427343,614.2,1080.2,63.3,18.3,135
29558,28535,SNB,48,5488,5370,116893,111405,-96.4,190.5,80.5,9.7,50.8
29559,27095,Dairy,176,173244,67512,1227726,1054482,67.9,3832.7,615.9,96.5,248.1
29560,27092,Dairy,64,97902,47958,615735,517833,579.7,1691.8,41.8,26.2,151.8
29561,28553,Dairy,128,170006,66964,974037,804031,1089,4234.6,180.1,61.5,156.5
29562,27922,SNB,96,15254,2791,180082,164828,347.5,1079.7,1332.7,50.6,376.4
29563,27531,SNB,240,28052,0,624450,596398,453.6,2242.3,885.7,61.2,399.5
29564,28380,Forest,64,50679,33778,280269,229590,-839.6,127.1,193.5,12.6,26
29565,27451,Forest,128,175708,37997,867369,691661,-811.3,1768.5,266.1,34.8,70.4
29566,26940,Forest,64,40134,11184,389357,349223,-451.9,706.2,163.3,17.3,51.3
29567,28212,Dairy,96,106552,106552,619348,512796,776.3,3579.8,159.2,67.2,389.8
29568,27429,Forest,96,112784,33103,872851,760067,845.9,1432.4,14.2,12.5,43.1
29569,27924,SNB,224,35698,16263,271166,235468,319,2130.5,1503.3,65.8,437.8
29570,27867,Dairy,128,152114,57139,1130895,978781,801.1,3887,97.2,45,99
29571,27540,Forest,80,32345,0,416143,383798,-807.3,359.8,208.2,16.9,43.5
29572,28726,Dairy,32,26350,0,343804,317454,376.3,507.4,31.9,9,68.1
29573,27673,Forest,112,65236,31630,505929,440693,-1581.4,224.8,331.6,22.5,43.3
29574,27059,Forest,144,80210,29603,634476,554266,-2033.9,288.3,431.4,28.7,57.5
29575,26903,Dairy,208,268232,101978,1817606,1549374,2072.7,3487.1,206.3,60.1,425.6
29576,27060,Dairy,112,118508,118508,1036958,918450,1131.9,4212.4,133.8,74.5,460.1
29577,27665,Forest,96,57976,57976,397972,339996,-1263.1,190.8,288,19.1,38.4
29578,28011,Dairy,64,68459,15500,461283,392824,522.7,1504.9,66.6,23.6,98.6
29579,27801,Forest,96,79237,28911,438089,358852,-925.3,753.7,256.7,26.5,96.9
29580,27455,Dairy,128,229329,228996,1158844,929515,1206.2,4409.6,219.1,67.6,204.6
29581,28045,Forest,128,87471,39842,584031,496560,-1953.2,256.1,380.9,25.3,51.6
29582,28158,Forest,96,105685,35377,509818,404133,-216.2,2079.1,332.6,50.5,231
29583,28351,Dairy,80,98893,37324,707385,608492,809,1920.2,177.1,41.4,129.7
29584,27699,SNB,256,60283,12040,826581,766298,1035.3,3221.7,3184.4,128,983.9
29585,27997,Dairy,96,95302,17896,807617,712315,928.1,1585.7,96,27.2,190.1
29586,28626,Dairy,64,62165,21319,477633,415468,267.2,792,94.9,17.2,101.9
29587,28094,Forest,80,122450,48171,353577,231127,82.2,1583,79.4,31.1,15.7
29588,26977,Dairy,112,158856,158710,1031207,872351,1136.7,4180.1,266.6,83.6,359.3
29589,28036,Dairy,64,76441,16273,652778,576337,619.7,1958.4,194.8,43.3,120.5
29590,28136,Dairy,96,74778,74747,770156,695378,844,1441.3,10.1,12.1,67.7
29591,27126,Forest,112,65914,65914,449528,383614,-1330.7,224.3,338.3,22.2,43.9
29592,27105,Dairy,80,63826,63783,539277,475451,421.3,1094.2,112.8,22.5,100.9
29593,27741,Forest,144,111368,62250,665150,553782,-2192,287.6,423.8,28.8,57
29594,27326,Forest,80,50450,25483,364581,314131,-1072.5,160.1,244.2,15.9,32.9
29595,28456,Dairy,32,38143,15377,201431,163288,284.9,1109.8,44.9,15.6,59.2
29596,27168,SNB,176,20105,0,179462,159357,471.3,1964.5,2960.7,84.8,694.7
29597,27401,Dairy,112,131570,131557,929944,798374,1105.8,3931.8,275.6,71.7,387.7
29598,28364,Dairy,64,97837,45453,617338,519501,635,2293.4,77.8,44.5,255.2
29599,27063,Dairy,80,82911,82642,645414,562503,708.7,2794.6,33.8,29,100.1
29600,27090,Dairy,96,117627,34076,867127,749500,945.9,3638.6,159.7,66.4,197.2
29601,28128,Dairy,64,57956,3093,387341,329385,497.7,1031.3,19.3,15.3,109.4
29602,27583,Forest,112,80423,15841,556035,475612,-1092,717.5,352.7,33.1,113.9
29603,28713,Forest,32,24275,14949,146546,122271,-427,64.7,95.5,6.4,13.5
29604,27781,Dairy,96,128444,128444,846785,718341,950.4,1598.6,95.3,26,196.9
29605,28087,Dairy,112,123893,41790,962337,838444,1022,1904.8,33.2,26.5,202.4
29606,28706,Forest,32,14011,7631,131954,117943,-390.1,63.6,95.2,6.5,13.2
29607,28666,Dairy,96,114086,27947,964392,850306,963.5,1647.3,51.5,23.5,179.6
29608,27517,Forest,64,39105,23091,260071,220966,-692.5,127.6,189.6,12.7,24.5
29609,27226,Dairy,32,35745,19042,169669,133924,-81.2,269.6,56,5.7,18.9
29610,28494,Dairy,112,101649,25328,868573,766924,661.9,1645.3,76.5,25.4,95.5
29611,26995,Dairy,112,163138,163138,1057176,894038,1127.6,4044.4,321.6,78.2,375.6
29612,27525,Forest,112,85593,50731,500073,414480,-1525.4,222.8,337.6,22.4,45.7
29613,27275,Forest,64,48041,48041,295197,247156,-888.7,128.4,189.6,12.9,26.8
29614,27478,Forest,144,140931,69542,903537,762606,-809.1,1982.5,345.3,52.8,249.5
29615,28269,SNB,176,81243,81234,510717,429474,-492.2,1399.3,1247.4,63.9,465.9
29616,28552,SNB,80,21352,21244,180803,159451,-21.7,494.2,575.7,24.2,154.5
29617,27825,Dairy,112,121086,121021,1060474,939388,801.7,2873.5,304.6,60.3,304.1
29618,28171,Forest,80,62328,34029,425582,363254,-781.2,677.3,256.7,25.4,97.4
29619,28232,Dairy,96,85316,8603,802003,716687,639.1,2996.8,147.7,56.4,339.2
29620,28460,Forest,32,11625,5108,120906,109281,-381.7,64.3,95.5,6.5,13.2
29621,27129,Dairy,80,91639,33563,580367,488728,707.2,2938,182,59.4,336.8
29622,27184,Dairy,32,37166,12106,246339,209173,282.1,501.1,20.4,8.2,64.2
29623,27914,Forest,64,55786,33779,292684,236898,-903.7,127.3,191.5,12.5,25.3
29624,28606,Forest,64,64145,64145,317391,253246,-445.3,629.6,201.7,23.8,101.9
29625,27403,Dairy,192,199851,87328,1283956,1084105,-18.8,4340.3,686.9,109.5,509.7
29626,27003,Dairy,64,94120,39809,587330,493210,627.9,2392.5,214.7,48.5,199.6
29627,27420,Forest,128,62667,62667,412912,350245,-780.1,689.5,914.1,40.7,219.2
29628,27992,Forest,64,60326,39060,303601,243275,-926.3,127.7,191.9,12.9,25.7
29629,27980,Forest,64,69526,11645,608923,539397,623,1139.8,63.7,17.9,135.1
29630,26874,Forest,32,21940,14354,140527,118587,-452.5,63.7,94,6.5,13
29631,27916,Forest,128,87574,52811,512972,425398,-1399,297.5,405.4,26.7,70.8
29632,27278,Dairy,96,128645,128322,900559,771914,1016.4,1530,94.8,29.4,91.6
29633,26994,Forest,48,23543,8778,208722,185179,-627.1,96.7,145.9,9.4,19.4
29634,26875,Dairy,176,220091,79427,1690864,1470773,1684.5,5420,64.3,59.3,260.3
29635,28603,Dairy,48,27167,0,352986,325819,111.4,1209.2,83,25.8,130.3
29636,27572,Dairy,80,92840,92679,544431,451591,647.2,1556.9,85.2,22.1,62.1
29637,27495,Forest,96,38517,20532,340425,301908,-854.4,335.2,492.3,23.8,99
29638,27269,Forest,112,89823,89823,485802,395979,-1520.4,224.6,338.5,22.6,43.3
29639,28454,Dairy,32,37704,14797,245208,207504,-35.6,598.9,74.9,9.8,37.2
29640,26942,Dairy,192,236411,102920,1370250,1133839,1103.2,5864.2,354.1,110.8,482.8
29641,28007,Forest,112,102922,68058,525089,422167,-1550.1,224.9,337.1,22.6,43.9
29642,27376,Crop,80,98172,98172,492523,394351,388.2,1644.9,138,36.5,146.6
29643,27939,Dairy,112,115828,12434,1146423,1030595,1134.3,4100.3,83.9,57.4,288.1
29644,27519,Dairy,64,81189,18561,540120,458931,238.3,821.6,61.4,14.2,50.6
29645,27363,Dairy,80,103133,103111,775265,672132,766.1,3033.3,97,53.5,325.4
29646,27027,Crop,96,125812,36176,394897,269085,101.5,1714.6,33.4,23,7.5
29647,27570,Forest,48,20701,20701,214335,193634,-685.1,95.8,145.8,9.4,19.1
29648,26896,Dairy,288,342267,342030,1769853,1427586,2260.3,8033,206,124.6,529.9
29649,27679,Forest,96,75825,37298,435041,359216,-1318.2,192.4,280.8,19.2,37.5
29650,28276,SNB,64,14919,14919,113946,99027,-85.5,581.7,890.1,26.8,202.3
29651,27874,Dairy,64,108039,52632,645641,537602,617.8,2291.8,39.5,30.1,138.9
29652,28120,Dairy,32,43342,23267,217537,174195,-110.2,583.1,109.1,15.4,78.2
29653,27074,Dairy,256,237149,237149,1289935,1052786,-654.4,5129.8,898.5,130.8,565.6
29654,27839,Forest,80,36060,23721,343223,307163,-1069.8,161,240.2,15.8,32.8
29655,27186,Dairy,80,90500,23674,760441,669941,451.7,1095.9,67.6,18.3,123.6
29656,27009,Forest,96,47039,30305,281575,234536,-668.6,465,782.5,28.9,154.8
29657,28008,Forest,96,66220,36433,433641,367421,-1369.1,192.7,290.5,19,38
29658,27017,SNB,96,136362,62153,801819,665457,633.8,2929.6,365.3,70,188.1
29659,27953,SNB,160,-14656,-14656,421158,435814,482.4,706.9,180.8,22.2,116
29660,28032,Dairy,48,62249,32979,286001,223752,38.6,1183.6,176.3,27.3,145.4
29661,27595,Dairy,128,172809,88838,800375,627566,743.3,4331.5,180.9,78.5,228.9
29662,27279,SNB,144,22502,22502,151171,128669,404.8,1556.1,2395.9,72.9,557.7
29663,28502,Dairy,80,144870,83726,702223,557353,684.4,2776.6,269.2,63.5,287.8
29664,28647,SNB,64,15194,5307,142299,127105,-45.7,243.8,67.8,8.2,36.1
29665,28534,Crop,48,56198,56198,205831,149633,-173.5,605.2,62.4,10.3,9.4
29666,27963,Forest,112,95315,63572,504788,409473,-1575.6,223.6,336.7,22.5,44.2
29667,28200,Forest,64,64551,45173,302995,238444,-962.8,129.3,194.8,12.8,25.2
29668,27492,Forest,80,32062,32053,243177,211115,-517.1,453,282.7,22,131.2
29669,27842,Dairy,48,57226,17667,316272,259046,390.8,1654.8,66.2,23,89.6
29670,26893,Dairy,160,286473,163336,1496572,1210099,1241,5318.8,494,114.5,508.9
29671,28267,Forest,48,35407,21634,224352,188945,-665.1,95.6,143.4,9.6,19.9
29672,28531,Forest,112,75309,75309,570621,495312,-884.4,1404.6,328.2,42.5,158
29673,28343,Dairy,128,148309,148309,879215,730906,1120.8,1973.8,44.6,20.7,96.3
29674,28654,SNB,192,48232,22037,356050,307818,-233.6,1677.5,2593.9,83.6,599.1
29675,27145,Dairy,48,35862,0,436796,400934,438.9,704.5,4.9,6.3,17
29676,28086,Forest,64,25274,3785,269915,244641,-828.4,127.8,189.9,12.9,25.5
29677,28198,Forest,48,53303,53303,226090,172787,-678.9,95.2,148.8,9.9,19.6
29678,28650,Forest,32,16378,9515,129757,113379,-354.8,64.2,97,6.5,12.4
29679,27989,Dairy,80,90152,31175,594291,504139,77.4,1932.9,289,45.5,237.1
29680,26912,Forest,48,29910,17461,215152,185242,-591.5,96,143.3,9.8,20.4
29681,28418,Forest,112,55060,34358,424756,369696,-1201.2,224.2,332.2,22.6,45.6
29682,27056,Forest,32,26303,16541,139983,113680,-441.8,63.3,98.3,6.5,12.7
29683,28623,Dairy,64,51541,8855,422598,371057,567.1,1778.1,136.6,33.6,159
29684,27613,Forest,128,107972,70748,573483,465511,-1718.4,258.2,379.6,25.3,50.3
29685,28139,Forest,64,26335,13500,245363,219028,-765.4,127.6,188.3,12.6,25.9
29686,27769,Dairy,144,127948,40484,782692,654744,197.2,3778.8,256.4,72.7,406.9
29687,28621,Dairy,48,48060,48006,364746,316686,420.3,1136.6,53.5,16.7,95.7
29688,28216,Dairy,96,139290,65945,860525,721235,945.6,3650,381.7,79,452.3
29689,27166,Forest,160,110631,0,743817,633186,-2216,317.4,485.6,32.5,62.2
29690,28066,Forest,112,63514,54238,440545,377031,-1304,222.3,330.6,22.1,43.7
29691,27309,Forest,80,59264,16564,412382,353118,-395.2,1302.7,272.4,36,153.6
29692,28670,Forest,64,76397,76397,435915,359518,-107.6,1202.4,221.6,35.4,122.9
29693,28196,Dairy,80,65123,64962,757350,692227,780.3,2731.2,113.7,37.9,146.2
29694,27623,Forest,80,53985,32511,348427,294442,-1077.8,161.3,248.2,16,31.8
29695,28239,Dairy,112,144364,55014,1014767,870403,797.6,3536.8,420.9,83.7,270.8
29696,28209,SNB,80,21457,9436,239630,218173,288.6,896,1077.3,38.9,323.9
29697,27863,Forest,48,28194,14120,195677,167483,-644.1,95.3,147.2,9.6,19.3
29698,26920,Forest,640,334745,163649,2498510,2163765,-7398,1279.3,1920.1,128.2,256.5
29699,28096,Forest,80,56629,32218,352311,295682,-1070.1,160.1,236.4,16.1,32
29700,28225,Dairy,64,71249,18449,560986,489737,657.2,2465.8,253.6,57.7,293.9
29701,27938,Crop,128,193776,56738,625061,431285,-359.9,1913.9,191.4,44.7,32.2
29702,28315,Forest,112,67291,29002,494811,427520,-1512,223.8,326.6,22.2,44.6
29703,26930,Forest,240,155376,95412,958822,803446,-2773,481.2,716.9,48.2,94.3
29704,28247,Dairy,96,104876,51301,754824,649948,-212.9,1970.5,199.8,43.2,206
29705,26885,Dairy,144,193231,193231,1274249,1081018,297.2,3407,278.4,55.8,204.1
29706,27383,Dairy,128,200568,108225,1144844,944276,1286.7,4871.7,500.4,110.7,590.8
29707,28425,Dairy,32,47286,23764,253289,206003,272.6,893.7,68.7,15.4,75.8
29708,27836,Dairy,128,164058,164058,1427809,1263751,1404.5,4938.1,513,104.7,607.4
29709,28245,Dairy,128,208906,208906,1272388,1063482,1277.6,3614,160.3,52.6,234.7
29710,27773,Dairy,64,132026,76834,642663,510637,683.1,2360.8,257,55,296.2
29711,27841,Crop,160,197506,47078,668074,470568,-77.3,2562.5,95,37.6,17.6
29712,27138,Dairy,64,46720,0,488482,441762,587.9,937.5,22.3,10.1,39.6
29713,28166,Dairy,192,198071,10061,1960676,1762605,1889.4,2918.5,62.6,29.7,145.7
29714,27266,Crop,48,56116,13160,199006,142890,53.1,841.5,15.8,11.3,4
29715,27990,Forest,48,16802,8094,150913,134111,-344.9,255.1,360.2,14.9,74.9
29716,27072,SNB,288,3460,2815,265334,261874,649.5,1801.8,897.1,53.2,315.8
29717,27994,Forest,64,74078,49866,372523,298445,-505.8,695.2,210.4,22.8,89.7
29718,27289,SNB,128,17958,0,402743,384785,-154.5,485.3,205.9,19.2,83.6
29719,27985,SNB,256,44971,10847,472704,427733,881.4,2712.6,3624.4,128.5,1000.7
29720,27093,Forest,144,113827,25461,729574,615747,-905.5,1878.4,317.4,41.3,147.8
29721,27314,Dairy,272,313236,96548,1733021,1419785,1931.5,8665,402.8,121.2,464.1
29722,27490,Dairy,272,286712,286551,1745031,1458319,874.1,6315.9,432.5,94.5,348.6
29723,27574,Forest,96,71846,71846,426918,355072,-1312.6,190.6,279.9,19.1,38
29724,26906,Forest,208,114168,63483,820963,706795,-2458.4,416.6,631.5,41.8,83.4
29725,28485,Forest,48,32386,32386,198327,165941,-572.4,96.5,145.8,9.6,20.1
29726,27180,Forest,48,17487,8300,166431,148944,-282.7,238.1,318.8,14.6,81
29727,28386,Forest,32,26610,15680,148329,121719,-496,64.7,95.9,6.3,13.1
29728,27070,Dairy,192,204214,203934,1134348,930134,1279.1,4646.8,443.6,95.2,504
29729,28037,Dairy,80,95787,95573,844814,749027,861.3,1953.4,131.9,33.7,167.7
29730,28632,Forest,32,17103,7523,139176,122073,-393.2,64.3,94.1,6.5,13.2
29731,27425,Forest,128,75062,35550,554406,479344,-1726.7,254.2,377.6,25.5,49.7
29732,28186,Forest,96,55066,0,434568,379502,-1292.5,190.5,291,19.3,37.8
29733,27073,SNB,368,41997,2670,514336,472339,1025.4,3588.6,1967.7,100.9,655.2
29734,28515,Dairy,64,50435,0,581051,530616,630.4,2159.5,90.9,30.1,120.9
29735,27402,Forest,112,77004,44314,509977,432973,-1667.3,225.8,330.7,22.5,44.9
29736,27778,Dairy,48,52481,13754,435472,382991,479.7,1810.2,57.3,34.2,193
29737,27323,SNB,80,11644,1827,143004,131360,237.9,753.8,381.9,22.2,142.6
29738,28473,Dairy,144,143574,68974,765531,621957,970,4176.1,368.1,75.6,327.7
29739,27793,Dairy,160,155177,39499,939800,784623,912.5,2169.6,98.5,26.5,124.1
29740,27415,Forest,64,68301,39544,360871,292570,-581.8,324.6,144.4,12,25.4
29741,27292,SNB,128,5813,0,146556,140743,330.9,616.7,159.1,25.7,185.6
29742,27055,Dairy,80,122684,122662,785264,662580,781,3049.2,94.8,55.4,314.2
29743,28126,Forest,144,117987,80781,633302,515315,-1861.2,287.3,434.2,28.8,57.5
29744,28704,Dairy,32,40997,40876,318827,277830,337.8,497.4,21.2,6.9,23.2
29745,26932,SNB,48,-4115,0,151678,155793,163.8,311.8,91.3,12.8,103.7
29746,27412,Forest,112,89757,53137,527452,437695,-1574.9,226.4,341.2,22.2,45.8
29747,27877,Dairy,176,198171,64514,1515614,1317443,1729,6568.5,693.4,146.4,398.8
29748,26944,Dairy,144,192955,79649,1068689,875734,972,4409,225.7,62.1,228.6
29749,28338,Forest,48,43238,28578,213121,169883,-718.2,94.8,143.6,9.7,18.7
29750,27357,Dairy,64,85091,36061,559607,474516,634.8,1107.8,63.6,18.5,93.5
29751,27345,Forest,96,77143,23629,720362,643219,-141,1795.6,209,31.8,101.5
29752,27487,SNB,368,25093,0,981791,956698,1029.7,3470.9,1375.4,135.8,1119.9
29753,27905,Dairy,128,107746,9083,921974,814228,1149.1,4478.8,296,77.4,404.2
29754,27242,Dairy,128,193563,162082,1146621,953058,1274.8,4667.6,511.6,108,562.2
29755,27352,Forest,64,43140,26280,288398,245258,-866.6,129,191.4,12.8,25.9
29756,27243,Dairy,208,304600,122259,1903195,1598595,2067.4,8130.8,783,176.5,922.7
29757,28259,Dairy,96,125448,63240,718183,592735,915.6,3625.9,383,78.8,212.2
29758,27529,Crop,32,52163,22670,237347,185184,177.3,866.3,81.5,20.6,43.9
29759,27885,Forest,128,140652,44539,1096800,956148,1205.4,4470.3,177.5,59,117.4
29760,28282,Forest,112,75679,75679,482481,406802,-1546.3,224.3,336.3,22.3,44
29761,27404,Dairy,176,240931,118605,1196862,955931,1485.5,6805,254.9,119.4,727.6
29762,27779,Dairy,96,81112,30534,555984,474872,228.2,2545.7,352.3,60.4,158.2
29763,28350,Forest,96,45506,22522,371218,325712,-1178.6,193.2,289.6,18.9,38.3
29764,27010,Dairy,96,102259,101990,647597,545338,843.9,1943.8,144.7,36.6,228.4
29765,28587,Dairy,96,86543,9474,825759,739216,912,3730.5,161.2,68,361.2
29766,27193,SNB,208,27722,3693,318438,290716,626.4,2153.5,2573.4,87.3,715.2
29767,27767,Forest,64,36502,21664,232538,196036,-584.7,284,379.1,17.8,84.2
29768,26960,SNB,368,19201,19201,530831,511630,764.2,2818.8,820.4,92.3,710
29769,28060,Dairy,64,92217,43900,535566,443349,618.8,2073.3,199.9,44.5,244.9
29770,27834,SNB,64,18975,10958,133137,114162,-43.5,544.4,798.6,27.2,189.8
29771,28329,Forest,144,107042,46395,707136,600094,-742.7,2161.9,480.6,58.6,223.3
29772,27260,Dairy,96,119089,47537,782330,663241,911.3,1700.9,91.9,25.5,150
29773,27240,Dairy,112,153216,58454,1006312,853096,812.2,1574.9,144.7,30.3,197.3
29774,27621,Dairy,48,52254,4254,374578,322324,64.6,507.8,49.9,7.1,17.4
29775,27909,SNB,80,-3105,0,196389,199494,264.2,374,275.7,20.2,128.1
29776,27136,Forest,96,85891,47670,452977,367086,-1426.7,191.3,287.9,19.2,37.2
29777,27329,Dairy,80,107641,39406,679793,572152,813.7,1336,79.7,23.3,157.3
29778,27006,Forest,112,82895,44798,570155,487260,-1257.3,450.4,300.3,23.8,55.5
29779,27582,Forest,64,36806,16423,289945,253139,-889.6,127.2,191.3,12.7,25.4
29780,28403,Forest,96,60103,30533,435536,375433,-1354.7,191.9,290.6,19.3,37.9
29781,28443,Dairy,48,68211,30602,429068,360857,120.7,1258.1,180.9,30.8,158.7
29782,28496,Dairy,128,202031,106987,936008,733977,-371.1,1923.8,266.3,43.4,224
29783,28287,Forest,80,32547,32547,487466,454919,-465.3,550.1,179.3,18.3,79.6
29784,26990,Forest,80,58627,58627,351745,293118,-1070,160.8,234.5,16.1,32.3
29785,27819,Dairy,48,67249,32064,337090,269841,458.2,1586.6,20.5,17.5,82
29786,26925,Dairy,96,116310,22072,887493,771183,959,3368.7,384.1,78.7,355.1
29787,26993,Dairy,144,310916,184880,1415555,1104639,1494.4,5456.5,530.9,116.8,590.7
29788,28005,Forest,80,122022,52927,717435,595413,727.4,2909.7,95.2,52.6,159
29789,28356,Forest,32,20787,11389,142545,121758,-410.7,64.3,96.5,6.2,12.4
29790,27501,Forest,64,35196,0,267880,232684,-859.6,127.6,193.3,13,25.9
29791,28660,Forest,144,144499,30466,583990,439491,-1078.2,1440.8,297.2,42,44
29792,28540,Forest,48,23153,23153,211824,188671,-670.4,95.9,144.1,9.6,18.8
29793,28099,SNB,272,32889,32239,467467,434578,291.1,1565.2,1376.7,77.5,509.1
29794,27748,Forest,80,52466,28630,352675,300209,-1158.9,159.5,246.6,15.8,31.8
29795,28028,Forest,160,106586,59550,669742,563156,-2071.6,322.2,483.6,32,63.6
29796,28192,Dairy,64,91055,34702,616096,525041,643.4,2379.1,255.1,54.5,296.3
29797,27255,Forest,192,238458,88701,1708498,1470040,1902.5,6656.3,389,109.5,240.3
29798,28622,Dairy,48,82427,36302,457779,375352,500.3,1906.1,195.7,44.5,224.4
29799,27768,Dairy,144,195883,195883,1383287,1187404,1551.3,5327.7,570.2,119.8,664.3
29800,27703,Dairy,160,200576,74784,1208330,1007754,1587.2,6293.3,648.3,134,704.2
29801,28217,SNB,80,32267,17768,191035,158768,-350.9,397.1,496.6,22.9,120.9
29802,28277,Dairy,48,32991,32978,438207,405216,433,1593.5,19.8,18,39.5
29803,27228,Forest,176,138305,138305,809220,670915,-2557.3,351.6,531.9,35.4,71.8
29804,27522,Forest,64,44452,27671,280541,236089,-886.5,128.7,188.2,12.9,25.7
29805,26908,Dairy,64,59525,59525,547679,488154,650,2391.5,254.3,53.7,296.4
29806,26980,Forest,160,94013,94013,791281,697268,-536.1,2406.8,364.6,50,152.1
29807,28465,Dairy,176,228828,119476,1387363,1158535,207,4272.7,323.3,89.7,473.5
29808,28301,Forest,64,41784,35943,256337,214553,-719.2,128.8,196,12.7,24.6
29809,27556,Dairy,128,137444,26498,1214643,1077199,1264.4,2097.4,127.4,36.6,254.2
29810,28332,Forest,112,62049,62049,513734,451685,-1575.7,223.8,337.5,22.6,44.6
29811,28063,Forest,32,17048,17048,128446,111398,-369.4,63.3,96.8,6.2,12.6
29812,27584,Dairy,176,230639,84587,1384450,1153811,1605.1,6460.4,159.9,96.7,272.6
29813,27510,Dairy,128,180485,180485,1149758,969273,1273.9,5019.3,508.7,107.1,581.4
29814,28717,Forest,32,26775,26775,143725,116950,-394.6,65,93.6,6.2,12.7
29815,28620,Dairy,32,31571,2643,313431,281860,343.2,1195.6,82.4,23.4,140.2
29816,27428,Dairy,176,269883,94877,1749064,1479181,1828.2,6886.8,299.6,123,730.3
29817,27858,Forest,48,56840,39532,238936,182096,-694.3,96.8,143.6,9.4,19.9
29818,28064,Forest,96,87328,44810,527009,439681,-1108.1,702.7,256.9,27.4,65.4
29819,27004,Dairy,208,213686,213634,1748399,1534713,2019,7897.1,248.5,141,845.3
29820,28682,Dairy,80,60627,0,765576,704949,412.8,2237.9,75.1,27.4,57.1
29821,27019,Dairy,96,139878,65028,794045,654167,494.1,1406.6,124.8,26,87.8
29822,28341,Forest,80,47969,27121,316512,268543,-934.8,160.9,234.6,15.9,31.9
29823,27464,Dairy,144,177600,91352,1005082,827482,-97.9,2910.7,379.3,65.6,254.7
29824,27355,Forest,64,34842,34842,290540,255698,-885.8,128.1,196,12.9,25.5
29825,27892,Dairy,240,331937,144736,2084339,1752402,1707.3,8400.9,438.9,155.4,871.3
29826,27382,Crop,48,64804,12999,204922,140118,52.2,548.7,8.4,7.7,2.4
29827,27176,Dairy,192,229556,54432,1764508,1534952,1777.5,2915.9,20.4,24.4,136.3
29828,28148,SNB,64,-222,0,95084,95306,152.5,263.4,25.9,7.1,41.1
29829,28268,Forest,64,85988,26626,599185,513197,637.4,2466.6,257.6,54,297.7
29830,28025,Forest,96,120555,52656,809939,689384,632.4,3139.5,363.8,71.5,184.7
29831,28492,Dairy,96,73381,25601,539580,466199,-273.4,1835.3,252,39.8,147.2
29832,27008,SNB,272,42669,13658,332640,289971,486.8,2883.2,4477.7,132.6,1036.9
29833,28116,SNB,112,15433,6397,113113,97680,285.7,1163.1,1750.1,51.3,399.5
29834,27343,Dairy,240,320755,132158,2129135,1808380,2451.6,9198.8,959.5,200.8,1065.3
29835,27640,Forest,144,104932,61127,656761,551829,-2028.1,286.8,427.7,29.1,58.6
29836,27365,Dairy,80,109137,44818,703875,594738,724.2,1334.6,79.3,23,165.3
29837,27347,Dairy,128,140777,139897,1195314,1054537,1273.3,2197.9,126.5,37.4,132.1
29838,28311,Forest,32,27743,15643,154665,126922,-481,63.8,99.9,6.4,12.4
29839,26877,Forest,48,24741,10332,221729,196988,-634.6,96.1,147.8,9.7,19.4
29840,28078,Dairy,64,92592,37768,480195,387603,-38.6,1287,227.1,36.3,160.2
29841,27219,Forest,96,89615,58686,431601,341986,-1411.5,191.6,295,19.3,37.8
29842,28359,SNB,112,14234,0,284471,270237,-336,382.1,164.7,16.6,60.4
29843,27312,Forest,64,39535,25640,267867,228332,-758.2,127.7,193.5,13,26.4
29844,27481,Forest,240,76079,28157,686179,610100,-1152.7,855.9,993.5,56.9,275.1
29845,27999,Forest,80,54718,54718,359510,304792,-1076.1,159.7,237.4,16.4,33.2
29846,27893,Forest,256,113083,113083,777682,664599,-1841,1161,1216.3,61.7,247.9
29847,28687,SNB,48,5888,1847,48470,42582,126.8,528,787.9,23.5,197.8
29848,27499,SNB,144,29388,11152,316246,286858,-64.5,1348.6,603.6,50.8,423.2
29849,26981,SNB,256,28802,695,337920,309118,771.7,2885.6,4189.4,128.8,1043.2
29850,27156,Dairy,160,179921,179921,1366752,1186831,1519.2,6183,193,105.4,640.3
29851,26928,Dairy,192,237515,96448,1450925,1213410,1679.3,5228.8,212.4,91.9,590.7
29852,28178,Forest,128,110747,63030,647068,536321,-1522.9,485.6,343.3,26.6,79.1
29853,27521,Forest,144,142969,105677,654986,512017,-1911.2,285.1,436,28.7,57.9
29854,27723,Dairy,80,82709,27435,554452,471743,54.2,1220.7,171.3,27.9,142.3
29855,27979,Dairy,64,45865,0,377887,332022,230.8,727.3,64.3,10.8,25.8
29856,27537,Forest,128,49500,0,503009,453509,-1429,255.5,380.7,25.3,50.7
29857,27310,Forest,96,50979,31227,350514,299535,-602.1,387.9,433.3,23.2,95.8
29858,27029,Dairy,128,155641,56708,864794,709153,879.3,3737.8,73,53.1,230.6
29859,27933,Forest,80,49263,23427,349130,299867,-1101.8,160.2,233.1,15.9,31.3
29860,27826,Forest,160,102491,53649,695903,593412,-2195,321.3,481.4,32,63.2
29861,27751,Dairy,96,101636,21870,859564,757928,946.3,2274.3,148,42,128.7
29862,26969,Forest,96,76526,47091,437978,361452,-1277,190,291.6,19.1,38.6
29863,27794,SNB,32,4861,542,53573,48712,101.9,262.6,248.9,11.5,83.9
29864,28710,Dairy,32,29257,2366,278239,248982,321.3,1218.7,126.4,27.7,72.4
29865,27441,Forest,64,55532,55532,303392,247860,-870.8,128.4,189.7,12.7,25.1
29866,26975,SNB,96,19960,6188,195207,175247,-257.5,398.9,370.1,23.1,115.1
29867,28121,SNB,112,12677,4461,115607,102930,306.1,1281.5,1942.2,56.3,457
29868,27230,Dairy,128,171835,90774,992135,820300,570.9,3609,479.6,85.7,458.2
29869,28582,Dairy,128,101430,2580,835607,734177,-228.9,2226.9,219.6,37.2,132.5
29870,28436,Forest,48,23168,23164,153495,130327,-329.4,248.6,167.1,12.7,66.8
29871,28409,Forest,64,67325,11004,309104,241779,-935.6,128.2,196.6,12.9,25.3
29872,27296,Dairy,112,135438,135116,890683,755245,1084.4,3233.6,302.1,69.2,329.9
29873,27752,SNB,64,10981,2553,182602,171621,236,737,850.1,30.5,256.6
29874,27803,Dairy,144,191073,76117,1369018,1177945,882.9,4138.8,544,101.1,522.1
29875,27485,SNB,192,65580,42354,502107,436527,-738.6,1341.6,1317.8,63.5,428.1
29876,27477,Dairy,112,110662,44730,805572,694910,-21,2298.4,170.9,33.6,124.9
29877,28065,Forest,96,35144,7899,387430,352286,-1244.6,193.4,290,19,38.2
29878,27197,Forest,96,69664,0,868378,798714,851.5,1503.9,10.3,12,74.5
29879,28278,Forest,128,71223,36094,559025,487802,-1767.6,254.2,380.4,26,51.2
29880,28628,SNB,96,7819,0,140484,132665,282.6,669.2,605,23.9,162.3
29881,27897,Dairy,176,238942,122165,1552845,1313903,1647.9,2749.5,117.9,40.2,250.3
29882,27828,Dairy,64,75658,38457,372885,297227,181.2,1884.1,240.3,44.7,219.9
29883,26905,Dairy,96,116046,22748,1011309,895263,951.7,1474.8,43.2,17,49.2
29884,28638,Dairy,80,51178,8992,476422,425244,593.3,2178.1,715.1,58.4,338.6
29885,28132,SNB,64,9667,3514,69161,59494,167.7,706.9,1109.6,32.1,254.7
29886,28384,Forest,64,42125,42125,286510,244385,-869.8,127,192.9,12.7,26.8
29887,27457,SNB,96,1196,0,166821,165625,259.5,512,337.4,19.3,112.7
29888,28556,Dairy,64,69496,26673,475047,405551,261.3,1655.8,116.9,25.4,95.5
29889,28226,Dairy,368,493584,224703,2393299,1899715,3118.2,14289.6,439.8,251.3,1473.2
29890,27539,Dairy,128,219264,96460,1455412,1236148,1423.9,4707.5,513.9,106.5,574.6
29891,28206,Dairy,64,85079,38460,491443,406364,293,1885.2,196.5,39.2,209.7
29892,28115,Dairy,32,37303,37182,319557,282254,333.5,1151.1,38,21.6,63.6
29893,28681,Forest,32,21040,13371,123339,102299,-355.4,64.3,91.9,6.4,13
29894,27117,SNB,112,33441,11084,321699,288258,-416.2,405.8,303.6,21.9,94.1
29895,27339,SNB,80,4357,0,161257,156900,234.9,760.7,120.6,17.7,127.4
29896,27848,Dairy,48,48381,48377,380492,332111,485,1660.6,145.8,37.3,216.1
29897,28617,Dairy,64,86040,34958,396498,310458,556.2,2480.3,259.7,52.9,287.6
29898,27674,Dairy,80,95867,95850,506629,410762,671.8,2600.9,49.2,31.2,81.1
29899,27585,Crop,96,101738,101738,622773,521035,414.5,2301.4,150.1,43.7,146.6
29900,27726,Forest,80,70008,22735,353252,283244,-658,694,176.6,22.9,26.1
29901,28288,Forest,96,49676,0,422256,372580,-1264.6,193.7,289,19,37.1
29902,27524,Forest,48,31660,31660,190084,158424,-510.7,94.8,145.5,9.6,18.7
29903,27025,Forest,96,61582,34565,445528,383946,-1429.8,192.6,287.5,19.3,37.8
29904,28117,Forest,112,61747,20130,574249,512502,-1287.9,850.3,356.3,32.2,119.1
29905,27738,Forest,64,76879,45642,395398,318519,-562.8,671.2,204.6,23.2,92.5
29906,28618,Forest,80,32387,14087,300444,268057,-890.4,159.3,244,16.2,31.3
29907,27705,Dairy,80,73774,747,754621,680847,795,2983.6,96.2,54.3,324.9
29908,27610,Forest,80,67598,34644,369058,301460,-1069.5,161.3,233.5,16,32.5
29909,28054,Forest,64,40655,40655,274404,233749,-842,128.4,193.9,13,25
29910,26979,Dairy,288,286020,33990,2705361,2419341,2667.6,4871.5,71,47.3,238.4
29911,28077,Dairy,176,199211,49542,1201731,1002520,1567.1,6066.4,243.1,82.7,155.4
29912,27869,Dairy,176,186913,66133,1422154,1235241,721,4899.4,660.9,119.6,569.9
29913,26879,Dairy,128,186971,84637,1117342,930371,1255.7,4565.7,167.7,73.4,383.9
29914,28605,Forest,64,496,0,177047,176551,222.3,628.5,302.3,18,110.5
29915,28159,Dairy,64,74203,74203,544132,469929,630.5,2490.5,76.5,42.6,259.1
29916,27195,SNB,432,102697,24177,919617,816920,-1172.7,1808.4,827,70.9,309.3
29917,26956,Forest,784,458696,248894,3172344,2713648,-9478.8,1562.1,2324.2,157.4,316
29918,27045,SNB,272,42201,42201,351849,309648,757.2,3059.4,3048.5,123.4,1034.7
29919,27431,Forest,96,54886,26508,410493,355607,-1323.9,191.3,294.1,19.1,39.3
29920,27807,Forest,112,72501,38543,498423,425922,-1543.2,225.4,337,22.6,43.2
29921,27650,Forest,240,286041,143907,1514809,1228768,-1644.7,3296,783.5,98.5,425.7
29922,27711,Dairy,80,104474,44399,704357,599883,451.4,1409.1,127.8,25.9,125.8
29923,27182,Forest,160,46540,12192,603433,556893,-1882.1,321.4,487,31.8,64.5
29924,27688,Dairy,96,121302,121302,842273,720971,966,3691.9,383.7,82.1,420.3
29925,27178,Forest,64,45768,20833,297342,251574,-439.6,373.5,148.5,13.4,49
29926,28253,Forest,64,21218,21218,174913,153695,-254.9,414.8,564.6,23,130
29927,28079,Forest,48,24370,0,279139,254769,-291,647.6,157.7,20.1,77.1
29928,27237,SNB,48,10751,2244,112128,101377,-109.2,396.5,608.1,19.2,133.6
29929,28512,Dairy,48,40196,5645,415345,375149,447.5,1562.3,64.7,22.5,41.9
29930,27081,Dairy,64,82629,82629,450649,368020,-81.3,1239.7,224.5,35.4,158
29931,27023,SNB,144,19798,1518,244872,225074,454.1,1591.5,774.3,60.2,545.8
29932,27474,Dairy,80,96687,31984,674855,578168,369.5,1111.3,66.2,18.1,121
29933,28478,Forest,48,22897,0,306277,283380,-310.7,331.8,112.1,10.9,46.1
29934,28122,Forest,64,55192,36114,297323,242131,-965.2,128.7,195,12.8,26
29935,28413,Forest,48,26989,10286,213055,186066,-704.5,96.7,149.1,9.7,19.2
29936,28246,Dairy,48,53398,53398,528213,474815,548.9,785.7,48.8,14.3,97.2
29937,26985,SNB,464,65858,65854,655363,589505,975.3,3402.4,4391.8,162.2,1169.6
29938,27965,Dairy,112,99852,99852,1027881,928029,712.7,2195.3,179.7,37.4,96.3
29939,27693,Forest,192,84871,44988,714837,629966,-2036,430,592.3,40,95.5
29940,28101,Dairy,64,52254,52254,409265,357011,213.6,802.8,94.2,16.9,53.9
29941,28125,Forest,128,108638,47389,722266,613628,-1082.6,1337.1,332.2,40.2,107.1
29942,27776,Forest,64,50465,29948,291902,241437,-870.2,128.7,192.4,13.1,25.3
29943,27212,Forest,144,153236,77763,994559,841323,-400.4,2521.7,499.2,71.1,330.6
29944,27690,Dairy,80,124194,68767,687368,563174,141.2,1908.3,285.6,45.6,122.6
29945,27207,Dairy,208,282897,122035,1624572,1341675,1572.5,3818.4,178.7,63,277.2
29946,27851,SNB,128,76382,57161,448407,372025,-209.2,1406.2,1111.2,52.2,351.6
29947,28067,Forest,624,343465,273162,2439698,2096233,-7044.7,1394.8,1911.5,128.2,308.9
29948,28114,Dairy,96,114703,44545,758412,643709,214.9,2417.1,355.6,62.1,310.9
29949,27721,Forest,192,96042,96042,793640,697598,-2451.1,385.5,573.1,37.7,77
29950,27416,Dairy,80,146113,146113,735445,589332,740.1,2721.5,111,36.5,150.2
29951,27173,Forest,48,29503,14729,208736,179233,-680.5,97.2,144,9.7,18.4
29952,27144,Dairy,112,106065,106011,591287,485222,-174.2,2185.6,342.2,55.5,246.7
29953,27811,Dairy,80,127076,69432,685475,558399,442.9,2367,304.8,58.4,303.3
29954,27995,Dairy,48,98000,98000,439095,341095,484,801.1,48.3,13.5,106.2
29955,27514,Dairy,32,20702,20616,187294,166592,270.1,983.2,44.9,15.9,27
29956,27297,SNB,144,6466,6466,234511,228045,411.2,1042,295.3,36.7,293.6
29957,28573,Forest,64,52324,34093,289684,237360,-811.1,128.6,193,12.8,24.3
29958,27809,Forest,96,75240,44287,446255,371015,-1417.2,192.6,286.2,19.1,39.8
29959,27165,Dairy,48,71008,21194,529630,458622,528.3,1874,194.7,43,225.4
29960,28021,Dairy,96,132098,132098,588335,456237,496.8,2926.4,365.8,72.4,353.7
29961,28056,Dairy,128,158373,158330,1188659,1030286,1252.5,4831.9,195.9,88.1,253.1
29962,26938,SNB,240,-1459,0,652577,654036,828,2346,1081.4,66.2,442.8
29963,28113,Crop,80,86408,37031,308371,221963,-455.9,1078.3,144.8,25.4,21.8
29964,28319,Dairy,144,170650,82380,1052298,881648,-2.2,2740,296.8,49.1,177.3
29965,27405,Forest,80,42130,17720,349434,307304,-1021.8,159.7,243,15.9,31.1
29966,27687,Forest,128,123569,33713,799836,676267,-288.7,1967.1,350.9,48.5,204
29967,28684,Forest,48,26646,21985,184600,157954,-545.5,95.2,145.5,9.8,18.8
29968,27749,Crop,80,119244,45781,386985,267741,6.2,1654.7,160.7,37.3,84
29969,27810,Forest,64,41098,41098,281004,239906,-874.6,127.9,190.7,12.7,26
29970,27645,Forest,144,94168,50773,652092,557924,-2050.6,289.3,424.8,28.9,59.5
29971,28719,Forest,32,15129,7627,127765,112636,-418.7,63.8,98.9,6.5,12.4
29972,28296,Dairy,32,32315,23219,152774,120459,-481.1,64,96.9,6.5,12.6
29973,27890,Crop,80,120884,50543,349712,228828,-153.4,1288.2,112.9,28,19.3
29974,28334,Forest,48,22245,22245,201449,179204,-635.3,95.9,147.2,9.8,19.3
29975,27757,Forest,192,82199,38030,746865,664666,-2187.1,386.7,580.2,37.8,76.4
29976,27158,Dairy,128,146516,39749,1280594,1134078,1259.7,3808.8,107.5,65.8,396.9
29977,27020,Dairy,128,141055,41222,868811,727756,794.1,3851.2,245.8,60.1,245.8
29978,27588,Forest,48,34610,20741,212950,178340,-611.6,94.7,141.5,9.8,19.6
29979,27368,Forest,64,38172,29016,291966,253794,-889,127,192,12.8,25.2
29980,27603,Forest,80,61235,0,732855,671620,773.3,1830.4,133.8,31.4,87
29981,28474,Forest,32,19681,10400,150725,131044,-448.4,64.5,95.2,6.3,12.2
29982,28469,Forest,48,41253,41253,227915,186662,-317,593.1,117.8,13.2,44.4
29983,28119,Dairy,80,109861,31441,762771,652910,859.7,3069.8,323.6,72.6,357.2
29984,27235,Dairy,80,86056,86056,664366,578310,296.5,1024.3,53,11.6,53.7
29985,28406,Forest,64,35809,21498,244266,208457,-700.7,128.8,188.4,12.7,26.4
29986,28658,Forest,80,111528,70226,536085,424557,-277.2,1240.5,272.5,36.6,154.1
29987,28321,Forest,64,72771,72771,301466,228695,-624.8,251.3,147.9,13,20.5
29988,28611,Forest,64,46554,46554,298969,252415,-906.2,127.4,195,12.4,25.5
29989,27283,Forest,192,198732,198732,1358806,1160074,-338.2,2172.5,426.7,55.9,189.6
29990,28098,Forest,64,48118,30274,276150,228032,-934.1,129.3,193.2,12.4,26.1
29991,27955,Dairy,128,119294,47372,747882,628588,23.3,3311.5,465.3,75,202.2
29992,26916,Dairy,80,72492,2621,493273,420781,-56.4,768.5,98.4,12.4,28.7
29993,28519,Dairy,80,93166,18055,805586,712420,838.8,1356.1,24.1,17.7,147.1
29994,28248,Forest,176,56861,9123,673442,616581,-2067.5,353.4,533.7,35.1,67.9
29995,28486,Dairy,64,119033,69072,661235,542202,693.7,2551.4,206,54.4,270.4
29996,27840,Forest,48,95879,62930,390692,294813,106.9,541.3,69.6,11.5,37.1
29997,28001,Forest,32,29537,18347,146663,117126,-431.2,63.5,96.8,6.4,12.4
29998,27225,Dairy,272,318739,73798,2104770,1786031,2405.3,9439.6,489.9,145.4,456.4
29999,28614,Dairy,48,50313,17773,368151,317838,69.1,1201.4,61.5,14.9,33
30000,27862,Dairy,96,128100,50887,905339,777239,971.4,3098.7,281.9,62.4,334.8
30001,28068,Dairy,48,90385,51912,469881,379496,475.6,1886.1,57.1,33.1,97.1
30002,28559,Forest,48,50658,37017,219872,169214,-623.1,95.8,146.1,9.6,19.4
30003,27190,SNB,192,36538,10790,356870,320332,18.9,1027.5,729.2,50.7,344
30004,27969,Dairy,64,59631,14956,400817,341186,258.3,839.6,94.3,18.1,104.2
30005,28330,Forest,80,31543,14273,295357,263814,-741.7,294.4,396.7,20.4,91.7
30006,28555,Forest,80,52312,27732,363206,310894,-1147.9,160,237.4,15.8,32.1
30007,28586,SNB,64,39389,18952,204510,165121,178.1,500.7,270,17.9,104.8
30008,27901,SNB,96,-6673,0,248351,255024,295.4,401.6,106.3,13.3,69.8
30009,27161,Forest,80,70568,48105,379036,308468,-1062.2,162.1,243.2,15.8,32
30010,28444,Dairy,80,107322,107107,751943,644621,724.4,2669,33.3,29.3,63.2
30011,28043,Forest,96,100481,61090,463347,362866,-1495.8,193.2,290.6,19.3,37.5
30012,28501,SNB,96,22123,7587,224047,201924,-180.6,322,176.3,14.9,59.1
30013,26998,Dairy,32,34073,12110,185501,151428,237.6,550.8,32.5,9.7,64.4
30014,27244,Forest,208,89740,51638,703010,613270,-1722.5,878.2,1275.6,55.8,261
30015,27770,Forest,64,44343,27316,280643,236300,-909.5,128.5,187.9,12.7,24.5
30016,27845,Forest,80,61837,38714,374257,312420,-1122.4,161.1,239.1,16,32.3
30017,28031,Dairy,128,177509,176999,1146645,969136,1227.4,2149.1,127.9,37,275.4
30018,28696,Forest,48,19829,8507,183061,163232,-573.6,95.5,146.1,9.6,19
30019,28651,Forest,80,21614,0,329636,308022,-1130.9,159.1,244.7,15.7,31.4
30020,28393,Forest,112,50193,50193,430030,379837,-1299.8,224.1,340.6,22.1,45
30021,27919,Dairy,32,41170,41138,327641,286471,319.8,1195.5,86.6,20.1,101.2
30022,27256,SNB,208,6221,0,244758,238537,208.1,902.9,425.8,33.1,172.8
30023,28438,Forest,48,24191,0,206989,182798,-651.7,95.9,143.5,9.4,19.4
30024,26888,Forest,112,82390,82390,485548,403158,-1534.8,224.4,335.8,22.3,45
30025,27311,Dairy,96,114805,114805,520866,406061,-283.2,1959.1,341.1,49.8,229.8
30026,28181,Forest,80,121133,58893,671172,550039,690.1,1375.6,23.8,19,146.7
30027,27124,SNB,96,30678,30669,265737,235059,-425.5,573.3,216.5,19.9,96.5
30028,27852,Forest,144,96574,0,661278,564704,-2080.5,287.9,434.2,28.7,57.6
30029,28353,SNB,96,6744,0,91873,85129,212.6,971.5,169.8,21.1,165.3
30030,27411,Dairy,112,155518,66858,772514,616996,1004,1873.2,111.6,31.6,219.4
30031,27454,Forest,80,12439,3454,129358,116919,-32,773.7,892.5,30.3,226.7
30032,27068,SNB,96,25584,25584,197651,172067,-222.5,754,1131.8,38.3,281.2
30033,28487,Forest,80,58645,36384,370713,312068,-1159.4,160,235.4,16.1,32.2
30034,28258,Forest,64,55775,29702,353716,297941,-406.2,673.3,213.7,25.2,92.8
30035,28389,Dairy,48,41584,10308,364963,323379,64.8,521.6,59,8.6,32.4
30036,27315,Dairy,64,40616,40616,515012,474396,605.6,2186.4,89.5,27.9,55.6
30037,27233,Dairy,272,192970,191422,1433565,1240595,-197.8,5131.7,588.7,93.2,176.4
30038,27239,Forest,64,40349,22125,293343,252994,-802.8,129.2,192,12.8,25.8
30039,27192,SNB,32,11871,3379,112844,100973,-134.1,216.2,219.7,11.2,71.7
30040,28705,Forest,32,16570,6594,130359,113789,-447.2,63.5,93.7,6.4,12.9
30041,27954,Dairy,112,161158,65848,978889,817731,957.5,3908,120.2,69,202.5
30042,27294,Dairy,32,47726,19378,312780,265054,352.4,1248.4,128.2,26.4,156.9
30043,28352,Forest,64,51501,25152,294802,243301,-939.6,128.3,190.8,12.9,25.4
30044,27977,Forest,80,79736,50934,349676,269940,-798.6,467,207.8,19,28.7
30045,27528,Forest,112,46167,18602,432782,386615,-1288.3,224.4,338.2,22.3,43.8
30046,26941,Dairy,256,256077,103144,1403546,1147469,1358.3,7028,1013.5,124.5,350.1
30047,27306,Forest,160,119391,50034,943802,824411,-1456.4,1502.2,513.1,52,196
30048,27430,SNB,128,19972,5385,363029,343057,482.2,1429,1730.9,63.5,514.4
30049,28348,Dairy,80,126559,60154,660111,533552,722.9,1592.7,88.3,24.1,100.8
30050,27660,SNB,48,5909,5909,79672,73763,157,494.9,767.7,23.3,196.8
30051,28272,Dairy,64,85587,27713,608526,522939,694.3,2390.1,257.5,57,273.3
30052,27130,SNB,96,35395,5296,446373,410978,157.5,1276.3,279.3,35,258.3
30053,27672,Dairy,128,131266,131190,1101811,970545,1254,4275.9,447.2,97.8,542.5
30054,27908,Dairy,112,187598,77313,1071076,883478,389.7,3124.7,416.1,74.3,369.5
30055,27782,SNB,48,4782,4621,60505,55723,128.9,239.2,55.4,9.6,68.6
30056,27599,Dairy,80,110813,31355,680779,569966,733.9,2705.3,112.3,38.5,143.7
30057,28616,Forest,64,46525,16026,400538,354013,-489.2,708.3,205,22.4,97.7
30058,28095,Forest,80,13084,0,315217,302133,-299.6,279.4,148.4,13,46.2
30059,27231,Dairy,240,216201,215663,1359141,1142940,493.9,2833.8,287.8,53.3,326.8
30060,27099,Dairy,144,151006,47467,938978,787972,862.4,4906.2,245.5,89.9,313.1
30061,27366,Forest,48,37921,22988,220970,183049,-668.4,95.1,144.4,9.8,19.8
30062,28049,Forest,48,33520,0,203457,169937,-510.5,214.2,93.6,8.4,13.4
30063,28688,Forest,32,16923,16923,146882,129959,-494,64.2,98.4,6.4,12.4
30064,28333,Forest,144,99358,99358,635078,535720,-1969.9,287.1,428.4,28.8,56.6
30065,28219,Forest,352,153026,89197,1057999,904973,-2474.4,1229.4,1638.6,84.6,341.5
30066,28615,SNB,64,14288,5080,98800,84512,-137,252.2,167,11.6,54.5
30067,27925,Forest,112,72295,42797,451958,379663,-1474,222,335.3,21.8,43.9
30068,28521,Forest,128,84626,84626,596873,512247,-1807.9,255.9,381.1,25.6,50.7
30069,27777,Crop,80,122670,33161,356018,233348,92.2,1583.8,81.7,32.1,16.2
30070,27579,Forest,64,52173,1432,278327,226154,-817.2,127.6,191.7,12.5,25.7
30071,27511,Dairy,96,52513,52500,706658,654145,-150.3,837.1,146.8,15.9,55.3
30072,27617,Crop,128,162461,162461,451881,289420,110.3,2332.8,46.2,30.6,10.2
30073,28249,Dairy,64,55683,19823,424819,369136,-163.5,1311.3,127.9,29.1,151.7
30074,27299,SNB,112,18807,18753,193750,174943,369.2,1143.2,1491.4,52.3,401.6
30075,27535,Dairy,112,84538,84538,996869,912331,977.1,1641.2,129.6,24.3,83.3
30076,28177,Dairy,64,30077,21775,258846,228769,423.5,1414.2,174.2,35.1,206.3
30077,26918,Dairy,112,125901,28577,961381,835480,1072.5,4256.6,132.6,77.2,225.2
30078,26991,Forest,80,128417,62571,713825,585408,790.5,3040.4,319.4,66.7,367.6
30079,28607,Forest,80,53887,32441,345744,291857,-1119,159.1,241.4,15.8,32.8
30080,27821,Dairy,144,130315,55048,856212,725897,-76.5,3113.9,426.2,74.9,195.4
30081,26886,Forest,96,127518,83116,522480,394962,-585.1,1291.5,317.8,40.2,168
30082,27305,SNB,48,5307,0,109944,104637,-100.2,153.6,87.9,7.9,28.3
30083,27765,Forest,320,161184,161184,1211425,1050241,-3499.9,637.3,965.1,63.9,128.7
30084,27731,Dairy,112,161026,161026,752080,591054,963,4284.7,448.5,96.5,495
30085,28639,SNB,48,6969,625,101109,94140,171.3,488.4,192.2,18.3,182.2
30086,28631,Dairy,64,56998,9824,514398,457400,269.6,1746.5,112.7,24.4,87.8
30087,27282,SNB,80,27426,0,233768,206342,293.6,886.2,1039.5,40.6,310.3
30088,27930,Forest,32,21072,21072,136297,115225,-429.3,63.6,97.7,6.5,13.1
30089,27369,Dairy,160,177593,47574,1326600,1149007,1592.7,6037.7,632.9,138.5,359
30090,28191,Dairy,96,128210,78310,647997,519787,61.2,1015.4,385.5,28.1,179
30091,26915,Forest,128,207946,92285,1307619,1099673,1408.4,4846.2,423.7,101.8,535.1
30092,28422,Dairy,64,123991,66238,679817,555826,606.3,1866.8,63.2,35.9,111
30093,27590,Dairy,80,129843,71770,632333,502490,732.7,2036.6,144,39.1,248.7
30094,27120,Dairy,160,192291,87984,1051034,858743,1360.2,3240.4,252,67.1,393.1
30095,27319,Dairy,112,110775,3988,1160188,1049413,1148.7,2205.9,72.5,27.6,63.8
30096,26880,Forest,624,323841,268349,2388386,2064545,-6743.7,1509.4,1868.7,129,317.4
30097,27996,Forest,112,121091,121091,766271,645180,-440.3,1881.4,385.5,53,242.7
30098,27735,Dairy,128,141685,35984,1099400,957715,1248.8,2404.4,177.5,44.4,299.8
30099,27111,Dairy,80,113759,113759,658256,544497,403.1,2384.8,302.4,57.8,142
30100,28561,Dairy,48,33507,6801,300466,266959,362.4,1392.8,377.7,36.3,216.4
30101,28398,Forest,32,15409,3352,139138,123729,-494.7,64.3,95.8,6.5,12.2
30102,28223,Forest,64,44332,23513,284183,239851,-863.1,128.1,191.6,12.7,23.9
30103,28609,Forest,64,64071,13414,365466,301395,-439.4,366.5,156.7,14.1,52.1
30104,27002,Crop,32,48743,16061,140706,91963,36.1,325.2,7.7,6.1,2.7
30105,27253,SNB,128,6024,5658,129897,123873,303,1312.6,226,28.1,201.9
30106,27571,Dairy,384,450458,200733,2535957,2085499,2015.1,12476.4,1340.2,280,1475.1
30107,27532,Dairy,80,106196,36100,509767,403571,575.6,1197.9,20.6,17,113.8
30108,27272,Dairy,208,287385,90186,2212829,1925444,2262.1,7802.6,833.4,174.7,928.2
30109,28709,Dairy,32,39514,14011,251065,211551,316,545.5,32,9.1,61.7
30110,28685,Dairy,32,58430,28005,321948,263518,318.8,1197.3,126,27.4,140.3
30111,27160,Forest,48,29221,16681,181533,152312,-524.4,95.9,141.6,9.6,18.8
30112,28371,Dairy,64,64980,19658,449261,384281,514.6,1834.8,21.8,20,46.8
30113,26937,Forest,48,38858,22767,223308,184450,-658.4,97.1,143.5,9.6,19.1
30114,28218,Forest,64,36926,0,286281,249355,-956.3,128.3,192,12.8,26
30115,27506,Forest,288,139060,68460,1124598,985538,-3250.4,575.3,856.5,58.1,115
30116,27591,Dairy,192,246714,110861,1638338,1391624,1781.9,3210.5,158.1,51.8,288.7
30117,27159,Dairy,64,107179,47014,551056,443877,231.7,744.9,63.3,10.4,45.1
30118,27975,Forest,80,48303,23467,333035,284732,-1025.1,159.1,240.9,15.8,32.4
30119,28155,Forest,64,43309,22759,287513,244204,-898.3,128.5,194.8,12.8,24.8
30120,27353,Forest,32,35225,15649,232367,197142,-63.7,560.9,111.2,16.5,76.7
30121,27981,SNB,32,-4752,0,84703,89455,98.8,135.2,37.6,4.6,25.4
30122,28397,Forest,80,40455,22906,309432,268977,-900.6,160.6,241.3,15.8,31.7
30123,27964,Forest,48,38965,38965,220803,181838,-656.1,97.8,148.6,9.6,18.8
30124,27552,Forest,64,64521,42370,367212,302691,-528.2,705.2,210.2,24.3,92.8
30125,28578,Forest,64,51489,25370,314602,263113,-555.6,726.8,208.8,23.2,89.5
30126,27064,Forest,208,122273,85303,851978,729705,-2533,415.2,626.3,41.3,81.5
30127,28591,Forest,32,8698,8698,79491,70793,-186.1,107.5,53.6,5.3,16.3
30128,27746,Forest,64,32808,12479,274850,242042,-860.5,127,187.8,12.8,25.1
30129,26865,Dairy,128,203555,96661,1250975,1047420,1330.4,4709,504.7,111.5,281.6
30130,28497,Dairy,80,89575,26007,536557,446982,680.7,3149.4,138.8,59.2,193.6
30131,28471,Dairy,48,49651,49586,471521,421870,507.2,1752.3,32.9,23.8,117.2
30132,27217,Forest,96,75520,46515,428405,352885,-1277.6,191.7,279.1,18.9,39.1
30133,28303,Forest,192,108904,47278,724854,615950,-954.8,1298.5,1183.5,55,302.7
30134,27956,Dairy,32,24863,24780,220433,195570,-74.4,480.2,69.6,10.9,21.7
30135,28145,Dairy,112,122080,23802,781464,659384,229.6,2379.2,289.6,53.4,252.5
30136,28131,Dairy,80,145110,85660,583373,438263,685,1297,35,19.2,117
30137,28562,Crop,96,174222,174222,454198,279976,113.5,1782.5,94.5,37.9,19.3
30138,27438,Dairy,48,39820,4755,406953,367133,488.9,1872.7,193.7,40,220.9
30139,27170,Dairy,96,103437,15507,926703,823266,637.3,2806.7,159.4,42,145.9
30140,26924,Forest,112,74739,74739,491510,416771,-1455,224.9,334.8,22.3,45.4
30141,27423,Forest,96,72721,48165,434942,362221,-1339.2,191.4,288.5,19,37.4
30142,28411,Forest,48,73938,30628,470636,396698,443.5,1855.6,192.2,42.5,117.4
30143,27902,Forest,48,29915,14438,208506,178591,-678.6,96.4,146.4,9.6,18.8
30144,27875,Forest,176,175142,94595,960758,785616,-592.9,2132.4,459.6,59.6,269.8
30145,27657,Forest,64,-5913,0,114581,120494,175.5,301.8,69,8.4,45.8
30146,27032,Forest,64,35448,16947,217059,181611,-575.2,275.9,429,18.2,82.5
30147,27171,Dairy,112,144352,35564,1092194,947842,1179.9,1943.3,111.4,31.2,230.8
30148,28030,Dairy,96,98663,98502,802190,703527,608.7,2806.7,159.5,40.2,149.2
30149,28642,Forest,64,52726,52726,361376,308650,-479.6,684.3,204.4,22.7,95
30150,28237,Dairy,64,95831,50876,521844,426013,638.1,2564.4,253.9,54.1,180.5
30151,27140,Dairy,32,33696,9928,256826,223130,294.3,819.1,23.4,10,40.6
30152,28722,Dairy,32,22269,6291,168323,146054,-66.6,623.1,66.8,13.2,66.5
30153,27557,Dairy,112,143680,51374,991841,848161,1067.2,3732.8,157.5,50.2,168.4
30154,28414,Dairy,32,57897,57893,253189,195292,287,1141.8,37.5,21.6,130.2
30155,27238,Forest,80,72143,51983,374480,302337,-1189,159.8,235.9,16,31.9
30156,28080,Forest,112,59098,33496,437568,378470,-1319.1,223,339.8,22.2,42.9
30157,28697,SNB,32,4225,4225,58038,53813,112.8,368.8,437.5,15.3,123.1
30158,28686,SNB,48,56,0,55027,54971,120,215.7,56.2,9.8,75.2
30159,28325,Forest,80,41606,18867,336076,294470,-1161.7,161.2,241.4,16.1,31
30160,27796,Dairy,96,164614,93777,864815,700201,886.5,3578,383.1,81,419.7
30161,27301,Forest,64,56217,1745,298676,242459,-934.6,126.1,190.2,12.8,25.8
30162,28689,Dairy,48,47127,23239,281691,234564,70,1244.7,87.5,25.3,64.8
30163,27488,Dairy,112,105768,8597,1075677,969909,1142.2,3499.6,245.9,60,154
30164,27622,Forest,240,151895,74272,855333,703438,-1894.5,1383.7,1747.5,76.3,450.5
30165,28481,Crop,96,162632,162628,457778,295146,248.4,2200.5,99.3,43.1,48
30166,28602,Dairy,32,19075,0,173283,154208,271,1134.5,45,15.5,59.8
30167,27350,Dairy,48,27213,0,396599,369386,533.3,1807.4,193.9,39.6,228.2
30168,27379,Dairy,80,109505,109258,446078,336573,572.7,2347.2,126,45.5,161.6
30169,27018,Forest,96,47037,25141,375912,328875,-1087.7,190.8,291.6,19.3,36.8
30170,26895,SNB,64,42526,26223,283642,241116,-884.2,128.1,195.1,12.8,25.2
30171,28168,Dairy,96,107565,36455,859363,751798,945.1,3249,133.9,43.5,131.4
30172,27024,Dairy,80,107273,42419,720453,613180,753,2956.7,312.2,67.6,360.4
30173,28407,Forest,48,20938,14159,146153,125215,180,542.5,191.3,19.7,179.7
30174,27783,Dairy,160,191350,76324,987434,796084,1100.8,4785.6,187.5,70.2,161.7
30175,28427,Dairy,96,109963,59153,604029,494066,-89.2,1975.5,274.8,42,192.1
30176,27784,Forest,64,45161,25682,296275,251114,-942.1,126.7,192.1,12.7,26
30177,27507,Dairy,192,193276,69987,1346733,1153457,1653.2,4232.2,127.4,49.6,211.9
30178,28152,Forest,80,57739,28533,364876,307137,-1255.4,160.3,232.9,16,31.6
30179,28150,Forest,80,78119,19955,685231,607112,686.4,2651.3,33.5,28.5,65.5
30180,27775,Dairy,208,253944,253404,1764903,1510959,1864.1,5498.4,140,61.9,146
30181,27220,Forest,96,78827,40009,563083,484256,-472.3,1346.3,320.8,40.7,176.4
30182,28522,Dairy,48,43133,43133,418651,375518,423.9,1587.1,68.1,21.3,91.2
30183,27104,SNB,96,6581,0,121109,114528,258.7,782.4,275.3,27.9,252.9
30184,27667,Forest,64,34455,20173,239010,204555,-677.2,127.2,185.5,12.8,26.4
30185,27934,Forest,64,50985,50985,284706,233721,-789.6,128.1,192.5,12.9,25.7
30186,27575,Dairy,304,376211,376185,2171264,1795053,424,7451.8,517.1,111.9,422.8
30187,28490,Dairy,80,67532,67528,382966,315434,16.2,1977.6,151.3,38.4,202.9
30188,26869,SNB,240,60155,24151,557794,497639,-286.8,2064.6,2773.4,100.5,742.2
30189,27091,Forest,64,83920,45406,510642,426722,-90.9,1210.9,186.2,27.9,114.9
30190,27838,Forest,32,23059,13991,145390,122331,-419,65.4,95.3,6.3,13.3
30191,27649,Forest,128,98545,59329,568660,470115,-1722.5,255,381.4,25.5,50.8
30192,26963,Dairy,336,348283,127330,2256087,1907804,1225.8,9578.4,839.7,203.9,818.6
30193,27328,Forest,48,48221,48221,293363,245142,-320.9,351.7,110,11.6,48.9
30194,28146,Forest,48,49853,3056,446621,396768,494.4,1829.8,190.5,39.4,208.8
30195,27545,SNB,160,41957,15147,401998,360041,-268.3,626.4,258.1,31.3,179.5
30196,28270,Dairy,128,161739,51522,1186384,1024645,1153.9,4434.9,112.6,55.3,253.2
30197,27381,Dairy,160,183137,85088,1330922,1147785,892.2,4869.1,248.1,95.9,522.3
30198,27941,Dairy,64,91368,91351,609885,518517,621.4,1066.7,19.6,14,121
30199,27364,SNB,64,19502,8373,128868,109366,-60.6,507.9,311.8,16,93.8
30200,27437,Forest,64,53841,35617,285305,231464,-891.2,127.5,194,12.7,25.8
30201,27038,SNB,176,20529,20529,228025,207496,163.9,1831.2,863.4,67,611.1
30202,28451,Forest,128,61436,0,554859,493423,-1777,257,386,25.6,51.6
30203,27380,SNB,112,10008,0,152187,142179,51.2,972.2,623.9,30.3,178.3
30204,27854,SNB,112,53808,53539,443730,389922,-143,434.5,332.2,25.7,137.5
30205,26973,Dairy,32,41151,9922,308637,267486,309,1302.9,37.3,20.5,64.7
30206,27026,Forest,800,434887,298149,3073450,2638563,-8642.2,2011.8,2957.2,175.8,476.2
30207,27795,Forest,64,37302,37302,290165,252863,-904.1,127.4,189.6,12.6,26.6
30208,28624,Dairy,112,94458,94458,1005223,910765,965.2,1633.7,11.6,14.2,41.1
30209,28141,Forest,48,44591,44591,222203,177612,-703.1,95.7,147.3,9.6,19.6
30210,27984,Forest,256,253220,108186,1455843,1202623,-815.8,4351.4,833,119.2,525.2
30211,28310,Forest,32,13056,601,141382,128326,-515.3,64.1,97.3,6.4,12.4
30212,27625,Dairy,96,125377,125377,843606,718229,969.6,3591.8,381.2,81.6,447.9
30213,27833,Dairy,208,242543,91409,1294672,1052129,1360.5,6412.5,313.3,90.9,348.2
30214,28109,Dairy,96,81038,12389,677651,596613,194.5,1151.2,117.3,20.7,130.3
30215,26897,Dairy,112,125949,28068,1039324,913375,1014.3,3409.6,42.1,38.1,162.1
30216,27094,Dairy,80,92275,38516,480601,388326,-75.7,1455.1,111.8,20.6,47.1
30217,27470,Dairy,112,123173,56188,725027,601854,282.7,3078.8,285.5,63.6,183.1
30218,27204,Dairy,224,257380,257206,1519528,1262148,1909.5,7804,336.6,128.4,616
30219,27868,Forest,48,28639,14746,206760,178121,-649,94.9,144.5,9.6,20
30220,27084,Forest,128,144763,72872,792143,647380,-609.7,1938.3,433.8,57.9,222.6
30221,27700,Forest,160,117698,45860,818019,700321,-2081.4,877.3,487.4,42.4,123.8
30222,27198,Forest,96,123969,62820,754252,630283,180.3,2408.6,352.8,60.4,312.3
30223,27883,SNB,80,11542,11542,94426,82884,215.8,907.8,1316.6,39.2,332.7
30224,28312,Dairy,64,79995,31763,531911,451916,267.2,1875.3,236.6,44.5,210.1
30225,28369,Dairy,80,102331,43029,756075,653744,788.1,2844.8,111,37.8,137.4
30226,28309,Dairy,32,27340,2689,269013,241673,333.6,539.5,32,9.4,63.7
30227,27037,Dairy,176,174398,38499,1278096,1103698,-159.3,1768.6,261.9,37.5,213.2
30228,28275,Forest,96,57819,57819,420124,362305,-1381.2,192.3,289.3,19.5,39.1
30229,28017,Dairy,160,177059,59037,1113390,936331,1130.1,5372.3,851.9,121.9,648
30230,27208,Forest,240,251349,28826,2509022,2257673,2297.2,3685.1,39.3,33.1,112.4
30231,27628,Dairy,160,235154,107873,1223019,987865,1436,6060.3,456.7,122.8,489.4
30232,27152,Dairy,64,109892,109784,467302,357410,358,1481.9,135.2,34.2,143.1
30233,27991,Dairy,176,224046,85017,1309557,1085511,1567.3,4654.9,117.9,74.3,473.9
30234,27398,Forest,112,60015,18292,478451,418436,-970.5,749.1,356.4,33,117.8
30235,27303,Dairy,192,168546,0,1613675,1445129,329.5,2267.4,319,48.7,147.1
30236,28368,Dairy,80,91788,31571,671741,579953,396.7,2180.6,136.1,32,63.2
30237,26910,SNB,496,79469,33405,600189,520720,919.3,5121.1,7991.5,240.1,1867.4
30238,27150,Forest,384,219576,130196,1502203,1282627,-4398.7,771.2,1153,76.9,154.7
30239,27656,Forest,112,148916,87541,824785,675869,-366,1610,336.1,44.9,200.8
30240,28711,Forest,32,57988,37826,232875,174887,-59,618.5,112.1,16.3,83.1
30241,27223,SNB,80,-12131,0,172600,184731,226.6,341,29.8,8.9,52.7
30242,27553,SNB,128,13803,13803,350400,336597,437.4,662,420.4,31.5,201.2
30243,27386,Forest,208,157113,89830,943454,786341,-2896.2,415.4,614.6,42.2,82.4
30244,26913,Dairy,64,79268,30486,611461,532193,682.4,2458.3,254.6,57.3,312.4
30245,27523,Dairy,176,173920,35875,1325342,1151422,1713.6,6595.5,698.6,153.2,791.5
30246,27787,SNB,48,10818,4909,93778,82960,159.8,491.2,708.5,24,176
30247,27264,Forest,736,392431,220212,2848481,2456050,-8336.4,1467.1,2217.2,146.9,294.1
30248,28381,Dairy,80,85263,29285,443912,358649,329.1,2411,167.7,50.4,133
30249,28367,Forest,64,20978,6218,223963,202985,-365.3,426.3,140.4,13.7,62.8
30250,28545,Dairy,112,149390,149390,1061828,912438,1265,4290.3,444.3,95.3,494.3
30251,27759,SNB,80,21953,9004,248932,226979,40.2,772.5,881.4,35.2,247.7
30252,27265,Dairy,128,196766,87236,1347101,1150335,1377.2,4757.2,511.3,106.8,575.9
30253,27110,Dairy,112,134213,52938,1050902,916689,1143.6,1869.4,111.9,31.4,111.9
30254,28504,Forest,48,24141,9668,210443,186302,-676.3,95.4,143,9.7,19.1
30255,27614,Forest,80,86688,42956,459557,372869,-798.9,712.1,256.2,26.2,93
30256,27036,Forest,112,48438,22538,366433,317995,-924.1,508.4,615.4,28,135.1
30257,27086,Forest,240,125692,73359,939015,813323,-2905.4,481.4,728.2,48.5,95.5
30258,27774,Forest,80,47028,24977,364418,317390,-1140.7,159.5,238.6,15.8,32.6
30259,28567,Dairy,112,108257,108257,732316,624059,-6.9,1170.4,162.9,24.9,133.2
30260,28507,SNB,48,3160,0,72384,69224,154.6,563.4,220.5,18.6,176.7
30261,27285,Dairy,80,67865,14050,464805,396940,293.2,2142.8,137.4,35.6,118.2
30262,27831,Forest,64,39057,0,283594,244537,-870.9,127.4,187.8,12.9,25.5
30263,27341,Forest,48,43152,43152,223843,180691,-683.7,96.3,141.2,9.4,19
30264,27678,Crop,448,742429,742429,1963655,1221226,497.8,8627.4,371.3,161.7,76
30265,28599,Forest,80,34627,9754,339665,305038,-1052.7,160.8,237.5,16,32.1
30266,27500,Dairy,96,127867,53325,812499,684632,887,1572.6,79.1,24.4,101.7
30267,28693,Crop,80,123808,97675,344129,220321,86.5,1573,80.1,32.6,16.1
30268,27555,Forest,48,62176,41524,263318,201142,-261.7,742.2,160.8,20.6,51.2
30269,27960,Forest,208,81090,43948,622656,541566,-1148.7,1093.4,1516.6,63.7,371.5
30270,27389,Forest,96,4771,0,117484,112713,262,650.9,470.1,22.8,169.8
30271,27680,Forest,64,35822,8863,335100,299278,-514.8,634.6,151.6,15.9,32.3
30272,27261,SNB,112,81713,46749,520334,438621,-1592.2,224.7,339.9,22.2,45.2
30273,28194,Dairy,64,77806,38178,449856,372050,-196.1,1164.4,220.1,32,156.7
30274,28560,Forest,80,60765,60765,438993,378228,-693.8,754.2,256,26.8,92.8
30275,28723,Dairy,64,58533,58404,415761,357228,583.7,2319.4,26.9,24.1,102.8
30276,26909,Forest,240,119644,59345,940701,821057,-2717.3,480.7,711.4,48.3,94.1
30277,27252,Dairy,32,39072,14202,278004,238932,321.9,1271.8,125.2,26,144.4
30278,28597,Forest,128,114284,114284,645122,530838,-642.3,2144.7,388.2,54,223.1
30279,27832,Forest,48,23718,12867,186704,162986,-531.3,95,144.3,9.8,19.3
30280,27684,Forest,128,51322,16132,497547,446225,-1495.2,254.7,394,25.6,51.3
30281,28100,Dairy,80,99462,98955,703524,604062,808.3,1754.6,126,31.8,98.9
30282,27631,Crop,48,43550,6797,398911,355361,112.1,1269.6,176.6,29.2,155.1
30283,27928,Forest,80,48105,25211,353350,305245,-1115.6,160.5,239.3,16,32.1
30284,27812,Forest,112,75261,42902,519977,444716,-1634.5,224.1,340.3,22.3,45.1
30285,27835,Crop,128,230788,120433,899187,668399,607.1,3326.7,276,73.4,220.3
30286,27391,Forest,80,82250,82250,383507,301257,-767.2,722.8,212.5,23.9,87.9
30287,27983,Forest,112,70883,32410,508597,437714,-1623.7,224.1,335.4,22.8,44.4
30288,27597,SNB,208,88412,24356,758593,670181,1012.9,3123.1,822.6,91.7,520.3
30289,27033,Dairy,112,127652,127491,728365,600713,886.2,1672.6,11.7,14.8,39.1
30290,28648,Dairy,64,99729,41843,538777,439048,541.4,2098.8,194.2,44.1,218.8
30291,27222,Forest,48,31105,13987,215020,183915,-666,96,139.3,9.7,19
30292,28678,Forest,32,14082,14082,141642,127560,-411.8,63,94.1,6.4,13.8
30293,27950,Dairy,64,81054,80893,469271,388217,647.2,2394.6,212.5,48.1,126.9
30294,28241,SNB,64,17991,8240,144947,126956,-81.5,494.3,299.7,16.5,86.3
30295,28672,Crop,80,132221,40474,371545,239324,99.3,1600.9,82,32.7,16.1
30296,28528,Dairy,80,70889,70749,587808,516919,693.3,2488.6,96.2,32.7,114.8
30297,28675,Dairy,32,52493,24462,304986,252493,355.7,1228.1,130.3,27.4,141.7
30298,28047,Forest,128,63655,35541,502045,438390,-1473.3,255.6,389.2,25.5,51.1
30299,28468,Crop,96,137252,47577,604481,467229,410,2481,192.5,52.2,144.7
30300,27675,SNB,80,119608,42535,626060,506452,95.7,2025.9,286,45.8,239.7
30301,27043,Dairy,256,261067,41714,1516281,1255214,1502.9,7828.1,406,110.9,418.7
30302,28205,SNB,144,37145,17797,288179,251034,180.6,1506.3,1910.2,66.8,494.6
30303,26958,Dairy,512,602988,601870,4286392,3683404,3835,16195.4,306.7,181.6,409.8
30304,28173,Dairy,80,110882,110785,679371,568489,757.1,2703.7,80.8,34.5,137.6
30305,28405,Forest,80,59515,59515,367595,308080,-563.2,647.4,221.8,19.9,37.9
30306,28503,Dairy,80,85720,35083,702556,616836,798.6,3100.2,316.6,65.3,183
30307,27998,Dairy,96,110155,23563,940641,830486,552.9,1388.3,73.1,20.9,80.7
30308,28548,SNB,96,16438,5376,155189,138751,284,1036.8,435.6,38.1,354.4
30309,28517,Dairy,80,139504,139386,814027,674523,782.1,2363.6,198.4,48.4,134.3
30310,26964,Forest,128,37435,12883,358953,321518,-599.6,702.5,864.7,37.2,242.4
30311,28324,Crop,48,65427,21557,199609,134182,51.5,431.9,4.2,5.5,1.7
30312,27824,Forest,64,33840,17792,255065,221225,-741.1,128.4,188.9,13.1,25.8
30313,27715,Forest,64,61088,41529,292903,231815,-893.1,127.2,188.3,12.7,25.6
30314,27248,Forest,64,73265,73265,400129,326864,-537.4,712.7,207,23.7,94.3
30315,28714,Dairy,32,68116,39539,329763,261647,368.7,1286.4,130.6,28.6,75.2
30316,28193,Forest,64,50602,15176,424243,373641,-79.1,1206.2,105.8,18,65.1
30317,27504,Dairy,64,19761,0,462629,442868,189.1,1013.5,74,14.1,60.5
30318,28088,Dairy,144,187772,57551,1491167,1303395,1455.7,5344.7,236.5,90.8,264.9
30319,27362,Dairy,96,113538,43466,610213,496675,532.3,2757.1,158.5,39.7,147.3
30320,28035,Forest,256,163881,20309,1050836,886955,-3125.3,510.7,767.8,51.7,104
30321,26961,Forest,288,188252,98741,1218551,1030299,-3701.8,577.8,869.1,57.6,113.8
30322,28075,Dairy,64,130953,69147,732943,601990,701.7,2420.9,252.7,55.7,147.5
30323,27713,Forest,160,98910,63793,635709,536799,-1856,318.6,481.6,32.3,64.6
30324,27780,Forest,272,181219,113100,1127703,946484,-3219.1,543.8,809.1,54.4,109.6
30325,28127,Crop,128,205296,90604,551049,345753,137.3,2544.4,127,51.1,25.3
30326,27218,Dairy,128,151725,56760,888446,736721,1065,4030.8,353.3,79.4,378.9
30327,27894,Dairy,64,102604,57789,496598,393994,570,2191.7,90.9,29.9,110.8
30328,27005,Forest,160,185006,64344,884976,699970,-1367.4,1629.7,651.8,59.6,250.4
30329,28516,Forest,112,84254,44972,507210,422956,-1095.5,425.3,288.5,21.8,49.6
30330,27671,Dairy,304,261439,99646,1668665,1407226,-180.5,6919.7,592.3,144.8,404.6
30331,28006,Forest,96,46585,18249,425312,378727,-1409,194.8,292.1,19,38.3
30332,28076,SNB,240,-7036,0,210830,217866,500.1,1034.8,300.5,31.5,165.4
30333,27900,Forest,80,44625,19607,315183,270558,-723,302.2,392.2,20.3,91.2
30334,27448,Forest,64,83964,33048,417291,333327,583.4,1435.8,110.5,27.3,172.7
30335,27196,Dairy,224,196810,24012,1884838,1688028,1355.4,2945.7,115.2,30.8,146.5
30336,27050,SNB,208,54085,26566,481314,427229,-71.1,1702.8,1924.3,74.4,529.2
30337,27181,Dairy,80,84536,27461,578922,494386,733.8,2685.8,230.4,56.3,310.6
30338,27251,Forest,448,256219,155208,1745419,1489200,-5246.5,895.6,1337.3,89.2,176.5
30339,27388,Dairy,128,181288,181288,1235104,1053816,1338.5,4706.7,509.2,109.3,566.9
30340,26996,Forest,32,25584,25584,149312,123728,-450.9,63.5,95.4,6.6,13.8
30341,26899,SNB,32,2488,0,39008,36520,80.4,224.9,133.7,7,40.4
30342,28665,Forest,64,17733,17733,172175,154442,-198.1,431.1,526,22.1,141.6
30343,27918,Dairy,256,290974,290555,1694152,1403178,1569.1,7764.6,391.2,108,419.3
30344,26914,Forest,64,37494,0,273883,236389,-900.9,128.6,190.6,12.5,25.8
30345,27436,Forest,304,192322,192313,1217565,1025243,-3566.4,891.2,970.2,67,223
30346,28144,Forest,32,25275,0,145674,120399,-477.2,64.9,92.6,6.3,12.9
30347,27097,Dairy,176,269853,121870,1627256,1357403,1793.8,6752.7,699.7,150.3,782.8
30348,27724,Forest,96,110956,66452,604093,493137,-517,1276.2,233.2,32.8,149.9
30349,28041,Forest,48,37580,18462,222352,184772,-728.3,96.5,143.4,9.6,19.8
30350,27039,Forest,144,173702,173702,826598,652896,-1216,1439.1,373.6,44.8,166.1
30351,27286,Dairy,192,263657,126559,1390089,1126432,1462.8,6606.3,753.3,150.7,809.1
30352,27573,Dairy,176,219783,219783,1951214,1731431,1957.6,6732,704,149.8,779.7
30353,27520,Forest,160,146151,65278,952302,806151,-1478,1305.1,418.5,40.1,111.6
30354,27344,Dairy,144,168932,74457,1156574,987642,766.7,2268.1,238.6,47.7,272.8
30355,27175,Forest,64,45416,18781,364770,319354,-531.2,620.9,202.5,21.8,91.8
30356,27970,Forest,128,86633,51534,566112,479479,-1677.7,256.4,378.9,25.2,50.8
30357,28579,Dairy,80,74731,74731,567096,492365,30.1,1957.8,289,46.3,225.8
30358,28231,Dairy,80,115056,57576,631587,516531,40.8,1861.6,286.7,46.3,229.5
30359,27974,Dairy,80,102544,35150,682617,580073,374.1,2410.9,124.4,44.9,275.2
30360,27612,Dairy,112,152173,59275,983637,831464,315.9,2373.8,291.4,53.4,146.9
30361,28513,Dairy,80,62049,62049,647967,585918,754.8,2606.6,444,62.8,339
30362,27815,SNB,160,37611,17659,292112,254501,534,1721.2,1762.6,76.2,616
30363,28027,Dairy,80,75647,75459,730275,654628,724.6,2755.7,33.4,29.5,134.7
30364,27034,Forest,32,25196,17052,132792,107596,-373.9,64.2,97.6,6.5,12.5
30365,27041,Crop,144,216263,84713,663898,447635,360.7,3409.1,155.7,61.2,77.6
30366,26962,SNB,80,24240,12575,157815,133575,-35,518.8,718.9,26.4,184.1
30367,28337,Dairy,64,66682,4488,576117,509435,634.2,2384.6,76.2,44.8,267.6
30368,27360,Dairy,96,138278,40067,930635,792357,968,3499.7,383.2,81.1,422.8
30369,27706,Forest,112,69845,69845,500380,430535,-1618.2,224.9,339.7,22.2,45.8
30370,27440,Forest,96,13035,2516,136841,123806,-10.6,397.5,149.6,19.2,123.2
30371,28038,Dairy,64,54916,11995,437004,382088,549.2,1743.2,159.2,36.1,202
30372,27856,SNB,128,5091,0,164609,159518,354.1,624,502.9,32.2,209.9
30373,27456,Forest,80,73291,73291,365746,292455,-1113,157,239.3,16,31.9
30374,27307,Forest,128,98235,64695,563176,464941,-1865.7,255.6,387.1,25.6,51.8
30375,28484,Forest,96,48879,12520,438757,389878,-1048.6,395.3,242.2,19.7,62.5
30376,28680,Dairy,64,54138,0,600102,545964,671.8,970.9,22.3,10,26.1
30377,28233,Forest,80,40778,16909,339967,299189,-1126.4,158.6,247,15.8,32.4
30378,27632,Forest,112,60843,28025,488965,428122,-1458.6,223.2,333.8,22.3,45.2
30379,27435,Forest,64,76995,46069,495846,418851,-143,1211.4,142,20.3,42
30380,27515,Dairy,176,173449,79109,957716,784267,-304,3772.2,618,98.9,367.9
30381,27818,Forest,96,61886,37808,382580,320694,-1112.4,194,289.2,19.1,38.2
30382,28455,Dairy,96,125351,49924,843799,718448,940,3516.5,381.9,86.3,419.8
30383,27604,Forest,128,97799,64695,586436,488637,-1783.6,255.1,381.3,25.9,51.2
30384,27115,Dairy,240,261044,63787,2067350,1806306,2238.5,8924.4,284.4,159.6,482.2
30385,28236,Dairy,80,134211,134211,562535,428324,58,1854.5,293.6,47.2,233.1
30386,28505,SNB,144,18705,1378,208143,189438,395.9,1392.8,387.1,33.9,231.3
30387,28022,Dairy,64,49984,49886,490227,440243,602,946.6,18.5,9.1,53.1
30388,28105,SNB,128,20944,0,270922,249978,-474.7,447.7,178.9,18.4,73
30389,27664,Dairy,144,199651,88829,1346292,1146641,1547.6,5368.5,453.8,101.6,533.9
30390,27764,SNB,144,38390,15588,412761,374371,-349.7,1119,711.6,49.7,361.2
30391,27864,Forest,96,60462,60462,439280,378818,-1332.1,190,286.5,19.1,39.4
30392,28440,SNB,32,2389,0,57953,55564,113.4,349.8,426.5,16.2,127.8
30393,28549,SNB,48,7776,0,173032,165256,199,497.5,591.4,23.4,183.8
30394,26898,Dairy,224,231306,231198,1413038,1181732,937.7,3967.2,326,67.9,300.2
30395,26876,SNB,464,83602,37562,560745,477143,615.8,4755.6,6487.5,213.4,1673.4
30396,28070,Forest,64,45034,2827,331997,286963,-97.9,1279.4,225,33.2,154.4
30397,27958,SNB,128,20317,20317,214710,194393,-209.1,1034.3,262.8,27.9,167
30398,27948,SNB,64,13759,4503,182869,169110,213.3,315.5,202.2,16.6,109.6
30399,28495,Dairy,64,104098,49955,476427,372329,630.6,2541,76.1,45.5,262.7
30400,27853,Dairy,176,119082,0,1101531,982449,-46.5,3470.9,312,54.5,136.9
30401,27076,Forest,320,136580,66587,1203872,1067292,-3500,641.4,960,64,127.9
30402,28170,Forest,96,68323,36456,443072,374749,-1430.1,191.1,288.1,19.4,38.7
30403,26883,Dairy,96,84395,4284,705973,621578,209.2,2444.3,354.3,59.6,309
30404,28645,Dairy,96,105288,105275,656012,550724,-154.9,1714.3,160.5,26.9,99.2
30405,28439,Forest,64,17708,17708,199746,182038,-467.1,278.5,430.5,16.9,80
30406,27358,Forest,256,144790,87981,978306,833516,-2888.1,511.8,764.7,50.6,101.1
30407,28655,Dairy,64,85697,44948,502116,416419,-56.2,1116,140,21.6,38.3
30408,28302,Dairy,64,108871,52361,503451,394580,366,1120.4,46.2,17.6,18.7
30409,27187,SNB,48,-3940,0,131621,135561,157,481.5,64.3,10.3,76.3
30410,27907,Dairy,32,38605,14284,225196,186591,286.7,804,67.7,16,75.5
30411,28625,Forest,32,11944,4775,121890,109946,-378.2,64.1,93.6,6.5,12.6
30412,27133,Dairy,64,66707,18491,466244,399537,269.9,1494.4,178.3,30.9,154.6
30413,27683,Dairy,112,143820,56736,806813,662993,753.5,3559.6,432.5,84.6,380.1
30414,28629,Dairy,96,95234,22231,840248,745014,906.5,1612.5,94.7,27,187.1
30415,26921,SNB,352,51495,11720,455576,404081,375.4,1594.9,1464.6,86.3,517.9
30416,27249,Forest,96,42678,0,407810,365132,-1294.5,191.9,291.3,19.3,38.4
30417,27884,Dairy,144,163758,163758,1406003,1242245,1418.7,2381.9,109.2,38.7,145.6
30418,28699,Forest,48,62639,20707,331415,268776,-300.1,601.5,116.7,13.8,41.8
30419,27887,Dairy,112,118837,16543,913758,794921,366,3013,412.6,77.4,402.8
30420,27053,Dairy,96,115668,31842,696912,581244,807.8,1875.4,40,28.1,98.9
30421,27442,Forest,80,55213,55213,361615,306402,-1120,159.5,238.7,16.2,31.3
30422,28691,Forest,32,9197,5744,61290,52093,107.2,310.6,411,15.8,136.5
30423,28111,Dairy,64,100955,45247,584090,483135,650.6,2357.5,214.1,44.1,236.7
30424,28692,Forest,48,33884,22469,198554,164670,-605.6,94.9,143.4,9.6,19.2
30425,28213,Dairy,128,165659,78042,813003,647344,1070,5046.9,509.8,107.8,289.2
30426,27320,Dairy,64,53794,53622,593161,539367,654.9,1040.3,63.4,18.2,64.1
30427,27676,Forest,160,72311,20354,701401,629090,-2235,321.1,481.1,31.7,65
30428,27458,Forest,80,61131,35734,335732,274601,-649.6,717.9,256.7,25.2,93.4
30429,27935,Dairy,144,172029,52669,1381691,1209662,1454.8,5296.6,174.4,94.8,601.5
30430,27753,Dairy,208,202029,200820,1199862,997833,1393.9,3027.8,74.7,29.1,93.5
30431,27112,Dairy,128,153593,153094,772633,619040,714.4,1936.3,83.2,28.6,206.4
30432,27843,Dairy,272,281489,49335,1849779,1568290,2030.3,6634.2,291.6,87.9,365.6
30433,28569,Forest,48,57668,34688,303567,245899,-300.7,704.2,165.7,21,79.3
30434,28061,Forest,32,26123,15713,149741,123618,-462.1,64.9,97.1,6.6,13.4
30435,28676,Forest,64,33576,21762,218338,184762,-494.7,282.7,370,17.7,79.1
30436,27461,Forest,64,55806,55806,389325,333519,-493.2,635.8,214,24.4,102.6
30437,27475,Dairy,80,83327,24715,638568,555241,358,2204.9,73.6,26.7,115.6
30438,27016,Forest,64,45441,24869,281197,235756,-980.5,126.8,188.6,12.9,26
30439,27538,Forest,64,60304,60304,398301,337997,-210.6,845.4,106.5,14.5,31.5
30440,27543,Dairy,80,81033,17735,698486,617453,397.4,1711,70.7,23.3,117.8
30441,27694,Forest,80,30854,30854,301963,271109,-990.2,159.4,244.5,15.6,33.4
30442,27533,Forest,224,201577,201577,1323671,1122094,-1445.9,2666.5,729.7,88.9,340.8
30443,28529,Dairy,80,126014,125971,738366,612352,791.1,3006.1,312.8,68,311
30444,28102,Forest,64,79753,25725,607248,527495,719.3,2491.7,256.2,51.4,291.5
30445,27566,SNB,192,17915,17915,279767,261852,247.4,1350.8,318.1,36.3,213.8
30446,28215,Forest,64,37749,0,381764,344015,-537.7,345,143.7,11.7,24.8
30447,28392,Dairy,96,102556,40282,821431,718875,254,1461.6,165,30.6,176
30448,28532,Forest,48,28885,28885,187908,159023,-543.4,95.7,143.5,9.7,18.9
30449,27318,SNB,304,62926,8163,825123,762197,-1227.1,1008.4,504.6,48,171.2
30450,28300,Forest,96,84603,53741,458492,373889,-1399.3,191.2,287.5,19,37.6
30451,27116,Dairy,288,335955,109912,1782934,1446979,2487.5,4870.2,284.8,84.8,578.6
30452,26988,Dairy,208,274250,101385,1976363,1702113,1896.8,6805.3,86.9,75.9,331.6
30453,27857,SNB,64,19622,7021,202131,182509,-56.4,510.7,271.1,16.6,95.1
30454,26933,Dairy,64,32688,32159,568591,535903,598.9,929.7,6.8,8.1,23.2
30455,27913,Dairy,48,65415,34391,348869,283454,106,1224.5,174.3,29.7,155.3
30456,27147,Dairy,176,190948,71135,1035130,844182,629.5,4927.8,154.9,60,128.6
30457,27077,SNB,176,84965,22404,863856,778891,915.4,2831.5,1895.6,96.3,724.4
30458,26966,Forest,64,45277,28301,297102,251825,-907.4,127.9,188.6,12.9,25.7
30459,28712,Forest,48,13607,2672,165820,152213,-423.5,238.1,286.2,14.4,72.8
30460,27911,SNB,192,24721,24560,242578,217857,491.2,1399.3,1570.3,65.4,489.2
30461,27254,SNB,144,45169,23351,378457,333288,-6,1204.7,1445.2,56.1,408.2
30462,28314,Dairy,160,220652,82027,1436853,1216201,1235.6,5057.2,247.6,70.1,273.1
30463,27966,Forest,32,21911,13918,122574,100663,-351.4,63.9,97.2,6.2,13.1
30464,27712,Forest,64,32031,32031,249537,217506,-746.7,127.9,194.6,12.9,25.7
30465,27615,Forest,160,131470,7651,712494,581024,-2152.7,319.6,480.9,31.8,63
30466,27449,Forest,160,85829,40298,685628,599799,-2176,320.8,472.5,32.5,64.2
30467,28462,Forest,80,47598,18309,381998,334400,-733.6,759.2,209.1,24.6,98.4
30468,28656,Forest,32,26512,16883,140460,113948,-456.8,64.8,98.2,6.5,12.5
30469,28388,Dairy,144,229376,111868,1284022,1054646,1112.2,4778.3,551.1,110.3,293.9
30470,27976,Dairy,112,141884,55608,916047,774163,376.5,1264.9,129.2,18.8,76.6
30471,27088,Dairy,96,150119,83609,858403,708284,945.7,3715.6,377.9,84,439.2
30472,27740,Dairy,192,196740,21032,1879860,1683120,1793.2,2920.8,39.3,27.2,148.5
30473,27491,Forest,96,53806,24892,398891,345085,-1319.8,192.9,283.7,19.3,37.5
30474,28265,Dairy,48,71534,26881,525528,453994,542.9,1878.6,192,39.8,214.6
30475,28240,Dairy,80,110875,110866,831161,720286,821.6,2880.1,203.1,53,273
30476,27375,Forest,128,84373,84373,569591,485218,-1807.9,257,389.6,25.3,50.8
30477,28376,Forest,112,82035,50804,468994,386959,-1360.3,372.6,489.1,27.8,108
30478,26983,Dairy,160,179453,38831,1324108,1144655,795.4,4280.5,487.9,94.8,465.2
30479,26948,Dairy,160,148441,66130,1071196,922755,-87.2,3188.3,559.7,81.6,386.3
30480,28234,Forest,80,48362,25439,308377,260015,-927.7,308.4,272.7,18.5,88.3
30481,27734,Dairy,112,157477,71623,874472,716995,591.7,3896.8,343.8,75.4,432.5
30482,28525,Forest,48,38629,23722,217277,178648,-660.9,95.8,141.9,9.6,19
30483,28725,Dairy,32,46757,21108,299696,252939,338.9,1115.1,127.8,28.2,137.5
30484,27850,Dairy,48,71946,30576,396697,324751,456,1487.6,86.4,26.8,122.9
30485,26949,Crop,176,230042,59416,763764,533722,199.9,3192.1,61.8,43.5,13.9
30486,27028,Dairy,64,41748,0,544994,503246,638.1,1096.5,53.1,17.1,117.4
30487,28347,Forest,48,35881,35881,216621,180740,-667.4,96.1,144.8,9.5,20.1
30488,28306,Forest,64,45819,28017,276751,230932,-826.2,128.8,190.4,12.9,25
30489,28295,SNB,160,61447,60909,351849,290402,641.5,1150.2,579.2,40.4,272.3
30490,27951,Forest,128,140041,42908,926867,786826,-104.3,2569.3,450.3,63.4,241.9
30491,27940,Dairy,96,82983,82901,675240,592257,812.4,1401.7,17.5,13.4,35.6
30492,28636,Dairy,64,76466,32503,492178,415712,238.5,1968.4,238.1,46.9,222.4
30493,28402,Forest,144,92170,49434,664794,572624,-2090.4,289.9,431.6,28.9,56.4
30494,27361,Dairy,192,298321,298240,1657086,1358765,1900.3,7125.1,347.7,125.7,639.2
30495,27932,Forest,64,34459,19520,254737,220278,-725.1,127.7,190,12.8,24.4
30496,27421,Dairy,304,361299,359809,2570715,2209416,2549.8,4775.9,325.6,83.8,294.4
30497,27293,SNB,144,20460,20460,150295,129835,398.7,1539.8,2460,71.4,598.6
30498,28354,Forest,80,38238,12948,356255,318017,-1045.3,159.8,244.4,16.1,30.9
30499,27568,Dairy,48,17734,17605,392009,374275,450.4,785.7,14.5,10.7,42.7
30500,27271,Dairy,464,418292,159854,2455275,2036983,292.4,10517.7,846.4,171.9,711.4
30501,27426,Dairy,96,126503,51960,610361,483858,777,3439.8,119.6,57.2,314
30502,27114,SNB,160,16565,0,316336,299771,514.4,1715.2,1640.4,61.8,466.9
30503,27202,Dairy,128,221339,124965,1064141,842802,1186.8,4988.9,458,94.4,527.1
30504,27756,Forest,224,128950,81320,806587,677637,-1874.4,882.3,1255.2,58.7,245.1
30505,27554,Forest,32,11882,11882,121924,110042,-376.3,63.9,98.1,6.3,13.1
30506,27452,Dairy,80,92124,35977,623698,531574,447.5,1111.7,101.3,21.4,117.4
30507,28410,Dairy,96,151460,83924,763680,612220,176.7,2444,351.2,62.4,303.3
30508,26907,Forest,1280,1446222,524812,7933841,6487619,10439,21151.1,1267.9,367.5,1315.5
30509,27395,Forest,96,84068,40791,504764,420696,-1085.3,815.4,296.7,29,96.4
30510,27123,Forest,144,64705,32290,537280,472575,-1569.9,288.7,425.7,28.8,57.4
30511,27663,Forest,48,15300,8985,93184,77884,181.2,520.4,706.8,23.4,191.1
30512,27397,Dairy,240,321657,105968,2283855,1962198,2555.3,9089.7,959.8,200.1,1073.8
30513,28083,Forest,80,85413,56886,380566,295153,-1180.6,159,236.2,16,31.2
30514,28463,SNB,48,5521,0,85643,80122,158.2,561.6,686.8,22.2,187
30515,28033,Dairy,64,112807,53235,622193,509386,651.3,2171.1,208.5,44.6,270.3
30516,26894,Dairy,224,269426,269318,1336193,1066767,466.2,5619.3,739.5,131.5,669
30517,28538,Forest,32,15655,0,239069,223414,-84.2,530,73.6,11.1,21.3
30518,27910,Forest,96,93824,93824,532486,438662,-312,946.1,193.2,22.6,115.5
30519,27107,Forest,208,91945,91945,787794,695849,-2359.9,415.5,625.6,42,81.6
30520,27118,Dairy,64,95040,95031,651604,556564,605.9,1049.6,19.2,15.3,61.9
30521,27210,Forest,64,55689,55689,355507,299818,-433.3,682,208.6,24.2,93
30522,27967,Dairy,48,87976,38545,547621,459645,522.2,1801.3,187.9,38.1,108
30523,28051,SNB,32,2654,0,57484,54830,120.4,387,431.6,14.8,128
30524,27802,SNB,240,30752,0,684464,653712,570.4,2520.8,938.8,93.4,821.2
30525,28340,Forest,80,25455,8938,272539,247084,-497.1,403.4,235.9,18.8,105.9
30526,28093,Forest,96,63872,35949,420370,356498,-1275.6,192.2,285.2,18.9,38
30527,27745,Dairy,80,114723,72463,458134,343411,13.9,1955.3,285.9,47.9,226.4
30528,27433,Forest,96,86261,43543,540868,454607,-975.5,799.2,302.7,28.9,103.1
30529,28090,Dairy,48,66245,66148,359448,293203,396.3,1644.2,19.9,18.1,37
30530,27702,Crop,64,114855,47459,297042,182187,71.1,1321,63.4,25.7,12.9
30531,27268,Dairy,128,137739,61988,815669,677930,51.5,3078.4,286.6,70.4,358.6
30532,27921,Forest,96,114564,55275,769697,655133,-83.7,1992.1,337.9,49.4,233.3
30533,26872,Forest,224,132686,90670,889668,756982,-2653.8,448.5,667.8,45.2,89.9
30534,27855,Forest,80,62252,38893,367115,304863,-1086.6,158.6,244.3,15.8,33.2
30535,28261,Dairy,80,150422,93012,720067,569645,726.8,2824.6,112.2,38,149.9
30536,27971,Forest,320,411335,111616,2236315,1824980,-1835.8,4612.7,760.4,117,547.9
30537,27247,Forest,144,107552,107552,637271,529719,-1984.5,287.1,424.1,28.8,57.7
30538,27581,Forest,64,29894,14749,239426,209532,-696.3,127.9,190.2,12.9,25
30539,28470,Forest,64,57711,38424,288771,231060,-893.8,128.3,190.5,12.9,26.8
30540,27651,Forest,80,60060,34618,367686,307626,-1131.2,159.7,237.9,15.8,32.6
30541,27214,Dairy,128,191839,65259,1294323,1102484,1309.9,2171.3,50,31.2,232.8
30542,28002,Forest,112,136663,24763,476040,339377,126.1,1167.8,14,15.2,4.8
30543,27627,Forest,48,40827,23542,234210,193383,-710.1,95.8,141.8,9.7,19.9
30544,28089,Forest,144,124705,74514,770634,645929,-1615.6,866.8,446.2,40,88.3
30545,27505,Dairy,80,110256,39800,767389,657133,821.7,2786.2,112.8,37.8,140.9
30546,28533,Forest,32,33178,23944,151760,118582,-451.9,63.8,100.2,6.4,12.7
30547,27576,Forest,64,62459,43023,298056,235597,-856.2,128.1,189.4,12.7,25.8
30548,27814,Forest,80,54760,29159,367159,312399,-1166.6,159.5,241.8,15.8,32.5
30549,27896,Dairy,64,97996,46688,457347,359351,630,2383.7,253.6,54.2,294.3
30550,27100,Dairy,80,68731,9794,624035,555304,686.5,2530.1,490.2,63.8,211.3
30551,28082,Dairy,112,122408,121959,843535,721127,966.1,3849.3,101.9,47.6,205.3
30552,27502,Dairy,80,107478,107424,733550,626072,731.4,3050.1,83.7,48.4,294.2
30553,28547,Dairy,48,62639,62478,442960,380321,502.6,723.6,47.2,14.2,50.7
30554,27327,Dairy,128,179640,80422,1017425,837785,517.6,3614.4,475.8,84.1,464.1
30555,27378,Crop,128,235605,202087,598791,363186,147.8,2534.5,127.9,51.1,26.6
30556,28585,Forest,32,35868,27494,144769,108901,-399.8,63.7,101.5,6.2,13.3
30557,28358,Forest,112,54557,23931,473966,419409,-1557,224.4,341.7,22.2,44.2
30558,28447,Dairy,96,88317,88145,739250,650933,566.6,2585.2,139.8,49.8,148.4
30559,28483,Forest,64,41067,41067,382446,341379,-475.2,701.6,208.2,23.8,95.2
30560,26959,Dairy,112,170954,80130,828301,657347,937.8,2278.1,48.4,33.7,242.7
30561,27882,SNB,240,27007,0,526918,499911,798.7,2588.9,2623.5,101.3,779.4
30562,27125,Dairy,112,146353,58993,699381,553028,238.6,2805.7,328.9,60.3,263
30563,27189,Forest,64,41877,23878,292757,250880,-971.2,128.1,193.7,12.7,25.4
30564,26884,Dairy,112,120949,42946,934650,813701,3.8,2601.5,405.3,65.4,312.5
30565,27469,Dairy,64,118205,118205,636176,517971,657.4,2512.8,76.6,40.5,274.3
30566,27927,Forest,48,58320,58320,231536,173216,-692.9,96.4,142.4,9.7,19.6
30567,27689,Dairy,112,105272,32769,670996,565724,328.8,2885.3,207.5,45,158.2
30568,27899,Forest,112,79061,40332,424277,345216,-778.1,642.6,643.6,32.2,156.4
30569,27762,Forest,32,36025,21976,155711,119686,-69,659.4,116,17.9,47.9
30570,27952,Dairy,32,42886,15282,291892,249006,327.6,1234.9,127.7,25.8,140.3
30571,27720,Forest,160,174912,101099,750224,575312,-1484.7,1240.1,384.8,42.4,53.8
30572,27949,SNB,144,14117,0,244439,230322,431.4,1335,1622.4,55.8,416.3
30573,28526,Forest,48,82122,43640,441293,359171,483,1684.3,190.2,39.2,110.5
30574,28571,Forest,32,42053,11713,310265,268212,299.3,1246.3,37.9,21.5,132.6
30575,28297,Dairy,64,60622,11017,594215,533593,679.7,2334,254.2,54,301.2
30576,28423,Dairy,48,50638,50552,362050,311412,127.2,1252,176.5,29.3,80
30577,26871,Dairy,144,194503,194503,1201507,1007004,1459.5,5536,570.4,118.3,461.7
30578,26935,Dairy,128,142043,68451,819079,677036,1134.5,4293.5,178.2,60.7,216.8
30579,27891,SNB,112,4177,0,116618,112441,255.9,524.1,452.4,26.6,157.8
30580,27639,Forest,256,160314,160314,1059394,899080,-3110.5,514.1,775.8,50.9,102.5
30581,28589,Forest,80,63960,17989,369768,305808,-1136,160.3,240.8,16,30.8
30582,27804,Forest,240,151656,77450,1040237,888581,-3182.6,479,732,48.5,94.6
30583,27007,Forest,32,21321,1313,201001,179680,-111.5,565.7,106.9,15.9,78.5
30584,27987,Forest,128,95298,50410,566801,471503,-1589.2,281.4,339.8,24,55.2
30585,27742,Dairy,48,32123,0,338790,306667,85.5,485.7,58.2,8.4,20.2
30586,28619,Dairy,64,57501,57286,535706,478205,615.9,1028.5,65.3,17.9,130.9
30587,27051,Forest,160,112274,0,669262,556988,-1448.4,774.7,457.8,35.1,85.8
30588,27284,Dairy,96,115081,27661,634222,519141,830.6,2845.4,270.2,58.7,315.7
30589,27396,Forest,272,128755,106517,920906,792151,-2474.3,971.9,1524,68.2,278.7
