farmer_id,farm_id,farm_type,size_ha,disposition,age,inherited,succession_stage,loan_principal,loan_rate,current_debt,debt_payments,debt_maturity,debt_free,debt_asset_ratio,n_holdings,n_local_links,n_catchment_links,Build_Wetland,Clean_Races,Farm_Plan,Riparian_Planting,x,y
26864,29388,SNB,64,for_profit,63,FALSE,2,256,3,256,17,5,FALSE,0.001,1,11,10,1,0,1,0,38,259
26865,30129,Dairy,128,for_profit,43,FALSE,3,1590320,3,1590320,106894,5,FALSE,0.632,1,9,12,0,1,0,0,81,166
26866,29160,Dairy,96,for_profit,76,FALSE,1,1158987,3,356768.95061495143,77902,20,FALSE,0.204,1,13,15,0,1,0,1,56,261
26867,28948,Dairy,96,for_profit,73,FALSE,2,1018,3,1018,119,10,FALSE,0.001,3,17,16,1,0,1,0,89,180
26868,29148,Forest,80,for_profit,76,FALSE,2,0,0,0,0,21,TRUE,0,1,11,11,0,0,0,0,44,222
26869,30188,SNB,240,for_profit,55,FALSE,3,535647,3,164887.283541616,36004,20,FALSE,0.18,5,12,14,0,0,0,0,94,95
26870,29444,Forest,928,for_profit,70,FALSE,2,3085469,3,949794.5510044233,207392,20,FALSE,0.199,5,11,10,0,0,0,0,137,37
26871,30577,Dairy,144,for_profit,67,FALSE,2,0,0,0,0,21,TRUE,0,3,14,14,0,2,0,0,118,70
26872,30533,Forest,224,for_profit,55,FALSE,3,625092,3,625092,42016,5,FALSE,0.537,3,7,11,0,0,0,0,84,303
26873,28804,Dairy,656,for_profit,81,FALSE,2,6833356,3,2103500.081794172,459309,20,FALSE,0.197,3,12,11,1,0,2,0,106,207
26874,29630,Forest,32,for_profit,64,FALSE,4,112866,3,64713.25829187547,7586,15,FALSE,0.296,1,12,11,0,0,0,0,28,273
26875,29634,Dairy,176,pro_environmental,64,FALSE,1,2092722,3,1199890.6607755234,140664,15,FALSE,0.339,2,10,11,2,0,2,1,114,133
26876,30395,SNB,464,for_profit,51,FALSE,4,684954,3,549618.5653898843,46040,10,FALSE,0.51,8,10,9,1,0,1,0,148,26
26877,29839,Forest,48,for_profit,53,FALSE,1,214367,3,172011.67232680344,14409,10,FALSE,0.518,1,14,12,0,0,0,0,134,217
26878,29525,Dairy,192,for_profit,80,FALSE,2,5760,3,5760,387,0,FALSE,0,1,12,7,1,0,0,0,63,189
26879,29913,Dairy,128,for_profit,47,FALSE,3,1522472,3,1522472,102334,5,FALSE,0.631,3,8,10,1,0,2,0,18,254
26880,30096,Forest,624,pro_environmental,54,FALSE,3,204724,3,204724,44702,15,FALSE,0.116,4,15,13,1,0,2,1,58,135
26881,29220,Forest,192,for_profit,70,FALSE,2,882511,3,271661.82483164297,59319,20,FALSE,0.207,1,15,9,0,0,0,0,67,266
26882,28746,Forest,256,pro_environmental,60,FALSE,6,1352314,3,1352314,90897,5,FALSE,0.624,4,12,13,1,0,1,0,93,106
26883,30403,Dairy,96,for_profit,54,FALSE,3,1191844,3,683359.9898607377,80111,15,FALSE,0.493,2,10,9,0,0,0,0,66,139
26884,30564,Dairy,112,pro_environmental,64,FALSE,5,1160491,3,931197.4213857751,78003,10,FALSE,0.532,3,12,16,0,0,0,0,103,172
26885,29705,Dairy,144,for_profit,75,FALSE,1,0,0,0,0,21,TRUE,0,2,13,12,1,0,0,0,84,182
26886,30081,Forest,96,for_profit,39,FALSE,3,660594,3,660594,44402,5,FALSE,0.656,2,11,10,0,0,0,0,126,88
26887,29079,SNB,320,pro_environmental,65,FALSE,2,559808,3,449199.31828090694,37628,10,FALSE,0.543,4,6,11,1,0,0,0,11,319
26888,30024,Forest,112,pro_environmental,67,FALSE,2,0,0,0,0,21,TRUE,0,3,10,13,0,0,0,0,78,138
26889,29011,Dairy,224,for_profit,78,FALSE,3,1534,3,1534,128,5,FALSE,0,5,12,12,1,3,0,2,137,208
26890,29545,Forest,1120,for_profit,77,FALSE,2,4146639,3,1276452.6647917808,278719,20,FALSE,0.2,6,12,8,0,0,0,0,174,10
26891,28914,Forest,48,pro_environmental,65,FALSE,2,0,0,0,0,21,TRUE,0,1,9,11,0,0,0,0,69,199
26892,28995,SNB,80,pro_environmental,70,FALSE,2,4000,3,4000,269,0,FALSE,0.199,1,17,15,0,0,0,1,101,247
26893,29670,Dairy,160,pro_environmental,48,FALSE,1,1831969,3,563931.8281301878,123137,20,FALSE,0.16,3,12,9,0,0,0,0,76,161
26894,30516,Dairy,224,for_profit,68,FALSE,2,4368,3,4368,366,5,FALSE,0.001,4,12,11,0,0,1,2,75,121
26895,30170,SNB,64,pro_environmental,46,FALSE,4,242554,3,194629.39337470543,16303,10,FALSE,0.446,1,8,12,0,0,0,0,71,125
26896,29648,Dairy,288,pro_environmental,72,FALSE,1,6025,3,6025,505,5,FALSE,0.001,3,11,12,1,3,3,1,138,23
26897,30215,Dairy,112,for_profit,38,FALSE,2,1456216,3,1456216,97881,5,FALSE,0.668,2,13,7,2,1,2,1,51,153
26898,30394,Dairy,224,for_profit,78,FALSE,2,1600,3,1600,108,5,FALSE,0,8,13,10,4,1,0,4,137,53
26899,30341,SNB,32,for_profit,59,FALSE,2,7614,3,7614,1663,20,FALSE,0.102,2,10,10,2,0,0,1,11,283
26900,29390,Forest,176,for_profit,64,FALSE,2,380696,3,305476.8486200057,25589,10,FALSE,0.254,1,15,14,0,0,0,0,28,272
26901,28949,Dairy,128,for_profit,66,FALSE,3,1375596,3,423447.32200630783,92462,20,FALSE,0.165,2,18,15,2,0,0,0,95,190
26902,29299,Crop,64,for_profit,69,FALSE,2,0,0,0,0,21,TRUE,0,1,12,8,0,0,0,0,77,169
26903,29575,Dairy,208,for_profit,70,FALSE,2,2473445,3,1418183.3781275842,166254,15,FALSE,0.374,1,13,11,0,0,0,1,77,246
26904,28923,Dairy,80,for_profit,61,FALSE,2,2400,3,2400,161,0,FALSE,0.18,3,13,12,0,3,3,3,63,181
26905,29883,Dairy,96,for_profit,64,FALSE,2,1388043,3,1113788.958615427,93298,10,FALSE,0.54,2,17,14,1,2,0,2,112,171
26906,29724,Forest,208,for_profit,55,FALSE,2,754070,3,605078.401766469,50685,10,FALSE,0.548,1,10,15,0,0,0,0,52,132
26907,30508,Forest,1280,for_profit,42,FALSE,2,13708257,3,13708257,921410,5,FALSE,0.637,2,13,12,0,1,0,1,128,34
26908,29805,Dairy,64,for_profit,81,FALSE,2,0,0,0,0,21,TRUE,0,1,14,13,0,0,0,0,73,250
26909,30276,Forest,240,for_profit,61,FALSE,2,897097,3,719845.6628555625,60299,10,FALSE,0.554,2,10,11,0,0,0,0,16,249
26910,30237,SNB,496,for_profit,50,FALSE,3,685315,3,210959.3234356256,46064,20,FALSE,0.193,4,7,8,0,0,0,0,124,240
26911,29205,Forest,1264,pro_environmental,63,FALSE,4,4476956,3,4476956,300922,5,FALSE,0.693,6,11,9,0,0,0,0,152,20
26912,29680,Forest,48,for_profit,56,FALSE,3,185206,3,106190.38253508664,12449,15,FALSE,0.324,1,12,13,0,0,0,0,77,239
26913,30244,Dairy,64,pro_environmental,46,FALSE,2,725749,3,582353.1568735172,48782,10,FALSE,0.463,1,17,15,0,0,0,0,136,214
26914,30344,Forest,64,for_profit,47,FALSE,4,257610,3,257610,17315,0,FALSE,1.396,1,13,12,0,0,0,0,36,263
26915,30091,Forest,128,pro_environmental,53,FALSE,3,1720745,3,1720745,115661,5,FALSE,0.663,2,13,20,0,0,1,0,115,136
26916,29992,Dairy,80,for_profit,57,TRUE,2,596010,3,183468.72075011817,69871,20,FALSE,0.166,3,11,14,2,2,2,2,30,256
26917,29166,Dairy,80,for_profit,55,FALSE,4,905692,3,726742.434857078,60877,10,FALSE,0.511,3,9,10,0,0,0,1,140,107
26918,30077,Dairy,112,pro_environmental,68,FALSE,2,1447941,3,1161852.1173526898,97324,10,FALSE,0.569,1,9,14,0,1,1,0,49,272
26919,29460,Dairy,80,pro_environmental,53,FALSE,2,875959,3,702884.1775073328,58878,10,FALSE,0.415,3,19,15,1,0,2,1,86,179
26920,29698,Forest,640,for_profit,64,FALSE,2,2545471,3,783567.9067071425,171096,20,FALSE,0.226,9,13,10,0,0,0,0,144,65
26921,30415,SNB,352,for_profit,55,FALSE,4,591757,3,591757,39775,5,FALSE,0.685,2,12,10,0,0,0,1,60,127
26922,28934,Forest,160,pro_environmental,57,FALSE,3,1167078,3,669160.066457263,78446,15,FALSE,0.661,3,12,12,1,0,0,0,60,204
26923,29456,Dairy,192,for_profit,55,FALSE,4,1553617,3,1246648.3102592814,104427,10,FALSE,0.496,4,10,12,0,3,3,2,163,48
26924,30140,Forest,112,for_profit,74,FALSE,2,0,0,0,0,21,TRUE,0,1,15,11,0,0,0,0,39,261
26925,29786,Dairy,96,for_profit,57,FALSE,2,1402027,3,431583.53072452795,94238,20,FALSE,0.234,2,14,15,0,1,0,0,93,144
26926,28814,Forest,96,for_profit,61,FALSE,1,340836,3,104918.95254372791,22910,20,FALSE,0.16,1,10,16,0,0,0,0,88,143
26927,28947,Forest,112,pro_environmental,58,FALSE,3,648122,3,371609.575874461,43564,15,FALSE,0.365,2,16,9,0,0,0,0,79,170
26928,29851,Dairy,192,for_profit,48,FALSE,2,2098722,3,1684049.6950046115,141067,10,FALSE,0.501,2,13,12,0,0,1,1,64,138
26929,29424,SNB,160,pro_environmental,55,FALSE,3,305803,3,245381.45065496775,20555,10,FALSE,0.517,2,9,13,0,0,0,0,138,235
26930,29703,Forest,240,for_profit,71,FALSE,2,892114,3,715847.2201698672,59964,10,FALSE,0.561,1,13,11,0,0,0,0,55,130
26931,29147,Crop,160,for_profit,56,FALSE,2,2001714,3,1606208.8505225852,134547,10,FALSE,0.52,3,13,9,1,0,0,1,87,217
26932,29745,SNB,48,for_profit,64,FALSE,1,5037,3,5037,339,5,FALSE,0.027,3,12,10,0,0,3,2,109,133
26933,30454,Dairy,64,for_profit,75,FALSE,1,4512,3,2587.0166517192256,529,15,FALSE,0.002,1,15,13,1,1,1,1,142,212
26934,28958,Dairy,208,for_profit,47,FALSE,2,2981068,3,2392058.9083204004,200375,10,FALSE,0.519,1,13,7,0,1,0,1,113,166
26935,30578,Dairy,128,for_profit,43,FALSE,3,1094858,3,878532.4025637312,73592,10,FALSE,0.403,2,12,12,2,0,0,0,123,206
26936,28801,Forest,80,pro_environmental,46,TRUE,5,291414,3,233835.4759801793,19588,10,FALSE,0.428,1,12,13,0,0,0,0,90,260
26937,30113,Forest,48,for_profit,68,FALSE,2,239390,3,137257.5169005021,16091,15,FALSE,0.414,1,17,7,0,0,0,0,90,255
26938,29962,SNB,240,for_profit,36,FALSE,3,515429,3,515429,34645,5,FALSE,0.671,1,16,13,1,0,0,0,77,148
26939,28818,Dairy,80,for_profit,67,FALSE,2,910045,3,521786.6952158295,61169,15,FALSE,0.301,2,19,12,1,0,0,0,113,115
26940,29566,Forest,64,for_profit,61,FALSE,5,430700,3,430700,28950,5,FALSE,0.628,2,14,8,1,0,0,0,71,181
26941,30046,Dairy,256,for_profit,68,FALSE,1,2275253,3,700387.1701697431,152933,20,FALSE,0.195,4,9,9,1,2,0,0,141,21
26942,29640,Dairy,192,for_profit,65,FALSE,3,1986008,3,1138704.7354715415,133491,15,FALSE,0.372,7,13,13,1,2,4,0,113,65
26943,29432,Dairy,656,for_profit,44,FALSE,2,7013835,3,7013835,471440,5,FALSE,0.64,2,8,13,0,0,2,0,45,217
26944,29748,Dairy,144,for_profit,60,FALSE,1,1685707,3,1352639.53930875,113306,10,FALSE,0.574,3,14,13,2,0,0,0,124,90
26945,28950,Forest,176,for_profit,61,FALSE,3,0,0,0,0,21,TRUE,0,2,11,11,0,0,0,0,127,166
26946,29551,SNB,64,for_profit,65,FALSE,2,0,0,0,0,21,TRUE,0,1,11,14,0,0,0,0,45,138
26947,28937,Forest,144,for_profit,67,FALSE,3,479226,3,384538.9714017769,32212,10,FALSE,0.532,2,13,12,0,0,0,0,129,224
26948,30479,Dairy,160,for_profit,75,FALSE,2,1224584,3,702131.9147670515,82311,15,FALSE,0.356,3,13,13,0,0,0,0,57,142
26949,30485,Crop,176,for_profit,54,FALSE,2,2538482,3,781416.4950037776,170626,20,FALSE,0.194,1,11,12,1,0,0,0,118,114
26950,29327,Dairy,64,for_profit,66,FALSE,2,1440,3,1440,97,5,FALSE,0.001,2,10,13,2,0,0,0,111,55
26951,29437,Forest,288,for_profit,47,FALSE,3,1005188,3,576338.2300772041,67564,15,FALSE,0.385,4,10,11,0,0,0,0,139,39
26952,28739,Forest,144,pro_environmental,52,FALSE,2,849227,3,486915.8665978641,57081,15,FALSE,0.413,2,15,12,1,0,0,1,60,124
26953,29499,Dairy,96,for_profit,48,FALSE,3,1246887,3,1000523.0192732601,83810,10,FALSE,0.569,4,14,14,1,0,1,1,120,51
26954,29237,Dairy,32,for_profit,55,FALSE,2,241075,3,138223.63459955947,16204,15,FALSE,0.373,2,12,15,1,0,1,0,146,239
26955,28918,Dairy,128,for_profit,70,FALSE,1,1280,3,1280,86,0,FALSE,0.12,3,11,13,2,3,3,3,143,82
26956,29917,Forest,784,for_profit,61,FALSE,2,3121327,3,1789655.3467333368,209802,15,FALSE,0.404,2,10,13,0,0,0,0,21,248
26957,28856,Dairy,96,for_profit,62,FALSE,2,1225430,3,702616.9803892488,82368,15,FALSE,0.357,3,13,10,2,1,0,0,79,193
26958,30303,Dairy,512,for_profit,79,FALSE,1,14152,3,14152,1185,5,FALSE,0.002,6,9,9,5,4,4,2,98,220
26959,30560,Dairy,112,for_profit,66,FALSE,3,1351233,3,1351233,90824,5,FALSE,0.678,3,8,11,0,0,3,2,56,200
26960,29768,SNB,368,for_profit,65,FALSE,1,0,0,0,0,21,TRUE,0,5,8,13,1,0,4,1,148,60
26961,30321,Forest,288,for_profit,62,FALSE,2,1331694,3,1331694,89511,5,FALSE,0.684,2,13,17,0,0,0,0,179,32
26962,30366,SNB,80,pro_environmental,54,FALSE,6,173549,3,99506.68282119236,11665,15,FALSE,0.383,3,13,12,0,0,0,1,102,237
26963,30192,Dairy,336,pro_environmental,60,FALSE,2,3287223,3,2637722.8096728125,220953,10,FALSE,0.532,5,9,10,0,1,3,0,109,72
26964,30310,Forest,128,pro_environmental,48,FALSE,2,365274,3,293101.9774382288,24552,10,FALSE,0.523,4,14,10,1,0,1,1,80,123
26965,29264,SNB,336,for_profit,50,FALSE,3,724398,3,724398,48691,5,FALSE,0.661,4,12,10,1,0,2,0,109,59
26966,30458,Forest,64,for_profit,50,FALSE,3,252565,3,252565,16976,5,FALSE,0.571,1,17,13,0,0,0,0,54,218
26967,28771,Forest,256,for_profit,73,FALSE,1,0,0,0,0,21,TRUE,0,2,8,10,1,0,1,0,61,140
26968,29146,Dairy,96,for_profit,54,FALSE,3,1197947,3,961252.743327458,80521,10,FALSE,0.55,1,9,13,1,1,0,0,69,286
26969,29862,Forest,96,pro_environmental,50,FALSE,3,437918,3,437918,29435,5,FALSE,0.668,1,9,16,0,0,0,0,76,255
26970,29198,Dairy,208,for_profit,58,FALSE,2,2089788,3,2089788,140467,5,FALSE,0.609,6,10,16,0,1,0,3,136,133
26971,29145,Forest,144,pro_environmental,58,FALSE,3,595645,3,595645,40037,5,FALSE,0.64,3,14,13,0,0,0,0,133,77
26972,28740,Forest,432,for_profit,80,FALSE,1,0,0,0,0,21,TRUE,0,3,10,12,0,0,0,0,39,223
26973,30205,Dairy,32,for_profit,51,FALSE,3,464616,3,464616,31229,5,FALSE,0.739,1,14,13,0,1,1,0,52,238
26974,29524,Dairy,192,pro_environmental,44,FALSE,2,1789059,3,1789059,120253,5,FALSE,0.67,4,9,15,0,1,3,0,129,88
26975,29866,SNB,96,for_profit,63,FALSE,1,204893,3,63071.855506877335,13772,20,FALSE,0.183,2,10,17,0,0,0,1,140,197
26976,28798,Crop,112,for_profit,71,FALSE,2,1529028,3,470678.0274678473,102775,20,FALSE,0.193,1,11,8,0,0,0,0,99,159
26977,29588,Dairy,112,for_profit,76,FALSE,1,3808,3,3808,446,10,FALSE,0.001,2,13,8,0,2,1,0,97,252
26978,29491,Dairy,48,for_profit,39,FALSE,3,559056,3,559056,37577,5,FALSE,0.623,2,9,10,0,2,2,0,42,258
26979,29910,Dairy,288,for_profit,59,FALSE,3,3749567,3,3749567,252030,5,FALSE,0.654,3,13,10,2,0,2,2,69,162
26980,29806,Forest,160,for_profit,72,FALSE,2,0,0,0,0,21,TRUE,0,2,13,16,1,0,0,0,126,44
26981,29849,SNB,256,for_profit,57,FALSE,2,418157,3,335536.18264545914,28107,10,FALSE,0.562,2,13,12,0,0,0,0,96,110
26982,28875,Forest,80,for_profit,65,FALSE,3,346163,3,198477.2706580413,23268,15,FALSE,0.359,1,16,10,0,0,0,0,72,145
26983,30478,Dairy,160,for_profit,63,FALSE,3,2092094,3,644005.654047747,140622,20,FALSE,0.24,3,15,10,1,0,0,1,69,137
26984,29501,SNB,96,for_profit,60,FALSE,2,120686,3,120686,10109,10,FALSE,0.591,2,13,8,2,0,0,2,105,71
26985,29937,SNB,464,for_profit,77,FALSE,1,64,3,64,4,5,FALSE,0,6,10,14,1,0,2,3,97,94
26986,29114,Dairy,112,for_profit,41,FALSE,3,1127208,3,1127208,75766,5,FALSE,0.633,3,12,13,0,0,2,0,140,72
26987,29373,Forest,96,for_profit,59,FALSE,2,420995,3,420995,28297,5,FALSE,0.643,1,9,16,0,0,0,0,35,271
26988,30452,Dairy,208,for_profit,63,FALSE,2,2571798,3,2063653.8033686548,172865,10,FALSE,0.505,1,14,10,1,0,1,0,118,144
26989,29064,SNB,64,for_profit,50,FALSE,2,64,3,64,4,0,FALSE,0,3,14,18,3,0,2,1,133,59
26990,29784,Forest,80,for_profit,60,FALSE,1,0,0,0,0,21,TRUE,0,1,9,8,0,0,0,0,54,276
26991,30078,Forest,80,for_profit,62,FALSE,4,979618,3,979618,65846,5,FALSE,0.672,1,11,17,0,0,0,0,59,253
26992,29428,Forest,80,for_profit,33,FALSE,4,458229,3,458229,30800,5,FALSE,0.645,1,11,11,0,0,0,0,119,156
26993,29787,Dairy,144,for_profit,57,FALSE,3,1875092,3,1504605.2362845517,126036,10,FALSE,0.537,2,13,13,1,0,0,0,46,243
26994,29633,Forest,48,for_profit,55,FALSE,4,219666,3,219666,14765,5,FALSE,0.668,2,9,10,0,0,0,0,115,85
26995,29611,Dairy,112,for_profit,73,FALSE,1,1920,3,1920,129,0,FALSE,0,2,12,16,2,0,0,0,106,126
26996,30340,Forest,32,pro_environmental,73,FALSE,1,0,0,0,0,21,TRUE,0,1,11,13,0,0,0,0,83,272
26997,29069,Dairy,144,for_profit,52,FALSE,3,1991433,3,1597959.2038736518,133856,10,FALSE,0.601,2,12,9,0,0,0,1,85,165
26998,30013,Dairy,32,for_profit,50,FALSE,4,326760,3,262197.69857070484,21963,10,FALSE,0.506,2,7,13,0,0,0,2,119,175
26999,28871,Dairy,112,for_profit,59,FALSE,4,1295359,3,1039417.764178142,87068,10,FALSE,0.529,2,16,14,0,0,0,0,116,95
27000,29522,Forest,224,pro_environmental,63,FALSE,3,1163680,3,933756.3284146097,78218,10,FALSE,0.603,1,13,12,0,0,0,0,48,153
27001,29356,Dairy,192,for_profit,70,FALSE,2,1633,3,1633,191,10,FALSE,0,3,16,12,2,0,3,0,73,128
27002,30104,Crop,32,for_profit,64,FALSE,2,486230,3,278786.5927671629,32682,15,FALSE,0.4,1,11,9,0,0,0,1,116,126
27003,29626,Dairy,64,for_profit,60,FALSE,1,808014,3,463285.8317425218,54311,15,FALSE,0.382,3,17,13,1,1,0,0,88,133
27004,29819,Dairy,208,for_profit,81,FALSE,1,768,3,768,52,5,FALSE,0,2,11,13,0,0,2,0,26,275
27005,30328,Forest,160,for_profit,54,FALSE,3,1795150,3,552597.8994556712,120662,20,FALSE,0.331,3,13,10,0,0,0,0,88,164
27006,29778,Forest,112,for_profit,68,FALSE,4,566787,3,454799.38480779197,38097,10,FALSE,0.476,2,11,12,0,1,0,1,111,110
27007,30583,Forest,32,for_profit,50,FALSE,4,297667,3,297667,20008,5,FALSE,0.74,2,12,16,0,0,0,0,56,256
27008,29832,SNB,272,for_profit,61,FALSE,3,431607,3,132860.83145718402,29011,20,FALSE,0.212,2,13,13,0,0,0,0,50,129
27009,29656,Forest,96,for_profit,62,FALSE,2,248960,3,76636.92340388487,16734,20,FALSE,0.19,2,11,9,0,0,0,0,103,228
27010,29764,Dairy,96,for_profit,82,FALSE,2,4000,3,4000,269,5,FALSE,0.002,2,12,15,0,0,0,1,20,252
27011,28899,Dairy,208,for_profit,62,FALSE,3,1716859,3,528497.7172167029,115400,20,FALSE,0.194,4,10,11,0,0,1,0,56,202
27012,29119,Dairy,160,for_profit,67,FALSE,3,640,3,513.5467226259368,43,10,FALSE,0,1,10,10,0,0,1,0,44,273
27013,29091,Dairy,352,for_profit,78,FALSE,1,13600,3,13600,914,0,FALSE,0,4,10,10,3,1,0,2,71,113
27014,28820,Crop,64,for_profit,55,FALSE,2,941584,3,755542.7769953439,63289,10,FALSE,0.515,1,10,13,0,0,0,0,132,130
27015,29152,Forest,112,for_profit,55,FALSE,3,722319,3,414151.43635930395,48551,15,FALSE,0.355,2,11,12,1,0,0,0,121,111
27016,30438,Forest,64,for_profit,33,FALSE,3,306064,3,306064,20572,5,FALSE,0.692,1,12,17,0,0,0,0,73,177
27017,29658,SNB,96,for_profit,62,FALSE,3,1104045,3,633019.2374218423,74209,15,FALSE,0.41,2,18,11,0,0,0,0,77,276
27018,30169,Forest,96,pro_environmental,63,FALSE,3,325755,3,261391.2697328313,21896,10,FALSE,0.513,1,11,18,0,0,0,0,46,222
27019,29821,Dairy,96,for_profit,62,FALSE,2,1113578,3,1113578,74850,5,FALSE,0.71,2,10,14,0,1,0,1,79,134
27020,29977,Dairy,128,for_profit,55,FALSE,3,1485266,3,851597.4898564733,99833,15,FALSE,0.403,4,13,10,2,0,0,0,93,122
27021,28996,Forest,384,for_profit,60,FALSE,3,5122529,3,4110403.092978621,344314,10,FALSE,0.508,1,10,17,0,0,0,0,72,257
27022,29066,Forest,384,for_profit,68,FALSE,3,1713246,3,982312.9278571268,115157,15,FALSE,0.37,1,12,15,0,0,0,0,107,148
27023,29931,SNB,144,for_profit,66,FALSE,3,271955,3,155929.10317338252,18280,15,FALSE,0.379,2,14,12,0,0,1,0,13,300
27024,30172,Dairy,80,pro_environmental,64,FALSE,2,964863,3,553217.3421160831,64854,15,FALSE,0.38,1,12,8,0,0,0,0,61,163
27025,29903,Forest,96,for_profit,58,FALSE,4,401947,3,322529.0070614491,27017,10,FALSE,0.486,1,11,12,0,0,0,0,46,150
27026,30206,Forest,800,pro_environmental,52,FALSE,3,2034318,3,626220.5685457272,136738,20,FALSE,0.146,9,11,15,0,0,0,0,159,12
27027,29646,Crop,96,for_profit,41,FALSE,4,1333555,3,1333555,89636,5,FALSE,0.641,2,11,10,2,0,0,0,114,91
27028,30486,Dairy,64,for_profit,47,FALSE,3,627303,3,627303,52547,10,FALSE,0.528,2,15,11,1,0,0,2,87,126
27029,29858,Dairy,128,for_profit,71,FALSE,1,3040,3,3040,204,0,FALSE,0.189,4,8,13,2,1,3,1,123,65
27030,28797,SNB,128,for_profit,28,TRUE,2,2176,3,2176,146,0,FALSE,0,2,17,10,2,0,1,1,94,91
27031,28916,Dairy,96,for_profit,68,FALSE,4,1173909,3,941964.2493923295,78905,10,FALSE,0.541,2,13,11,1,0,0,1,54,141
27032,30146,Forest,64,for_profit,64,FALSE,3,275245,3,157815.4694819278,18501,15,FALSE,0.444,2,11,12,0,0,0,0,127,53
27033,30289,Dairy,112,for_profit,72,TRUE,1,2400,3,1925.800209847263,161,10,FALSE,0.001,2,14,8,2,2,2,2,125,42
27034,30364,Forest,32,for_profit,52,FALSE,3,121162,3,97222.41876063087,8144,10,FALSE,0.572,1,12,14,0,0,0,0,121,225
27035,29171,Dairy,240,for_profit,61,FALSE,2,2967320,3,2967320,199451,5,FALSE,0.58,4,16,14,3,0,4,4,116,119
27036,30256,Forest,112,pro_environmental,59,FALSE,3,385330,3,220934.20354764388,25900,15,FALSE,0.381,4,11,10,1,0,0,0,129,43
27037,30227,Dairy,176,for_profit,63,FALSE,2,2021838,3,622378.8718712394,135899,20,FALSE,0.256,2,8,12,0,0,1,1,98,243
27038,30201,SNB,176,for_profit,73,FALSE,1,0,0,0,0,21,TRUE,0,2,12,17,0,0,1,0,24,268
27039,30350,Forest,144,for_profit,73,FALSE,2,0,0,0,0,21,TRUE,0,2,12,11,0,0,1,0,59,158
27040,29319,Dairy,160,for_profit,58,FALSE,2,2416828,3,1939303.2789853087,162449,10,FALSE,0.622,2,13,13,0,1,0,1,47,143
27041,30365,Crop,144,for_profit,49,TRUE,4,1957134,3,1122149.4343186736,131550,15,FALSE,0.382,2,12,10,1,0,0,0,120,74
27042,29305,Forest,64,for_profit,56,FALSE,3,255126,3,255126,17148,5,FALSE,0.584,2,14,11,0,0,0,0,127,76
27043,30301,Dairy,256,pro_environmental,68,FALSE,3,3263425,3,1871129.1703539037,219353,15,FALSE,0.47,2,11,17,1,0,0,0,91,111
27044,28775,Dairy,64,for_profit,41,FALSE,3,749639,3,749639,50388,5,FALSE,0.672,2,9,13,0,1,0,0,105,139
27045,29918,SNB,272,pro_environmental,67,TRUE,3,5376,3,5376,361,0,FALSE,0,4,12,10,0,0,4,1,12,314
27046,29316,Forest,64,for_profit,74,FALSE,1,0,0,0,0,21,TRUE,0,1,12,12,0,0,0,0,144,88
27047,29446,SNB,352,pro_environmental,81,FALSE,3,0,0,0,0,21,TRUE,0,1,11,10,0,0,0,0,129,206
27048,29417,Dairy,160,for_profit,51,FALSE,3,1901256,3,1901256,127794,5,FALSE,0.713,3,14,12,2,0,0,0,122,133
27049,28917,Dairy,64,for_profit,65,FALSE,2,734998,3,734998,49403,5,FALSE,0.698,2,12,10,0,0,1,0,147,215
27050,30336,SNB,208,for_profit,66,FALSE,2,3840,3,3840,258,0,FALSE,0.166,7,12,10,4,0,0,4,95,80
27051,30587,Forest,160,for_profit,54,FALSE,2,524263,3,524263,114475,20,FALSE,0.499,2,12,16,1,0,0,0,18,275
27052,29040,SNB,112,for_profit,63,FALSE,3,154778,3,154778,10404,5,FALSE,0.69,2,9,10,2,0,2,2,103,211
27053,30420,Dairy,96,pro_environmental,38,FALSE,2,1247125,3,1247125,83826,5,FALSE,0.731,4,11,19,1,4,4,3,145,211
27054,29484,Dairy,64,for_profit,63,FALSE,2,900344,3,900344,60517,5,FALSE,0.729,2,16,11,0,0,1,0,133,213
27055,29742,Dairy,80,for_profit,68,FALSE,2,320,3,320,22,5,FALSE,0,1,14,14,0,0,1,0,83,197
27056,29682,Forest,32,for_profit,67,FALSE,3,145235,3,116538.99728215302,9762,10,FALSE,0.534,1,13,13,0,0,0,0,110,99
27057,28873,Dairy,80,for_profit,67,FALSE,2,931493,3,534084.1981294097,62611,15,FALSE,0.393,2,15,12,0,2,0,0,9,310
27058,29215,SNB,96,pro_environmental,45,FALSE,2,942674,3,540494.9767603655,63362,15,FALSE,0.305,2,14,12,0,0,0,0,85,260
27059,29574,Forest,144,for_profit,59,FALSE,4,752910,3,431691.2028470572,50607,15,FALSE,0.434,1,11,11,0,0,0,0,92,185
27060,29576,Dairy,112,for_profit,61,FALSE,2,0,0,0,0,21,TRUE,0,1,13,14,0,0,1,0,48,259
27061,28768,SNB,128,for_profit,50,FALSE,3,181625,3,145738.94296396215,12208,10,FALSE,0.477,2,6,11,0,0,0,0,142,196
27062,29039,SNB,144,for_profit,66,FALSE,4,319578,3,319578,21481,5,FALSE,0.75,1,13,14,0,0,0,0,67,275
27063,29599,Dairy,80,pro_environmental,60,TRUE,2,3440,3,3440,403,10,FALSE,0.002,2,10,12,2,1,2,1,94,73
27064,30126,Forest,208,for_profit,59,FALSE,1,550020,3,315361.45806263486,36970,15,FALSE,0.254,2,10,11,0,0,0,0,84,97
27065,29246,Dairy,192,for_profit,47,FALSE,2,1576855,3,904111.2904137233,105989,15,FALSE,0.35,2,17,13,0,0,0,1,57,124
27066,28730,Forest,272,for_profit,76,FALSE,1,0,0,0,0,21,TRUE,0,2,10,12,0,0,0,0,73,137
27067,29507,Dairy,80,for_profit,51,FALSE,2,886917,3,273018.1161415623,59615,20,FALSE,0.187,1,9,10,0,0,0,0,88,245
27068,30032,SNB,96,for_profit,77,FALSE,2,0,0,0,0,21,TRUE,0,2,14,16,0,0,0,0,14,285
27069,29309,Dairy,112,for_profit,55,FALSE,2,1196661,3,686121.8824164406,80434,15,FALSE,0.413,4,12,12,3,2,1,3,121,173
27070,29728,Dairy,192,pro_environmental,76,FALSE,1,4618,3,4618,387,5,FALSE,0.001,6,9,10,1,1,0,3,145,94
27071,28993,Forest,368,pro_environmental,56,FALSE,2,1356863,3,1356863,91203,5,FALSE,0.678,2,12,12,0,0,0,0,72,117
27072,29716,SNB,288,for_profit,61,FALSE,2,9600,3,9600,645,5,FALSE,0.017,2,9,14,2,0,0,1,111,232
27073,29733,SNB,368,for_profit,35,FALSE,3,585093,3,585093,39327,5,FALSE,0.664,6,14,13,6,0,1,0,49,135
27074,29653,Dairy,256,for_profit,44,TRUE,4,3840,3,3840,258,0,FALSE,0,5,13,10,0,3,0,0,139,58
27075,28951,Dairy,256,for_profit,53,FALSE,2,2225839,3,2225839,149611,5,FALSE,0.669,4,12,12,0,0,0,0,77,121
27076,30401,Forest,320,for_profit,74,FALSE,3,1041326,3,320549.56981231447,69993,20,FALSE,0.196,4,11,20,0,0,0,0,87,282
27077,30457,SNB,176,for_profit,47,FALSE,3,930747,3,746846.9866311294,62561,10,FALSE,0.6,2,13,13,0,0,0,0,129,118
27078,28975,SNB,176,pro_environmental,57,FALSE,2,260753,3,209232.5758826264,17527,10,FALSE,0.482,2,9,12,0,0,0,0,96,268
27079,29053,Forest,128,for_profit,65,FALSE,3,746551,3,229809.49471438644,50180,20,FALSE,0.183,3,13,12,0,0,0,1,136,75
27080,29352,Forest,256,for_profit,54,FALSE,2,3263464,3,1871151.531535069,219356,15,FALSE,0.566,2,13,12,0,0,1,1,96,151
27081,29930,Dairy,64,for_profit,51,FALSE,1,0,0,0,0,21,TRUE,0,3,14,15,0,0,0,0,123,86
27082,29279,Dairy,32,for_profit,52,FALSE,2,343340,3,275501.76835373306,23078,10,FALSE,0.513,1,8,10,1,0,0,0,122,203
27083,28907,SNB,144,for_profit,52,TRUE,4,625987,3,358918.17215420277,42076,15,FALSE,0.361,1,17,19,0,0,0,0,100,137
27084,30220,Forest,128,for_profit,53,FALSE,3,1069555,3,1069555,71891,5,FALSE,0.749,2,14,13,0,0,0,0,60,214
27085,29415,Forest,48,for_profit,76,TRUE,3,0,0,0,0,21,TRUE,0,1,9,17,0,0,0,0,106,144
27086,30257,Forest,240,for_profit,59,FALSE,2,778587,3,624751.2533268129,52333,10,FALSE,0.49,1,8,16,0,0,0,0,34,237
27087,29450,Dairy,384,for_profit,65,TRUE,3,3987326,3,2286187.667959444,268011,15,FALSE,0.361,5,13,9,0,3,3,0,82,117
27088,30471,Dairy,96,for_profit,61,FALSE,3,989495,3,793987.3661011739,66510,10,FALSE,0.454,1,16,11,0,0,0,0,64,254
27089,29442,Forest,96,for_profit,67,FALSE,3,1015915,3,1015915,85100,10,FALSE,0.887,2,12,11,1,1,0,0,61,175
27090,29600,Dairy,96,for_profit,58,FALSE,2,480,3,480,32,0,FALSE,0.208,3,15,12,1,3,2,0,135,96
27091,30189,Forest,64,for_profit,56,FALSE,3,572990,3,459776.77593349305,38514,10,FALSE,0.494,3,11,12,0,0,0,0,104,171
27092,29560,Dairy,64,for_profit,56,FALSE,2,743046,3,596232.5594692372,49944,10,FALSE,0.462,2,14,10,1,0,2,1,65,172
27093,29720,Forest,144,pro_environmental,54,FALSE,2,1314664,3,404690.7305183358,88366,20,FALSE,0.273,4,13,9,1,0,2,0,35,253
27094,30216,Dairy,80,for_profit,75,FALSE,2,799792,3,246198.57906105352,53759,20,FALSE,0.235,4,13,11,2,1,2,1,75,126
27095,29559,Dairy,176,pro_environmental,70,FALSE,3,1573024,3,901914.7343869644,105732,15,FALSE,0.39,2,13,10,0,1,0,0,46,133
27096,28857,Dairy,64,for_profit,59,FALSE,2,0,0,0,0,21,TRUE,0,1,17,12,1,0,0,0,83,263
27097,30347,Dairy,176,for_profit,59,FALSE,3,2201618,3,1766615.1693347965,147983,10,FALSE,0.525,2,15,13,0,0,0,0,91,247
27098,29228,Dairy,192,for_profit,53,FALSE,1,800,3,800,54,0,FALSE,0.166,4,10,9,1,0,3,3,20,276
27099,30060,Dairy,144,for_profit,43,FALSE,4,1540392,3,1540392,103539,5,FALSE,0.661,4,11,10,0,2,2,0,97,118
27100,30550,Dairy,80,pro_environmental,65,FALSE,2,876831,3,502742.9959538166,58937,15,FALSE,0.385,2,9,10,0,1,0,0,94,143
27101,29335,Forest,80,for_profit,54,FALSE,5,111502,3,63931.19031471567,7495,15,FALSE,0.167,2,10,14,0,0,0,0,84,114
27102,29408,Dairy,96,pro_environmental,66,FALSE,1,1325125,3,759778.4664471274,89069,15,FALSE,0.418,2,9,10,2,0,0,0,58,243
27103,29368,Forest,144,for_profit,59,FALSE,2,523,3,299.86917306053965,61,15,FALSE,0,4,8,13,0,0,1,1,55,194
27104,30183,SNB,96,for_profit,46,FALSE,3,81851,3,81851,9595,15,FALSE,0.366,2,11,10,0,0,2,1,55,136
27105,29592,Dairy,80,for_profit,67,FALSE,1,640,3,640,43,5,FALSE,0.001,4,12,9,0,2,0,3,112,78
27106,29471,Dairy,64,for_profit,60,FALSE,2,774612,3,621561.6467292533,52066,10,FALSE,0.533,1,10,12,0,0,1,0,84,142
27107,30519,Forest,208,for_profit,73,FALSE,3,0,0,0,0,21,TRUE,0,3,10,8,0,0,0,0,106,241
27108,28884,Forest,96,for_profit,54,FALSE,3,554498,3,554498,37271,5,FALSE,0.616,2,13,18,0,0,0,0,117,168
27109,29411,Forest,208,for_profit,37,FALSE,3,1950257,3,1950257,131088,5,FALSE,0.619,3,9,14,1,0,1,0,13,312
27110,30253,Dairy,112,for_profit,49,FALSE,1,1209172,3,693295.2346614893,81275,15,FALSE,0.315,1,13,14,0,1,0,1,122,164
27111,30099,Dairy,80,pro_environmental,71,FALSE,1,0,0,0,0,21,TRUE,0,2,12,19,0,1,0,0,86,227
27112,30431,Dairy,128,for_profit,68,FALSE,2,5959,3,4781.601437699934,499,10,FALSE,0.002,2,16,13,0,0,1,1,172,21
27113,29026,Forest,80,for_profit,44,FALSE,2,363816,3,363816,24454,5,FALSE,0.666,1,14,15,0,0,0,0,81,137
27114,30502,SNB,160,for_profit,52,FALSE,5,213104,3,213104,17851,10,FALSE,0.475,3,10,17,2,0,0,0,117,67
27115,30384,Dairy,240,for_profit,63,FALSE,3,2934689,3,1682643.9074949562,197257,15,FALSE,0.385,1,11,8,0,1,1,0,73,270
27116,30451,Dairy,288,for_profit,60,FALSE,2,3362943,3,3362943,226043,5,FALSE,0.693,2,14,11,0,0,0,2,131,27
27117,29894,SNB,112,for_profit,61,FALSE,4,332622,3,266901.4655832568,22357,10,FALSE,0.52,4,17,10,1,0,0,2,105,116
27118,30520,Dairy,64,for_profit,66,FALSE,1,128,3,128,9,5,FALSE,0,2,15,9,0,2,2,2,66,181
27119,29294,Forest,128,for_profit,66,FALSE,4,834449,3,256866.9830392365,56088,20,FALSE,0.201,2,11,11,0,0,0,0,93,125
27120,30094,Dairy,160,pro_environmental,54,FALSE,2,1551820,3,889757.1321965711,104307,15,FALSE,0.323,3,13,14,0,0,0,2,99,120
27121,29468,Dairy,128,for_profit,61,FALSE,1,1917120,3,590143.7122270877,128861,20,FALSE,0.251,2,9,9,0,0,1,0,120,65
27122,28982,Forest,48,for_profit,44,FALSE,3,296108,3,237602.0202239389,19903,10,FALSE,0.463,2,12,14,0,0,0,0,58,162
27123,30510,Forest,144,for_profit,61,FALSE,3,482257,3,386971.09658346314,32415,10,FALSE,0.533,3,6,10,0,0,0,0,87,303
27124,30027,SNB,96,for_profit,70,FALSE,2,128,3,128,9,5,FALSE,0,3,17,12,2,0,2,0,62,131
27125,30562,Dairy,112,for_profit,70,FALSE,3,1299690,3,1042893.0311401623,87360,10,FALSE,0.622,4,10,7,1,1,0,0,142,229
27126,29591,Forest,112,for_profit,70,FALSE,1,0,0,0,0,21,TRUE,0,2,10,17,0,0,0,0,95,104
27127,28915,Forest,608,for_profit,56,FALSE,4,2273743,3,2273743,152831,5,FALSE,0.703,5,7,11,0,0,0,0,99,211
27128,29452,Forest,96,pro_environmental,61,FALSE,2,787162,3,787162,52910,5,FALSE,0.684,2,12,12,0,1,0,0,85,173
27129,29621,Dairy,80,for_profit,49,FALSE,3,864029,3,864029,58076,5,FALSE,0.622,2,15,15,0,0,1,0,112,48
27130,30052,SNB,96,for_profit,66,FALSE,3,447802,3,359323.82732084335,30099,10,FALSE,0.531,3,9,15,1,0,2,0,87,172
27131,29090,Forest,128,for_profit,64,FALSE,3,722582,3,222431.15917025198,48569,20,FALSE,0.206,2,11,9,1,0,0,0,94,239
27132,28751,Forest,320,for_profit,65,FALSE,3,1739923,3,997608.5491376929,116950,15,FALSE,0.405,3,12,11,1,0,0,0,145,79
27133,30412,Dairy,64,pro_environmental,76,FALSE,2,2240,3,2240,151,0,FALSE,0.216,3,9,11,1,1,1,2,95,124
27134,28776,Forest,144,for_profit,52,FALSE,1,177803,3,101945.77165904998,11951,15,FALSE,0.338,3,11,14,1,0,1,0,125,205
27135,29087,Forest,208,pro_environmental,43,FALSE,4,938163,3,752797.7092795575,63059,10,FALSE,0.524,1,12,8,0,0,0,0,43,246
27136,29776,Forest,96,for_profit,68,FALSE,3,568638,3,175042.84564001558,38221,20,FALSE,0.205,1,11,12,0,0,0,0,107,130
27137,29378,Forest,96,for_profit,65,TRUE,3,1440,3,1440,97,5,FALSE,0.001,2,9,11,1,0,1,1,149,214
27138,29712,Dairy,64,pro_environmental,60,FALSE,3,782274,3,782274,52581,5,FALSE,0.652,2,14,11,2,1,0,2,131,77
27139,29065,Forest,80,for_profit,73,TRUE,3,0,0,0,0,21,TRUE,0,3,11,15,0,1,0,0,92,113
27140,30151,Dairy,32,for_profit,67,FALSE,1,353608,3,202745.96280610195,23768,15,FALSE,0.338,2,10,13,2,0,1,1,122,83
27141,28778,Dairy,160,for_profit,43,FALSE,4,1658364,3,1658364,111468,5,FALSE,0.604,4,10,10,0,0,1,0,54,139
27142,28926,Dairy,336,for_profit,56,FALSE,2,3879110,3,3879110,260737,5,FALSE,0.693,6,11,12,3,5,0,2,141,30
27143,29377,Forest,208,pro_environmental,68,FALSE,3,1073488,3,330449.94228385907,72155,20,FALSE,0.204,2,9,9,0,0,0,0,40,141
27144,29952,Dairy,112,for_profit,80,FALSE,2,800,3,641.9334032824211,54,10,FALSE,0,3,14,9,1,0,0,1,64,240
27145,29675,Dairy,48,for_profit,43,FALSE,2,611585,3,611585,41108,5,FALSE,0.648,1,8,11,1,1,1,1,68,197
27146,29180,SNB,224,for_profit,49,FALSE,3,377451,3,377451,31618,10,FALSE,0.552,2,17,12,0,0,0,1,9,291
27147,30456,Dairy,176,for_profit,62,FALSE,3,1782508,3,1782508,119813,5,FALSE,0.672,3,10,13,2,2,2,0,63,119
27148,29229,Dairy,144,for_profit,64,FALSE,3,2214435,3,1269676.4670101649,148845,15,FALSE,0.398,1,15,10,0,1,1,0,119,117
27149,28756,Forest,48,for_profit,53,FALSE,2,596302,3,596302,40081,5,FALSE,0.632,1,15,15,0,0,0,0,122,130
27150,30238,Forest,384,for_profit,66,FALSE,5,1329745,3,1067009.6666847286,89380,10,FALSE,0.528,3,12,14,0,0,0,0,149,30
27151,29005,Dairy,528,for_profit,65,FALSE,3,8999,3,8999,1055,10,FALSE,0,5,7,21,0,3,2,1,166,47
27152,30232,Dairy,64,for_profit,71,FALSE,1,1600,3,1600,108,5,FALSE,0.001,2,12,14,0,0,0,1,96,189
27153,28896,Forest,160,for_profit,60,FALSE,2,1849530,3,1484093.8592161702,124317,10,FALSE,0.51,2,12,11,0,0,1,0,89,268
27154,29217,Dairy,96,pro_environmental,63,FALSE,2,1769,3,1769,148,5,FALSE,0,3,12,10,1,1,2,2,126,27
27155,29021,Forest,128,for_profit,47,FALSE,2,585807,3,470061.3514708315,39375,10,FALSE,0.531,1,10,10,0,0,0,0,101,151
27156,29850,Dairy,160,pro_environmental,61,FALSE,1,0,0,0,0,21,TRUE,0,1,14,12,0,0,1,0,61,246
27157,29109,Dairy,128,for_profit,77,FALSE,2,64,3,64,4,5,FALSE,0,3,15,13,3,0,1,3,140,83
27158,29976,Dairy,128,for_profit,46,FALSE,3,1588419,3,1588419,106767,5,FALSE,0.603,3,12,10,1,0,3,2,112,135
27159,30117,Dairy,64,for_profit,65,FALSE,2,895106,3,718248.0510981434,60165,10,FALSE,0.662,2,14,15,1,0,0,1,123,157
27160,30111,Forest,48,for_profit,61,FALSE,3,186559,3,149698.06722870647,12540,10,FALSE,0.587,1,12,9,0,0,0,0,38,235
27161,30009,Forest,80,for_profit,59,FALSE,3,334190,3,191612.38804034752,22463,15,FALSE,0.347,2,10,12,0,0,0,0,49,161
27162,28994,SNB,64,pro_environmental,65,FALSE,2,798495,3,245799.3258089052,53671,20,FALSE,0.317,2,10,9,0,0,0,0,124,126
27163,29234,Forest,96,for_profit,54,FALSE,4,292407,3,167655.53592182262,19654,15,FALSE,0.329,1,14,14,0,0,0,0,79,117
27164,28747,Forest,96,pro_environmental,45,FALSE,3,462619,3,462619,31095,5,FALSE,0.697,1,16,13,0,0,0,0,86,202
27165,29959,Dairy,48,for_profit,65,FALSE,5,741105,3,594675.0685495232,49814,10,FALSE,0.559,1,16,14,0,0,0,0,95,148
27166,29689,Forest,160,pro_environmental,52,FALSE,2,598147,3,598147,130608,20,FALSE,0.541,1,10,14,0,0,0,0,104,152
27167,28971,Dairy,64,pro_environmental,60,FALSE,2,840267,3,481778.52856608125,56479,15,FALSE,0.405,2,12,15,1,0,0,1,65,134
27168,29596,SNB,176,pro_environmental,70,FALSE,2,185929,3,185929,40598,20,FALSE,0.522,1,7,13,0,0,0,0,13,326
27169,29268,SNB,32,for_profit,76,FALSE,1,0,0,0,0,21,TRUE,0,1,13,13,0,0,1,0,120,126
27170,30139,Dairy,96,pro_environmental,54,FALSE,3,1308180,3,750062.8199126899,87930,15,FALSE,0.399,2,13,11,1,0,0,0,118,163
27171,30147,Dairy,112,for_profit,69,FALSE,1,384,3,384,26,0,FALSE,0.222,2,10,13,0,0,1,2,79,175
27172,28898,Dairy,96,for_profit,40,FALSE,4,1071628,3,859892.2613659179,72030,10,FALSE,0.525,2,12,12,0,0,1,0,120,154
27173,29951,Forest,48,for_profit,57,FALSE,4,219801,3,219801,14774,5,FALSE,0.662,1,17,13,0,0,0,0,48,235
27174,28772,Forest,80,for_profit,61,FALSE,2,319009,3,98199.98513074352,21442,20,FALSE,0.18,1,11,11,0,0,0,0,68,264
27175,30355,Forest,64,for_profit,67,FALSE,3,396261,3,227201.64127369504,26635,15,FALSE,0.365,2,14,10,0,0,0,0,44,264
27176,29827,Dairy,192,for_profit,51,FALSE,3,2605408,3,2605408,175124,5,FALSE,0.69,1,8,9,1,0,1,1,38,135
27177,29497,Dairy,112,for_profit,57,FALSE,2,1230313,3,987223.7639907566,82696,10,FALSE,0.484,1,9,13,0,1,1,0,120,37
27178,29925,Forest,64,for_profit,60,FALSE,3,370964,3,212697.26178820274,24935,15,FALSE,0.394,2,8,18,0,0,1,1,118,173
27179,28819,SNB,368,for_profit,54,FALSE,2,493018,3,493018,33139,5,FALSE,0.593,6,9,12,1,0,3,2,145,106
27180,29726,Forest,48,for_profit,55,FALSE,4,136676,3,136676,9187,5,FALSE,0.618,2,16,8,0,0,0,0,97,255
27181,30337,Dairy,80,for_profit,54,FALSE,4,849138,3,849138,57075,5,FALSE,0.604,4,8,11,0,0,1,1,68,107
27182,29923,Forest,160,pro_environmental,62,FALSE,2,511015,3,292997.4100794105,34348,15,FALSE,0.345,1,13,14,0,0,0,0,108,54
27183,28986,Dairy,272,for_profit,72,FALSE,1,960,3,960,65,0,FALSE,0,4,12,11,2,3,3,0,123,125
27184,29622,Dairy,32,for_profit,47,FALSE,2,372825,3,372825,25060,5,FALSE,0.647,2,13,10,0,0,1,2,113,56
27185,28845,Dairy,64,for_profit,50,FALSE,2,643579,3,369004.7849505336,43259,15,FALSE,0.376,2,13,11,0,0,0,0,86,135
27186,29655,Dairy,80,for_profit,54,FALSE,4,994196,3,994196,66826,5,FALSE,0.65,2,13,11,0,0,1,1,116,135
27187,30409,SNB,48,for_profit,74,FALSE,1,5134,3,5134,430,10,FALSE,0.033,1,12,11,1,0,1,0,112,113
27188,29449,SNB,160,for_profit,51,FALSE,2,260761,3,260761,17527,5,FALSE,0.689,3,13,15,1,0,0,3,8,300
27189,30563,Forest,64,for_profit,50,FALSE,4,267784,3,267784,17999,5,FALSE,0.605,1,17,14,0,0,0,0,68,195
27190,30003,SNB,192,pro_environmental,44,FALSE,4,383059,3,307372.9594099511,25748,10,FALSE,0.52,4,11,10,0,0,1,2,63,147
27191,28992,Dairy,64,pro_environmental,66,TRUE,2,3200,3,3200,215,5,FALSE,0.003,1,10,15,0,0,1,1,83,175
27192,30039,SNB,32,for_profit,42,TRUE,3,72435,3,22297.53995324711,8492,20,FALSE,0.139,2,13,13,0,0,0,0,98,136
27193,29766,SNB,208,for_profit,58,FALSE,2,357493,3,286858.3726745532,24029,10,FALSE,0.537,4,8,14,2,0,2,2,179,38
27194,28928,SNB,736,for_profit,74,FALSE,1,11482,3,11482,1346,10,FALSE,0.01,6,15,14,5,0,2,3,108,201
27195,29916,SNB,432,for_profit,64,FALSE,3,1168185,3,1168185,78520,5,FALSE,0.727,4,13,11,3,0,2,2,76,111
27196,30335,Dairy,224,for_profit,46,FALSE,2,2570803,3,2570803,172798,5,FALSE,0.638,3,18,13,2,1,2,2,110,86
27197,29878,Forest,96,for_profit,47,FALSE,2,1295229,3,1295229,87060,5,FALSE,0.686,1,11,12,0,0,0,0,128,69
27198,30222,Forest,96,for_profit,61,FALSE,3,909737,3,909737,61149,5,FALSE,0.616,2,13,13,0,0,0,0,103,127
27199,29103,Forest,64,for_profit,45,FALSE,2,782930,3,782930,52625,5,FALSE,0.672,1,18,14,0,0,0,0,84,141
27200,28731,Dairy,160,for_profit,62,FALSE,2,1623319,3,1623319,109113,5,FALSE,0.604,4,8,12,1,1,1,2,89,95
27201,28780,Dairy,160,for_profit,59,FALSE,5,1731154,3,1731154,116361,5,FALSE,0.638,3,13,11,0,0,0,0,49,145
27202,30503,Dairy,128,for_profit,70,FALSE,4,1433808,3,822093.3447181382,96374,15,FALSE,0.36,3,12,13,1,0,1,0,88,253
27203,29479,Forest,80,for_profit,53,FALSE,3,622415,3,622415,41836,5,FALSE,0.598,2,16,10,0,0,0,0,71,172
27204,30218,Dairy,224,for_profit,61,FALSE,2,3530,3,3530,296,5,FALSE,0.001,4,13,8,3,0,3,0,102,105
27205,29529,Forest,80,for_profit,46,FALSE,4,255783,3,255783,17193,5,FALSE,0.647,3,12,13,0,0,0,0,84,86
27206,28858,Dairy,112,for_profit,71,FALSE,1,64,3,64,4,5,FALSE,0,4,8,12,3,2,2,1,134,137
27207,29945,Dairy,208,for_profit,43,FALSE,2,2393218,3,1920358.2194209364,160862,10,FALSE,0.523,5,9,15,0,2,3,2,78,198
27208,30230,Forest,240,for_profit,66,FALSE,3,3310585,3,2656468.8698821673,222523,10,FALSE,0.506,2,11,16,0,0,0,1,112,168
27209,29516,Forest,80,pro_environmental,52,FALSE,2,64,3,64,4,0,FALSE,0,2,11,16,0,1,1,0,84,145
27210,30521,Forest,64,for_profit,63,FALSE,2,480,3,480,32,0,FALSE,0,2,16,10,1,0,0,0,81,276
27211,29427,Dairy,240,for_profit,74,FALSE,2,2908605,3,1667688.2908408241,195504,15,FALSE,0.381,1,16,10,1,0,0,1,65,258
27212,29943,Forest,144,for_profit,69,FALSE,1,1122855,3,345646.4999544872,75473,20,FALSE,0.191,3,12,11,0,0,0,0,132,69
27213,28959,Dairy,112,for_profit,40,FALSE,2,1175954,3,1175954,79043,5,FALSE,0.567,4,10,13,1,1,4,3,134,111
27214,30541,Dairy,128,for_profit,66,FALSE,2,64,3,64,4,0,FALSE,0.22,3,10,10,0,0,3,3,70,179
27215,29084,SNB,80,for_profit,68,FALSE,1,76698,3,76698,8991,15,FALSE,0.434,2,11,13,2,0,1,2,40,231
27216,29344,Dairy,128,for_profit,59,FALSE,3,1391588,3,1391588,93537,5,FALSE,0.684,3,14,14,1,0,0,1,139,119
27217,30132,Forest,96,pro_environmental,44,FALSE,6,431525,3,431525,29005,5,FALSE,0.657,2,10,10,0,0,0,0,99,193
27218,30326,Dairy,128,for_profit,65,FALSE,2,1412838,3,1133684.8820334114,94965,10,FALSE,0.513,3,11,13,2,2,0,1,54,212
27219,29841,Forest,96,pro_environmental,63,FALSE,3,460143,3,263829.25602217193,30929,15,FALSE,0.398,1,13,11,0,0,0,0,108,161
27220,30181,Forest,96,for_profit,61,FALSE,4,577516,3,463408.5141625633,38818,10,FALSE,0.478,2,10,9,0,0,0,0,119,210
27221,29328,Dairy,96,for_profit,58,FALSE,2,1153263,3,1153263,77517,5,FALSE,0.674,1,10,9,1,0,0,0,95,129
27222,30291,Forest,48,for_profit,53,FALSE,2,254669,3,254669,17118,5,FALSE,0.777,1,13,14,0,0,0,0,84,258
27223,30241,SNB,80,for_profit,45,FALSE,2,171555,3,171555,14371,10,FALSE,0.69,2,13,10,2,0,2,2,110,122
27224,29030,Forest,80,for_profit,50,FALSE,4,404392,3,124483.28538377171,27181,20,FALSE,0.225,1,8,11,0,0,0,0,56,253
27225,29998,Dairy,272,for_profit,37,FALSE,2,3644097,3,3644097,244941,5,FALSE,0.736,8,14,9,6,5,1,0,120,60
27226,29609,Dairy,32,for_profit,50,FALSE,3,248492,3,248492,16703,5,FALSE,0.66,2,11,9,1,0,0,1,23,274
27227,28990,SNB,672,for_profit,70,FALSE,2,587843,3,587843,68913,15,FALSE,0.31,8,9,12,2,0,2,4,101,97
27228,29803,Forest,176,for_profit,69,FALSE,1,0,0,0,0,21,TRUE,0,1,15,14,0,0,0,0,97,165
27229,29414,Dairy,112,for_profit,72,FALSE,4,1247784,3,715433.9507422035,83871,15,FALSE,0.453,4,11,11,0,0,0,0,148,224
27230,29868,Dairy,128,for_profit,35,FALSE,3,1205976,3,1205976,81061,5,FALSE,0.612,2,14,13,0,0,0,0,59,216
27231,30059,Dairy,240,pro_environmental,79,FALSE,2,8000,3,8000,538,5,FALSE,0.002,2,15,8,0,0,1,1,28,256
27232,29102,Forest,192,pro_environmental,54,FALSE,4,632784,3,362815.3246767505,42533,15,FALSE,0.36,2,10,14,0,0,0,0,126,234
27233,30037,Dairy,272,for_profit,71,FALSE,2,7090,3,2182.5023575415476,1548,20,FALSE,0.001,4,12,15,1,1,0,0,152,234
27234,28921,Dairy,144,for_profit,79,FALSE,3,3326,3,1907.0073988515392,279,15,FALSE,0.001,4,7,12,1,4,0,0,126,100
27235,29984,Dairy,80,for_profit,79,FALSE,0,0,0,0,0,21,TRUE,0,2,14,14,1,0,1,1,119,121
27236,29531,Forest,384,for_profit,72,FALSE,3,0,0,0,0,21,TRUE,0,3,8,11,0,0,0,0,46,247
27237,29928,SNB,48,pro_environmental,62,FALSE,2,126570,3,72570.63333512908,8507,15,FALSE,0.395,3,14,14,0,0,0,0,142,235
27238,30155,Forest,80,for_profit,53,FALSE,2,299927,3,240666.44980785836,20160,10,FALSE,0.435,1,14,13,0,0,0,0,135,93
27239,30038,Forest,64,for_profit,48,FALSE,2,271121,3,271121,18224,5,FALSE,0.619,2,11,10,0,0,0,0,86,145
27240,29773,Dairy,112,pro_environmental,50,FALSE,2,1409818,3,1409818,94762,5,FALSE,0.706,2,14,14,0,0,0,1,54,224
27241,29447,Dairy,64,pro_environmental,61,FALSE,1,256,3,256,17,0,FALSE,0,1,14,12,0,1,1,0,111,150
27242,29754,Dairy,128,for_profit,38,FALSE,5,468360,3,268540.58488457813,31481,15,FALSE,0.115,1,13,11,0,0,0,0,72,265
27243,29756,Dairy,208,for_profit,73,FALSE,2,2712770,3,835067.2666386437,182341,20,FALSE,0.208,3,14,11,0,0,1,0,42,239
27244,30014,Forest,208,for_profit,48,FALSE,2,566867,3,454863.5781481202,38102,10,FALSE,0.472,4,12,9,0,0,0,0,129,40
27245,29326,Dairy,160,for_profit,63,FALSE,2,2089444,3,1676604.8723600437,140443,10,FALSE,0.512,4,8,10,0,0,1,3,89,162
27246,28735,Forest,128,pro_environmental,55,FALSE,4,558411,3,448078.342075425,37534,10,FALSE,0.506,1,8,16,0,0,0,0,90,203
27247,30537,Forest,144,for_profit,58,TRUE,4,0,0,0,0,21,TRUE,0,1,8,17,0,0,0,0,60,279
27248,30314,Forest,64,for_profit,56,FALSE,2,0,0,0,0,21,TRUE,0,2,15,15,0,0,0,0,68,182
27249,30416,Forest,96,pro_environmental,74,FALSE,3,202479,3,202479,44212,20,FALSE,0.309,1,16,9,0,0,0,0,82,238
27250,28743,Dairy,64,for_profit,64,FALSE,2,834852,3,834852,69933,10,FALSE,0.589,1,13,10,0,0,0,1,99,170
27251,30338,Forest,448,for_profit,48,FALSE,3,1502791,3,1502791,101011,5,FALSE,0.631,1,8,12,0,0,0,0,107,246
27252,30277,Dairy,32,for_profit,52,FALSE,2,370001,3,370001,24870,5,FALSE,0.635,1,11,12,0,0,0,0,74,240
27253,30105,SNB,128,for_profit,61,FALSE,2,3123,3,961.3476533994715,366,20,FALSE,0.004,3,8,12,3,0,3,0,86,83
27254,30461,SNB,144,pro_environmental,56,FALSE,2,324597,3,260462.07113158,21818,10,FALSE,0.469,4,9,8,1,0,0,1,100,86
27255,29797,Forest,192,for_profit,62,FALSE,3,2228008,3,2228008,149757,5,FALSE,0.625,2,11,13,0,1,0,0,76,138
27256,30022,SNB,208,for_profit,47,FALSE,2,266167,3,266167,22296,10,FALSE,0.536,3,9,10,1,0,0,2,117,209
27257,29270,Dairy,80,for_profit,42,FALSE,2,892519,3,716172.1989552788,59991,10,FALSE,0.491,1,9,14,1,0,0,0,60,254
27258,29397,Forest,96,for_profit,66,FALSE,2,0,0,0,0,21,TRUE,0,1,14,14,0,0,0,0,59,194
27259,29434,Forest,176,pro_environmental,68,FALSE,2,0,0,0,0,21,TRUE,0,2,12,15,0,0,0,0,56,113
27260,29772,Dairy,96,for_profit,57,FALSE,3,1064513,3,854183.0661604748,71552,10,FALSE,0.49,2,9,7,1,0,0,1,73,105
27261,30272,SNB,112,for_profit,72,FALSE,3,520172,3,298247.7007442582,34964,15,FALSE,0.385,1,11,14,0,0,0,0,54,238
27262,28989,SNB,48,for_profit,64,FALSE,3,47499,3,47499,10372,20,FALSE,0.489,1,10,12,0,0,0,0,100,256
27263,28977,Dairy,80,for_profit,71,FALSE,2,64,3,64,4,0,FALSE,0.226,4,12,10,0,0,1,3,136,86
27264,30247,Forest,736,for_profit,53,FALSE,2,2562183,3,1469062.5190053016,172219,15,FALSE,0.391,4,12,11,0,0,0,0,94,285
27265,30252,Dairy,128,pro_environmental,46,FALSE,4,1629527,3,1629527,109530,5,FALSE,0.609,3,16,8,0,0,0,0,120,147
27266,29714,Crop,48,for_profit,63,FALSE,2,639078,3,512806.89437865384,42956,10,FALSE,0.491,1,13,15,1,0,0,0,55,255
27267,28911,Dairy,272,pro_environmental,66,FALSE,2,12800,3,12800,860,5,FALSE,0.003,2,8,13,0,0,0,1,137,199
27268,30531,Dairy,128,pro_environmental,62,FALSE,2,1126987,3,346918.44632139296,75751,20,FALSE,0.194,3,10,13,0,0,1,0,44,126
27269,29638,Forest,112,for_profit,69,FALSE,2,0,0,0,0,21,TRUE,0,1,10,11,0,0,0,0,87,262
27270,29271,Forest,112,for_profit,61,FALSE,2,0,0,0,0,21,TRUE,0,2,12,8,1,0,0,0,100,259
27271,30500,Dairy,464,pro_environmental,52,FALSE,2,3844911,3,2204532.088071458,258438,15,FALSE,0.391,5,14,12,2,0,2,0,135,48
27272,30108,Dairy,208,for_profit,54,FALSE,3,2933828,3,2354152.7408565735,197199,10,FALSE,0.524,2,12,10,0,0,0,0,85,155
27273,29376,Forest,80,for_profit,48,FALSE,3,627022,3,503132.95799118775,42146,10,FALSE,0.558,2,12,12,1,0,0,0,85,218
27274,28922,Dairy,352,for_profit,61,FALSE,3,3586767,3,2056521.7098486284,241087,15,FALSE,0.366,5,7,13,0,0,1,1,141,100
27275,29613,Forest,64,for_profit,77,FALSE,4,0,0,0,0,21,TRUE,0,1,13,11,0,0,0,0,83,246
27276,28891,SNB,192,pro_environmental,55,FALSE,3,300058,3,300058,20169,5,FALSE,0.606,4,11,12,0,0,0,0,14,295
27277,29213,SNB,320,pro_environmental,59,FALSE,2,3826,3,3826,320,5,FALSE,0.005,6,15,13,4,0,0,3,92,85
27278,29632,Dairy,96,for_profit,76,FALSE,2,6732,3,6732,564,5,FALSE,0.003,1,13,14,1,1,0,1,51,233
27279,29662,SNB,144,for_profit,59,TRUE,3,0,0,0,0,21,TRUE,0,1,9,8,0,0,0,0,122,45
27280,28984,Dairy,176,for_profit,74,TRUE,2,7535,3,7535,631,5,FALSE,0.002,3,10,10,3,0,0,3,100,122
27281,29174,Forest,48,pro_environmental,69,TRUE,3,64,3,19.70100858711693,4,20,FALSE,0,2,16,13,0,0,1,0,102,199
27282,30087,SNB,80,pro_environmental,53,FALSE,3,163726,3,163726,11005,0,FALSE,1.301,1,15,12,0,0,0,0,136,125
27283,29989,Forest,192,pro_environmental,74,FALSE,1,800,3,800,54,0,FALSE,0,3,13,17,0,1,0,2,115,124
27284,30588,Dairy,96,for_profit,56,FALSE,2,1300596,3,1043620.0207193795,87420,10,FALSE,0.644,3,17,10,1,0,0,1,89,88
27285,30261,Dairy,80,pro_environmental,42,FALSE,3,800625,3,642434.9137537354,53815,10,FALSE,0.542,2,9,14,1,0,0,0,94,267
27286,30351,Dairy,192,for_profit,64,FALSE,3,2039665,3,2039665,137098,5,FALSE,0.62,4,13,10,0,0,0,0,138,76
27287,28800,Forest,80,for_profit,62,FALSE,6,385894,3,385894,25938,5,FALSE,0.698,1,16,11,0,0,0,0,78,196
27288,28945,Forest,80,for_profit,60,FALSE,2,348408,3,199764.4719840851,23418,15,FALSE,0.366,1,13,9,0,0,0,0,77,250
27289,29718,SNB,128,for_profit,61,FALSE,2,221742,3,221742,18575,10,FALSE,0.375,2,12,16,1,0,0,1,108,153
27290,29078,Dairy,144,for_profit,67,FALSE,4,1619345,3,928473.5106113185,108845,15,FALSE,0.463,3,13,13,0,1,0,0,84,214
27291,29257,Dairy,128,for_profit,64,FALSE,4,1529494,3,1529494,102806,5,FALSE,0.651,3,15,15,0,2,0,1,118,129
27292,29741,SNB,128,for_profit,53,FALSE,2,98698,3,98698,11570,15,FALSE,0.341,2,13,10,0,0,2,2,12,291
27293,30497,SNB,144,for_profit,74,FALSE,1,0,0,0,0,21,TRUE,0,1,9,16,0,0,0,0,68,119
27294,30042,Dairy,32,for_profit,62,FALSE,2,421748,3,241814.9598469149,28348,15,FALSE,0.384,1,12,11,0,0,0,0,48,150
27295,29371,Dairy,240,for_profit,58,FALSE,3,2467016,3,1979574.9710402314,165822,10,FALSE,0.512,2,15,10,0,0,0,0,144,74
27296,29872,Dairy,112,for_profit,65,TRUE,1,3846,3,1183.907484782058,322,20,FALSE,0.001,2,11,12,0,1,0,1,10,300
27297,29956,SNB,144,for_profit,69,TRUE,1,0,0,0,0,21,TRUE,0,2,15,16,1,0,2,1,14,309
27298,29201,Forest,128,for_profit,48,FALSE,2,1182708,3,678121.739831902,99071,15,FALSE,0.496,2,17,13,1,1,0,1,127,209
27299,30074,SNB,112,for_profit,75,TRUE,2,5442,3,5442,456,5,FALSE,0.003,2,17,10,0,0,0,2,82,127
27300,28852,Forest,416,pro_environmental,60,FALSE,3,3622551,3,2906795.614992672,243492,10,FALSE,0.573,2,9,8,0,0,0,0,103,145
27301,30161,Forest,64,pro_environmental,40,FALSE,3,282726,3,282726,19004,0,FALSE,1.05,1,12,15,0,0,0,0,120,166
27302,29125,Forest,80,for_profit,71,FALSE,3,0,0,0,0,21,TRUE,0,1,14,11,0,0,0,0,62,262
27303,30235,Dairy,192,for_profit,60,FALSE,2,845721,3,845721,184667,20,FALSE,0.261,3,15,19,0,2,0,2,73,169
27304,29120,Dairy,64,pro_environmental,54,FALSE,2,720587,3,720587,48435,5,FALSE,0.685,2,10,7,0,1,1,0,72,159
27305,30082,SNB,48,for_profit,53,FALSE,4,112037,3,112037,7531,5,FALSE,0.662,2,13,14,1,0,0,1,78,287
27306,30047,Forest,160,for_profit,65,FALSE,4,1031852,3,827975.3325547158,69357,10,FALSE,0.519,2,9,8,0,0,0,0,107,170
27307,30374,Forest,128,for_profit,55,FALSE,3,498984,3,286099.27237177885,33540,15,FALSE,0.327,1,10,13,0,0,0,0,75,263
27308,29345,Dairy,64,for_profit,69,FALSE,2,2560,3,2560,172,0,FALSE,0.071,1,12,10,0,1,0,0,92,115
27309,29691,Forest,80,for_profit,56,FALSE,4,635264,3,635264,42700,5,FALSE,0.734,2,10,8,0,0,0,0,84,125
27310,29857,Forest,96,for_profit,51,FALSE,4,293855,3,235794.1752769448,19752,10,FALSE,0.533,3,12,13,1,0,0,1,28,258
27311,30025,Dairy,96,for_profit,62,FALSE,2,192,3,192,13,0,FALSE,0,2,11,17,0,0,1,0,47,129
27312,29843,Forest,64,for_profit,60,FALSE,2,206717,3,63633.33425161017,13895,20,FALSE,0.163,2,7,12,0,0,0,0,105,190
27313,28839,Forest,112,for_profit,60,FALSE,3,629453,3,629453,42309,5,FALSE,0.633,1,11,12,0,0,0,0,120,131
27314,29721,Dairy,272,for_profit,61,FALSE,3,3223772,3,992368.1227329238,216688,20,FALSE,0.222,4,9,14,3,0,0,0,86,95
27315,30036,Dairy,64,pro_environmental,59,FALSE,1,3200,3,3200,215,0,FALSE,0,1,14,17,1,1,0,1,127,217
27316,29312,SNB,80,for_profit,59,FALSE,4,199085,3,199085,13382,5,FALSE,0.669,3,11,10,0,0,0,0,148,218
27317,29068,Crop,96,pro_environmental,52,FALSE,3,439642,3,252074.72845637053,29551,15,FALSE,0.38,1,13,14,0,0,0,0,44,241
27318,30449,SNB,304,for_profit,44,FALSE,2,814729,3,814729,54763,5,FALSE,0.676,5,10,14,3,0,4,4,88,81
27319,30095,Dairy,112,for_profit,52,FALSE,2,1588716,3,1588716,106787,5,FALSE,0.662,2,12,12,2,2,0,1,120,103
27320,30426,Dairy,64,for_profit,77,FALSE,2,2560,3,2054.1868905037472,172,10,FALSE,0.002,1,12,10,0,1,0,1,110,159
27321,29485,Forest,80,for_profit,64,FALSE,2,951896,3,545782.5360604884,63982,15,FALSE,0.347,1,11,13,0,0,0,0,78,172
27322,29473,Dairy,32,pro_environmental,58,FALSE,1,960,3,960,65,0,FALSE,0,1,12,12,1,0,0,0,56,234
27323,29737,SNB,80,for_profit,67,FALSE,2,117191,3,36074.701520825314,9817,20,FALSE,0.152,1,16,11,1,0,0,0,71,276
27324,28843,Forest,48,for_profit,64,FALSE,2,0,0,0,0,21,TRUE,0,2,12,10,0,0,0,0,25,267
27325,29013,Dairy,176,pro_environmental,78,FALSE,4,2784,3,2784,187,0,FALSE,0.18,6,11,15,2,2,2,0,92,120
27326,29594,Forest,80,for_profit,64,FALSE,3,371448,3,371448,24967,5,FALSE,0.672,1,8,13,0,0,0,0,88,208
27327,30554,Dairy,128,pro_environmental,54,FALSE,4,1476107,3,1476107,99218,5,FALSE,0.741,3,12,17,0,0,0,0,97,203
27328,30193,Forest,48,for_profit,65,FALSE,4,480,3,480,32,0,FALSE,0,2,12,10,1,0,0,1,108,106
27329,29777,Dairy,80,for_profit,71,FALSE,3,1015169,3,814588.6138460151,68235,10,FALSE,0.559,1,11,12,0,0,0,1,80,232
27330,29223,Dairy,80,pro_environmental,68,TRUE,2,3631,3,1117.7244090597121,793,20,FALSE,0.001,1,12,16,1,1,1,1,44,267
27331,29389,SNB,224,for_profit,39,FALSE,2,308481,3,308481,20735,5,FALSE,0.647,3,15,11,0,0,0,2,102,243
27332,29300,Forest,464,for_profit,44,FALSE,2,1593777,3,1593777,107127,5,FALSE,0.63,3,10,10,0,0,0,0,4,303
27333,29258,Dairy,64,for_profit,60,FALSE,2,1600,3,1600,108,0,FALSE,0.174,3,15,14,1,1,0,3,97,250
27334,29359,Forest,240,for_profit,73,FALSE,1,0,0,0,0,21,TRUE,0,6,15,9,0,0,0,0,137,32
27335,28925,SNB,144,for_profit,49,FALSE,2,777812,3,777812,52281,5,FALSE,0.712,2,16,12,1,0,1,1,114,139
27336,29477,Dairy,48,for_profit,84,FALSE,1,1282,3,735.0521603510743,150,15,FALSE,0.001,3,15,13,2,0,1,1,9,308
27337,28865,Forest,112,for_profit,59,FALSE,3,444266,3,136757.6293900639,29862,20,FALSE,0.177,1,11,14,0,0,0,0,75,156
27338,29429,SNB,256,for_profit,70,TRUE,2,15800,3,15800,3450,20,FALSE,0.029,2,8,12,1,0,1,2,140,112
27339,29895,SNB,80,for_profit,52,FALSE,2,135650,3,135650,9118,5,FALSE,0.592,2,13,10,2,0,2,0,125,164
27340,29060,Forest,176,pro_environmental,66,FALSE,1,97517,3,97517,21293,15,FALSE,0.238,4,11,11,3,0,3,3,49,221
27341,30263,Forest,48,for_profit,69,FALSE,3,0,0,0,0,21,TRUE,0,1,7,11,0,0,0,0,74,153
27342,29423,SNB,240,for_profit,79,FALSE,2,159078,3,48968.703812834174,18649,20,FALSE,0.103,2,9,8,1,0,2,0,36,228
27343,29834,Dairy,240,for_profit,73,FALSE,2,2805848,3,863719.3053460135,188597,20,FALSE,0.191,3,9,14,0,0,0,0,46,117
27344,30354,Dairy,144,for_profit,51,FALSE,2,1405546,3,1127833.6590624922,94475,10,FALSE,0.465,4,11,12,0,0,1,2,95,195
27345,29751,Forest,96,for_profit,48,FALSE,3,796159,3,796159,53514,5,FALSE,0.571,3,12,9,2,0,0,0,81,189
27346,29211,Dairy,112,for_profit,72,FALSE,3,0,0,0,0,21,TRUE,0,3,10,14,0,0,1,0,140,126
27347,29837,Dairy,128,for_profit,65,FALSE,2,10508,3,6024.904914952487,880,15,FALSE,0.002,1,13,12,0,1,0,1,122,162
27348,29098,Forest,64,for_profit,75,FALSE,2,0,0,0,0,21,TRUE,0,1,11,10,0,0,0,0,28,263
27349,29196,Dairy,48,for_profit,69,FALSE,1,0,0,0,0,21,TRUE,0,1,12,9,0,0,0,1,110,44
27350,30167,Dairy,48,pro_environmental,52,FALSE,4,498104,3,498104,41724,10,FALSE,0.57,1,9,10,0,0,0,0,53,271
27351,29179,Forest,96,for_profit,79,FALSE,1,800,3,800,54,0,FALSE,0,3,11,10,0,0,0,1,108,81
27352,29755,Forest,64,for_profit,59,FALSE,4,250828,3,250828,16860,5,FALSE,0.567,1,10,13,0,0,0,0,98,162
27353,30120,Forest,32,for_profit,56,FALSE,2,291239,3,291239,19576,5,FALSE,0.638,2,11,17,0,0,0,0,104,158
27354,29132,Dairy,240,pro_environmental,55,FALSE,5,2403313,3,2403313,161540,5,FALSE,0.674,3,10,9,0,0,1,0,104,66
27355,29824,Forest,64,pro_environmental,56,FALSE,3,0,0,0,0,21,TRUE,0,1,7,13,0,0,0,0,59,236
27356,29157,SNB,80,for_profit,52,FALSE,3,313533,3,179768.41574988564,21074,15,FALSE,0.423,1,9,12,0,0,0,0,22,260
27357,29750,Dairy,64,for_profit,57,FALSE,2,729447,3,729447,49030,5,FALSE,0.57,2,16,12,0,1,0,2,52,148
27358,30406,Forest,256,for_profit,66,FALSE,5,845175,3,845175,56809,5,FALSE,0.662,2,10,16,0,0,0,0,86,286
27359,28889,Dairy,48,for_profit,72,TRUE,2,192,3,192,13,0,FALSE,0,1,10,14,1,0,1,1,98,143
27360,30368,Dairy,96,for_profit,42,FALSE,3,1172437,3,672232.7220947992,98211,15,FALSE,0.349,2,9,14,0,0,0,0,81,173
27361,30494,Dairy,192,for_profit,57,TRUE,3,619,3,619,73,10,FALSE,0,5,12,13,3,0,3,0,92,77
27362,30319,Dairy,96,for_profit,64,FALSE,2,1042494,3,836514.6516518802,70072,10,FALSE,0.554,2,10,12,1,0,0,0,132,22
27363,29645,Dairy,80,for_profit,81,FALSE,2,320,3,256.7733613129684,22,10,FALSE,0,1,8,14,0,0,1,0,144,215
27364,30199,SNB,64,for_profit,64,FALSE,1,128,3,128,9,0,FALSE,0.232,3,13,10,2,0,1,0,149,235
27365,29836,Dairy,80,for_profit,63,FALSE,2,956909,3,767839.8137519727,64319,10,FALSE,0.527,1,16,11,0,0,0,1,67,270
27366,30061,Forest,48,for_profit,54,FALSE,3,222169,3,127383.62200704978,14933,15,FALSE,0.384,1,17,11,0,0,0,0,138,212
27367,29401,Dairy,128,for_profit,55,FALSE,2,480,3,480,32,0,FALSE,0.227,5,8,11,2,0,1,0,123,171
27368,29979,Forest,64,for_profit,56,FALSE,4,136220,3,78103.59226444879,9156,15,FALSE,0.177,1,13,17,0,0,0,0,115,97
27369,30089,Dairy,160,pro_environmental,54,FALSE,2,1934361,3,1109092.2246090986,130019,15,FALSE,0.384,2,13,14,0,2,0,0,15,290
27370,29382,Forest,224,pro_environmental,52,FALSE,4,993917,3,797535.6529878175,66807,10,FALSE,0.515,1,13,13,0,0,0,0,83,168
27371,28745,SNB,160,for_profit,80,FALSE,1,3328,3,3328,224,5,FALSE,0.007,4,8,12,0,0,3,3,53,164
27372,29272,Forest,304,for_profit,60,FALSE,4,1367499,3,1367499,91917,5,FALSE,0.666,2,14,12,0,0,0,0,179,22
27373,28882,Forest,320,for_profit,45,FALSE,4,1157504,3,1157504,77802,5,FALSE,0.689,2,8,14,0,0,0,0,144,71
27374,29054,Crop,32,for_profit,59,FALSE,4,283693,3,227640.01622174983,19069,10,FALSE,0.498,2,11,11,0,0,0,0,135,128
27375,30476,Forest,128,pro_environmental,76,FALSE,2,0,0,0,0,21,TRUE,0,1,11,15,0,0,0,0,100,161
27376,29642,Crop,80,for_profit,59,FALSE,2,0,0,0,0,21,TRUE,0,2,15,11,0,0,0,1,90,218
27377,29106,Dairy,144,for_profit,74,FALSE,2,384,3,384,26,0,FALSE,0.207,3,16,9,2,0,2,0,133,23
27378,30555,Crop,128,for_profit,70,FALSE,4,498658,3,285912.35583178315,33518,15,FALSE,0.103,1,9,11,0,0,0,0,82,199
27379,30168,Dairy,80,for_profit,66,FALSE,3,2952,3,2368.7342581121334,247,10,FALSE,0.002,2,16,13,0,1,1,1,11,306
27380,30203,SNB,112,for_profit,72,FALSE,2,48790,3,48790,10654,20,FALSE,0.179,2,9,9,1,0,0,0,109,240
27381,30197,Dairy,160,for_profit,55,TRUE,3,5120,3,5120,344,0,FALSE,0.164,3,10,15,0,1,1,0,91,223
27382,29826,Crop,48,pro_environmental,43,FALSE,2,770725,3,770725,51805,5,FALSE,0.725,2,13,9,2,0,0,1,115,127
27383,29706,Dairy,128,for_profit,75,FALSE,1,1373824,3,422901.85033105203,92343,20,FALSE,0.181,1,10,9,0,0,0,0,82,242
27384,29523,Forest,80,for_profit,55,FALSE,1,952744,3,293281.52695818956,64039,20,FALSE,0.539,2,15,9,0,0,0,0,113,81
27385,28790,Dairy,176,for_profit,45,FALSE,1,2079234,3,640046.9826347732,139757,20,FALSE,0.2,1,9,16,0,0,1,0,93,136
27386,30243,Forest,208,for_profit,45,FALSE,5,1000998,3,1000998,67283,5,FALSE,0.696,1,16,15,0,0,0,0,113,146
27387,28802,Dairy,32,for_profit,80,FALSE,1,1877,3,1076.2035140241549,220,15,FALSE,0.002,1,8,11,1,0,0,1,53,111
27388,30339,Dairy,128,for_profit,72,FALSE,2,0,0,0,0,21,TRUE,0,1,13,13,0,0,0,0,133,98
27389,30270,Forest,96,for_profit,45,FALSE,3,132038,3,132038,11060,10,FALSE,0.589,2,10,9,0,0,0,0,103,249
27390,29462,SNB,800,for_profit,71,FALSE,2,18081,3,14508.497330936818,1515,10,FALSE,0.005,4,8,9,3,0,0,1,92,164
27391,30286,Forest,80,for_profit,59,FALSE,2,0,0,0,0,21,TRUE,0,2,8,8,0,0,1,0,132,115
27392,29230,Forest,48,for_profit,53,FALSE,5,227878,3,227878,15317,5,FALSE,0.696,1,14,13,0,0,0,0,90,232
27393,29095,Dairy,96,for_profit,61,FALSE,3,993447,3,797158.5171133891,66775,10,FALSE,0.601,3,9,10,0,0,1,2,123,74
27394,29547,Forest,320,pro_environmental,69,FALSE,2,933638,3,535314.0630934917,62755,15,FALSE,0.342,4,12,9,0,0,0,0,101,272
27395,30509,Forest,96,pro_environmental,49,FALSE,5,643851,3,643851,43277,5,FALSE,0.643,2,15,12,0,0,0,0,91,180
27396,30589,Forest,272,pro_environmental,59,FALSE,2,189698,3,58394.40510873293,22238,20,FALSE,0.045,2,9,14,0,0,0,0,109,196
27397,30512,Dairy,240,pro_environmental,67,FALSE,1,3208910,3,987793.1791450842,215689,20,FALSE,0.211,2,12,14,0,0,0,0,46,139
27398,30234,Forest,112,for_profit,55,FALSE,2,620732,3,498085.7566078797,41723,10,FALSE,0.626,2,9,10,0,0,0,0,139,202
27399,29024,Forest,96,for_profit,28,FALSE,2,325540,3,325540,21881,5,FALSE,0.638,1,12,11,0,0,0,0,54,124
27400,29278,Forest,112,for_profit,32,FALSE,3,559766,3,449165.6167772346,37625,10,FALSE,0.58,1,12,11,0,0,0,0,80,148
27401,29597,Dairy,112,for_profit,71,FALSE,2,2030,3,2030,238,10,FALSE,0,2,10,12,2,0,1,0,113,83
27402,29735,Forest,112,pro_environmental,81,FALSE,2,486348,3,149711.65819261165,32690,20,FALSE,0.193,1,10,18,0,0,0,0,66,200
27403,29625,Dairy,192,for_profit,37,FALSE,4,1674056,3,1674056,112523,5,FALSE,0.655,3,12,9,0,1,0,0,103,197
27404,29761,Dairy,176,for_profit,62,FALSE,3,1819901,3,1460319.0532088515,122326,10,FALSE,0.482,3,11,13,0,0,2,0,124,47
27405,29965,Forest,80,for_profit,49,FALSE,3,363165,3,111792.44974281751,24410,20,FALSE,0.205,1,15,12,0,0,0,0,60,165
27406,28823,Dairy,128,for_profit,63,FALSE,4,1706625,3,1706625,114712,5,FALSE,0.711,3,6,13,0,1,0,0,72,108
27407,29116,Forest,48,for_profit,54,FALSE,2,677943,3,677943,45568,5,FALSE,0.701,2,10,13,0,0,0,1,87,150
27408,29159,Dairy,64,for_profit,53,TRUE,3,837923,3,480434.56424169516,56322,15,FALSE,0.37,2,12,13,1,1,0,0,82,185
27409,29185,Forest,208,for_profit,64,TRUE,3,1706738,3,1706738,142968,10,FALSE,1.67,1,12,16,0,0,0,0,81,221
27410,29323,Dairy,80,for_profit,74,FALSE,3,0,0,0,0,21,TRUE,0,2,11,12,0,0,0,0,111,132
27411,30030,Dairy,112,pro_environmental,52,FALSE,2,1319039,3,1319039,88660,5,FALSE,0.687,3,13,9,0,0,0,3,144,231
27412,29746,Forest,112,for_profit,55,FALSE,4,544812,3,437166.27663637797,36620,10,FALSE,0.565,1,10,12,0,0,0,0,87,200
27413,28765,Dairy,656,for_profit,47,TRUE,1,14510,3,14510,1701,10,FALSE,0.001,3,9,11,1,3,2,2,51,252
27414,28897,Forest,80,for_profit,63,FALSE,4,336886,3,103703.03091999178,22644,20,FALSE,0.188,1,14,11,0,0,0,0,56,238
27415,29740,Forest,64,for_profit,55,FALSE,2,427836,3,343302.77440842235,28757,10,FALSE,0.479,2,12,15,1,1,0,1,133,127
27416,29950,Dairy,80,for_profit,70,TRUE,2,0,0,0,0,21,TRUE,0,2,15,16,2,0,0,0,147,213
27417,28796,Forest,96,for_profit,48,FALSE,1,139500,3,42942.04215473143,9377,20,FALSE,0.084,1,12,10,0,0,0,0,58,114
27418,29240,SNB,208,for_profit,44,FALSE,2,211413,3,211413,17709,10,FALSE,0.502,1,18,9,0,0,0,1,65,119
27419,29343,Dairy,96,for_profit,74,FALSE,2,0,0,0,0,21,TRUE,0,1,12,12,0,0,0,0,119,142
27420,29627,Forest,128,for_profit,81,FALSE,4,0,0,0,0,21,TRUE,0,4,8,11,0,0,0,0,14,292
27421,30496,Dairy,304,for_profit,77,FALSE,1,17792,3,10201.285520254534,1490,15,FALSE,0.002,5,15,8,1,4,0,4,80,131
27422,29149,Forest,224,pro_environmental,59,FALSE,4,2749544,3,2749544,184813,5,FALSE,0.624,1,9,12,0,0,0,0,64,202
27423,30141,Forest,96,pro_environmental,38,FALSE,5,365328,3,365328,24556,5,FALSE,0.578,2,12,10,0,0,0,0,127,111
27424,28810,Forest,160,for_profit,54,FALSE,3,1696098,3,1696098,114004,5,FALSE,0.611,2,16,11,0,0,1,0,70,122
27425,29731,Forest,128,for_profit,64,FALSE,4,587837,3,337044.35006575234,39512,15,FALSE,0.386,1,14,12,0,0,0,0,75,243
27426,30501,Dairy,96,pro_environmental,62,FALSE,4,1109015,3,635868.8546113468,74543,15,FALSE,0.388,2,14,12,1,0,1,0,96,88
27427,29169,SNB,112,for_profit,56,FALSE,3,199852,3,199852,13433,5,FALSE,0.624,3,16,9,0,0,3,2,40,259
27428,29816,Dairy,176,for_profit,42,FALSE,3,2603645,3,2603645,175006,5,FALSE,0.736,2,15,11,0,0,1,0,86,160
27429,29568,Forest,96,pro_environmental,43,FALSE,2,1185445,3,1185445,79681,5,FALSE,0.638,2,15,11,1,0,0,1,128,80
27430,30048,SNB,128,for_profit,64,FALSE,2,217012,3,124426.78582067655,14587,15,FALSE,0.303,1,15,8,0,0,0,0,68,186
27431,29919,Forest,96,for_profit,51,FALSE,5,422193,3,422193,28378,5,FALSE,0.644,1,11,13,0,0,0,0,79,271
27432,28762,Forest,240,pro_environmental,46,FALSE,2,876985,3,876985,58947,5,FALSE,0.736,4,11,9,0,0,0,0,129,153
27433,30528,Forest,96,pro_environmental,58,FALSE,4,635529,3,195633.7857244037,42718,20,FALSE,0.216,2,9,15,0,0,0,0,97,170
27434,29362,Dairy,96,for_profit,66,FALSE,2,1388857,3,1388857,93353,5,FALSE,0.694,2,19,10,1,0,1,0,122,148
27435,30379,Forest,64,pro_environmental,56,FALSE,4,460102,3,460102,30926,5,FALSE,0.496,2,15,12,1,0,0,0,125,146
27436,30345,Forest,304,for_profit,66,FALSE,1,128,3,102.70934452518736,9,10,FALSE,0,3,13,12,0,0,1,0,56,118
27437,30200,Forest,64,for_profit,54,FALSE,4,271124,3,217554.44003942888,18224,10,FALSE,0.498,1,14,11,0,0,0,0,85,230
27438,30138,Dairy,48,for_profit,59,FALSE,3,521679,3,521679,35065,5,FALSE,0.597,1,12,17,0,0,0,0,97,201
27439,28764,Forest,96,for_profit,55,FALSE,2,700944,3,700944,82172,15,FALSE,0.83,2,13,13,1,0,0,1,62,196
27440,30370,Forest,96,pro_environmental,68,FALSE,2,125580,3,72003.00335170663,10519,15,FALSE,0.299,2,6,9,0,0,0,0,152,89
27441,29865,Forest,64,pro_environmental,62,TRUE,1,0,0,0,0,21,TRUE,0,1,13,10,0,0,0,0,132,129
27442,30421,Forest,80,for_profit,67,FALSE,2,0,0,0,0,21,TRUE,0,1,16,15,0,0,0,0,50,236
27443,28832,Dairy,80,for_profit,68,FALSE,2,936043,3,288140.48720172956,62917,20,FALSE,0.183,1,11,16,1,0,1,1,110,157
27444,29161,SNB,112,for_profit,52,FALSE,2,477807,3,273957.15099911526,32116,15,FALSE,0.358,1,14,12,0,0,0,0,31,266
27445,29514,Dairy,64,for_profit,67,FALSE,2,765396,3,614166.5739234398,51447,10,FALSE,0.527,1,9,11,1,0,0,0,67,245
27446,29407,Forest,128,for_profit,49,FALSE,1,0,0,0,0,21,TRUE,0,3,15,7,0,1,0,1,97,187
27447,29284,Forest,96,for_profit,53,FALSE,5,319373,3,319373,21467,5,FALSE,0.626,1,12,15,0,0,0,0,26,252
27448,30334,Forest,64,for_profit,56,FALSE,4,757506,3,757506,50916,5,FALSE,0.694,2,16,17,0,0,0,0,128,50
27449,30466,Forest,160,for_profit,39,FALSE,4,677385,3,677385,45531,5,FALSE,0.62,1,12,16,0,0,0,0,75,250
27450,28963,Forest,112,for_profit,48,FALSE,4,568848,3,568848,38236,5,FALSE,0.744,1,14,12,0,0,0,0,77,259
27451,29565,Forest,128,pro_environmental,58,FALSE,2,1174699,3,361605.5482230886,137711,20,FALSE,0.219,2,10,13,1,1,1,0,104,143
27452,30506,Dairy,80,for_profit,60,FALSE,2,835320,3,835320,56147,5,FALSE,0.656,3,14,11,0,1,1,2,138,107
27453,29056,Dairy,96,for_profit,81,FALSE,2,0,0,0,0,21,TRUE,0,1,12,14,1,0,0,0,76,185
27454,30031,Forest,80,for_profit,61,FALSE,3,133675,3,133675,8985,5,FALSE,0.563,3,13,8,1,0,1,0,95,90
27455,29580,Dairy,128,for_profit,69,FALSE,1,1702,3,1702,372,15,FALSE,0.001,3,10,10,3,1,0,0,118,171
27456,30373,Forest,80,for_profit,63,FALSE,1,0,0,0,0,21,TRUE,0,1,9,9,0,0,0,0,73,281
27457,29887,SNB,96,for_profit,54,FALSE,2,147725,3,147725,12374,10,FALSE,0.564,2,11,13,1,0,0,1,131,60
27458,30428,Forest,80,for_profit,47,FALSE,1,377840,3,303185.14637028746,25397,10,FALSE,0.514,2,8,16,0,0,0,0,13,328
27459,29035,Dairy,112,for_profit,66,FALSE,1,1268824,3,727497.5212989793,85285,15,FALSE,0.381,3,10,10,3,2,2,0,116,174
27460,29203,SNB,80,for_profit,80,FALSE,2,166756,3,95611.82375312304,11209,15,FALSE,0.404,1,11,17,0,0,0,0,70,266
27461,30436,Forest,64,pro_environmental,74,FALSE,3,0,0,0,0,21,TRUE,0,2,10,9,0,0,0,0,126,104
27462,29210,Dairy,64,for_profit,58,FALSE,2,806146,3,806146,54186,5,FALSE,0.691,1,13,14,0,0,1,0,79,275
27463,28976,Forest,64,for_profit,39,FALSE,5,705073,3,705073,47392,5,FALSE,0.627,2,11,11,0,0,0,0,46,226
27464,29823,Dairy,144,for_profit,56,FALSE,4,1283150,3,1283150,86248,5,FALSE,0.645,4,16,7,1,1,1,0,126,66
27465,29259,Dairy,144,pro_environmental,63,FALSE,2,2118,3,2118,177,5,FALSE,0.001,2,13,8,0,0,1,1,115,57
27466,28744,Dairy,288,for_profit,61,FALSE,3,2984241,3,2984241,200588,5,FALSE,0.589,6,11,9,2,0,4,0,90,125
27467,29338,Dairy,128,for_profit,74,FALSE,4,480,3,480,32,0,FALSE,0,2,11,10,2,1,0,0,75,152
27468,28906,SNB,304,for_profit,62,FALSE,3,466758,3,466758,31373,5,FALSE,0.572,3,10,12,0,0,0,2,149,55
27469,30565,Dairy,64,for_profit,66,FALSE,2,0,0,0,0,21,TRUE,0,1,11,13,0,0,1,0,107,159
27470,30217,Dairy,112,for_profit,70,FALSE,3,996575,3,306773.94738603215,66985,20,FALSE,0.191,3,16,18,0,2,1,0,80,143
27471,28979,Dairy,144,for_profit,69,FALSE,2,1129196,3,647439.9058188703,75900,15,FALSE,0.364,3,12,15,0,0,0,1,65,124
27472,28997,Dairy,160,for_profit,65,FALSE,4,1815333,3,1815333,122019,5,FALSE,0.608,2,13,13,0,0,0,0,51,263
27473,28956,Dairy,144,for_profit,62,FALSE,2,1130042,3,647924.9714410676,75957,15,FALSE,0.311,2,11,14,0,0,0,0,75,134
27474,29932,Dairy,80,pro_environmental,53,FALSE,3,962614,3,962614,64703,5,FALSE,0.704,2,12,11,0,0,1,1,91,148
27475,30437,Dairy,80,for_profit,56,FALSE,4,871994,3,699702.5950773143,58612,10,FALSE,0.538,3,11,15,2,0,2,0,70,138
27476,29455,Forest,64,for_profit,74,FALSE,3,800370,3,458903.04023415706,53797,15,FALSE,0.394,1,18,10,0,0,0,0,71,274
27477,29876,Dairy,112,pro_environmental,66,FALSE,3,2880,3,2880,194,0,FALSE,0.196,3,8,12,2,1,2,1,43,145
27478,29614,Forest,144,for_profit,55,FALSE,3,1062087,3,1062087,71389,5,FALSE,0.664,3,11,12,0,0,1,0,136,99
27479,29051,Forest,176,pro_environmental,59,TRUE,3,0,0,0,0,21,TRUE,0,1,9,10,0,0,0,0,66,282
27480,29534,Forest,112,for_profit,45,FALSE,4,550234,3,550234,36984,0,FALSE,1.639,1,11,10,0,0,0,0,71,246
27481,29844,Forest,240,for_profit,65,FALSE,2,712954,3,219467.38869092756,47922,20,FALSE,0.225,4,9,10,0,0,0,1,175,38
27482,29380,Dairy,112,for_profit,42,FALSE,4,1194728,3,958669.7637960004,80304,10,FALSE,0.421,4,13,16,0,2,1,3,93,148
27483,29124,Forest,208,for_profit,46,FALSE,3,1669141,3,1339346.7033602793,112192,10,FALSE,0.531,2,8,15,0,0,0,0,51,157
27484,29435,Forest,224,for_profit,42,FALSE,3,1541817,3,1541817,180748,15,FALSE,0.996,1,9,12,0,0,0,0,62,211
27485,29875,SNB,192,for_profit,65,FALSE,3,345542,3,198121.2118502581,23226,15,FALSE,0.244,5,9,10,1,0,3,0,97,263
27486,28850,Forest,80,for_profit,61,FALSE,3,406163,3,406163,27301,5,FALSE,0.628,2,10,11,0,0,0,0,105,86
27487,29752,SNB,368,pro_environmental,56,FALSE,4,881921,3,881921,59279,5,FALSE,0.722,3,12,11,0,0,1,1,40,255
27488,30163,Dairy,112,for_profit,57,FALSE,3,1445662,3,1160023.409570089,97171,10,FALSE,0.514,4,12,12,3,4,0,2,87,176
27489,29115,Dairy,96,for_profit,63,TRUE,3,681858,3,390952.57094591483,45832,15,FALSE,0.374,4,15,14,1,1,1,0,135,61
27490,29722,Dairy,272,for_profit,64,TRUE,3,8574,3,8574,718,5,FALSE,0.001,5,12,10,3,0,1,3,101,113
27491,30473,Forest,96,for_profit,34,FALSE,4,430164,3,430164,28914,5,FALSE,0.657,1,11,10,0,0,0,0,93,249
27492,29668,Forest,80,for_profit,58,FALSE,1,128,3,128,9,5,FALSE,0,3,14,13,0,0,1,0,122,76
27493,28733,SNB,128,for_profit,40,FALSE,2,381306,3,381306,25630,5,FALSE,0.681,2,17,14,1,0,0,0,79,228
27494,29357,Dairy,144,for_profit,64,FALSE,4,1691030,3,969575.0816836796,113664,15,FALSE,0.409,3,17,12,0,1,0,1,79,141
27495,29637,Forest,96,for_profit,49,FALSE,2,267566,3,214699.44122833034,17985,10,FALSE,0.46,2,10,10,0,0,0,0,27,247
27496,29361,Forest,48,pro_environmental,74,FALSE,2,1185,3,1185,99,5,FALSE,0.001,2,14,12,1,0,0,1,118,165
27497,29470,Dairy,96,for_profit,49,FALSE,4,1357993,3,1357993,91278,5,FALSE,0.69,2,13,11,0,0,0,0,90,152
27498,29143,Dairy,176,for_profit,60,FALSE,3,2388235,3,1916359.7767352408,160527,10,FALSE,0.554,1,9,11,1,1,1,0,100,133
27499,29848,SNB,144,for_profit,72,FALSE,3,217699,3,124820.68662735455,18236,15,FALSE,0.243,2,17,12,0,0,1,0,65,129
27500,30266,Dairy,96,for_profit,60,FALSE,2,1109003,3,889882.5875505185,74542,10,FALSE,0.493,4,11,14,1,3,1,4,47,112
27501,29790,Forest,64,for_profit,46,FALSE,3,286472,3,286472,19255,0,FALSE,1.415,1,8,10,0,0,0,0,83,133
27502,30552,Dairy,80,pro_environmental,62,FALSE,1,641,3,514.3491393800398,54,10,FALSE,0,2,13,12,1,0,2,0,56,151
27503,29443,Dairy,224,for_profit,68,FALSE,1,2943180,3,1687512.337989138,197828,15,FALSE,0.385,2,12,12,2,2,0,0,44,259
27504,30317,Dairy,64,for_profit,62,FALSE,2,665594,3,665594,44738,5,FALSE,0.66,3,11,10,2,0,1,1,116,171
27505,30545,Dairy,80,pro_environmental,45,FALSE,1,3200,3,3200,215,0,FALSE,0.205,1,11,15,1,1,0,0,107,140
27506,30115,Forest,288,for_profit,61,FALSE,3,1050354,3,1050354,70600,5,FALSE,0.695,3,10,13,0,0,0,0,146,19
27507,30177,Dairy,192,for_profit,52,FALSE,3,1834231,3,1834231,123289,5,FALSE,0.541,4,10,10,4,0,1,2,121,34
27508,28910,Forest,416,for_profit,46,FALSE,3,1631367,3,1631367,109653,5,FALSE,0.586,8,10,15,0,0,0,0,141,33
27509,29007,Forest,80,for_profit,46,FALSE,2,888878,3,888878,59747,5,FALSE,0.591,2,12,16,0,0,0,0,59,249
27510,29813,Dairy,128,for_profit,60,FALSE,3,5120,3,5120,344,0,FALSE,0,1,11,12,0,1,0,0,65,278
27511,30071,Dairy,96,for_profit,79,TRUE,1,192,3,154.06401678778104,13,10,FALSE,0,2,12,13,1,0,1,1,86,223
27512,29306,Forest,128,for_profit,48,TRUE,4,0,0,0,0,21,TRUE,0,2,13,11,0,0,0,0,56,163
27513,29218,Forest,80,for_profit,69,FALSE,2,467730,3,143980.51166331567,54832,20,FALSE,0.16,2,7,11,1,0,0,0,69,105
27514,29955,Dairy,32,for_profit,75,FALSE,2,1280,3,733.905433111837,86,15,FALSE,0.001,1,11,13,1,1,0,0,103,255
27515,30380,Dairy,176,for_profit,57,FALSE,3,1403545,3,804741.6414976198,94340,15,FALSE,0.373,3,12,10,0,1,0,0,89,117
27516,29533,Dairy,144,pro_environmental,44,FALSE,3,1606163,3,1606163,107959,5,FALSE,0.567,1,8,13,0,0,0,0,138,86
27517,29608,Forest,64,for_profit,45,FALSE,3,238244,3,191170.97716452138,16014,10,FALSE,0.525,2,16,15,0,0,0,0,87,110
27518,29486,Dairy,96,for_profit,59,FALSE,2,1187489,3,365542.6716579203,79818,20,FALSE,0.267,4,14,10,2,1,0,0,122,89
27519,29644,Dairy,64,for_profit,47,FALSE,1,931751,3,747652.6130522488,62628,10,FALSE,0.689,2,12,13,0,1,1,1,70,159
27520,30353,Forest,160,for_profit,56,FALSE,3,1203187,3,689863.6533980718,80873,15,FALSE,0.433,2,9,12,1,0,0,0,85,177
27521,29853,Forest,144,for_profit,46,FALSE,3,554812,3,554812,37292,5,FALSE,0.565,1,10,9,0,0,0,0,59,262
27522,29804,Forest,64,pro_environmental,45,FALSE,4,249661,3,143146.53463760496,16781,15,FALSE,0.328,1,12,15,0,0,0,0,80,257
27523,30245,Dairy,176,for_profit,54,FALSE,4,2053766,3,1177554.7076096602,138045,15,FALSE,0.378,3,15,10,0,0,0,0,127,222
27524,29902,Forest,48,for_profit,64,FALSE,2,0,0,0,0,21,TRUE,0,1,7,10,0,0,0,0,55,183
27525,29612,Forest,112,for_profit,67,FALSE,4,518652,3,297376.1880424379,34862,15,FALSE,0.389,1,12,9,0,0,0,0,25,277
27526,28881,Dairy,160,for_profit,58,FALSE,2,1352428,3,1352428,90904,5,FALSE,0.658,3,8,9,0,2,0,2,107,249
27527,29059,Dairy,192,for_profit,62,FALSE,3,1572810,3,901792.0345723659,105718,15,FALSE,0.366,3,10,12,0,0,0,1,118,228
27528,30045,Forest,112,for_profit,38,FALSE,1,410092,3,235131.83349664023,27565,15,FALSE,0.395,1,8,14,0,0,0,0,82,102
27529,29758,Crop,32,for_profit,65,FALSE,2,438786,3,352089.2378658505,29493,10,FALSE,0.517,2,9,11,0,1,0,0,84,174
27530,28969,Dairy,80,pro_environmental,49,FALSE,2,801956,3,643502.9304534466,53904,10,FALSE,0.514,2,12,10,0,0,0,0,120,42
27531,29563,SNB,240,for_profit,71,FALSE,2,77388,3,77388,16898,20,FALSE,0.095,5,13,15,4,0,1,0,126,108
27532,30107,Dairy,80,pro_environmental,56,FALSE,2,1042851,3,836801.1144330951,70096,10,FALSE,0.562,2,10,12,1,0,1,2,132,84
27533,30442,Forest,224,for_profit,79,FALSE,1,0,0,0,0,21,TRUE,0,2,12,9,0,0,0,0,91,225
27534,29249,SNB,176,for_profit,67,FALSE,1,2262916,3,1297473.7086528952,152104,15,FALSE,0.439,1,10,7,0,0,0,1,38,230
27535,30075,Dairy,112,for_profit,63,TRUE,2,0,0,0,0,21,TRUE,0,3,10,13,2,2,0,2,115,88
27536,29194,Forest,48,for_profit,74,FALSE,2,90555,3,27875.388009474587,6087,20,FALSE,0.085,1,11,7,0,0,0,0,77,257
27537,29856,Forest,128,for_profit,58,FALSE,2,435252,3,435252,29256,0,FALSE,1.054,1,12,12,0,0,0,0,123,231
27538,30439,Forest,64,for_profit,63,FALSE,1,0,0,0,0,21,TRUE,0,3,11,12,2,2,2,1,58,185
27539,29890,Dairy,128,for_profit,56,FALSE,3,1827006,3,1466020.2242467536,122804,10,FALSE,0.517,1,15,13,0,0,0,0,127,123
27540,29571,Forest,80,for_profit,64,FALSE,3,172225,3,172225,37606,20,FALSE,0.235,2,11,14,0,1,0,1,58,239
27541,29015,Dairy,160,for_profit,63,FALSE,2,2080,3,2080,140,0,FALSE,0,6,14,11,1,0,0,4,127,50
27542,29168,Forest,192,for_profit,49,FALSE,3,1314244,3,1314244,88338,5,FALSE,0.722,2,11,15,0,0,1,1,51,122
27543,30440,Dairy,80,for_profit,61,FALSE,2,941709,3,289884.64211820776,63298,20,FALSE,0.207,3,13,13,1,0,2,1,134,83
27544,29165,Dairy,192,for_profit,51,FALSE,3,2446630,3,1963216.9030910872,164452,10,FALSE,0.598,4,13,9,2,0,0,1,126,81
27545,30195,SNB,160,for_profit,56,FALSE,3,398864,3,398864,26810,5,FALSE,0.609,2,11,11,0,0,1,1,20,281
27546,28760,Forest,160,for_profit,62,FALSE,3,558282,3,447974.8303141457,37525,10,FALSE,0.527,1,19,13,0,0,0,0,53,215
27547,28849,Dairy,256,for_profit,59,FALSE,1,2400,3,2400,281,10,FALSE,0.001,6,10,15,2,3,5,2,101,92
27548,29099,Forest,336,for_profit,40,FALSE,3,981878,3,981878,65998,5,FALSE,0.564,2,9,16,1,0,0,0,33,241
27549,29528,SNB,48,for_profit,53,FALSE,4,143298,3,114984.71602945546,9632,10,FALSE,0.56,1,12,10,0,0,0,0,114,114
27550,28957,Forest,128,for_profit,62,FALSE,2,541155,3,541155,36374,5,FALSE,0.612,1,11,11,0,0,0,0,47,229
27551,28807,Dairy,80,for_profit,65,FALSE,1,0,0,0,0,21,TRUE,0,3,9,13,0,0,0,0,71,173
27552,30124,Forest,64,for_profit,76,FALSE,3,329554,3,188954.2742997956,22151,15,FALSE,0.303,2,15,11,0,0,0,0,146,214
27553,30242,SNB,128,for_profit,84,TRUE,1,0,0,0,0,21,TRUE,0,1,9,15,0,0,0,1,42,137
27554,30505,Forest,32,pro_environmental,84,FALSE,1,0,0,0,0,21,TRUE,0,1,14,11,0,0,0,0,100,248
27555,30268,Forest,48,for_profit,61,FALSE,3,307244,3,307244,20652,5,FALSE,0.607,2,11,12,0,1,0,0,120,67
27556,29809,Dairy,128,for_profit,52,FALSE,2,1650593,3,1324463.4774051765,110946,10,FALSE,0.526,1,12,10,0,0,0,1,57,246
27557,30153,Dairy,112,for_profit,43,FALSE,2,1373287,3,1373287,92306,5,FALSE,0.658,3,13,10,3,1,0,0,87,235
27558,29061,Forest,112,for_profit,64,FALSE,4,472023,3,270640.81582324114,31727,15,FALSE,0.359,1,10,8,0,0,0,0,115,46
27559,29075,Dairy,448,for_profit,78,FALSE,3,14649,3,14649,1717,10,FALSE,0,7,11,10,6,3,3,1,101,76
27560,29405,Forest,64,for_profit,54,FALSE,2,246101,3,141105.36015176267,16542,15,FALSE,0.319,1,15,12,0,0,0,0,74,142
27561,28863,Dairy,64,pro_environmental,72,FALSE,2,1280,3,1280,86,5,FALSE,0.001,2,11,12,1,2,1,2,73,165
27562,29448,Forest,96,for_profit,66,FALSE,5,485235,3,389360.69367718196,32615,10,FALSE,0.594,1,11,10,0,0,0,0,99,200
27563,28978,Forest,160,pro_environmental,46,FALSE,3,1128343,3,905401.327574871,75842,10,FALSE,0.569,2,13,10,0,0,0,0,121,121
27564,29110,Forest,32,for_profit,49,FALSE,2,62945,3,36090.373036894205,4231,15,FALSE,0.165,1,8,15,0,0,0,0,79,230
27565,29286,Dairy,80,for_profit,76,FALSE,3,0,0,0,0,21,TRUE,0,1,17,10,0,1,1,0,50,264
27566,30445,SNB,192,for_profit,76,FALSE,1,320,3,320,22,0,FALSE,0,3,9,12,2,0,2,1,142,200
27567,28878,SNB,160,for_profit,57,FALSE,2,219399,3,219399,18378,10,FALSE,0.502,4,9,12,1,0,2,3,15,323
27568,30499,Dairy,48,for_profit,52,TRUE,2,1920,3,591.030257613508,129,20,FALSE,0.001,1,12,12,0,1,1,1,41,272
27569,29207,Forest,64,for_profit,38,FALSE,4,281978,3,226263.87148846313,18953,10,FALSE,0.516,2,14,11,0,0,0,0,138,89
27570,29647,Forest,48,for_profit,69,TRUE,4,0,0,0,0,21,TRUE,0,1,8,8,0,0,0,0,123,169
27571,30106,Dairy,384,for_profit,61,FALSE,5,3715283,3,2981205.325434154,249725,10,FALSE,0.498,4,8,11,0,0,1,0,22,255
27572,29636,Dairy,80,for_profit,77,FALSE,2,2400,3,2400,161,5,FALSE,0.002,3,14,16,2,3,0,2,135,63
27573,30352,Dairy,176,for_profit,76,FALSE,2,0,0,0,0,21,TRUE,0,1,7,12,0,0,0,0,67,161
27574,29723,Forest,96,for_profit,64,FALSE,4,0,0,0,0,21,TRUE,0,1,14,12,0,0,0,0,90,237
27575,30186,Dairy,304,for_profit,70,TRUE,3,788,3,788,66,5,FALSE,0,5,11,11,4,1,2,0,91,74
27576,30547,Forest,64,for_profit,37,FALSE,3,289155,3,289155,19436,5,FALSE,0.654,1,13,14,0,0,0,0,59,198
27577,29296,Dairy,80,for_profit,39,FALSE,1,854783,3,685892.2003224471,57455,10,FALSE,0.49,2,13,7,0,0,0,0,116,146
27578,29131,Crop,80,for_profit,56,FALSE,4,1116490,3,895890.2817884878,75046,10,FALSE,0.531,1,13,13,1,0,0,0,61,264
27579,30070,Forest,64,pro_environmental,66,FALSE,4,329369,3,329369,22139,0,FALSE,1.004,1,8,11,0,0,0,0,98,122
27580,29353,Forest,160,for_profit,62,FALSE,4,667914,3,205602.80389774402,44894,20,FALSE,0.188,1,11,16,0,0,0,0,80,262
27581,30538,Forest,64,for_profit,47,FALSE,3,225319,3,180799.74061773976,15145,10,FALSE,0.532,1,9,8,0,0,0,0,137,200
27582,29779,Forest,64,for_profit,47,FALSE,6,303252,3,303252,20383,5,FALSE,0.685,1,15,13,0,0,0,0,103,164
27583,29602,Forest,112,for_profit,57,FALSE,4,960815,3,295766.0088379805,64582,20,FALSE,0.337,3,13,10,0,0,0,0,139,97
27584,29812,Dairy,176,for_profit,49,FALSE,2,2172885,3,2172885,146052,5,FALSE,0.679,2,12,14,1,2,2,0,85,206
27585,29899,Crop,96,for_profit,70,FALSE,2,0,0,0,0,21,TRUE,0,2,11,12,1,0,0,0,66,190
27586,28822,Dairy,64,for_profit,64,FALSE,2,920345,3,527692.3404979013,61862,15,FALSE,0.383,3,18,13,0,0,1,0,128,125
27587,29517,Forest,64,for_profit,70,FALSE,3,316286,3,97361.76878101352,21259,20,FALSE,0.22,1,11,10,0,0,0,0,86,208
27588,29978,Forest,48,for_profit,65,FALSE,4,206343,3,63518.206482679205,13869,20,FALSE,0.194,1,9,13,0,0,0,0,107,92
27589,28941,Dairy,48,for_profit,81,FALSE,1,0,0,0,0,21,TRUE,0,2,9,13,0,0,0,0,109,119
27590,30093,Dairy,80,pro_environmental,70,FALSE,4,863980,3,495374.70007809764,58073,15,FALSE,0.334,2,14,9,0,0,1,1,108,78
27591,30116,Dairy,192,for_profit,50,TRUE,2,2021149,3,1158853.3064285596,135853,15,FALSE,0.323,7,9,15,1,5,2,7,103,123
27592,29233,Dairy,80,for_profit,68,FALSE,2,1440,3,1440,97,0,FALSE,0,2,8,15,1,0,0,0,79,127
27593,29122,Dairy,80,for_profit,53,FALSE,4,909847,3,909847,61156,5,FALSE,0.624,1,11,11,0,0,0,0,42,269
27594,28980,Forest,64,for_profit,50,FALSE,4,502464,3,502464,33773,5,FALSE,0.732,2,13,11,0,0,0,0,55,151
27595,29661,Dairy,128,for_profit,54,FALSE,2,1249279,3,384563.3797922633,83971,20,FALSE,0.191,4,14,8,0,3,3,0,99,77
27596,29127,Dairy,80,for_profit,47,FALSE,3,1080699,3,1080699,72640,5,FALSE,0.719,2,11,11,2,0,0,1,111,98
27597,30288,SNB,208,for_profit,58,FALSE,4,952997,3,952997,64056,5,FALSE,0.633,3,13,13,0,0,0,2,10,285
27598,29188,Forest,112,for_profit,50,FALSE,5,494000,3,494000,33205,0,FALSE,1.67,1,9,16,0,0,0,0,65,252
27599,30056,Dairy,80,pro_environmental,55,FALSE,2,1182131,3,1182131,79458,5,FALSE,0.781,2,12,11,2,0,0,0,93,268
27600,29057,SNB,64,for_profit,65,FALSE,4,171890,3,137927.41586276918,11554,10,FALSE,0.607,2,13,12,0,0,1,0,149,229
27601,28750,Forest,128,for_profit,48,FALSE,4,568023,3,568023,38180,5,FALSE,0.642,1,15,14,0,0,0,0,62,198
27602,29549,SNB,96,pro_environmental,85,FALSE,2,0,0,0,0,21,TRUE,0,1,10,14,0,0,1,0,96,100
27603,29980,Forest,80,for_profit,70,FALSE,3,861379,3,861379,72155,10,FALSE,0.527,2,11,13,0,1,0,0,117,60
27604,30383,Forest,128,for_profit,64,FALSE,4,492504,3,282383.8761166502,33104,15,FALSE,0.319,1,12,8,0,0,0,0,93,221
27605,29330,Dairy,80,for_profit,63,FALSE,1,0,0,0,0,21,TRUE,0,3,9,11,1,0,0,1,118,57
27606,29129,Dairy,96,for_profit,46,FALSE,3,1287035,3,1287035,86509,5,FALSE,0.693,2,16,14,2,0,0,2,50,240
27607,28748,Forest,208,for_profit,43,FALSE,4,1504500,3,1504500,101126,5,FALSE,0.697,4,15,13,2,1,2,0,134,104
27608,29422,Forest,32,for_profit,66,FALSE,2,0,0,0,0,21,TRUE,0,1,16,15,0,0,0,0,85,186
27609,29214,Dairy,144,for_profit,79,FALSE,1,2583,3,2583,303,10,FALSE,0.001,4,11,12,0,3,0,0,106,108
27610,29908,Forest,80,for_profit,67,FALSE,3,490268,3,150918.34496857255,32954,20,FALSE,0.274,2,13,8,0,0,0,0,131,85
27611,29025,Forest,80,for_profit,69,FALSE,3,53964,3,53964,6326,15,FALSE,0.333,1,9,11,0,0,0,0,95,279
27612,30360,Dairy,112,pro_environmental,74,FALSE,2,1382089,3,792439.5516750827,92898,15,FALSE,0.401,3,14,9,1,1,0,1,121,125
27613,29684,Forest,128,for_profit,52,FALSE,5,553801,3,444379.20083901007,37224,10,FALSE,0.509,1,11,11,0,0,0,0,96,137
27614,30255,Forest,80,for_profit,68,FALSE,2,650624,3,522071.59822152735,43732,10,FALSE,0.592,2,12,7,0,0,0,0,104,157
27615,30465,Forest,160,for_profit,73,FALSE,3,1056197,3,325127.2838544866,123819,20,FALSE,0.299,2,11,11,0,0,0,0,103,118
27616,28867,SNB,192,for_profit,55,FALSE,2,411444,3,330149.55897516554,27655,10,FALSE,0.537,1,10,16,0,0,1,0,98,180
27617,30072,Crop,128,for_profit,56,TRUE,2,0,0,0,0,21,TRUE,0,2,12,10,2,0,0,0,109,67
27618,29105,Dairy,80,for_profit,66,FALSE,2,792802,3,792802,53289,5,FALSE,0.646,2,14,8,0,0,0,0,65,165
27619,28968,Forest,80,for_profit,48,FALSE,4,348816,3,279895.8024992012,23446,10,FALSE,0.506,1,15,13,0,0,0,0,94,182
27620,28793,Dairy,128,for_profit,50,FALSE,1,1445647,3,1160011.3733187777,97170,10,FALSE,0.498,1,15,10,0,0,0,0,57,257
27621,29774,Dairy,48,for_profit,68,FALSE,2,573021,3,328549.3946774828,48000,15,FALSE,0.426,2,12,12,1,1,1,1,111,144
27622,30164,Forest,240,for_profit,42,FALSE,4,1154835,3,1154835,77623,5,FALSE,0.739,2,18,14,0,0,0,0,132,125
27623,29694,Forest,80,for_profit,47,FALSE,3,319483,3,256358.51185109714,21474,10,FALSE,0.47,1,16,9,0,0,0,0,78,250
27624,28862,Dairy,176,for_profit,75,FALSE,1,2406,3,1930.6147103718813,202,10,FALSE,0.001,3,8,14,2,3,2,0,88,157
27625,30212,Dairy,96,for_profit,67,TRUE,2,4800,3,4800,323,0,FALSE,0,1,11,11,0,0,0,1,52,268
27626,28742,SNB,592,for_profit,63,FALSE,1,8640,3,8640,581,0,FALSE,0,3,10,14,2,0,2,0,104,233
27627,30543,Forest,48,for_profit,62,FALSE,3,257159,3,206348.69006838012,17285,10,FALSE,0.484,1,13,10,0,0,0,0,71,174
27628,30231,Dairy,160,for_profit,42,FALSE,3,1893622,3,1893622,127281,5,FALSE,0.666,3,14,12,0,1,0,0,59,119
27629,29295,Dairy,64,for_profit,63,FALSE,2,798676,3,245855.04272381566,53684,20,FALSE,0.21,2,13,8,2,1,0,0,91,132
27630,29204,Forest,80,for_profit,55,FALSE,2,284021,3,87429.68999877403,19091,20,FALSE,0.206,1,10,10,0,0,0,0,53,127
27631,30282,Crop,48,for_profit,45,FALSE,2,546785,3,313506.6267531686,36753,15,FALSE,0.403,3,10,10,0,0,0,0,76,192
27632,30378,Forest,112,for_profit,57,FALSE,3,488253,3,150298.07102633754,32818,20,FALSE,0.197,1,16,12,0,0,0,0,82,270
27633,29009,Dairy,112,for_profit,64,FALSE,2,1733,3,1733,145,5,FALSE,0.001,3,8,11,0,1,1,0,57,182
27634,29472,Forest,240,for_profit,35,FALSE,5,944736,3,758071.9946042766,63501,10,FALSE,0.514,2,13,14,0,1,0,0,23,265
27635,29096,Forest,128,pro_environmental,64,FALSE,2,1589582,3,1275507.2288205966,106845,10,FALSE,0.55,2,16,11,1,0,1,0,57,212
27636,28827,Dairy,96,pro_environmental,66,TRUE,2,5108,3,5108,428,5,FALSE,0,1,10,15,0,1,1,1,88,138
27637,28955,Forest,224,pro_environmental,49,FALSE,2,2436839,3,2436839,163794,5,FALSE,0.639,4,17,9,2,0,0,1,89,86
27638,29445,Dairy,64,for_profit,63,FALSE,2,703431,3,703431,47282,5,FALSE,0.632,3,18,14,0,0,1,3,134,109
27639,30580,Forest,256,pro_environmental,65,FALSE,2,0,0,0,0,21,TRUE,0,5,13,14,0,0,0,0,166,10
27640,29835,Forest,144,for_profit,74,FALSE,3,651711,3,200615.06261435253,43805,20,FALSE,0.202,1,9,14,0,0,0,0,81,181
27641,29367,Forest,80,for_profit,76,FALSE,4,662871,3,204050.42598673105,44555,20,FALSE,0.209,3,11,8,0,0,0,0,85,188
27642,29181,Dairy,176,for_profit,69,FALSE,1,849,3,849,185,15,FALSE,0.001,3,9,13,3,1,3,0,25,261
27643,29297,Forest,176,for_profit,47,FALSE,2,529582,3,424945.46947138885,35596,10,FALSE,0.464,3,10,13,0,0,0,0,113,236
27644,29349,Forest,160,for_profit,46,FALSE,1,1712772,3,982041.1535014276,115125,15,FALSE,0.393,1,9,10,0,0,0,0,80,219
27645,29970,Forest,144,for_profit,70,FALSE,3,645606,3,518045.0709494384,43395,10,FALSE,0.52,1,16,11,0,0,0,0,54,151
27646,29242,Forest,128,for_profit,61,FALSE,3,418679,3,418679,28142,5,FALSE,0.616,1,7,17,0,0,0,0,49,210
27647,29004,Forest,80,pro_environmental,63,FALSE,2,639070,3,196723.80559013775,42956,20,FALSE,0.189,2,12,11,0,0,0,0,115,154
27648,28837,Forest,64,for_profit,48,FALSE,3,741806,3,425324.57321481203,49861,15,FALSE,0.5,4,10,11,0,2,0,0,104,91
27649,30191,Forest,128,for_profit,65,FALSE,4,583430,3,468154.0068463286,39216,10,FALSE,0.536,1,14,13,0,0,0,0,89,229
27650,29921,Forest,240,for_profit,52,FALSE,4,2114592,3,650931.174222637,142134,20,FALSE,0.218,3,14,17,0,0,0,0,118,152
27651,30540,Forest,80,for_profit,45,FALSE,4,378510,3,303722.76559553645,25442,10,FALSE,0.549,1,11,12,0,0,0,0,71,148
27652,29216,Forest,144,for_profit,54,FALSE,2,807306,3,248511.6006004847,54264,20,FALSE,0.199,2,14,16,0,0,0,0,81,161
27653,29394,Forest,208,for_profit,65,FALSE,4,0,0,0,0,21,TRUE,0,1,12,11,0,0,0,0,36,234
27654,28913,SNB,128,for_profit,67,FALSE,3,101505,3,101505,11899,15,FALSE,0.309,3,14,14,2,0,1,0,86,115
27655,28967,Forest,80,for_profit,65,FALSE,2,633335,3,633335,42570,5,FALSE,0.609,2,15,11,1,0,0,0,63,183
27656,30239,Forest,112,pro_environmental,59,FALSE,1,1600,3,1600,108,0,FALSE,0.192,3,12,8,0,0,0,2,78,179
27657,30145,Forest,64,for_profit,67,FALSE,2,91580,3,91580,10736,15,FALSE,0.515,2,11,10,1,0,1,1,96,127
27658,28838,Forest,112,pro_environmental,60,FALSE,3,0,0,0,0,21,TRUE,0,2,10,11,0,0,0,0,138,81
27659,28754,Crop,64,for_profit,62,FALSE,3,696459,3,696459,46813,5,FALSE,0.635,3,15,13,2,0,0,2,117,73
27660,30050,SNB,48,for_profit,66,FALSE,3,0,0,0,0,21,TRUE,0,1,14,14,0,0,0,0,145,236
27661,29241,Forest,112,for_profit,48,FALSE,5,518183,3,518183,34830,0,FALSE,1.511,1,11,13,0,0,0,0,33,273
27662,29155,Dairy,160,pro_environmental,63,TRUE,4,523,3,523,61,10,FALSE,0,2,10,10,0,0,1,2,94,217
27663,30511,Forest,48,for_profit,49,FALSE,2,93957,3,93957,6315,5,FALSE,0.661,1,12,9,0,0,0,0,76,130
27664,30389,Dairy,144,for_profit,53,FALSE,4,1648753,3,1648753,110822,5,FALSE,0.597,2,12,9,1,0,0,0,94,260
27665,29577,Forest,96,for_profit,71,FALSE,2,0,0,0,0,21,TRUE,0,2,9,9,0,0,0,0,109,44
27666,28924,Forest,96,for_profit,62,FALSE,3,124501,3,71384.34400613814,8368,15,FALSE,0.14,1,10,14,0,0,0,0,152,228
27667,30184,Forest,64,for_profit,56,FALSE,3,212474,3,170492.6974112864,14282,10,FALSE,0.542,1,11,12,0,0,0,0,109,233
27668,29413,Forest,96,for_profit,72,FALSE,2,0,0,0,0,21,TRUE,0,2,7,8,0,0,0,0,75,130
27669,29332,SNB,96,for_profit,62,FALSE,1,192,3,192,13,5,FALSE,0.001,3,8,15,1,0,1,1,64,160
27670,29282,Dairy,160,for_profit,67,FALSE,3,1470853,3,843333.60000691,98864,15,FALSE,0.368,3,13,13,0,0,0,3,128,55
27671,30330,Dairy,304,for_profit,48,FALSE,2,2407076,3,1380129.8080571159,161793,15,FALSE,0.359,3,10,9,0,2,2,0,14,282
27672,30053,Dairy,128,for_profit,49,TRUE,2,5600,3,5600,376,0,FALSE,0,2,9,11,1,1,1,2,65,159
27673,29573,Forest,112,for_profit,55,FALSE,2,499972,3,153905.51039559414,33606,20,FALSE,0.199,1,11,8,0,0,0,0,87,148
27674,29898,Dairy,80,for_profit,72,TRUE,2,269,3,269,23,5,FALSE,0,2,10,12,2,1,2,0,107,51
27675,30300,SNB,80,for_profit,53,FALSE,3,1146653,3,352972.196866303,77073,20,FALSE,0.288,2,15,10,0,0,0,0,66,185
27676,30427,Forest,160,pro_environmental,51,FALSE,3,772985,3,620256.1146703277,51957,10,FALSE,0.561,1,12,14,0,0,0,0,91,198
27677,28805,Dairy,32,pro_environmental,48,FALSE,4,343384,3,343384,23081,5,FALSE,0.589,1,11,14,0,0,0,0,89,266
27678,30264,Crop,448,for_profit,77,FALSE,1,0,0,0,0,21,TRUE,0,2,10,15,1,0,0,0,46,254
27679,29649,Forest,96,for_profit,63,TRUE,3,573178,3,328639.41276576294,38527,15,FALSE,0.52,2,11,9,0,0,0,0,121,85
27680,30271,Forest,64,for_profit,49,FALSE,3,401083,3,401083,26959,5,FALSE,0.652,2,18,7,1,1,1,0,106,114
27681,29019,Forest,112,for_profit,63,FALSE,3,418247,3,335608.40015332843,28113,10,FALSE,0.539,4,13,12,2,0,0,0,119,92
27682,29023,Forest,128,pro_environmental,65,FALSE,5,820374,3,820374,55142,5,FALSE,0.638,2,13,10,0,0,0,0,132,132
27683,30413,Dairy,112,for_profit,54,FALSE,4,1295590,3,1295590,87084,5,FALSE,0.689,3,8,13,0,1,0,0,138,123
27684,30280,Forest,128,for_profit,67,FALSE,3,523545,3,300181.6562332318,35190,15,FALSE,0.441,1,19,13,0,0,0,0,128,211
27685,29107,Forest,96,for_profit,62,FALSE,3,316690,3,316690,21287,5,FALSE,0.683,3,17,13,2,0,1,1,136,78
27686,29008,Forest,48,for_profit,74,FALSE,3,274621,3,84536.10436254123,18459,20,FALSE,0.201,2,12,13,1,0,0,0,118,226
27687,29966,Forest,128,for_profit,47,FALSE,2,1336828,3,766488.5408875241,89856,15,FALSE,0.473,5,12,11,0,2,0,2,112,79
27688,29924,Dairy,96,for_profit,68,FALSE,1,0,0,0,0,21,TRUE,0,1,10,10,0,0,0,0,58,179
27689,30567,Dairy,112,for_profit,62,FALSE,1,1078655,3,618461.5351197255,72503,15,FALSE,0.376,2,9,20,1,0,0,0,95,71
27690,29944,Dairy,80,pro_environmental,68,FALSE,4,192,3,192,13,0,FALSE,0.198,2,13,16,0,1,1,0,90,183
27691,28787,Dairy,128,for_profit,72,FALSE,1,1014885,3,581898.1370966459,85013,15,FALSE,0.34,2,13,9,0,1,1,1,147,232
27692,28952,Forest,160,for_profit,59,FALSE,3,786060,3,786060,52836,5,FALSE,0.72,1,14,9,0,0,0,0,27,269
27693,29939,Forest,192,for_profit,55,FALSE,2,593362,3,182653.59151982618,39883,20,FALSE,0.187,2,15,11,0,0,0,1,103,70
27694,30441,Forest,80,for_profit,67,FALSE,2,0,0,0,0,21,TRUE,0,1,10,10,0,0,0,0,108,250
27695,28815,SNB,176,for_profit,73,FALSE,2,64,3,64,4,0,FALSE,0.109,2,9,13,2,0,1,1,37,240
27696,29138,Dairy,64,for_profit,73,FALSE,2,214382,3,214382,46811,20,FALSE,0.184,1,13,17,0,1,1,1,91,140
27697,28788,Forest,144,for_profit,78,TRUE,4,0,0,0,0,21,TRUE,0,3,14,13,0,0,0,0,50,218
27698,28901,SNB,48,for_profit,55,FALSE,3,76485,3,76485,6407,10,FALSE,0.498,1,13,13,0,0,0,0,90,129
27699,29584,SNB,256,for_profit,63,FALSE,3,717729,3,220937.268628482,48243,20,FALSE,0.208,2,10,12,1,1,1,0,61,227
27700,30221,Forest,160,pro_environmental,38,FALSE,5,1068764,3,1068764,71838,5,FALSE,0.671,2,12,8,0,0,0,0,122,114
27701,29049,Dairy,80,for_profit,44,FALSE,2,1102496,3,1102496,74105,5,FALSE,0.65,3,11,9,3,2,2,2,134,86
27702,30530,Crop,64,for_profit,57,FALSE,3,1920,3,1920,129,0,FALSE,0.222,1,12,9,1,0,0,0,45,146
27703,29800,Dairy,160,for_profit,59,FALSE,3,1871466,3,1871466,125792,5,FALSE,0.637,3,13,22,0,0,0,0,124,54
27704,29302,Forest,48,for_profit,47,FALSE,4,216776,3,216776,14571,5,FALSE,0.662,1,12,14,0,0,0,0,88,223
27705,29907,Dairy,80,for_profit,57,FALSE,2,1086455,3,622933.7713527507,73027,15,FALSE,0.396,1,10,10,0,0,1,0,111,155
27706,30369,Forest,112,for_profit,69,FALSE,1,0,0,0,0,21,TRUE,0,2,13,8,0,0,0,0,127,71
27707,29184,Dairy,48,for_profit,50,FALSE,3,656665,3,656665,44138,5,FALSE,0.705,2,9,10,1,0,1,0,101,221
27708,29488,SNB,192,for_profit,47,FALSE,2,526527,3,422494.0862876041,35391,10,FALSE,0.535,4,9,10,1,0,0,2,143,57
27709,28927,Forest,96,for_profit,68,FALSE,2,534528,3,428914.2227371824,35929,10,FALSE,0.522,2,10,9,1,0,0,0,60,209
27710,29503,Forest,128,for_profit,51,FALSE,3,564762,3,564762,37961,0,FALSE,1.521,1,11,9,0,0,0,0,74,150
27711,29922,Dairy,80,for_profit,59,FALSE,3,893769,3,893769,60075,5,FALSE,0.649,3,12,12,0,1,1,1,114,76
27712,30464,Forest,64,for_profit,63,TRUE,5,0,0,0,0,21,TRUE,0,1,10,10,0,0,0,0,62,128
27713,30323,Forest,160,for_profit,54,FALSE,3,522448,3,299552.6763425102,35117,15,FALSE,0.352,1,10,12,0,0,0,0,59,131
27714,29532,Dairy,208,for_profit,56,FALSE,2,4448,3,4448,299,0,FALSE,0.209,3,18,13,0,1,1,2,65,175
27715,30313,Forest,64,for_profit,37,FALSE,5,290985,3,290985,19559,5,FALSE,0.666,1,9,9,0,0,0,0,72,240
27716,29192,Forest,48,for_profit,53,FALSE,3,232961,3,186931.8094525951,15659,10,FALSE,0.571,1,16,10,0,0,0,0,16,311
27717,28920,Dairy,112,for_profit,74,FALSE,4,4000,3,4000,269,5,FALSE,0.002,4,12,13,0,0,0,2,126,61
27718,28841,Forest,80,for_profit,53,FALSE,4,662669,3,662669,44542,5,FALSE,0.639,2,13,12,1,0,1,0,86,220
27719,28981,SNB,176,for_profit,62,FALSE,2,2266876,3,1299744.228586585,152370,15,FALSE,0.426,3,14,14,1,0,0,2,135,105
27720,30571,Forest,160,for_profit,75,FALSE,2,1098156,3,338043.44978115597,73813,20,FALSE,0.18,2,15,15,0,0,0,0,108,164
27721,29949,Forest,192,for_profit,76,FALSE,2,0,0,0,0,21,TRUE,0,3,15,12,0,0,0,0,175,32
27722,29426,Forest,144,for_profit,65,FALSE,3,833980,3,669199.5245868418,56057,10,FALSE,0.54,2,12,13,1,0,0,1,111,138
27723,29854,Dairy,80,for_profit,63,FALSE,3,822338,3,822338,55274,5,FALSE,0.787,3,14,13,0,0,1,1,15,302
27724,30348,Forest,96,pro_environmental,42,FALSE,3,662111,3,662111,44504,5,FALSE,0.621,2,9,16,0,0,1,0,67,140
27725,29552,SNB,240,for_profit,66,FALSE,2,335010,3,268817.6367920548,22518,10,FALSE,0.517,3,10,12,0,0,1,1,40,235
27726,29900,Forest,80,for_profit,53,FALSE,2,703300,3,403246.63367777737,47273,15,FALSE,0.401,2,13,11,0,0,0,0,96,134
27727,29490,Forest,128,for_profit,57,FALSE,5,384495,3,384495,25844,5,FALSE,0.628,2,9,11,0,0,0,0,99,255
27728,29002,Forest,64,for_profit,62,FALSE,1,702075,3,402544.26324374456,47190,15,FALSE,0.399,3,11,13,1,1,0,1,92,256
27729,28944,Dairy,192,for_profit,64,FALSE,2,1877737,3,1076626.0830118137,157292,15,FALSE,0.294,3,11,11,2,0,2,0,52,260
27730,28972,Dairy,48,for_profit,66,FALSE,2,485317,3,278263.1117824511,32621,15,FALSE,0.377,2,12,17,1,1,1,0,57,192
27731,30084,Dairy,112,for_profit,61,FALSE,2,0,0,0,0,21,TRUE,0,2,13,16,0,0,0,0,127,24
27732,28894,Dairy,160,pro_environmental,68,FALSE,4,1874121,3,1074552.8001632728,125970,15,FALSE,0.333,2,10,10,0,0,0,0,99,151
27733,29238,Forest,80,for_profit,77,TRUE,2,0,0,0,0,21,TRUE,0,2,14,10,0,0,1,0,141,80
27734,30481,Dairy,112,for_profit,53,FALSE,2,1277292,3,393186.57281649625,85854,20,FALSE,0.211,3,17,9,0,0,1,0,127,95
27735,30098,Dairy,128,for_profit,53,FALSE,3,1572566,3,1572566,105701,5,FALSE,0.633,3,12,11,0,0,0,2,116,78
27736,29542,Dairy,176,for_profit,57,FALSE,2,1440,3,1440,97,0,FALSE,0.194,4,12,8,3,1,3,3,119,89
27737,29440,Dairy,32,for_profit,52,FALSE,2,421596,3,338295.69386281946,28338,10,FALSE,0.58,1,15,8,0,1,1,1,80,271
27738,29905,Forest,64,for_profit,60,FALSE,3,464732,3,464732,31237,5,FALSE,0.628,2,17,14,0,0,0,0,85,184
27739,28829,Forest,368,for_profit,50,FALSE,3,1537168,3,1537168,103322,5,FALSE,0.604,1,11,13,0,0,0,0,87,196
27740,30472,Dairy,192,for_profit,57,FALSE,2,2614093,3,2614093,175708,5,FALSE,0.658,3,15,15,3,0,1,3,75,167
27741,29593,Forest,144,for_profit,36,FALSE,3,730747,3,730747,49118,5,FALSE,0.734,1,16,11,0,0,0,0,52,230
27742,30585,Dairy,48,pro_environmental,64,FALSE,2,531736,3,531736,44542,10,FALSE,0.734,2,11,12,1,1,0,1,66,171
27743,29348,Crop,160,for_profit,46,FALSE,4,1962908,3,1575070.265962863,131938,10,FALSE,0.481,2,13,7,1,0,0,0,84,150
27744,29244,Dairy,96,for_profit,69,FALSE,3,630753,3,361650.82316530513,42397,15,FALSE,0.32,2,16,13,0,0,0,0,69,125
27745,30527,Dairy,80,for_profit,59,FALSE,2,192,3,192,13,0,FALSE,0.189,2,12,13,0,0,1,0,141,74
27746,30128,Forest,64,for_profit,61,FALSE,3,302445,3,242686.93519468978,20329,10,FALSE,0.556,1,14,12,0,0,0,0,70,249
27747,29465,Forest,176,for_profit,62,FALSE,3,795471,3,456094.13186164544,53468,15,FALSE,0.38,1,9,14,0,0,0,0,70,261
27748,29794,Forest,80,for_profit,45,FALSE,2,354613,3,354613,23836,5,FALSE,0.641,1,13,17,0,0,0,0,96,133
27749,29968,Crop,80,for_profit,54,FALSE,2,1092944,3,876996.576896378,73463,10,FALSE,0.624,3,15,13,0,0,0,0,98,196
27750,29331,Forest,64,for_profit,64,FALSE,4,350098,3,107770.05788019474,23532,20,FALSE,0.247,1,7,14,0,0,0,0,21,278
27751,29861,Dairy,96,for_profit,36,FALSE,2,1186723,3,1186723,79766,5,FALSE,0.661,2,11,10,0,2,1,1,61,160
27752,29873,SNB,64,for_profit,36,FALSE,3,125391,3,100615.83921373257,8428,10,FALSE,0.491,1,10,13,0,0,0,0,71,145
27753,30430,Dairy,208,for_profit,72,TRUE,2,5535,3,1703.8294145264408,1209,20,FALSE,0.001,2,11,15,1,1,1,2,180,11
27754,29016,Dairy,144,for_profit,59,TRUE,3,2400,3,2400,161,0,FALSE,0,3,12,17,1,2,0,2,59,218
27755,29231,Dairy,64,for_profit,40,FALSE,2,537411,3,537411,45017,10,FALSE,0.495,2,14,14,0,1,1,1,98,147
27756,30504,Forest,224,for_profit,63,FALSE,2,708619,3,568607.7578757324,47630,10,FALSE,0.528,4,19,12,0,0,0,0,170,26
27757,29975,Forest,192,for_profit,48,FALSE,2,657116,3,657116,44169,5,FALSE,0.644,1,10,11,0,0,0,0,106,224
27758,28737,Forest,96,for_profit,54,FALSE,3,646263,3,518572.2587568841,43439,10,FALSE,0.506,2,10,11,0,1,0,0,124,121
27759,30251,SNB,80,pro_environmental,61,FALSE,3,192645,3,192645,12949,5,FALSE,0.679,2,16,15,0,0,0,0,136,122
27760,28965,Dairy,32,for_profit,59,FALSE,1,0,0,0,0,21,TRUE,0,1,10,15,0,1,0,0,76,260
27761,29492,Dairy,64,for_profit,58,FALSE,2,805006,3,461561.153974709,54109,15,FALSE,0.396,1,8,10,1,1,0,0,79,236
27762,30569,Forest,32,for_profit,51,FALSE,3,209020,3,167721.14994261455,14049,10,FALSE,0.469,2,11,11,0,1,0,0,119,206
27763,29206,Forest,80,for_profit,62,FALSE,3,548971,3,314759.99962565495,36899,15,FALSE,0.344,2,9,9,0,0,1,0,141,91
27764,30390,SNB,144,for_profit,56,FALSE,2,339229,3,104424.27253123577,22802,20,FALSE,0.146,3,16,15,0,0,1,0,101,139
27765,30083,Forest,320,for_profit,76,FALSE,3,0,0,0,0,21,TRUE,0,2,9,10,0,0,0,0,97,275
27766,29458,Forest,288,for_profit,82,FALSE,2,0,0,0,0,21,TRUE,0,4,13,14,0,0,0,0,139,27
27767,29767,Forest,64,for_profit,57,FALSE,2,220753,3,220753,14838,5,FALSE,0.639,3,9,10,0,0,0,0,119,44
27768,29799,Dairy,144,for_profit,79,FALSE,3,7200,3,7200,484,0,FALSE,0,1,10,12,0,0,0,1,72,192
27769,29686,Dairy,144,for_profit,52,FALSE,3,1301250,3,1301250,87464,5,FALSE,0.672,2,8,12,0,0,1,0,120,223
27770,30015,Forest,64,pro_environmental,60,FALSE,4,253321,3,253321,17027,5,FALSE,0.58,1,10,14,0,0,0,0,75,236
27771,28809,Forest,80,for_profit,52,FALSE,3,481085,3,481085,32336,5,FALSE,0.743,3,11,13,1,0,1,0,77,127
27772,28888,SNB,64,for_profit,56,FALSE,2,69883,3,69883,5854,10,FALSE,0.502,2,10,15,0,0,0,2,52,109
27773,29710,Dairy,64,for_profit,50,FALSE,2,821122,3,470801.4820684827,55192,15,FALSE,0.374,1,11,11,0,0,0,0,130,92
27774,30258,Forest,80,for_profit,64,FALSE,4,328060,3,263240.8403510388,22051,10,FALSE,0.476,1,10,13,0,0,0,0,93,158
27775,30180,Dairy,208,pro_environmental,67,FALSE,1,4494,3,4494,527,10,FALSE,0.001,6,10,14,6,6,4,4,131,63
27776,29942,Forest,64,for_profit,67,FALSE,4,305237,3,244927.28277214544,20517,10,FALSE,0.517,2,13,15,0,0,0,0,69,183
27777,30069,Crop,80,for_profit,61,FALSE,4,1331663,3,1068548.7020190982,89509,10,FALSE,0.613,1,11,12,0,0,0,0,76,188
27778,29736,Dairy,48,for_profit,62,FALSE,3,576154,3,462315.622543475,38727,10,FALSE,0.502,2,12,15,0,0,2,0,116,71
27779,29762,Dairy,96,pro_environmental,66,FALSE,3,752470,3,603794.5349599042,50578,10,FALSE,0.461,2,15,9,0,1,0,0,137,72
27780,30324,Forest,272,for_profit,51,FALSE,3,1013436,3,813198.0256111545,68119,10,FALSE,0.507,2,11,11,0,0,0,0,181,6
27781,29604,Dairy,96,for_profit,77,FALSE,1,0,0,0,0,21,TRUE,0,1,11,9,0,0,0,1,88,140
27782,30055,SNB,48,for_profit,83,FALSE,1,2400,3,2400,161,5,FALSE,0.021,2,12,11,0,0,2,2,63,124
27783,30174,Dairy,160,for_profit,48,FALSE,3,1711293,3,1711293,115026,5,FALSE,0.585,4,9,15,2,2,1,1,137,70
27784,30176,Forest,64,for_profit,50,FALSE,4,289805,3,232544.38742282754,19479,10,FALSE,0.527,2,14,13,0,0,0,0,46,265
27785,29199,Dairy,64,for_profit,70,FALSE,2,640,3,640,43,0,FALSE,0.215,2,12,13,0,2,0,0,112,99
27786,29281,Forest,80,for_profit,68,FALSE,2,386392,3,310047.41445137653,25972,10,FALSE,0.561,1,11,8,0,0,0,0,73,194
27787,30246,SNB,48,pro_environmental,55,FALSE,4,87914,3,87914,5909,5,FALSE,0.619,1,11,9,0,0,0,0,55,177
27788,28753,Forest,208,pro_environmental,49,FALSE,2,1129566,3,647652.0503581292,75925,15,FALSE,0.331,3,16,12,0,2,0,0,87,91
27789,28781,Dairy,160,for_profit,79,FALSE,2,3555,3,3555,298,5,FALSE,0.001,4,10,10,4,1,0,2,147,92
27790,29459,Dairy,80,for_profit,57,FALSE,1,0,0,0,0,21,TRUE,0,2,9,11,0,1,0,0,98,173
27791,29355,SNB,176,for_profit,55,FALSE,2,380455,3,305283.4661822669,25573,10,FALSE,0.542,1,16,12,0,0,0,1,55,234
27792,29506,Dairy,64,for_profit,52,FALSE,3,506033,3,406049.35732901667,34013,10,FALSE,0.611,3,10,14,1,0,0,1,19,283
27793,29739,Dairy,160,for_profit,47,FALSE,2,1720997,3,986757.0692727908,115678,15,FALSE,0.39,2,18,11,1,0,0,1,125,214
27794,29863,SNB,32,for_profit,60,FALSE,4,64253,3,51557.68370138175,4319,10,FALSE,0.576,2,18,14,0,0,1,1,91,208
27795,30207,Forest,64,for_profit,79,FALSE,2,0,0,0,0,21,TRUE,0,1,18,11,0,0,0,0,90,219
27796,30160,Dairy,96,pro_environmental,53,FALSE,3,1053869,3,604250.1444438583,70837,15,FALSE,0.346,1,13,12,0,0,0,0,94,139
27797,29112,SNB,64,for_profit,68,FALSE,2,145630,3,83498.94392506003,9789,15,FALSE,0.237,2,13,16,0,0,0,0,52,142
27798,28851,SNB,48,pro_environmental,42,FALSE,2,85586,3,85586,5753,5,FALSE,0.68,3,11,15,2,0,3,2,48,126
27799,29425,Dairy,128,for_profit,47,FALSE,3,1623101,3,1623101,109098,5,FALSE,0.621,3,10,15,0,1,2,0,91,150
27800,29431,Dairy,128,for_profit,55,FALSE,3,1626918,3,1305466.2607517873,109354,10,FALSE,0.554,2,11,12,2,0,2,0,90,250
27801,29579,Forest,96,for_profit,50,FALSE,3,748723,3,429290.52937171404,50326,15,FALSE,0.546,4,10,17,0,0,1,0,86,106
27802,30524,SNB,240,for_profit,60,FALSE,4,622029,3,622029,41810,5,FALSE,0.752,2,9,10,0,0,1,0,58,231
27803,29874,Dairy,144,for_profit,60,FALSE,3,1710260,3,1710260,114956,5,FALSE,0.648,2,13,13,0,0,0,0,131,121
27804,30582,Forest,240,for_profit,67,FALSE,4,1103994,3,885863.2820292164,74206,10,FALSE,0.541,1,10,15,0,0,0,0,78,242
27805,29314,Dairy,64,for_profit,61,FALSE,4,353243,3,353243,41411,15,FALSE,0.286,2,14,11,2,0,2,1,90,216
27806,29172,Forest,80,for_profit,69,FALSE,5,360268,3,206564.56451276195,24216,15,FALSE,0.374,1,15,9,0,0,0,0,78,167
27807,29920,Forest,112,for_profit,48,FALSE,2,505211,3,155518.22264540519,33958,20,FALSE,0.187,2,11,15,0,0,0,0,83,227
27808,28962,Forest,80,pro_environmental,63,FALSE,4,347437,3,278789.26979529316,23353,10,FALSE,0.504,1,13,12,0,0,0,0,98,154
27809,29958,Forest,96,for_profit,55,FALSE,3,460503,3,141755.8368342673,30953,20,FALSE,0.214,1,11,10,0,0,0,0,89,206
27810,29969,Forest,64,for_profit,76,FALSE,2,0,0,0,0,21,TRUE,0,1,12,11,0,0,0,0,83,139
27811,29953,Dairy,80,for_profit,51,FALSE,4,857593,3,491712.6266395935,57644,15,FALSE,0.36,2,12,11,0,0,0,0,92,146
27812,30284,Forest,112,pro_environmental,43,FALSE,3,481427,3,481427,32359,5,FALSE,0.622,1,12,12,0,0,0,0,112,157
27813,28919,Forest,128,for_profit,43,TRUE,1,0,0,0,0,21,TRUE,0,1,10,11,0,0,0,0,81,251
27814,30548,Forest,80,for_profit,64,FALSE,2,380874,3,117243.7803845246,25601,20,FALSE,0.212,1,16,11,0,0,0,0,140,211
27815,30362,SNB,160,pro_environmental,56,FALSE,2,296828,3,238179.76028689308,19952,10,FALSE,0.52,2,12,13,0,0,1,0,83,131
27816,29381,Forest,96,for_profit,59,FALSE,2,434738,3,249262.9532657608,29221,15,FALSE,0.38,1,11,12,0,0,0,0,37,266
27817,29086,Dairy,64,for_profit,71,FALSE,2,0,0,0,0,21,TRUE,0,2,10,9,1,0,0,0,94,175
27818,30381,Forest,96,pro_environmental,52,FALSE,3,358227,3,358227,24078,5,FALSE,0.702,1,15,9,0,0,0,0,60,115
27819,29785,Dairy,48,for_profit,50,FALSE,1,523465,3,161137.31968836195,35185,20,FALSE,0.188,1,15,14,1,0,1,0,142,78
27820,28866,SNB,64,for_profit,76,FALSE,2,0,0,0,0,21,TRUE,0,2,7,12,0,0,1,0,8,284
27821,30080,Dairy,144,for_profit,58,FALSE,3,1119784,3,898533.4425765031,75267,10,FALSE,0.489,4,13,13,0,3,1,0,104,112
27822,29200,Dairy,96,for_profit,64,FALSE,4,585605,3,585605,68651,15,FALSE,0.385,3,14,8,2,1,0,0,80,119
27823,29111,Dairy,112,pro_environmental,58,FALSE,4,1014189,3,813802.245426994,68169,10,FALSE,0.499,3,12,9,1,0,0,0,91,78
27824,30312,Forest,64,for_profit,50,FALSE,4,238757,3,73496.15167553558,16048,20,FALSE,0.216,1,10,12,0,0,0,0,129,51
27825,29617,Dairy,112,for_profit,72,FALSE,2,2470,3,2470,290,10,FALSE,0,3,18,11,2,1,1,1,119,161
27826,29860,Forest,160,pro_environmental,74,FALSE,3,726642,3,583069.7150349312,48842,10,FALSE,0.534,1,11,12,0,0,0,0,90,242
27827,29038,Forest,80,for_profit,58,FALSE,4,474047,3,271801.3037893492,31863,15,FALSE,0.364,3,13,12,0,0,0,1,119,53
27828,29882,Dairy,64,for_profit,63,FALSE,2,553453,3,170368.47352446293,37201,20,FALSE,0.186,2,10,20,0,0,0,0,31,253
27829,29081,Forest,64,for_profit,46,FALSE,2,274475,3,274475,18449,0,FALSE,1.099,1,12,10,0,0,0,0,46,270
27830,29519,Forest,80,for_profit,66,TRUE,2,128,3,128,9,5,FALSE,0,2,12,17,0,0,1,1,80,176
27831,30262,Forest,64,pro_environmental,43,FALSE,2,272793,3,272793,18336,0,FALSE,1.664,1,12,11,0,0,0,0,67,285
27832,30279,Forest,48,for_profit,57,FALSE,4,161442,3,161442,10851,5,FALSE,0.633,1,9,15,0,0,0,0,127,47
27833,30213,Dairy,208,pro_environmental,53,FALSE,2,2248488,3,1804224.4425996053,151134,10,FALSE,0.536,3,6,19,2,0,0,0,145,196
27834,29770,SNB,64,for_profit,75,FALSE,3,119269,3,36714.36864338827,8017,20,FALSE,0.182,3,14,14,0,0,0,0,10,308
27835,30285,Crop,128,for_profit,63,FALSE,3,1641803,3,1641803,110355,5,FALSE,0.597,2,13,12,0,0,0,0,124,63
27836,29708,Dairy,128,for_profit,76,FALSE,2,0,0,0,0,21,TRUE,0,1,12,8,0,0,0,0,122,116
27837,28900,Forest,144,for_profit,35,FALSE,3,623856,3,500592.5065476975,41933,10,FALSE,0.503,1,11,13,0,0,0,0,46,238
27838,30190,Forest,32,pro_environmental,53,FALSE,2,134915,3,134915,9068,5,FALSE,0.618,1,8,10,0,0,0,0,75,255
27839,29654,Forest,80,for_profit,50,FALSE,2,147298,3,84455.31444258388,12339,15,FALSE,0.155,1,16,9,0,0,0,0,13,302
27840,29996,Forest,48,for_profit,53,FALSE,3,490199,3,490199,32949,5,FALSE,0.664,3,12,13,0,1,1,1,90,264
27841,29711,Crop,160,pro_environmental,51,FALSE,3,2237992,3,2237992,150428,5,FALSE,0.683,2,12,15,1,0,0,0,82,150
27842,29669,Dairy,48,pro_environmental,63,FALSE,2,588543,3,588543,39559,5,FALSE,0.688,1,9,9,1,0,0,0,137,129
27843,30432,Dairy,272,for_profit,41,FALSE,3,3453868,3,3453868,232154,5,FALSE,0.746,5,9,9,4,0,0,2,173,27
27844,29315,Dairy,176,for_profit,62,FALSE,3,1535528,3,1232133.3935943118,103212,10,FALSE,0.492,4,12,11,3,0,0,1,98,131
27845,30016,Forest,80,for_profit,58,FALSE,5,344014,3,344014,23123,5,FALSE,0.622,1,12,10,0,0,0,0,131,218
27846,28912,Forest,80,for_profit,66,FALSE,3,321798,3,321798,21630,5,FALSE,0.589,1,9,12,0,0,0,0,81,228
27847,29121,Dairy,128,pro_environmental,48,FALSE,3,1713633,3,1713633,115183,5,FALSE,0.73,4,9,15,0,1,0,0,56,189
27848,29896,Dairy,48,for_profit,66,FALSE,4,64,3,64,4,5,FALSE,0,3,12,14,0,0,1,0,106,94
27849,29537,Forest,80,for_profit,74,FALSE,4,0,0,0,0,21,TRUE,0,1,10,11,0,0,0,0,33,264
27850,30484,Dairy,48,for_profit,69,FALSE,2,352896,3,108631.36134936276,41370,20,FALSE,0.125,3,15,14,0,2,2,1,115,55
27851,29946,SNB,128,for_profit,60,FALSE,3,88090,3,88090,19235,15,FALSE,0.222,3,12,11,0,0,1,0,105,193
27852,30028,Forest,144,for_profit,40,FALSE,3,659549,3,659549,44332,0,FALSE,1.705,1,9,15,0,0,0,0,36,131
27853,30400,Dairy,176,for_profit,55,FALSE,6,1684250,3,1684250,141084,10,FALSE,0.748,3,12,10,2,1,1,0,109,64
27854,30204,SNB,112,for_profit,73,TRUE,2,4000,3,2293.4544784744908,269,15,FALSE,0.004,2,11,10,0,0,0,1,103,140
27855,30534,Forest,80,for_profit,56,FALSE,4,347528,3,199259.91199882072,23359,15,FALSE,0.36,1,10,10,0,0,0,0,112,152
27856,30372,SNB,128,for_profit,56,FALSE,2,206988,3,206988,13913,5,FALSE,0.694,2,13,11,0,0,0,2,52,124
27857,30453,SNB,64,for_profit,67,FALSE,4,107488,3,33087.843922062886,12601,20,FALSE,0.127,2,8,7,1,0,0,0,44,122
27858,29817,Forest,48,for_profit,74,FALSE,4,257498,3,147639.9853245561,17308,15,FALSE,0.347,1,17,15,0,0,0,0,64,165
27859,29100,Dairy,192,for_profit,69,FALSE,3,2162778,3,1240058.2225115255,145373,15,FALSE,0.318,3,16,12,0,2,1,0,83,179
27860,28794,Forest,208,for_profit,54,FALSE,2,680913,3,209604.263438743,45768,20,FALSE,0.196,2,12,14,0,0,0,0,10,297
27861,29253,Dairy,96,for_profit,61,FALSE,2,1201115,3,688675.643978222,80734,15,FALSE,0.35,2,15,15,1,2,0,0,93,187
27862,30000,Dairy,96,for_profit,60,FALSE,2,1148740,3,921768.2221083104,77213,10,FALSE,0.492,4,11,19,2,0,1,1,126,152
27863,29697,Forest,48,for_profit,74,FALSE,4,209388,3,120055.46158470417,14074,15,FALSE,0.371,1,10,12,0,0,0,0,137,20
27864,30391,Forest,96,for_profit,74,TRUE,2,0,0,0,0,21,TRUE,0,1,12,11,0,0,0,0,45,236
27865,29336,Forest,32,for_profit,65,FALSE,2,322741,3,185047.94795933392,21693,15,FALSE,0.509,2,11,14,0,0,1,1,127,157
27866,28741,Dairy,80,for_profit,64,FALSE,3,933399,3,535177.0291884028,62739,15,FALSE,0.324,2,15,14,1,0,0,1,106,154
27867,29570,Dairy,128,for_profit,64,FALSE,2,1412982,3,1133800.4300460021,94975,10,FALSE,0.484,2,14,14,1,1,1,0,75,180
27868,30219,Forest,48,for_profit,55,FALSE,3,206692,3,206692,13893,5,FALSE,0.631,1,13,20,0,0,0,0,101,201
27869,29912,Dairy,176,pro_environmental,62,FALSE,4,1796902,3,1796902,120780,5,FALSE,0.632,2,13,12,0,0,0,0,47,148
27870,29104,Dairy,112,for_profit,69,FALSE,1,0,0,0,0,21,TRUE,0,3,14,10,0,0,1,1,96,83
27871,28824,Forest,272,pro_environmental,43,FALSE,3,779494,3,779494,52394,5,FALSE,0.539,1,12,12,0,0,0,0,42,226
27872,29010,Dairy,240,for_profit,41,FALSE,4,2412290,3,1935661.9117551893,162144,10,FALSE,0.481,3,16,11,0,0,1,1,80,186
27873,29093,Forest,144,for_profit,83,TRUE,1,0,0,0,0,21,TRUE,0,2,15,20,0,0,0,0,117,159
27874,29651,Dairy,64,for_profit,40,FALSE,2,824312,3,824312,55407,5,FALSE,0.635,2,13,12,1,0,2,0,67,184
27875,30144,Forest,176,for_profit,60,FALSE,3,1198331,3,961560.8713610335,80547,10,FALSE,0.471,3,13,10,0,0,0,1,111,76
27876,29191,Forest,64,for_profit,55,FALSE,2,776656,3,776656,52203,5,FALSE,0.666,1,15,13,0,0,0,0,83,253
27877,29747,Dairy,176,for_profit,58,FALSE,3,1988485,3,1988485,133657,5,FALSE,0.62,1,17,20,0,1,0,0,68,272
27878,29457,Forest,96,for_profit,66,FALSE,3,687124,3,687124,80552,15,FALSE,0.697,3,15,12,1,0,1,0,57,184
27879,28786,Crop,48,for_profit,75,TRUE,1,2400,3,2400,161,0,FALSE,0,1,10,8,0,0,0,1,77,186
27880,29363,Forest,96,for_profit,75,FALSE,3,0,0,0,0,21,TRUE,0,3,10,11,0,0,0,0,114,73
27881,29118,Forest,96,for_profit,58,FALSE,3,0,0,0,0,21,TRUE,0,3,16,14,0,0,0,0,64,163
27882,30561,SNB,240,pro_environmental,44,FALSE,5,450474,3,450474,30279,5,FALSE,0.674,2,10,15,1,0,0,0,118,99
27883,30223,SNB,80,for_profit,73,FALSE,1,0,0,0,0,21,TRUE,0,2,15,11,0,0,0,0,62,123
27884,30417,Dairy,144,for_profit,77,FALSE,1,0,0,0,0,21,TRUE,0,2,12,13,0,2,1,2,72,154
27885,29759,Forest,128,pro_environmental,52,FALSE,4,1429912,3,1429912,96113,5,FALSE,0.613,1,14,16,0,0,0,0,49,266
27886,29556,Forest,96,for_profit,69,FALSE,3,476843,3,382626.81227674935,32051,10,FALSE,0.518,3,14,9,0,0,0,0,60,146
27887,30419,Dairy,112,for_profit,71,FALSE,2,1521878,3,1221180.4049008053,102294,10,FALSE,0.658,2,11,14,0,0,0,0,114,152
27888,29256,SNB,96,for_profit,38,FALSE,3,131898,3,131898,8866,0,FALSE,3.155,1,16,13,0,0,0,0,55,185
27889,29544,Dairy,144,for_profit,34,FALSE,4,1800382,3,1800382,121014,5,FALSE,0.571,2,12,13,1,0,0,1,117,133
27890,29973,Crop,80,for_profit,69,FALSE,1,1046502,3,322142.88888179755,70341,20,FALSE,0.221,2,14,14,0,0,0,0,53,161
27891,30579,SNB,112,for_profit,48,FALSE,2,150066,3,150066,10087,5,FALSE,0.64,2,7,11,1,0,0,2,140,64
27892,29825,Dairy,240,for_profit,66,FALSE,2,2785071,3,857323.5576051616,187201,20,FALSE,0.204,3,11,13,0,0,1,0,41,248
27893,29846,Forest,256,for_profit,81,FALSE,2,928,3,928,62,0,FALSE,0,5,9,6,3,0,1,1,92,278
27894,30327,Dairy,64,for_profit,41,FALSE,2,666734,3,382281.0195628028,44815,15,FALSE,0.327,2,14,13,2,0,0,0,110,57
27895,29540,Dairy,128,for_profit,71,FALSE,2,4100,3,4100,343,5,FALSE,0.001,3,18,14,0,3,1,3,70,188
27896,30549,Dairy,64,for_profit,47,FALSE,2,763332,3,437666.7984907225,51308,15,FALSE,0.384,1,11,8,0,0,0,0,144,91
27897,29881,Dairy,176,for_profit,62,FALSE,2,1737352,3,1737352,116777,5,FALSE,0.527,2,14,11,1,1,1,2,107,119
27898,29539,Forest,144,for_profit,57,FALSE,2,608817,3,488524.96098274214,40922,10,FALSE,0.497,1,10,15,0,0,0,0,60,241
27899,30568,Forest,112,pro_environmental,40,FALSE,4,576187,3,462342.1022963604,38729,10,FALSE,0.529,3,10,8,0,0,0,1,98,140
27900,30333,Forest,80,for_profit,61,FALSE,4,372205,3,298663.52796091686,25018,10,FALSE,0.619,2,17,14,0,0,0,0,39,243
27901,30008,SNB,96,for_profit,53,FALSE,2,195850,3,195850,16406,10,FALSE,0.637,1,10,11,1,0,0,1,47,262
27902,30143,Forest,48,for_profit,55,FALSE,4,230259,3,70880.22712907747,15477,20,FALSE,0.216,1,10,12,0,0,0,0,63,266
27903,29094,Dairy,464,for_profit,78,FALSE,2,4079,3,4079,891,15,FALSE,0,5,11,9,3,0,4,0,175,20
27904,29409,Dairy,80,for_profit,77,FALSE,3,939456,3,289191.1050502894,63146,20,FALSE,0.228,3,16,12,0,0,0,0,53,222
27905,29753,Dairy,128,for_profit,63,FALSE,3,1467849,3,841611.2156935757,98663,15,FALSE,0.369,4,14,10,1,0,0,0,103,111
27906,28774,Forest,64,for_profit,73,FALSE,2,374300,3,115220.11740871667,25159,20,FALSE,0.261,2,9,14,0,0,0,0,59,211
27907,30410,Dairy,32,for_profit,60,FALSE,2,361836,3,290343.2686376226,24321,10,FALSE,0.518,2,15,9,1,0,0,1,134,61
27908,30054,Dairy,112,for_profit,67,FALSE,2,1640760,3,940752.0925254513,110285,15,FALSE,0.473,2,12,12,0,0,0,0,131,123
27909,29775,SNB,80,for_profit,70,FALSE,2,5666,3,5666,381,5,FALSE,0.02,2,10,12,0,0,0,2,83,225
27910,30518,Forest,96,for_profit,69,FALSE,2,0,0,0,0,21,TRUE,0,3,17,15,0,0,0,2,136,113
27911,30460,SNB,192,for_profit,80,FALSE,2,1990,3,1990,167,5,FALSE,0.005,5,11,13,0,0,2,2,132,46
27912,29128,Forest,64,for_profit,45,FALSE,3,498980,3,400389.9119623281,33539,10,FALSE,0.517,2,13,12,0,0,0,0,87,169
27913,30455,Dairy,48,for_profit,52,FALSE,4,461554,3,370358.6625232682,31024,10,FALSE,0.523,3,13,15,0,0,0,0,110,95
27914,29623,Forest,64,pro_environmental,58,FALSE,2,327409,3,327409,22007,5,FALSE,0.74,1,16,17,0,0,0,0,76,150
27915,28960,Forest,48,for_profit,61,FALSE,2,233491,3,233491,27372,15,FALSE,0.406,2,13,17,0,0,0,0,113,161
27916,29631,Forest,128,for_profit,47,FALSE,3,517183,3,517183,34763,5,FALSE,0.65,3,12,11,0,0,0,1,44,228
27917,28755,Dairy,144,for_profit,70,FALSE,3,1794,3,1794,150,5,FALSE,0,4,14,10,0,3,0,0,137,67
27918,30343,Dairy,256,for_profit,55,FALSE,3,5839,3,5839,489,5,FALSE,0.001,3,9,13,2,0,2,0,56,250
27919,30021,Dairy,32,pro_environmental,80,FALSE,1,1334,3,1334,112,5,FALSE,0.001,2,11,13,2,1,0,0,124,111
27920,29136,Dairy,128,pro_environmental,64,FALSE,1,1920,3,1920,129,0,FALSE,0,3,9,13,2,1,0,2,144,96
27921,30532,Forest,96,for_profit,56,FALSE,3,882071,3,271526.3803976065,59289,20,FALSE,0.195,3,14,14,0,0,0,0,63,177
27922,29562,SNB,96,for_profit,53,FALSE,5,185419,3,185419,12463,5,FALSE,0.652,1,8,12,0,0,0,0,16,319
27923,28938,SNB,96,for_profit,59,FALSE,3,131482,3,75386.99543469575,8838,15,FALSE,0.337,2,12,12,0,0,0,0,91,96
27924,29569,SNB,224,pro_environmental,67,FALSE,2,289151,3,232019.60686564413,19435,10,FALSE,0.44,3,11,12,1,0,0,0,179,15
27925,30067,Forest,112,for_profit,48,FALSE,3,438862,3,438862,29498,5,FALSE,0.582,1,12,18,0,0,0,0,98,125
27926,29001,Dairy,144,for_profit,62,FALSE,4,1404529,3,1404529,94406,5,FALSE,0.545,2,9,14,0,1,2,1,100,117
27927,30566,Forest,48,for_profit,57,TRUE,2,0,0,0,0,21,TRUE,0,1,14,11,0,0,0,0,132,92
27928,30283,Forest,80,for_profit,59,FALSE,5,340606,3,340606,22894,5,FALSE,0.624,1,12,9,0,0,0,0,89,139
27929,29530,Dairy,80,for_profit,65,FALSE,1,4785,3,4785,561,10,FALSE,0.001,2,14,10,0,2,2,1,88,237
27930,30088,Forest,32,pro_environmental,68,TRUE,2,0,0,0,0,21,TRUE,0,1,13,14,0,0,0,0,52,146
27931,28799,Dairy,80,for_profit,48,FALSE,2,950725,3,950725,63904,5,FALSE,0.616,2,14,12,2,1,2,1,131,79
27932,30495,Forest,64,for_profit,51,FALSE,4,222259,3,127435.22473281546,14939,15,FALSE,0.375,1,13,11,0,0,0,0,127,30
27933,29859,Forest,80,pro_environmental,40,FALSE,4,384374,3,384374,25836,5,FALSE,0.704,1,9,10,0,0,0,0,55,273
27934,30185,Forest,64,for_profit,69,FALSE,2,0,0,0,0,21,TRUE,0,1,14,10,0,0,0,0,109,77
27935,30429,Dairy,144,for_profit,69,FALSE,2,1775775,3,1018164.7816282597,119360,15,FALSE,0.36,1,11,9,0,0,1,0,90,190
27936,29167,Forest,144,for_profit,58,TRUE,4,0,0,0,0,21,TRUE,0,1,9,11,0,0,0,0,57,221
27937,28736,Crop,64,for_profit,45,FALSE,3,854042,3,489676.6124263278,57405,15,FALSE,0.363,1,15,11,0,0,0,0,59,177
27938,29701,Crop,128,pro_environmental,65,FALSE,1,2038777,3,627593.1747533827,137038,20,FALSE,0.259,2,13,15,0,0,0,0,69,175
27939,29643,Dairy,112,for_profit,64,FALSE,2,1538244,3,881973.1476966287,103394,15,FALSE,0.373,3,12,12,2,0,3,0,72,163
27940,30491,Dairy,96,for_profit,62,FALSE,1,1216,3,1216,82,5,FALSE,0.001,2,13,12,2,2,1,2,93,208
27941,30198,Dairy,64,pro_environmental,80,FALSE,3,2765,3,2765,232,5,FALSE,0,1,10,16,0,1,1,1,82,201
27942,29482,SNB,128,for_profit,62,FALSE,2,0,0,0,0,21,TRUE,0,3,12,9,3,0,2,0,143,61
27943,28859,Forest,80,for_profit,65,FALSE,2,231735,3,71334.58163961784,15576,20,FALSE,0.21,2,13,8,0,0,0,0,130,57
27944,29044,Dairy,80,for_profit,51,FALSE,4,854666,3,854666,57447,5,FALSE,0.615,2,14,9,0,2,0,1,87,122
27945,29329,Dairy,144,for_profit,63,FALSE,2,1412248,3,1412248,118299,10,FALSE,0.527,4,12,12,4,1,4,4,57,146
27946,29135,Dairy,96,for_profit,69,FALSE,3,1203443,3,965662.8258080082,80890,10,FALSE,0.513,2,10,13,1,0,0,0,132,131
27947,29036,Dairy,128,for_profit,49,FALSE,1,1549135,3,888217.6508778951,104126,15,FALSE,0.451,2,11,10,0,0,1,0,132,73
27948,30398,SNB,64,pro_environmental,33,FALSE,2,137703,3,110495.19429024903,9256,10,FALSE,0.539,1,9,10,0,0,0,1,110,141
27949,30572,SNB,144,for_profit,63,FALSE,4,141736,3,141736,16616,15,FALSE,0.39,3,13,15,1,0,0,1,33,257
27950,30293,Dairy,64,for_profit,74,FALSE,1,2400,3,1376.0726870846945,161,15,FALSE,0.001,2,14,10,1,2,0,0,54,116
27951,30490,Forest,128,for_profit,56,FALSE,1,1445099,3,444842.3095036576,97133,20,FALSE,0.256,4,8,10,0,1,0,0,119,63
27952,30570,Dairy,32,pro_environmental,66,FALSE,3,410685,3,126420.44861875182,27604,20,FALSE,0.201,1,16,8,0,0,0,0,78,181
27953,29659,SNB,160,for_profit,60,TRUE,2,0,0,0,0,21,TRUE,0,1,10,14,1,0,0,1,58,226
27954,30041,Dairy,112,for_profit,45,FALSE,3,1417970,3,1417970,95310,5,FALSE,0.629,2,17,13,1,1,1,0,77,155
27955,29991,Dairy,128,for_profit,52,FALSE,2,1070024,3,1070024,71922,5,FALSE,0.63,3,10,11,0,2,0,0,9,304
27956,30134,Dairy,32,for_profit,79,FALSE,2,994,3,797.6022535784081,83,10,FALSE,0.002,2,18,10,1,1,0,0,45,231
27957,29508,Dairy,80,for_profit,72,FALSE,1,893317,3,274988.217000274,60045,20,FALSE,0.21,2,14,14,0,0,0,0,123,146
27958,30397,SNB,128,pro_environmental,62,FALSE,2,0,0,0,0,21,TRUE,0,2,11,11,1,0,1,0,142,61
27959,29416,Dairy,112,for_profit,43,FALSE,4,1304024,3,1304024,87651,5,FALSE,0.639,1,10,10,1,0,0,1,41,265
27960,30269,Forest,208,for_profit,71,FALSE,2,552582,3,443401.0548157585,37142,10,FALSE,0.512,2,13,14,0,0,0,0,138,62
27961,29342,Dairy,80,for_profit,42,FALSE,4,1005823,3,1005823,67607,5,FALSE,0.649,2,14,15,1,1,1,0,72,140
27962,28905,Dairy,64,for_profit,59,TRUE,2,1440,3,1440,97,5,FALSE,0.001,2,8,10,2,2,0,2,51,159
27963,29666,Forest,112,for_profit,64,FALSE,4,472258,3,378947.731459187,31743,10,FALSE,0.496,1,15,14,0,0,0,0,50,270
27964,30123,Forest,48,for_profit,66,FALSE,3,0,0,0,0,21,TRUE,0,1,15,11,0,0,0,0,140,213
27965,29938,Dairy,112,for_profit,69,FALSE,1,960,3,960,65,0,FALSE,0,3,16,9,2,2,1,1,84,189
27966,30463,Forest,32,for_profit,66,FALSE,3,118918,3,36606.3209244183,7993,20,FALSE,0.233,1,12,11,0,0,0,0,143,64
27967,30522,Dairy,48,pro_environmental,49,FALSE,2,735415,3,590109.317218677,49431,10,FALSE,0.555,1,10,13,0,1,0,0,112,117
27968,29554,SNB,128,for_profit,52,FALSE,3,201811,3,201811,13565,5,FALSE,0.642,2,10,14,0,0,0,1,141,53
27969,30004,Dairy,64,pro_environmental,53,FALSE,3,664649,3,533325.4931978224,44675,10,FALSE,0.553,2,15,12,0,0,0,1,115,49
27970,30356,Forest,128,pro_environmental,61,FALSE,2,522191,3,419014.8072418134,35099,10,FALSE,0.48,1,14,12,0,0,0,0,42,263
27971,30536,Forest,320,for_profit,40,FALSE,3,4459062,3,2556663.928423855,299719,15,FALSE,0.652,3,13,16,0,0,2,0,125,136
27972,28876,Forest,96,for_profit,76,FALSE,2,0,0,0,0,21,TRUE,0,1,13,10,0,0,0,0,128,215
27973,28728,Dairy,32,for_profit,72,FALSE,1,397066,3,227663.19898748805,26689,15,FALSE,0.362,1,12,15,0,0,1,1,92,230
27974,30359,Dairy,80,for_profit,49,FALSE,1,1002656,3,308645.8510300674,67394,20,FALSE,0.22,2,12,11,0,0,1,0,114,157
27975,30118,Forest,80,for_profit,51,FALSE,3,369501,3,369501,24836,5,FALSE,0.686,1,11,8,0,0,0,0,106,78
27976,30470,Dairy,112,for_profit,39,FALSE,4,1283570,3,1283570,86276,5,FALSE,0.717,2,9,12,1,0,0,1,92,128
27977,30044,Forest,80,for_profit,42,FALSE,3,428506,3,428506,28802,5,FALSE,0.55,2,14,10,0,0,0,0,93,131
27978,29080,Forest,96,for_profit,63,FALSE,2,323484,3,185473.95712871055,21743,15,FALSE,0.378,2,13,8,0,0,0,0,91,280
27979,29855,Dairy,64,for_profit,58,FALSE,2,630894,3,630894,52848,10,FALSE,0.671,2,13,15,1,1,0,1,20,272
27980,29629,Forest,64,for_profit,50,FALSE,5,861118,3,861118,57881,5,FALSE,0.685,1,12,10,0,0,0,0,84,170
27981,30121,SNB,32,for_profit,61,FALSE,2,73608,3,73608,4948,5,FALSE,0.718,1,16,15,1,0,0,1,127,61
27982,29266,Dairy,112,for_profit,67,FALSE,2,0,0,0,0,21,TRUE,0,3,12,13,0,0,0,0,69,150
27983,30287,Forest,112,for_profit,52,FALSE,4,572382,3,459288.90654699836,38473,10,FALSE,0.593,1,8,8,0,0,0,0,44,253
27984,30210,Forest,256,for_profit,64,FALSE,2,2157739,3,664213.0401212047,145034,20,FALSE,0.223,4,10,15,1,0,0,0,55,197
27985,29719,SNB,256,for_profit,51,FALSE,2,507675,3,407366.92563925387,34124,10,FALSE,0.537,1,11,14,0,0,0,0,82,249
27986,28770,Dairy,128,for_profit,79,FALSE,1,0,0,0,0,21,TRUE,0,1,14,9,0,0,0,0,18,288
27987,30584,Forest,128,for_profit,50,FALSE,3,667824,3,382905.9859081871,44888,15,FALSE,0.39,3,14,9,1,0,1,1,121,138
27988,28946,Forest,96,pro_environmental,34,FALSE,4,500502,3,500502,33642,5,FALSE,0.593,2,15,12,0,0,0,0,53,154
27989,29679,Dairy,80,for_profit,65,FALSE,2,877430,3,270097.7494467814,58977,20,FALSE,0.233,2,15,9,0,0,0,0,107,74
27990,29715,Forest,48,for_profit,58,FALSE,3,129554,3,39880.38228898979,8708,20,FALSE,0.188,2,10,11,0,0,0,0,50,137
27991,30233,Dairy,176,for_profit,62,FALSE,3,2068401,3,1185945.884182779,139029,15,FALSE,0.375,6,12,11,1,0,5,3,36,257
27992,29628,Forest,64,for_profit,49,FALSE,2,316378,3,316378,21266,5,FALSE,0.715,1,14,13,0,0,0,0,112,102
27993,29267,SNB,240,for_profit,75,FALSE,1,1067,3,1067,125,10,FALSE,0.002,3,12,12,2,0,3,2,91,274
27994,29717,Forest,64,for_profit,43,FALSE,2,360212,3,360212,24212,5,FALSE,0.561,2,13,6,0,0,0,0,32,252
27995,29954,Dairy,48,pro_environmental,76,FALSE,2,0,0,0,0,21,TRUE,0,1,12,11,0,0,0,1,69,263
27996,30097,Forest,112,for_profit,79,FALSE,3,0,0,0,0,21,TRUE,0,3,13,13,0,0,0,0,118,85
27997,29585,Dairy,96,pro_environmental,65,FALSE,2,1151610,3,924071.158192586,77406,10,FALSE,0.528,1,13,11,0,0,0,1,78,235
27998,30307,Dairy,96,for_profit,64,FALSE,3,1288269,3,738646.5768824634,86592,15,FALSE,0.392,2,18,15,0,1,1,1,82,155
27999,29845,Forest,80,for_profit,63,TRUE,4,0,0,0,0,21,TRUE,0,1,11,16,0,0,0,0,15,314
28000,28870,Dairy,80,for_profit,51,FALSE,2,720271,3,577957.5178945408,48414,10,FALSE,0.538,2,13,13,0,1,0,0,93,81
28001,29997,Forest,32,for_profit,74,FALSE,3,166485,3,51248.78772853378,11190,20,FALSE,0.235,1,12,17,0,0,0,0,85,271
28002,30542,Forest,112,for_profit,54,FALSE,2,1664789,3,1335854.585646423,111900,10,FALSE,0.524,2,12,12,1,0,0,0,109,90
28003,29134,Dairy,48,for_profit,77,FALSE,1,1453,3,447.2744605793891,317,20,FALSE,0.001,2,10,11,1,0,0,1,82,153
28004,29263,Forest,272,for_profit,60,FALSE,4,714821,3,714821,48047,0,FALSE,1.501,3,8,11,0,0,0,0,129,162
28005,29788,Forest,80,for_profit,53,FALSE,3,1027960,3,1027960,69095,5,FALSE,0.705,1,9,13,0,0,0,0,68,280
28006,30331,Forest,96,for_profit,56,FALSE,2,421571,3,421571,28336,5,FALSE,0.635,1,10,12,0,0,0,0,81,195
28007,29641,Forest,112,for_profit,70,FALSE,3,518685,3,159665.90060951165,34864,20,FALSE,0.206,1,9,15,0,0,0,0,84,199
28008,29657,Forest,96,for_profit,47,FALSE,3,443148,3,443148,29787,5,FALSE,0.668,1,16,12,0,0,0,0,50,150
28009,29406,Dairy,64,pro_environmental,51,FALSE,3,641264,3,641264,43103,5,FALSE,0.588,2,9,12,1,0,2,0,145,76
28010,28732,Forest,96,for_profit,68,FALSE,3,0,0,0,0,21,TRUE,0,1,16,8,0,0,0,0,93,254
28011,29578,Dairy,64,for_profit,62,FALSE,2,787889,3,632215.3339734792,52959,10,FALSE,0.559,3,10,15,2,1,0,2,36,251
28012,29346,Forest,48,for_profit,40,FALSE,2,190530,3,152884.4641592496,12807,10,FALSE,0.473,1,14,14,0,0,0,0,55,144
28013,29175,Forest,160,for_profit,65,FALSE,3,604594,3,485136.35503016505,40638,10,FALSE,0.475,3,13,16,0,0,0,0,177,28
28014,29418,SNB,192,for_profit,72,FALSE,4,128,3,128,9,0,FALSE,0.22,2,13,14,0,0,2,0,108,84
28015,28939,Dairy,32,for_profit,46,FALSE,3,356563,3,356563,29868,10,FALSE,0.503,1,11,11,1,0,0,0,64,185
28016,28887,Forest,112,pro_environmental,68,FALSE,3,308666,3,176977.8550132018,20747,15,FALSE,0.312,3,8,9,0,0,0,0,99,216
28017,30229,Dairy,160,for_profit,61,FALSE,5,1755869,3,1408938.7036101266,118022,10,FALSE,0.562,4,17,15,0,0,0,0,123,80
28018,29141,SNB,112,for_profit,51,FALSE,4,453895,3,453895,38021,10,FALSE,0.962,2,10,14,1,0,0,0,107,96
28019,29089,Dairy,80,for_profit,47,FALSE,3,717829,3,717829,48249,5,FALSE,0.667,3,15,13,0,0,1,0,123,58
28020,29222,Dairy,96,for_profit,74,FALSE,3,3200,3,3200,215,5,FALSE,0.002,2,11,14,0,0,0,1,106,80
28021,29960,Dairy,96,for_profit,62,FALSE,1,0,0,0,0,21,TRUE,0,2,12,11,0,0,0,0,130,23
28022,30387,Dairy,64,for_profit,69,FALSE,1,759,3,759,166,15,FALSE,0,3,14,7,3,1,2,3,87,272
28023,29176,Dairy,80,for_profit,75,FALSE,4,941977,3,540095.3423174913,63316,15,FALSE,0.369,2,8,14,0,0,0,1,131,134
28024,28842,Dairy,64,for_profit,80,FALSE,2,0,0,0,0,21,TRUE,0,2,21,7,0,0,0,0,108,166
28025,29830,Forest,96,for_profit,52,FALSE,3,1010164,3,810572.5179917294,67899,10,FALSE,0.473,2,10,12,0,0,0,0,84,163
28026,29158,Dairy,64,for_profit,49,FALSE,3,701171,3,562631.357891173,47130,10,FALSE,0.546,3,14,11,0,0,0,1,89,263
28027,30363,Dairy,80,pro_environmental,63,FALSE,2,3891,3,3891,850,15,FALSE,0.001,1,11,10,1,1,1,0,51,236
28028,29795,Forest,160,for_profit,52,FALSE,4,699777,3,699777,47036,5,FALSE,0.692,3,15,13,0,0,0,0,25,256
28029,28727,Forest,96,pro_environmental,80,FALSE,3,0,0,0,0,21,TRUE,0,1,12,14,0,0,0,0,143,239
28030,30148,Dairy,96,for_profit,53,TRUE,3,2400,3,1376.0726870846945,161,15,FALSE,0.001,2,12,8,1,0,0,0,130,80
28031,30017,Dairy,128,for_profit,81,FALSE,2,4352,3,2495.2784725802458,510,15,FALSE,0.001,2,11,7,0,0,0,2,87,248
28032,29660,Dairy,48,pro_environmental,51,FALSE,3,435465,3,435465,29270,5,FALSE,0.674,2,13,8,0,0,0,0,11,289
28033,30515,Dairy,64,for_profit,62,FALSE,4,886281,3,886281,59572,5,FALSE,0.718,2,13,11,0,0,0,1,93,87
28034,28738,Dairy,80,for_profit,65,FALSE,2,954777,3,547434.3966486098,64176,15,FALSE,0.401,2,14,9,0,0,0,1,130,82
28035,30320,Forest,256,for_profit,59,FALSE,5,784705,3,784705,52745,0,FALSE,1.177,2,12,12,0,0,0,0,108,48
28036,29589,Dairy,64,for_profit,60,FALSE,2,895148,3,513245.29737437086,60168,15,FALSE,0.379,2,10,15,0,2,1,1,72,166
28037,29729,Dairy,80,for_profit,44,TRUE,3,2554,3,1464.3706845059623,214,15,FALSE,0.001,3,16,14,1,0,1,1,128,129
28038,30371,Dairy,64,for_profit,52,FALSE,4,638549,3,638549,42921,5,FALSE,0.573,3,10,12,0,0,0,2,103,107
28039,29433,Dairy,64,for_profit,52,FALSE,1,1920,3,1920,129,0,FALSE,0,1,11,12,1,0,0,0,71,142
28040,29085,Dairy,64,for_profit,57,FALSE,2,553840,3,444410.4950924201,37227,10,FALSE,0.487,2,16,12,0,1,0,0,76,164
28041,30349,Forest,48,for_profit,40,FALSE,4,284421,3,284421,19118,5,FALSE,0.668,1,13,14,0,0,0,0,106,132
28042,28909,Dairy,64,pro_environmental,71,TRUE,3,836,3,836,98,10,FALSE,0.001,2,13,16,1,0,2,1,118,82
28043,30011,Forest,96,for_profit,64,FALSE,3,586045,3,336016.88245939574,39391,15,FALSE,0.394,1,15,8,0,0,0,0,128,131
28044,29101,Dairy,192,for_profit,56,FALSE,4,2020553,3,1158511.581711267,135813,15,FALSE,0.363,7,10,9,2,0,2,0,115,62
28045,29581,Forest,128,pro_environmental,61,FALSE,4,708600,3,708600,47629,5,FALSE,0.624,1,12,9,0,0,0,0,122,118
28046,29354,Dairy,48,pro_environmental,75,TRUE,2,1302,3,1302,109,5,FALSE,0.001,2,13,13,2,1,2,2,60,120
28047,30298,Forest,128,for_profit,53,FALSE,2,418264,3,335622.0412381482,28114,10,FALSE,0.494,1,11,11,0,0,0,0,49,213
28048,29247,Forest,80,pro_environmental,74,FALSE,2,128,3,128,9,0,FALSE,0,2,11,7,0,0,1,0,91,131
28049,30062,Forest,48,for_profit,55,FALSE,2,575286,3,575286,48190,10,FALSE,0.926,2,11,13,1,0,0,1,107,90
28050,29478,SNB,80,for_profit,59,FALSE,2,212516,3,212516,14284,5,FALSE,0.62,1,11,13,1,0,0,1,110,131
28051,30523,SNB,32,for_profit,74,FALSE,2,46331,3,46331,10117,20,FALSE,0.489,1,11,15,0,0,0,0,78,261
28052,29548,Forest,32,for_profit,52,FALSE,2,357408,3,357408,24023,5,FALSE,0.665,1,9,9,0,0,0,0,152,224
28053,29339,Forest,64,for_profit,51,FALSE,2,719805,3,577583.5916871288,48382,10,FALSE,0.78,2,13,11,1,1,0,1,97,114
28054,29909,Forest,64,for_profit,73,FALSE,3,0,0,0,0,21,TRUE,0,1,13,11,0,0,0,0,44,127
28055,29372,SNB,64,pro_environmental,60,FALSE,5,229984,3,131864.45869436933,15459,15,FALSE,0.388,1,14,11,0,0,0,0,12,307
28056,29961,Dairy,128,for_profit,68,FALSE,2,578,3,578,48,5,FALSE,0,2,13,10,0,2,2,0,97,245
28057,29212,Dairy,96,for_profit,71,FALSE,1,0,0,0,0,21,TRUE,0,1,20,10,0,0,0,0,38,263
28058,29555,Dairy,64,for_profit,74,FALSE,1,0,0,0,0,21,TRUE,0,2,14,12,0,0,1,0,147,229
28059,29063,Dairy,48,for_profit,40,FALSE,4,552856,3,552856,37161,5,FALSE,0.629,2,13,8,0,2,0,0,83,212
28060,29769,Dairy,64,pro_environmental,54,FALSE,3,718835,3,718835,48317,5,FALSE,0.629,2,12,13,0,0,1,1,150,236
28061,30434,Forest,32,for_profit,50,FALSE,4,154870,3,88796.8237703361,10410,15,FALSE,0.401,1,8,11,0,0,0,0,59,219
28062,28886,Forest,128,for_profit,55,FALSE,3,1651875,3,1651875,111032,5,FALSE,0.708,1,16,8,0,0,0,0,100,198
28063,29811,Forest,32,for_profit,65,FALSE,1,0,0,0,0,21,TRUE,0,1,12,10,0,0,0,0,61,132
28064,29818,Forest,96,for_profit,64,FALSE,3,632564,3,194721.07493595366,42518,20,FALSE,0.215,3,9,9,0,1,1,0,66,168
28065,29877,Forest,96,for_profit,54,FALSE,5,405338,3,232406.0628489733,27245,15,FALSE,0.359,1,12,12,0,0,0,0,180,18
28066,29690,Forest,112,for_profit,67,FALSE,2,138009,3,110740.73381700456,9276,10,FALSE,0.186,1,13,12,0,0,0,0,111,250
28067,29947,Forest,624,for_profit,56,FALSE,2,1045932,3,599699.3573949452,70303,15,FALSE,0.176,3,10,10,0,0,1,0,31,246
28068,30001,Dairy,48,for_profit,48,FALSE,3,572387,3,572387,38473,5,FALSE,0.607,1,13,8,0,1,1,0,96,247
28069,29126,Forest,80,for_profit,59,FALSE,4,380827,3,305581.96521479316,25598,10,FALSE,0.553,1,12,14,0,0,0,0,44,144
28070,30396,Forest,64,pro_environmental,60,FALSE,2,627929,3,360031.6443035021,42207,15,FALSE,0.476,2,11,10,0,0,0,0,79,125
28071,29029,Dairy,96,for_profit,70,FALSE,2,384,3,384,26,5,FALSE,0,1,10,10,0,0,1,0,84,252
28072,29410,Dairy,224,for_profit,73,FALSE,3,2662304,3,1526468.2579651377,178949,15,FALSE,0.372,5,10,13,0,0,0,3,134,67
28073,29045,Forest,224,for_profit,62,FALSE,3,1023853,3,1023853,68819,5,FALSE,0.67,1,12,12,0,0,0,0,31,270
28074,29439,Forest,32,for_profit,76,FALSE,2,97680,3,30068.664356087214,6566,20,FALSE,0.212,2,15,15,0,0,1,0,17,309
28075,30322,Dairy,64,for_profit,54,FALSE,3,919516,3,737835.0440657983,61806,10,FALSE,0.52,1,7,9,0,1,0,0,123,128
28076,30332,SNB,240,for_profit,57,FALSE,2,338616,3,338616,22760,5,FALSE,0.709,3,7,10,2,0,1,2,111,194
28077,29911,Dairy,176,for_profit,60,FALSE,1,8800,3,8800,591,0,FALSE,0.219,1,9,12,1,1,0,1,104,75
28078,29840,Dairy,64,for_profit,52,FALSE,2,815648,3,654489.6206506252,54824,10,FALSE,0.772,2,9,11,0,0,0,0,133,70
28079,29927,Forest,48,pro_environmental,51,FALSE,3,385056,3,385056,25882,5,FALSE,0.708,3,12,13,0,0,0,0,87,189
28080,30156,Forest,112,for_profit,66,FALSE,2,380895,3,117250.24477796724,25602,20,FALSE,0.197,1,10,15,0,0,0,0,133,231
28081,29350,Dairy,80,for_profit,70,FALSE,2,639767,3,639767,75000,15,FALSE,0.498,2,13,13,0,1,1,1,122,141
28082,30551,Dairy,112,for_profit,59,TRUE,2,640,3,640,43,0,FALSE,0,4,11,17,3,2,3,0,129,145
28083,30513,Forest,80,for_profit,53,FALSE,2,424414,3,340556.90427588177,28527,10,FALSE,0.48,1,12,12,0,0,0,0,131,128
28084,29527,Dairy,96,for_profit,38,FALSE,3,1145563,3,1145563,77000,5,FALSE,0.69,3,10,12,1,1,0,0,173,33
28085,29046,Dairy,32,for_profit,79,TRUE,4,128,3,128,9,5,FALSE,0,1,14,15,1,0,1,0,78,268
28086,29676,Forest,64,for_profit,59,FALSE,2,319696,3,319696,21489,5,FALSE,0.732,1,10,14,0,0,0,0,81,134
28087,29605,Dairy,112,for_profit,72,FALSE,1,1221487,3,700356.2076370926,82103,15,FALSE,0.343,1,12,10,0,0,1,1,62,260
28088,30318,Dairy,144,for_profit,64,FALSE,1,960,3,960,65,0,FALSE,0.198,4,14,10,3,4,3,0,89,186
28089,30544,Forest,144,pro_environmental,69,FALSE,2,746712,3,428137.495132661,50191,15,FALSE,0.345,2,12,14,0,1,0,0,107,158
28090,30529,Dairy,48,for_profit,65,TRUE,2,2426,3,2426,284,10,FALSE,0.001,2,13,10,2,2,2,1,127,221
28091,29226,Forest,80,pro_environmental,48,FALSE,2,281434,3,281434,18917,5,FALSE,0.638,3,8,16,0,0,0,0,86,279
28092,29489,Forest,48,for_profit,64,FALSE,2,377015,3,116055.87113237327,25341,20,FALSE,0.202,3,9,12,0,0,0,0,127,142
28093,30526,Forest,96,for_profit,50,FALSE,4,415427,3,333345.58490675787,27923,10,FALSE,0.509,1,13,14,0,0,0,0,66,279
28094,29587,Forest,80,for_profit,59,FALSE,4,1105085,3,1105085,74279,5,FALSE,0.634,1,13,9,0,0,0,0,124,155
28095,30058,Forest,80,for_profit,67,FALSE,2,165187,3,165187,19365,15,FALSE,0.387,2,13,11,0,0,0,0,79,160
28096,29699,Forest,80,for_profit,58,FALSE,4,363172,3,363172,24411,5,FALSE,0.665,1,10,9,0,0,0,0,89,240
28097,29512,Dairy,80,for_profit,58,FALSE,2,716785,3,575160.2930897377,48179,10,FALSE,0.495,2,16,17,1,0,0,0,136,102
28098,29990,Forest,64,pro_environmental,64,FALSE,2,265470,3,265470,17844,5,FALSE,0.608,1,12,10,0,0,0,0,48,269
28099,29793,SNB,272,for_profit,75,TRUE,2,9664,3,2974.8522966546566,650,20,FALSE,0.004,5,11,8,0,0,1,2,76,106
28100,30281,Dairy,80,for_profit,69,FALSE,2,1396,3,1396,305,15,FALSE,0.002,3,10,12,0,3,1,2,135,74
28101,29940,Dairy,64,for_profit,80,FALSE,3,480,3,480,32,0,FALSE,0,3,13,14,1,2,0,2,92,206
28102,30444,Forest,64,for_profit,46,FALSE,2,803797,3,803797,54028,5,FALSE,0.639,1,13,15,0,0,0,0,89,210
28103,29303,Dairy,128,for_profit,42,FALSE,2,1457821,3,1169779.9948832279,97988,10,FALSE,0.465,1,9,10,0,0,0,0,65,196
28104,29033,Dairy,128,pro_environmental,49,FALSE,3,1053186,3,1053186,70791,5,FALSE,0.615,2,13,13,1,0,0,1,131,210
28105,30388,SNB,128,for_profit,48,FALSE,3,191051,3,191051,22397,15,FALSE,0.394,2,8,13,1,0,1,1,35,244
28106,29421,SNB,80,for_profit,32,FALSE,3,125374,3,125374,10502,10,FALSE,0.591,3,6,11,2,0,2,2,107,268
28107,29224,Forest,48,for_profit,40,FALSE,5,175273,3,175273,11781,5,FALSE,0.528,1,14,15,0,0,0,0,66,192
28108,29475,SNB,112,for_profit,56,FALSE,2,0,0,0,0,21,TRUE,0,1,11,11,0,0,0,1,51,216
28109,30214,Dairy,96,for_profit,52,FALSE,3,819527,3,469886.967095191,68649,15,FALSE,0.34,2,13,12,0,0,1,1,177,26
28110,29108,SNB,80,for_profit,46,FALSE,3,519653,3,519653,34929,5,FALSE,0.73,2,13,9,0,0,0,0,118,46
28111,30423,Dairy,64,pro_environmental,63,FALSE,4,828791,3,828791,55708,5,FALSE,0.697,2,15,11,1,1,0,0,100,195
28112,29320,Forest,112,for_profit,49,FALSE,4,472410,3,379069.69880581065,31753,10,FALSE,0.49,1,10,14,0,0,0,0,100,177
28113,29963,Crop,80,for_profit,69,FALSE,2,734611,3,421199.221971656,49377,15,FALSE,0.385,2,9,13,0,0,0,0,118,96
28114,29948,Dairy,96,for_profit,53,FALSE,3,1043772,3,837540.1402636239,70158,10,FALSE,0.543,2,11,10,0,0,0,0,91,193
28115,29892,Dairy,32,pro_environmental,77,FALSE,2,1119,3,1119,244,15,FALSE,0.001,2,13,11,0,2,2,1,114,74
28116,29833,SNB,112,for_profit,65,FALSE,3,134433,3,41382.276365498285,9036,20,FALSE,0.184,3,10,14,0,0,0,1,107,237
28117,29904,Forest,112,for_profit,53,FALSE,2,619158,3,496822.75263692153,41617,10,FALSE,0.52,2,11,15,0,0,0,0,42,243
28118,29276,Forest,64,for_profit,43,TRUE,2,0,0,0,0,21,TRUE,0,1,13,12,0,0,0,0,104,164
28119,29983,Dairy,80,for_profit,62,FALSE,2,1166696,3,1166696,78420,5,FALSE,0.742,1,13,12,0,0,0,0,57,229
28120,29652,Dairy,32,for_profit,50,FALSE,2,298660,3,239649.78778040982,20075,10,FALSE,0.525,2,9,12,0,0,0,0,70,190
28121,29867,SNB,112,pro_environmental,59,FALSE,4,122233,3,98081.80710427521,8216,10,FALSE,0.433,1,11,15,0,0,0,0,121,213
28122,29934,Forest,64,for_profit,62,FALSE,5,283835,3,283835,19078,5,FALSE,0.642,1,10,11,0,0,0,0,76,196
28123,28890,Forest,80,for_profit,47,FALSE,4,360913,3,289602.6379735855,24259,10,FALSE,0.53,1,8,8,0,0,0,0,71,241
28124,29193,Dairy,80,for_profit,70,TRUE,2,4301,3,2466.0369279796964,504,15,FALSE,0.002,2,10,13,1,0,0,1,99,66
28125,29941,Forest,128,for_profit,65,FALSE,3,911235,3,522468.99792317563,61249,15,FALSE,0.419,2,14,14,0,1,1,0,129,91
28126,29743,Forest,144,for_profit,49,FALSE,4,553528,3,553528,37206,5,FALSE,0.563,1,8,12,0,0,0,0,80,253
28127,30325,Crop,128,for_profit,58,FALSE,3,1706333,3,1706333,114692,5,FALSE,0.632,1,9,11,0,0,0,0,91,138
28128,29601,Dairy,64,pro_environmental,64,FALSE,2,2560,3,2560,172,0,FALSE,0.234,1,9,11,0,1,1,1,125,31
28129,29260,Forest,160,for_profit,62,FALSE,3,1333230,3,764425.5785841363,89614,15,FALSE,0.367,2,10,11,1,0,1,1,119,135
28130,29436,Forest,96,for_profit,67,FALSE,1,160981,3,92300.6488498255,10820,15,FALSE,0.187,3,9,12,2,0,0,1,126,162
28131,30136,Dairy,80,for_profit,45,FALSE,2,884469,3,507122.3472804636,59450,15,FALSE,0.362,3,9,15,0,1,2,2,88,108
28132,29885,SNB,64,pro_environmental,59,FALSE,4,91539,3,91539,6153,5,FALSE,0.707,1,10,15,0,0,0,0,102,66
28133,29070,Forest,80,for_profit,59,FALSE,1,544329,3,167559.84848776206,36587,20,FALSE,0.186,2,15,12,0,0,0,0,119,80
28134,28773,Dairy,160,pro_environmental,80,FALSE,2,2283,3,2283,268,10,FALSE,0.001,4,13,16,1,2,0,0,14,317
28135,28855,Dairy,32,pro_environmental,43,FALSE,2,380609,3,380609,25583,5,FALSE,0.605,1,9,10,0,1,1,0,47,239
28136,29590,Dairy,96,for_profit,43,TRUE,2,371,3,297.69661577222274,31,10,FALSE,0,2,13,10,2,0,2,2,85,122
28137,29255,Forest,128,for_profit,49,FALSE,2,0,0,0,0,21,TRUE,0,1,12,11,0,0,0,0,111,146
28138,29515,Forest,112,pro_environmental,60,FALSE,2,0,0,0,0,21,TRUE,0,1,16,12,0,0,0,0,74,253
28139,29685,Forest,64,for_profit,55,FALSE,4,190947,3,190947,12835,5,FALSE,0.562,1,13,13,0,0,0,0,127,29
28140,29289,SNB,128,for_profit,51,FALSE,2,244528,3,244528,16436,5,FALSE,0.557,3,8,13,2,0,2,1,97,74
28141,30209,Forest,48,for_profit,63,FALSE,3,0,0,0,0,21,TRUE,0,1,13,14,0,0,0,0,112,149
28142,29304,SNB,64,pro_environmental,71,FALSE,3,162470,3,93154.38727943764,13610,15,FALSE,0.296,2,11,10,0,0,0,0,101,142
28143,29513,Dairy,80,for_profit,55,FALSE,3,805458,3,247942.7339775317,54139,20,FALSE,0.202,2,17,11,1,0,0,0,110,52
28144,30346,Forest,32,for_profit,52,FALSE,5,143034,3,143034,9614,0,FALSE,1.51,1,10,10,0,0,0,0,143,216
28145,30135,Dairy,112,for_profit,53,FALSE,2,1462133,3,1173240.01592692,98278,10,FALSE,0.664,3,15,12,1,0,1,1,103,85
28146,30194,Forest,48,for_profit,56,FALSE,3,696219,3,696219,46797,5,FALSE,0.738,1,7,18,0,0,0,0,84,160
28147,28942,Forest,96,for_profit,66,FALSE,3,460741,3,264172.1274667038,30969,15,FALSE,0.398,1,13,10,0,0,0,0,117,75
28148,29828,SNB,64,for_profit,47,FALSE,2,90016,3,90016,7540,10,FALSE,0.534,1,12,9,1,0,1,1,33,248
28149,29163,Forest,64,pro_environmental,84,FALSE,1,0,0,0,0,21,TRUE,0,1,15,8,0,0,0,0,28,252
28150,30179,Forest,80,pro_environmental,59,FALSE,2,865328,3,865328,58164,5,FALSE,0.594,1,16,17,0,0,0,0,70,270
28151,29313,Forest,64,for_profit,51,FALSE,3,376040,3,376040,25276,5,FALSE,0.603,2,7,14,0,1,1,0,92,169
28152,30178,Forest,80,for_profit,61,FALSE,2,434511,3,348658.90624206007,29206,10,FALSE,0.515,2,17,9,0,0,0,0,121,158
28153,29520,SNB,144,for_profit,77,FALSE,2,128,3,128,9,0,FALSE,0,2,12,15,2,0,1,2,95,214
28154,29232,Forest,64,for_profit,69,FALSE,2,480,3,275.2145374169389,32,15,FALSE,0,2,13,10,1,0,0,1,124,67
28155,30119,Forest,64,for_profit,40,FALSE,2,305737,3,305737,20550,5,FALSE,0.691,1,14,14,0,0,0,0,60,200
28156,28808,SNB,256,for_profit,56,FALSE,2,578139,3,331483.8696826909,38860,15,FALSE,0.37,3,16,14,2,0,0,2,98,206
28157,29391,SNB,96,for_profit,65,FALSE,2,77506,3,77506,9086,15,FALSE,0.312,3,13,17,0,0,0,1,136,25
28158,29582,Forest,96,for_profit,62,FALSE,2,1046001,3,839328.7272085196,70308,10,FALSE,0.751,4,13,13,0,0,0,0,99,88
28159,29915,Dairy,64,for_profit,77,FALSE,2,0,0,0,0,21,TRUE,0,1,13,13,0,0,1,0,43,269
28160,29438,Forest,96,for_profit,52,FALSE,3,1186073,3,1186073,79723,5,FALSE,0.736,1,12,10,0,0,0,0,7,307
28161,28964,Forest,80,for_profit,66,FALSE,3,311868,3,250248.1082686026,20962,10,FALSE,0.458,1,12,14,0,0,0,0,62,172
28162,29538,Dairy,32,for_profit,52,FALSE,2,414561,3,414561,27865,5,FALSE,0.711,1,11,7,0,1,0,0,73,254
28163,28935,Forest,80,for_profit,48,FALSE,4,366577,3,294147.52646882506,24640,10,FALSE,0.532,1,9,13,0,0,0,0,125,74
28164,28766,SNB,80,for_profit,69,FALSE,3,137713,3,110503.21845779006,9256,10,FALSE,0.445,3,9,13,1,0,0,3,59,196
28165,29077,Forest,64,for_profit,54,FALSE,2,309399,3,177398.13054638225,20796,15,FALSE,0.401,1,8,11,0,0,0,0,119,140
28166,29713,Dairy,192,for_profit,66,FALSE,2,2797114,3,2244451.136736132,188010,10,FALSE,0.544,3,12,16,3,2,1,3,124,142
28167,29283,Dairy,112,for_profit,68,FALSE,4,1508697,3,464419.57113058673,101408,20,FALSE,0.207,2,14,9,0,0,0,0,75,194
28168,30171,Dairy,96,for_profit,61,FALSE,2,1057944,3,848911.990502772,71110,10,FALSE,0.467,3,10,17,3,1,0,0,91,171
28169,29360,Forest,64,for_profit,59,FALSE,4,218151,3,175048.0173243293,14663,10,FALSE,0.515,1,10,12,0,0,0,0,118,214
28170,30402,Forest,96,for_profit,63,FALSE,3,474095,3,380421.7710364742,31867,10,FALSE,0.547,2,12,13,0,0,0,0,67,179
28171,29618,Forest,80,for_profit,53,FALSE,3,421017,3,421017,28299,5,FALSE,0.574,2,12,13,0,0,0,0,109,125
28172,29399,Forest,112,for_profit,62,FALSE,3,529496,3,303593.74313358223,35590,15,FALSE,0.392,1,9,14,0,0,0,0,46,157
28173,30304,Dairy,80,pro_environmental,40,TRUE,3,2339,3,2339,196,5,FALSE,0.001,3,13,9,3,0,2,1,56,156
28174,28803,SNB,32,for_profit,59,FALSE,2,20713,3,20713,4523,20,FALSE,0.219,1,13,15,0,0,0,0,66,145
28175,29037,Forest,112,for_profit,44,FALSE,2,381364,3,381364,25634,5,FALSE,0.538,2,10,16,0,0,0,0,141,76
28176,29083,Dairy,80,for_profit,56,FALSE,4,822179,3,659730.2044716721,55263,10,FALSE,0.606,3,14,11,1,0,0,0,140,94
28177,30076,Dairy,64,for_profit,58,FALSE,2,800,3,800,54,0,FALSE,0.047,3,13,18,1,0,2,2,61,134
28178,29852,Forest,128,for_profit,57,FALSE,3,709909,3,709909,47717,5,FALSE,0.666,2,14,13,0,0,0,1,56,216
28179,29441,Crop,64,for_profit,72,FALSE,2,842345,3,482969.9781676487,56619,15,FALSE,0.358,1,13,9,0,0,0,0,105,89
28180,28821,Forest,64,for_profit,50,FALSE,2,771804,3,771804,51877,5,FALSE,0.614,1,12,11,0,0,0,0,134,215
28181,30026,Forest,80,pro_environmental,62,FALSE,3,925969,3,743013.0393800251,62240,10,FALSE,0.512,2,19,10,0,0,1,1,88,135
28182,28782,Dairy,112,for_profit,54,FALSE,2,1552130,3,1552130,104328,5,FALSE,0.708,3,14,14,1,2,3,1,52,140
28183,29392,Forest,48,for_profit,42,FALSE,4,218164,3,218164,14664,5,FALSE,0.666,1,13,13,0,0,0,0,69,266
28184,28872,Forest,48,for_profit,74,FALSE,1,83611,3,25737.8285777724,7004,20,FALSE,0.095,2,11,11,0,0,0,0,128,106
28185,29387,SNB,112,pro_environmental,61,FALSE,2,222581,3,222581,14961,5,FALSE,0.648,3,14,12,2,0,2,0,71,132
28186,29732,Forest,96,for_profit,61,FALSE,3,436428,3,436428,29335,0,FALSE,1.125,1,9,14,0,0,0,0,102,154
28187,28885,Dairy,64,for_profit,59,FALSE,4,835758,3,835758,56176,5,FALSE,0.664,1,12,7,0,1,0,1,85,192
28188,29307,Dairy,48,pro_environmental,64,FALSE,4,541548,3,541548,36401,5,FALSE,0.695,3,12,15,1,0,0,0,83,160
28189,29541,SNB,80,for_profit,64,FALSE,2,255128,3,204718.98164079688,17149,10,FALSE,0.557,3,14,12,0,0,2,0,103,159
28190,29430,Forest,48,pro_environmental,53,FALSE,4,208586,3,208586,14020,5,FALSE,0.629,1,11,11,0,0,0,0,42,115
28191,30090,Dairy,96,for_profit,38,FALSE,2,742388,3,742388,49900,5,FALSE,0.614,3,15,13,0,0,0,1,125,150
28192,29796,Dairy,64,for_profit,50,FALSE,3,672737,3,385722.9213713734,56353,15,FALSE,0.307,1,13,11,0,0,0,0,55,222
28193,30316,Forest,64,for_profit,55,FALSE,3,527051,3,527051,35426,5,FALSE,0.66,2,14,12,1,0,1,0,139,78
28194,30273,Dairy,64,for_profit,52,FALSE,4,589558,3,473071.21671547194,39628,10,FALSE,0.518,2,12,13,0,0,0,0,73,174
28195,29034,Dairy,128,pro_environmental,61,FALSE,2,1672755,3,1672755,112435,5,FALSE,0.662,5,15,11,1,0,4,3,89,175
28196,29693,Dairy,80,for_profit,71,FALSE,2,2400,3,2400,161,5,FALSE,0.002,1,8,12,1,0,0,0,96,185
28197,29483,Forest,96,for_profit,62,FALSE,3,433287,3,433287,29124,5,FALSE,0.661,1,10,11,0,0,0,0,73,238
28198,29677,Forest,48,for_profit,55,FALSE,4,0,0,0,0,21,TRUE,0,1,13,9,0,0,0,0,19,254
28199,28817,SNB,240,for_profit,50,FALSE,3,58755,3,58755,12829,20,FALSE,0.117,2,11,22,2,0,1,0,7,290
28200,29667,Forest,64,for_profit,53,FALSE,3,288300,3,165300.73153604893,19378,15,FALSE,0.374,1,14,7,0,0,0,0,86,131
28201,29334,Dairy,80,for_profit,67,FALSE,1,3200,3,1834.7635827795925,215,15,FALSE,0.001,2,8,9,0,0,0,2,100,186
28202,28811,Dairy,96,for_profit,66,FALSE,2,1266963,3,1016632.3380286325,85160,10,FALSE,0.547,2,13,13,2,2,2,2,53,220
28203,28758,Dairy,32,for_profit,61,FALSE,4,363363,3,363363,24424,5,FALSE,0.676,1,11,12,1,0,0,1,136,231
28204,28970,Forest,80,for_profit,68,FALSE,2,0,0,0,0,21,TRUE,0,2,13,12,0,0,0,0,129,76
28205,30302,SNB,144,for_profit,74,FALSE,2,6400,3,6400,430,0,FALSE,0.198,2,10,14,0,0,0,1,104,81
28206,29891,Dairy,64,for_profit,66,FALSE,2,693571,3,397668.37902250775,46619,15,FALSE,0.389,3,15,10,0,0,1,0,55,155
28207,28936,Dairy,176,pro_environmental,62,FALSE,1,1957378,3,602536.2622849025,131567,20,FALSE,0.229,2,11,13,0,1,1,0,62,142
28208,29151,Dairy,32,for_profit,55,TRUE,2,1280,3,1280,86,5,FALSE,0.002,1,15,14,0,1,0,0,99,204
28209,29696,SNB,80,pro_environmental,43,TRUE,4,178845,3,102543.21655069258,12021,15,FALSE,0.4,1,12,14,0,0,0,0,57,220
28210,29358,Dairy,64,for_profit,63,FALSE,3,646714,3,646714,43469,5,FALSE,0.615,2,12,18,0,0,0,0,136,115
28211,28991,SNB,96,for_profit,70,FALSE,2,4800,3,4800,323,0,FALSE,0,1,13,11,0,0,0,1,114,53
28212,29567,Dairy,96,for_profit,79,FALSE,1,64,3,64,4,0,FALSE,0,2,11,9,0,0,2,0,99,72
28213,30425,Dairy,128,for_profit,59,FALSE,2,1303515,3,401258.7532568082,87617,20,FALSE,0.187,1,13,10,0,1,0,0,129,28
28214,28930,Dairy,96,for_profit,56,FALSE,3,1202211,3,1202211,80807,5,FALSE,0.653,2,10,11,0,0,0,1,47,231
28215,30446,Forest,64,pro_environmental,67,FALSE,1,506272,3,506272,59351,15,FALSE,0.738,2,13,18,1,1,1,1,107,174
28216,29688,Dairy,96,for_profit,59,FALSE,4,1091195,3,875593.1499934518,73345,10,FALSE,0.501,1,14,12,0,0,0,0,84,270
28217,29801,SNB,80,for_profit,62,FALSE,3,215713,3,215713,14499,5,FALSE,0.684,3,11,11,0,0,0,1,99,108
28218,30114,Forest,64,for_profit,40,FALSE,3,320175,3,320175,21521,0,FALSE,1.116,1,13,10,0,0,0,0,128,94
28219,30065,Forest,352,for_profit,56,FALSE,2,949617,3,292318.9479917534,63829,20,FALSE,0.184,7,13,10,0,0,0,3,168,22
28220,29288,Dairy,80,for_profit,78,FALSE,1,2400,3,2400,161,5,FALSE,0.002,1,12,10,1,0,0,1,112,104
28221,29117,Forest,80,for_profit,79,FALSE,4,0,0,0,0,21,TRUE,0,2,18,9,0,0,0,0,68,177
28222,29518,SNB,176,pro_environmental,60,FALSE,1,449,3,449,38,5,FALSE,0.001,4,9,11,3,0,2,1,111,238
28223,30102,Forest,64,for_profit,49,FALSE,6,309736,3,309736,20819,5,FALSE,0.7,1,14,11,0,0,0,0,81,171
28224,28761,Dairy,176,for_profit,66,FALSE,2,2124112,3,1704423.0563912874,142774,10,FALSE,0.532,1,14,17,0,0,1,0,39,269
28225,29700,Dairy,64,pro_environmental,70,FALSE,2,3200,3,3200,215,0,FALSE,0.207,1,16,9,0,0,0,1,82,255
28226,29889,Dairy,368,for_profit,51,FALSE,3,4000265,3,4000265,268881,5,FALSE,0.636,3,10,8,0,0,3,0,57,206
28227,28893,Forest,112,for_profit,68,FALSE,2,0,0,0,0,21,TRUE,0,1,11,12,0,0,0,0,43,251
28228,29050,Dairy,112,pro_environmental,55,FALSE,4,1098249,3,1098249,73820,5,FALSE,0.569,3,11,11,0,0,1,0,102,129
28229,29467,SNB,80,for_profit,57,FALSE,3,134422,3,134422,15758,15,FALSE,0.401,3,10,11,1,0,0,1,146,238
28230,28954,Dairy,112,for_profit,58,FALSE,4,1381118,3,791882.8156004329,92833,15,FALSE,0.361,3,12,13,0,1,0,0,61,191
28231,30358,Dairy,80,for_profit,50,FALSE,3,855150,3,855150,57480,5,FALSE,0.736,2,14,11,0,0,0,0,88,129
28232,29619,Dairy,96,for_profit,73,FALSE,1,1141297,3,351323.4687101686,76713,20,FALSE,0.209,2,13,11,0,0,1,0,97,239
28233,30377,Forest,80,pro_environmental,65,FALSE,4,355110,3,355110,23869,5,FALSE,0.65,1,14,10,0,0,0,0,32,267
28234,30480,Forest,80,pro_environmental,62,FALSE,2,341030,3,273648.185651755,22923,10,FALSE,0.51,3,12,16,0,0,1,0,131,119
28235,29262,SNB,64,for_profit,51,FALSE,4,100041,3,100041,6724,5,FALSE,0.671,2,11,8,0,0,0,0,99,103
28236,30385,Dairy,80,for_profit,57,TRUE,4,0,0,0,0,21,TRUE,0,4,18,12,0,0,0,0,94,84
28237,30150,Dairy,64,for_profit,38,FALSE,2,668820,3,536672.373479186,44955,10,FALSE,0.463,2,11,11,0,1,0,0,110,116
28238,29301,Dairy,48,for_profit,54,FALSE,3,455680,3,365645.266509667,30629,10,FALSE,0.474,2,12,13,0,0,0,0,101,174
28239,29695,Dairy,112,for_profit,54,FALSE,1,1329299,3,762171.6861954156,89350,15,FALSE,0.379,4,10,14,0,2,0,0,91,156
28240,30475,Dairy,80,pro_environmental,62,FALSE,2,1543,3,1543,129,5,FALSE,0,2,12,8,2,0,1,0,115,148
28241,30294,SNB,64,for_profit,56,FALSE,4,145075,3,145075,9751,5,FALSE,0.614,3,14,9,2,0,0,0,16,296
28242,28853,Dairy,144,pro_environmental,57,FALSE,2,1841996,3,1056133.4938830244,123811,15,FALSE,0.373,1,12,14,0,1,0,0,41,136
28243,29162,Dairy,128,for_profit,67,FALSE,3,1563983,3,896730.9539019924,105124,15,FALSE,0.406,3,11,13,2,1,0,0,76,171
28244,29386,Dairy,112,for_profit,69,FALSE,3,1073319,3,330397.9193080587,72144,20,FALSE,0.199,3,14,12,0,0,0,2,95,199
28245,29709,Dairy,128,for_profit,61,FALSE,2,0,0,0,0,21,TRUE,0,3,11,13,1,0,0,2,123,97
28246,29936,Dairy,48,for_profit,78,FALSE,1,0,0,0,0,21,TRUE,0,1,14,16,0,0,0,1,125,130
28247,29704,Dairy,96,for_profit,62,FALSE,2,797055,3,797055,53575,5,FALSE,0.571,2,9,15,0,0,1,0,117,149
28248,29994,Forest,176,pro_environmental,77,FALSE,3,710226,3,218627.6331999017,47738,20,FALSE,0.228,2,10,10,0,0,0,0,52,177
28249,30073,Dairy,64,for_profit,57,FALSE,3,533503,3,533503,35860,5,FALSE,0.63,2,11,11,0,0,1,0,127,73
28250,28987,Forest,192,for_profit,53,FALSE,2,579933,3,465347.95545723033,38981,10,FALSE,0.456,1,12,14,0,0,0,0,51,211
28251,29557,Dairy,64,for_profit,76,FALSE,3,756695,3,232932.10457544448,50862,20,FALSE,0.2,2,15,12,0,0,0,2,110,69
28252,29235,Forest,112,pro_environmental,74,FALSE,2,447231,3,256425.98496565624,30061,15,FALSE,0.331,1,14,11,0,0,0,0,98,129
28253,29926,Forest,64,for_profit,80,FALSE,1,0,0,0,0,21,TRUE,0,2,12,10,0,0,0,0,84,90
28254,29274,Forest,32,for_profit,65,FALSE,4,141324,3,141324,9499,5,FALSE,0.639,1,14,14,0,0,0,0,119,146
28255,29511,Dairy,96,for_profit,56,FALSE,2,1157920,3,1157920,77830,5,FALSE,0.662,1,15,10,1,0,0,1,87,244
28256,29505,Forest,96,for_profit,50,FALSE,3,429978,3,429978,28901,0,FALSE,1.081,1,9,11,0,0,0,0,97,159
28257,28784,SNB,96,pro_environmental,68,FALSE,2,300023,3,172022.27324883803,20166,15,FALSE,0.363,2,9,12,0,0,1,1,78,132
28258,30034,Forest,64,for_profit,50,FALSE,3,387904,3,119407.81304651572,26073,20,FALSE,0.21,2,15,13,0,0,0,0,57,187
28259,29757,Dairy,96,for_profit,60,FALSE,6,925503,3,925503,62208,5,FALSE,0.542,3,9,12,0,3,0,0,179,35
28260,29139,Forest,64,for_profit,75,FALSE,4,0,0,0,0,21,TRUE,0,2,11,8,0,0,0,0,92,109
28261,30535,Dairy,80,for_profit,42,FALSE,4,3200,3,3200,215,0,FALSE,0.18,1,15,9,1,1,0,0,28,262
28262,29496,Forest,128,for_profit,54,FALSE,3,581384,3,178966.4246314436,39078,20,FALSE,0.205,1,10,10,0,0,0,0,57,263
28263,28806,Dairy,32,for_profit,68,FALSE,1,0,0,0,0,21,TRUE,0,1,16,12,0,0,0,0,48,237
28264,29043,Dairy,96,for_profit,52,FALSE,2,1083948,3,1083948,72858,5,FALSE,0.645,2,16,11,0,0,0,1,82,147
28265,30474,Dairy,48,for_profit,53,FALSE,2,664329,3,533068.7198365093,44653,10,FALSE,0.501,1,11,16,0,0,0,0,113,113
28266,29236,Forest,80,for_profit,53,FALSE,5,1215752,3,1215752,81718,5,FALSE,0.721,1,17,11,0,0,0,0,44,269
28267,29671,Forest,48,for_profit,63,FALSE,5,204905,3,164419.2049994806,13773,10,FALSE,0.496,1,10,8,0,0,0,0,83,193
28268,29829,Forest,64,for_profit,44,FALSE,3,883150,3,883150,59362,5,FALSE,0.702,1,15,12,0,0,0,0,144,212
28269,29615,SNB,176,for_profit,68,TRUE,3,128,3,128,9,5,FALSE,0,4,9,13,0,0,2,0,69,109
28270,30196,Dairy,128,for_profit,67,FALSE,3,1639750,3,940172.9952696366,110217,15,FALSE,0.377,2,14,11,1,0,1,0,71,197
28271,29150,Forest,160,for_profit,53,FALSE,1,707598,3,217818.66053479322,47562,20,FALSE,0.216,2,11,13,0,0,0,0,82,282
28272,30051,Dairy,64,for_profit,73,FALSE,2,861019,3,493676.9704004069,57874,15,FALSE,0.392,1,12,13,0,0,0,0,49,258
28273,29251,Forest,32,for_profit,63,FALSE,2,243800,3,195629.2046503178,16387,10,FALSE,0.52,2,10,12,1,1,1,1,99,116
28274,29509,Dairy,80,for_profit,73,FALSE,1,960,3,960,65,0,FALSE,0,2,14,12,1,0,0,0,95,122
28275,30228,Forest,96,for_profit,79,FALSE,3,0,0,0,0,21,TRUE,0,1,15,10,0,0,0,0,69,191
28276,29650,SNB,64,for_profit,71,FALSE,3,0,0,0,0,21,TRUE,0,2,10,12,0,0,0,0,79,286
28277,29802,Dairy,48,for_profit,63,FALSE,2,2554,3,2554,214,5,FALSE,0,1,8,14,1,1,1,1,133,118
28278,29879,Forest,128,pro_environmental,48,FALSE,2,522625,3,522625,35129,5,FALSE,0.598,1,12,13,0,0,0,0,90,92
28279,29398,Dairy,64,for_profit,50,FALSE,3,661780,3,379440.5761912121,44482,15,FALSE,0.448,3,7,9,1,1,0,0,143,102
28280,28988,Dairy,96,for_profit,60,FALSE,2,1385389,3,426461.8841483959,93120,20,FALSE,0.217,3,15,11,0,0,3,0,80,164
28281,29493,Dairy,64,pro_environmental,80,FALSE,3,1440,3,1440,97,0,FALSE,0.205,2,16,11,1,0,2,0,90,187
28282,29760,Forest,112,for_profit,78,FALSE,3,0,0,0,0,21,TRUE,0,1,13,20,0,0,0,0,81,260
28283,28813,Forest,64,for_profit,73,FALSE,1,0,0,0,0,21,TRUE,0,1,8,10,0,0,0,0,77,144
28284,28785,Forest,32,for_profit,69,FALSE,2,162286,3,49956.21686826341,10908,20,FALSE,0.226,1,11,14,0,0,0,0,59,189
28285,28908,Dairy,64,for_profit,58,FALSE,3,655998,3,526383.785858077,44093,10,FALSE,0.562,3,9,11,0,0,0,0,142,86
28286,29402,Dairy,64,pro_environmental,47,FALSE,2,607637,3,607637,40843,5,FALSE,0.641,3,13,10,0,2,0,0,81,140
28287,29783,Forest,80,for_profit,82,FALSE,2,0,0,0,0,21,TRUE,0,3,10,14,0,0,0,1,101,164
28288,29901,Forest,96,pro_environmental,61,FALSE,3,555276,3,555276,65095,15,FALSE,0.847,1,12,16,0,0,0,0,29,269
28289,29219,Dairy,128,for_profit,51,FALSE,3,1544663,3,1544663,103826,5,FALSE,0.586,2,12,10,0,0,0,0,119,124
28290,28847,Forest,96,for_profit,72,FALSE,2,0,0,0,0,21,TRUE,0,2,9,12,0,0,0,0,73,161
28291,29495,Dairy,144,for_profit,62,FALSE,2,1675598,3,960726.9343057249,112627,15,FALSE,0.478,5,13,10,1,1,0,0,148,228
28292,29062,Forest,32,for_profit,51,FALSE,3,51669,3,41460.07126774926,3473,10,FALSE,0.19,1,9,10,0,0,0,0,95,207
28293,28836,Crop,96,for_profit,65,FALSE,3,1142651,3,351740.26817308983,76804,20,FALSE,0.172,3,12,11,1,0,0,0,62,185
28294,28999,Forest,112,for_profit,59,FALSE,5,515952,3,515952,34680,5,FALSE,0.675,1,15,11,0,0,0,0,56,270
28295,30489,SNB,160,pro_environmental,77,FALSE,2,8000,3,8000,538,5,FALSE,0.01,2,13,13,0,0,0,2,78,114
28296,29972,Dairy,32,pro_environmental,65,FALSE,3,135327,3,108588.65208250024,9096,10,FALSE,0.491,1,19,16,0,0,0,0,53,236
28297,30575,Dairy,64,for_profit,62,FALSE,2,737991,3,227174.48481585956,49605,20,FALSE,0.181,1,11,11,0,0,0,0,110,161
28298,29311,Dairy,112,for_profit,68,FALSE,3,1314819,3,753869.3809833379,88376,15,FALSE,0.378,2,12,11,0,0,0,0,39,132
28299,29164,Dairy,80,for_profit,64,FALSE,2,1049695,3,601856.9246955701,70556,15,FALSE,0.352,2,15,19,2,0,2,0,93,151
28300,30450,Forest,96,for_profit,66,FALSE,5,459144,3,459144,30862,5,FALSE,0.692,1,11,9,0,0,0,0,58,160
28301,29808,Forest,64,for_profit,50,FALSE,1,86901,3,26750.58355045388,5841,20,FALSE,0.079,1,10,14,0,0,0,0,85,95
28302,30408,Dairy,64,for_profit,31,FALSE,2,840727,3,840727,56510,5,FALSE,0.598,2,12,9,1,1,0,1,92,191
28303,30133,Forest,192,for_profit,60,FALSE,2,916843,3,735690.184082081,61626,10,FALSE,0.523,4,10,11,0,0,0,2,106,66
28304,28864,Forest,64,pro_environmental,84,FALSE,3,0,0,0,0,21,TRUE,0,2,10,9,0,0,0,0,125,131
28305,29453,Crop,64,for_profit,71,FALSE,3,2400,3,2400,161,0,FALSE,0.199,2,13,10,0,0,1,1,81,274
28306,30488,Forest,64,for_profit,41,FALSE,4,264855,3,81529.85358345085,17802,20,FALSE,0.189,1,14,9,0,0,0,0,107,63
28307,29322,Forest,96,for_profit,76,FALSE,2,440643,3,135642.36760707758,29618,20,FALSE,0.207,1,10,12,0,0,0,0,88,250
28308,29308,SNB,64,for_profit,63,FALSE,1,54766,3,16858.522441906967,6420,20,FALSE,0.108,3,12,14,3,0,0,0,100,241
28309,30226,Dairy,32,for_profit,61,FALSE,3,366747,3,366747,24651,5,FALSE,0.629,1,14,16,0,0,0,1,100,251
28310,30211,Forest,32,pro_environmental,49,FALSE,4,185295,3,185295,12455,5,FALSE,0.652,1,11,12,0,0,0,0,99,143
28311,29838,Forest,32,for_profit,68,FALSE,5,180017,3,103215.1987128856,12100,15,FALSE,0.363,1,11,15,0,0,0,0,83,190
28312,30224,Dairy,64,for_profit,61,FALSE,2,717569,3,575789.3878249545,48232,10,FALSE,0.53,2,8,10,0,0,0,0,94,194
28313,28834,Dairy,64,for_profit,64,FALSE,1,745468,3,598176.0128476748,50107,10,FALSE,0.513,1,14,18,0,0,0,0,107,111
28314,30462,Dairy,160,for_profit,31,FALSE,4,2062392,3,2062392,138625,5,FALSE,0.707,3,15,11,2,0,0,0,132,100
28315,29702,Forest,112,for_profit,64,FALSE,3,569649,3,457095.9015580348,38289,10,FALSE,0.598,1,11,11,0,0,0,0,68,242
28316,28757,Forest,64,for_profit,67,TRUE,3,232962,3,232962,50868,20,FALSE,0.527,1,14,14,0,0,0,0,49,232
28317,29403,Dairy,112,for_profit,71,FALSE,2,960657,3,295717.3719730311,64571,20,FALSE,0.205,3,14,11,1,0,0,0,86,118
28318,28877,Dairy,32,for_profit,60,FALSE,3,229140,3,229140,19194,10,FALSE,0.502,2,11,9,0,0,1,1,61,181
28319,29964,Dairy,144,for_profit,51,FALSE,1,1313236,3,404251.1517642358,88270,20,FALSE,0.202,2,17,8,1,0,0,0,110,82
28320,29351,SNB,48,for_profit,52,FALSE,2,68229,3,68229,4586,5,FALSE,0.702,1,14,11,0,0,0,0,67,124
28321,29987,Forest,64,pro_environmental,68,FALSE,2,0,0,0,0,21,TRUE,0,2,15,10,0,0,0,1,81,168
28322,28779,Dairy,48,for_profit,77,TRUE,1,0,0,0,0,21,TRUE,0,2,14,11,2,2,2,2,87,232
28323,29385,Forest,64,for_profit,43,FALSE,4,258036,3,207052.40956172848,17344,10,FALSE,0.474,1,9,11,0,0,0,0,38,265
28324,30311,Crop,48,for_profit,44,FALSE,4,652680,3,652680,43870,5,FALSE,0.625,1,9,11,1,0,0,1,49,162
28325,30159,Forest,80,pro_environmental,37,FALSE,1,338295,3,338295,22739,5,FALSE,0.62,1,11,12,0,0,0,0,68,255
28326,29535,Dairy,48,pro_environmental,47,FALSE,4,668148,3,536133.1494204288,44910,10,FALSE,0.613,1,14,14,0,0,0,0,60,237
28327,29261,Dairy,128,for_profit,48,FALSE,4,933828,3,933828,62768,5,FALSE,0.611,3,8,11,0,1,0,0,128,148
28328,29142,Forest,80,for_profit,43,FALSE,1,500233,3,286815.4035326825,33624,15,FALSE,0.4,3,12,10,0,0,0,0,125,56
28329,29771,Forest,144,pro_environmental,55,FALSE,2,902278,3,277746.66603072954,60647,20,FALSE,0.203,3,11,12,0,1,0,0,101,69
28330,30005,Forest,80,for_profit,56,FALSE,2,256939,3,256939,17270,5,FALSE,0.618,3,12,10,0,0,0,0,143,89
28331,29020,Forest,96,for_profit,57,FALSE,2,411780,3,330419.1710045441,27678,10,FALSE,0.498,1,12,11,0,0,0,0,89,204
28332,29810,Forest,112,for_profit,72,FALSE,3,0,0,0,0,21,TRUE,0,1,14,12,0,0,0,0,90,200
28333,30064,Forest,144,for_profit,72,FALSE,3,0,0,0,0,21,TRUE,0,1,16,14,0,0,0,0,57,167
28334,29974,Forest,48,for_profit,82,FALSE,0,0,0,0,0,21,TRUE,0,1,11,13,0,0,0,0,35,273
28335,29293,Dairy,192,for_profit,56,FALSE,2,128,3,128,9,0,FALSE,0,4,11,12,0,0,2,1,58,153
28336,29463,Dairy,32,pro_environmental,59,FALSE,3,266787,3,266787,31276,15,FALSE,0.458,1,15,15,0,1,0,0,124,216
28337,30367,Dairy,64,for_profit,53,FALSE,2,925284,3,530524.1834151977,62194,15,FALSE,0.422,1,12,9,0,0,1,0,88,146
28338,29749,Forest,48,pro_environmental,64,FALSE,3,218101,3,175007.89648662414,14660,10,FALSE,0.527,1,17,11,0,0,0,0,124,168
28339,28860,Forest,128,for_profit,68,FALSE,3,808361,3,248836.35941391296,54335,20,FALSE,0.312,3,13,14,0,0,0,0,95,114
28340,30525,Forest,80,pro_environmental,65,FALSE,3,245725,3,245725,16517,5,FALSE,0.582,3,14,8,1,0,2,0,32,250
28341,29822,Forest,80,for_profit,37,FALSE,4,310173,3,248888.01187039795,20848,10,FALSE,0.586,1,17,14,0,0,0,0,149,227
28342,28833,Forest,80,for_profit,49,FALSE,2,0,0,0,0,21,TRUE,0,1,12,10,0,0,0,0,91,196
28343,29673,Dairy,128,for_profit,79,FALSE,1,0,0,0,0,21,TRUE,0,3,13,10,3,0,0,3,127,59
28344,28830,Forest,144,for_profit,55,FALSE,4,430886,3,345750.1455084366,28962,10,FALSE,0.452,1,15,17,0,0,0,0,88,78
28345,29384,Dairy,80,for_profit,60,FALSE,2,893062,3,716607.9112527568,60028,10,FALSE,0.524,2,14,8,1,0,0,1,128,98
28346,29285,Forest,64,for_profit,64,FALSE,3,240497,3,192978.8221115155,16165,10,FALSE,0.59,3,13,12,0,0,0,0,104,238
28347,30487,Forest,48,for_profit,74,FALSE,2,0,0,0,0,21,TRUE,0,2,15,13,0,0,0,0,129,216
28348,30049,Dairy,80,pro_environmental,54,FALSE,2,987934,3,987934,66405,5,FALSE,0.681,2,15,10,1,1,0,1,50,117
28349,29337,Dairy,112,for_profit,46,FALSE,3,1440728,3,1440728,96840,5,FALSE,0.708,2,13,7,2,0,0,2,70,129
28350,29763,Forest,96,for_profit,73,FALSE,4,341950,3,105261.87322444741,22984,20,FALSE,0.206,1,13,10,0,0,0,0,131,51
28351,29583,Dairy,80,for_profit,49,FALSE,2,915988,3,281966.991464001,61569,20,FALSE,0.188,2,12,14,0,2,0,1,70,253
28352,30043,Forest,64,for_profit,53,FALSE,3,392006,3,314552.1821089109,26349,10,FALSE,0.554,1,10,8,0,0,0,0,110,173
28353,30029,SNB,96,for_profit,57,FALSE,2,120567,3,120567,8104,5,FALSE,0.62,1,10,12,1,0,1,0,62,144
28354,30498,Forest,80,for_profit,59,FALSE,3,376254,3,301912.51339828,25290,10,FALSE,0.546,1,16,8,0,0,0,0,74,188
28355,29454,SNB,96,for_profit,65,FALSE,2,170269,3,170269,14263,10,FALSE,0.554,1,10,8,0,0,0,1,74,143
28356,29789,Forest,32,for_profit,57,FALSE,3,139818,3,112192.30572517692,9398,10,FALSE,0.514,1,11,15,0,0,0,0,103,200
28357,28767,Forest,64,for_profit,68,FALSE,1,0,0,0,0,21,TRUE,0,1,11,12,0,0,0,0,45,223
28358,30557,Forest,112,for_profit,47,FALSE,2,455637,3,365610.76258924056,30626,10,FALSE,0.478,1,13,14,0,0,0,0,94,243
28359,29842,SNB,112,for_profit,60,FALSE,2,235510,3,235510,19728,10,FALSE,0.53,2,12,15,1,0,1,1,64,143
28360,28848,Forest,96,for_profit,41,FALSE,3,381995,3,381995,25676,5,FALSE,0.749,1,10,16,0,0,0,0,100,70
28361,29280,Dairy,64,for_profit,56,FALSE,4,796395,3,796395,53530,5,FALSE,0.683,1,12,11,0,0,0,1,41,266
28362,29250,Forest,48,for_profit,68,FALSE,4,211454,3,169674.2323221013,14213,10,FALSE,0.511,1,11,13,0,0,0,0,70,196
28363,29225,Dairy,32,for_profit,43,FALSE,1,384790,3,220624.58719304984,25864,15,FALSE,0.378,1,9,16,0,0,0,0,125,28
28364,29598,Dairy,64,for_profit,44,FALSE,4,779336,3,779336,52384,5,FALSE,0.62,1,15,15,0,0,1,0,128,114
28365,29494,Forest,160,for_profit,67,FALSE,5,490167,3,393318.2131084181,32947,10,FALSE,0.481,3,10,14,0,0,0,0,115,235
28366,28844,Dairy,64,for_profit,58,FALSE,3,847395,3,847395,56958,5,FALSE,0.727,1,13,18,0,0,0,1,38,249
28367,30249,Forest,64,for_profit,58,FALSE,1,219587,3,176200.28778322123,14760,10,FALSE,0.549,2,11,13,1,0,1,0,37,244
28368,30236,Dairy,80,for_profit,37,FALSE,4,895878,3,895878,60217,5,FALSE,0.64,2,14,8,1,1,0,0,87,154
28369,30225,Dairy,80,for_profit,40,FALSE,2,882257,3,882257,59302,5,FALSE,0.561,1,12,13,1,0,0,0,76,178
28370,28998,Dairy,64,for_profit,56,FALSE,4,757936,3,757936,50945,5,FALSE,0.65,1,17,13,0,0,0,0,87,229
28371,30112,Dairy,64,for_profit,72,FALSE,2,674284,3,386609.91489092336,45322,15,FALSE,0.342,3,13,13,2,2,2,0,94,120
28372,28792,Forest,64,pro_environmental,54,FALSE,4,416888,3,416888,28021,5,FALSE,0.607,2,13,10,0,0,1,1,102,148
28373,28974,Forest,128,for_profit,47,FALSE,3,559481,3,559481,37606,5,FALSE,0.632,1,14,13,0,0,0,0,86,210
28374,29012,Dairy,64,for_profit,65,FALSE,3,872849,3,872849,58669,5,FALSE,0.697,3,11,13,0,1,1,1,81,191
28375,28854,Forest,32,for_profit,57,FALSE,2,68778,3,39434.80303012963,4623,15,FALSE,0.178,1,11,12,0,0,0,0,96,77
28376,30477,Forest,112,for_profit,41,FALSE,5,464641,3,464641,31231,5,FALSE,0.654,2,14,15,0,0,0,0,44,138
28377,29369,Dairy,64,for_profit,65,FALSE,3,698429,3,698429,46945,5,FALSE,0.636,2,11,10,1,0,0,2,89,114
28378,29073,Dairy,96,pro_environmental,51,FALSE,2,1067625,3,856680.1870992434,71761,10,FALSE,0.55,3,14,10,1,2,0,0,61,187
28379,28816,Forest,64,for_profit,52,FALSE,2,235018,3,235018,51317,20,FALSE,0.292,2,7,14,0,0,0,1,125,98
28380,29564,Forest,64,for_profit,53,FALSE,2,251450,3,77403.41576922737,16901,20,FALSE,0.189,2,12,10,0,0,0,0,124,93
28381,30248,Dairy,80,for_profit,51,FALSE,2,832813,3,477504.67614544404,55978,15,FALSE,0.41,3,15,10,0,2,1,0,132,55
28382,29197,Forest,176,for_profit,75,FALSE,3,0,0,0,0,21,TRUE,0,2,11,13,0,0,0,0,127,127
28383,29243,Forest,64,for_profit,46,FALSE,3,134619,3,134619,9049,5,FALSE,0.71,1,14,16,0,0,0,0,81,240
28384,29886,Forest,64,for_profit,66,FALSE,2,0,0,0,0,21,TRUE,0,1,9,13,0,0,0,0,34,266
28385,28749,Forest,80,pro_environmental,63,FALSE,3,294575,3,294575,19800,0,FALSE,1.206,1,13,13,0,0,0,0,83,112
28386,29727,Forest,32,for_profit,58,FALSE,3,162613,3,130483.3956349554,10930,10,FALSE,0.459,1,12,12,0,0,0,0,83,157
28387,29173,Crop,64,for_profit,56,FALSE,1,426988,3,244819.38521371648,28700,15,FALSE,0.4,2,13,11,0,0,1,0,68,133
28388,30469,Dairy,144,for_profit,61,FALSE,2,1748223,3,1748223,117508,5,FALSE,0.658,2,11,11,0,1,0,0,112,142
28389,30035,Dairy,48,for_profit,31,FALSE,4,465308,3,465308,31276,5,FALSE,0.63,2,12,12,1,0,0,1,55,161
28390,29396,SNB,160,for_profit,54,FALSE,2,214883,3,123206.0946745085,14444,15,FALSE,0.38,1,7,9,0,0,0,0,12,322
28391,29113,Dairy,176,for_profit,80,FALSE,2,5760,3,5760,387,0,FALSE,0,2,16,13,2,1,2,0,136,89
28392,30447,Dairy,96,pro_environmental,60,FALSE,3,926479,3,531209.3529406419,62274,15,FALSE,0.332,3,15,12,0,0,1,1,99,185
28393,30020,Forest,112,for_profit,61,FALSE,1,0,0,0,0,21,TRUE,0,1,11,16,0,0,0,0,53,184
28394,29383,Dairy,112,for_profit,61,FALSE,2,1280493,3,1027489.0367116464,86069,10,FALSE,0.504,1,11,11,0,0,0,0,60,170
28395,29277,Forest,96,for_profit,41,FALSE,3,278754,3,278754,18737,5,FALSE,0.591,1,6,13,0,0,0,0,81,295
28396,29055,Dairy,48,for_profit,50,FALSE,3,523996,3,420463.16948296933,35221,10,FALSE,0.428,2,9,12,0,1,1,1,95,158
28397,30122,Forest,80,for_profit,54,FALSE,6,261082,3,261082,17549,5,FALSE,0.614,1,14,10,0,0,0,0,55,126
28398,30101,Forest,32,pro_environmental,58,FALSE,2,179377,3,179377,12057,5,FALSE,0.632,1,13,14,0,0,0,0,131,135
28399,29052,Forest,48,for_profit,37,FALSE,4,223600,3,223600,15029,5,FALSE,0.674,1,10,10,0,0,0,0,53,227
28400,29464,Dairy,64,for_profit,54,FALSE,3,685216,3,549828.7985794592,46057,10,FALSE,0.507,2,11,11,0,0,0,0,77,183
28401,29310,Forest,48,pro_environmental,47,FALSE,4,262699,3,210794.0788861109,17657,10,FALSE,0.643,1,13,11,0,0,0,0,74,244
28402,30493,Forest,144,for_profit,69,FALSE,3,635799,3,364544.0159899007,42736,15,FALSE,0.366,1,14,12,0,0,0,0,129,102
28403,29780,Forest,96,for_profit,76,FALSE,2,439930,3,135422.88605828673,29570,20,FALSE,0.204,1,10,13,0,0,0,0,97,179
28404,29526,Dairy,80,pro_environmental,79,FALSE,1,1600,3,1600,108,0,FALSE,0,2,13,13,2,1,1,2,77,190
28405,30305,Forest,80,for_profit,76,FALSE,2,0,0,0,0,21,TRUE,0,2,12,13,1,1,0,0,22,272
28406,29985,Forest,64,for_profit,65,FALSE,3,212910,3,122074.84825300096,14311,15,FALSE,0.388,1,12,11,0,0,0,0,137,50
28407,30173,Forest,48,for_profit,64,FALSE,3,100855,3,80927.74173506071,6779,10,FALSE,0.526,1,12,13,0,0,0,0,121,70
28408,29265,SNB,80,pro_environmental,63,FALSE,1,2400,3,2400,161,0,FALSE,0.115,1,9,14,1,0,0,0,107,142
28409,29871,Forest,64,for_profit,54,FALSE,3,279482,3,279482,18786,0,FALSE,1.52,1,8,11,0,0,0,0,79,152
28410,30507,Dairy,96,for_profit,70,FALSE,4,256,3,256,17,0,FALSE,0.209,2,9,10,0,0,1,0,137,120
28411,30142,Forest,48,for_profit,63,FALSE,1,644342,3,369442.2613923026,43310,15,FALSE,0.392,1,10,12,0,0,0,0,119,138
28412,29252,Forest,48,for_profit,61,FALSE,3,516644,3,516644,34727,5,FALSE,0.604,1,11,13,0,0,0,0,91,107
28413,29935,Forest,48,for_profit,56,FALSE,2,248496,3,199397.3537275856,16703,10,FALSE,0.601,1,14,10,0,0,0,0,126,112
28414,30154,Dairy,32,for_profit,72,FALSE,1,660,3,660,144,15,FALSE,0,2,13,15,0,1,2,0,104,201
28415,29123,Forest,80,for_profit,41,FALSE,3,370022,3,296911.85218671,24871,10,FALSE,0.544,1,14,18,0,0,0,0,92,258
28416,29190,Dairy,80,for_profit,58,FALSE,3,884036,3,884036,59421,5,FALSE,0.695,3,16,10,0,0,2,0,83,203
28417,29156,Dairy,128,for_profit,54,FALSE,4,1405865,3,1128089.630007051,94496,10,FALSE,0.448,1,15,9,0,0,0,1,134,94
28418,29681,Forest,112,for_profit,61,FALSE,2,307990,3,176590.2612063396,20702,15,FALSE,0.317,2,9,10,0,0,0,0,135,45
28419,29048,Forest,32,for_profit,42,FALSE,4,129411,3,103841.55456522673,8698,10,FALSE,0.611,1,15,9,0,0,0,0,144,237
28420,28791,Forest,96,for_profit,44,FALSE,2,968078,3,555060.706153157,65070,15,FALSE,0.354,2,8,14,0,0,0,0,103,88
28421,29341,Forest,96,for_profit,46,FALSE,3,476674,3,476674,32040,5,FALSE,0.728,1,12,13,0,0,0,0,57,267
28422,30092,Dairy,64,for_profit,72,FALSE,2,859226,3,264494.0438167833,57753,20,FALSE,0.192,2,13,13,0,2,2,1,75,172
28423,30576,Dairy,48,for_profit,61,FALSE,3,1280,3,1027.0934452518736,86,10,FALSE,0.001,2,13,14,0,1,0,0,102,185
28424,29092,Dairy,80,for_profit,49,FALSE,4,1028663,3,316651.5405663979,69142,20,FALSE,0.199,3,15,10,0,1,0,1,68,171
28425,29707,Dairy,32,for_profit,63,FALSE,3,349944,3,349944,23522,5,FALSE,0.607,2,14,13,1,1,0,1,13,310
28426,28961,Dairy,112,pro_environmental,70,FALSE,2,384,3,384,26,0,FALSE,0.214,3,15,9,0,0,2,2,58,144
28427,30175,Dairy,96,for_profit,63,FALSE,3,755928,3,755928,50810,5,FALSE,0.673,3,9,13,1,0,1,0,72,121
28428,28825,Forest,80,for_profit,51,FALSE,2,317640,3,182123.22013565933,21350,15,FALSE,0.329,1,14,10,0,0,0,0,86,198
28429,29137,Forest,64,for_profit,74,FALSE,4,0,0,0,0,21,TRUE,0,1,12,15,0,0,0,0,24,262
28430,29221,Forest,112,for_profit,69,FALSE,2,551228,3,316054.0813151341,37051,15,FALSE,0.408,1,12,9,0,0,0,0,138,215
28431,29536,Forest,64,for_profit,71,FALSE,3,478426,3,383897.03799849446,32158,10,FALSE,0.508,2,13,16,0,0,0,1,77,271
28432,29510,SNB,32,for_profit,52,FALSE,3,136423,3,78219.98507923137,9170,15,FALSE,0.358,1,13,14,0,0,0,0,28,274
28433,29366,Forest,64,for_profit,47,FALSE,1,219317,3,125748.38896389748,14742,15,FALSE,0.345,2,10,8,0,0,0,0,152,236
28434,29340,Dairy,80,for_profit,56,FALSE,4,730951,3,586527.3288283611,49131,10,FALSE,0.472,3,10,15,0,0,0,0,79,191
28435,29553,Crop,80,for_profit,60,FALSE,2,1010666,3,810975.3312022891,67933,10,FALSE,0.481,1,9,8,0,0,0,0,55,172
28436,29870,Forest,48,for_profit,62,FALSE,2,64,3,64,4,5,FALSE,0,2,11,14,0,0,1,0,130,227
28437,29144,Dairy,64,for_profit,62,FALSE,4,763805,3,612889.928867662,51340,10,FALSE,0.525,2,13,10,2,0,1,0,57,188
28438,30023,Forest,48,for_profit,65,FALSE,1,121180,3,121180,26460,20,FALSE,0.37,1,13,10,0,0,0,0,68,261
28439,30405,Forest,64,for_profit,50,FALSE,3,0,0,0,0,21,TRUE,0,2,12,8,0,0,0,0,148,87
28440,30392,SNB,32,for_profit,71,FALSE,4,65291,3,65291,4389,5,FALSE,0.689,1,11,11,0,0,0,0,117,48
28441,28895,Forest,112,pro_environmental,57,FALSE,3,725801,3,223422.05833653212,48785,20,FALSE,0.219,2,13,20,0,0,1,0,102,168
28442,28940,SNB,80,for_profit,70,FALSE,2,49139,3,49139,5761,15,FALSE,0.303,1,13,10,1,0,0,0,128,46
28443,29781,Dairy,48,pro_environmental,74,FALSE,2,448971,3,257423.63766379264,37609,15,FALSE,0.314,2,11,11,0,0,0,0,87,183
28444,30010,Dairy,80,for_profit,80,TRUE,1,6568,3,6568,550,5,FALSE,0.002,1,8,13,1,1,1,1,47,158
28445,29028,Forest,64,for_profit,57,TRUE,2,0,0,0,0,21,TRUE,0,1,12,12,0,0,0,0,43,138
28446,28985,Forest,64,for_profit,64,FALSE,1,233523,3,233523,50991,20,FALSE,0.542,1,19,11,0,0,0,0,129,59
28447,30558,Dairy,96,for_profit,63,FALSE,1,2560,3,2560,172,5,FALSE,0.002,3,11,9,0,2,1,1,131,110
28448,29275,Forest,64,for_profit,39,FALSE,3,290236,3,232890.22904384593,19508,10,FALSE,0.526,1,16,16,0,0,0,0,106,162
28449,29202,Forest,64,for_profit,48,FALSE,2,217895,3,174842.5986352789,14646,10,FALSE,0.514,1,13,13,0,0,0,0,61,117
28450,29347,Crop,96,for_profit,60,FALSE,2,1120484,3,642444.7619647528,75314,15,FALSE,0.338,3,12,12,1,0,0,1,115,129
28451,30202,Forest,128,for_profit,43,FALSE,4,484900,3,484900,32593,0,FALSE,1.771,1,16,11,0,0,0,0,120,49
28452,28929,Dairy,96,for_profit,56,FALSE,2,1159751,3,930603.6329877388,77953,10,FALSE,0.548,3,11,12,2,3,3,0,132,61
28453,29031,Forest,80,for_profit,63,FALSE,2,1063343,3,609682.1913761251,71473,15,FALSE,0.57,3,14,10,1,0,0,0,140,207
28454,29639,Dairy,32,for_profit,60,FALSE,2,340803,3,273466.03704857366,22907,10,FALSE,0.588,2,13,10,1,0,0,0,83,165
28455,30382,Dairy,96,for_profit,68,FALSE,2,1122161,3,900440.7872010061,75427,10,FALSE,0.515,1,13,10,0,0,0,0,54,261
28456,29595,Dairy,32,for_profit,68,FALSE,3,338704,3,104262.66269516958,22766,20,FALSE,0.194,1,11,10,1,0,0,0,90,109
28457,29186,SNB,64,pro_environmental,52,FALSE,3,95467,3,76604.3202639536,6417,10,FALSE,0.591,1,13,17,0,0,0,0,38,237
28458,28795,Dairy,48,for_profit,43,FALSE,2,430375,3,430375,28928,5,FALSE,0.644,2,12,11,1,0,1,0,123,223
28459,29248,Dairy,80,for_profit,45,FALSE,2,979906,3,979906,65865,5,FALSE,0.694,2,11,11,2,1,2,1,111,46
28460,29620,Forest,32,for_profit,57,FALSE,3,96960,3,77802.32847782943,6517,10,FALSE,0.458,1,10,13,0,0,0,0,122,223
28461,29364,Dairy,112,for_profit,67,FALSE,1,5600,3,5600,376,5,FALSE,0.003,1,11,14,0,0,0,1,73,124
28462,30467,Forest,80,for_profit,45,FALSE,2,435740,3,435740,29289,5,FALSE,0.604,2,13,15,0,0,1,0,52,117
28463,30514,SNB,48,for_profit,54,FALSE,4,104786,3,104786,7043,5,FALSE,0.737,1,11,10,0,0,0,0,60,273
28464,29318,Forest,96,for_profit,58,FALSE,1,772186,3,619614.9836837994,51903,10,FALSE,0.514,2,12,13,0,0,0,0,37,137
28465,29807,Dairy,176,for_profit,60,FALSE,3,1626880,3,1626880,109352,5,FALSE,0.617,2,11,9,0,0,1,0,109,103
28466,28883,Dairy,64,for_profit,57,FALSE,2,688141,3,688141,46254,5,FALSE,0.59,1,8,11,0,0,0,0,63,244
28467,28846,Forest,48,for_profit,61,FALSE,4,176493,3,176493,11863,5,FALSE,0.692,1,14,13,0,0,0,0,134,31
28468,30299,Crop,96,for_profit,54,FALSE,3,1334138,3,1334138,89675,5,FALSE,0.637,2,14,9,0,0,0,0,101,170
28469,29982,Forest,48,for_profit,79,FALSE,1,0,0,0,0,21,TRUE,0,2,12,10,1,0,0,0,124,61
28470,30539,Forest,64,for_profit,59,FALSE,3,286949,3,286949,19287,5,FALSE,0.657,1,9,16,0,0,0,0,47,273
28471,30131,Dairy,48,for_profit,54,FALSE,3,960,3,960,65,5,FALSE,0.001,2,11,9,1,0,2,0,101,148
28472,29420,Dairy,32,for_profit,53,FALSE,4,340110,3,272909.9622379803,22861,10,FALSE,0.526,2,12,14,0,0,0,0,140,19
28473,29738,Dairy,144,for_profit,70,FALSE,4,1109858,3,636352.2001426853,74600,15,FALSE,0.327,3,12,11,1,1,1,0,145,224
28474,29981,Forest,32,for_profit,53,FALSE,3,138074,3,110792.89090602125,9281,10,FALSE,0.501,1,11,15,0,0,0,0,76,153
28475,29481,Dairy,96,for_profit,47,FALSE,4,1095528,3,1095528,73637,5,FALSE,0.661,3,14,11,0,0,0,2,82,143
28476,28879,Forest,64,for_profit,61,FALSE,4,277580,3,159154.2735337373,18658,15,FALSE,0.36,1,15,14,0,0,0,0,50,226
28477,28752,SNB,96,for_profit,56,FALSE,1,2400,3,2400,161,0,FALSE,0.11,3,9,11,0,0,1,2,36,247
28478,29933,Forest,48,for_profit,66,FALSE,2,332720,3,332720,27871,10,FALSE,0.548,3,11,14,0,0,0,1,55,149
28479,28903,SNB,64,pro_environmental,80,FALSE,1,97805,3,97805,21356,20,FALSE,0.516,1,13,7,0,0,0,0,70,134
28480,29291,Dairy,80,for_profit,42,FALSE,3,983521,3,983521,66108,5,FALSE,0.757,3,11,9,1,1,1,1,130,66
28481,30165,Crop,96,for_profit,75,FALSE,1,64,3,51.35467226259368,4,10,FALSE,0,2,13,10,0,1,1,0,93,202
28482,28729,Forest,32,pro_environmental,66,FALSE,2,388068,3,222504.07313815967,26084,15,FALSE,0.382,1,10,13,0,0,0,0,49,273
28483,30559,Forest,64,for_profit,71,FALSE,3,0,0,0,0,21,TRUE,0,2,10,11,0,0,0,0,130,137
28484,30375,Forest,96,for_profit,47,FALSE,4,540931,3,540931,36359,5,FALSE,0.674,2,8,11,0,0,1,1,130,105
28485,29725,Forest,48,for_profit,64,FALSE,2,0,0,0,0,21,TRUE,0,1,13,10,0,0,0,0,97,106
28486,29995,Dairy,64,for_profit,57,FALSE,4,743295,3,743295,49961,5,FALSE,0.573,2,11,13,0,0,1,0,70,182
28487,30033,Forest,80,for_profit,62,FALSE,4,331187,3,331187,22261,5,FALSE,0.599,1,13,11,0,0,0,0,78,155
28488,29018,Dairy,64,for_profit,54,FALSE,5,829811,3,829811,55776,5,FALSE,0.712,1,13,11,0,0,1,0,51,272
28489,29245,Dairy,64,for_profit,71,FALSE,4,1920,3,1920,129,5,FALSE,0.002,1,9,10,1,1,0,0,112,88
28490,30187,Dairy,80,for_profit,64,FALSE,1,1011,3,1011,85,5,FALSE,0,3,10,11,1,0,2,0,118,222
28491,29466,Dairy,48,for_profit,59,FALSE,4,605463,3,347150.45722515014,40697,15,FALSE,0.377,3,11,12,0,0,0,3,90,173
28492,29831,Dairy,96,for_profit,65,FALSE,3,710847,3,710847,47780,5,FALSE,0.615,3,13,10,1,0,0,0,61,267
28493,29239,Dairy,96,for_profit,75,FALSE,1,0,0,0,0,21,TRUE,0,2,9,10,1,0,0,0,84,88
28494,29610,Dairy,112,for_profit,52,FALSE,4,1135469,3,1135469,76321,5,FALSE,0.619,2,11,8,0,1,1,1,82,124
28495,30399,Dairy,64,pro_environmental,52,FALSE,3,805517,3,646360.3365148074,54143,10,FALSE,0.564,2,13,10,0,0,2,0,66,126
28496,29782,Dairy,128,for_profit,64,FALSE,3,128,3,128,9,0,FALSE,0.241,4,10,11,0,0,3,1,87,191
28497,30130,Dairy,80,for_profit,45,FALSE,3,945732,3,945732,63568,5,FALSE,0.692,2,9,12,0,1,1,0,76,125
28498,28902,Dairy,80,for_profit,70,FALSE,1,1154,3,925.9889342348923,97,10,FALSE,0.001,3,11,13,0,2,0,0,94,180
28499,28840,Forest,32,pro_environmental,59,FALSE,2,84885,3,84885,5706,5,FALSE,0.709,2,12,9,0,0,0,0,109,132
28500,28769,Dairy,48,for_profit,62,FALSE,4,704717,3,704717,47368,5,FALSE,0.663,1,10,11,1,1,0,0,130,120
28501,30012,SNB,96,for_profit,61,FALSE,4,216258,3,216258,14536,5,FALSE,0.638,2,8,15,1,0,0,1,52,111
28502,29663,Dairy,80,for_profit,54,FALSE,2,909665,3,280020.5933812457,61144,20,FALSE,0.176,2,11,9,0,0,0,0,63,173
28503,30306,Dairy,80,for_profit,35,FALSE,4,753357,3,753357,50637,5,FALSE,0.517,1,15,16,0,1,0,0,70,258
28504,30254,Forest,48,for_profit,55,FALSE,4,215315,3,123453.78775818375,14473,15,FALSE,0.377,1,16,11,0,0,0,0,131,214
28505,30386,SNB,144,for_profit,60,FALSE,2,257779,3,257779,17327,5,FALSE,0.705,3,11,16,3,0,2,0,138,115
28506,29400,Forest,112,for_profit,45,FALSE,2,0,0,0,0,21,TRUE,0,3,11,11,1,0,2,2,103,131
28507,30260,SNB,48,pro_environmental,50,FALSE,3,92662,3,92662,6228,5,FALSE,0.729,2,15,14,0,0,1,0,15,308
28508,29097,Dairy,64,for_profit,55,FALSE,4,796775,3,796775,53556,5,FALSE,0.664,2,16,14,0,1,0,2,111,74
28509,28861,Dairy,64,for_profit,51,FALSE,2,642799,3,515792.68712067115,43206,10,FALSE,0.491,2,9,8,0,0,0,1,146,217
28510,28831,Forest,80,for_profit,62,FALSE,2,0,0,0,0,21,TRUE,0,2,9,10,0,0,0,0,120,202
28511,29208,Dairy,80,for_profit,69,FALSE,5,299305,3,171610.59816995187,20118,15,FALSE,0.345,2,11,9,0,0,0,0,83,122
28512,29929,Dairy,48,for_profit,60,FALSE,3,514039,3,514039,34551,5,FALSE,0.588,1,18,9,1,1,0,0,61,272
28513,30361,Dairy,80,for_profit,61,FALSE,2,0,0,0,0,21,TRUE,0,2,16,12,0,0,0,0,102,135
28514,29227,Forest,128,for_profit,84,FALSE,1,0,0,0,0,21,TRUE,0,3,10,10,0,0,0,0,158,14
28515,29734,Dairy,64,for_profit,53,FALSE,3,971674,3,971674,65312,5,FALSE,0.787,2,9,11,2,0,0,0,99,233
28516,30329,Forest,112,for_profit,62,FALSE,3,584418,3,468946.7945993824,39282,10,FALSE,0.512,2,11,11,1,0,0,1,141,104
28517,30309,Dairy,80,for_profit,47,TRUE,3,1412,3,1133.0124567934731,118,10,FALSE,0.001,2,11,7,0,2,1,1,75,183
28518,29032,Forest,64,pro_environmental,54,FALSE,2,262754,3,262754,17661,5,FALSE,0.602,1,15,14,0,0,0,0,83,237
28519,29993,Dairy,80,for_profit,39,FALSE,2,1117467,3,1117467,75111,5,FALSE,0.676,3,15,12,0,0,3,3,115,120
28520,29298,Dairy,64,for_profit,45,FALSE,2,509254,3,291987.7167452621,34230,15,FALSE,0.354,3,13,8,0,0,0,0,71,127
28521,30068,Forest,128,for_profit,80,TRUE,3,0,0,0,0,21,TRUE,0,1,14,12,0,0,0,0,85,211
28522,30182,Dairy,48,for_profit,68,FALSE,2,0,0,0,0,21,TRUE,0,1,16,14,1,0,0,0,52,267
28523,29393,Forest,32,for_profit,66,FALSE,2,178397,3,178397,11991,5,FALSE,0.806,1,13,14,0,0,0,0,128,63
28524,29022,Dairy,64,for_profit,70,FALSE,3,763328,3,437664.50503624405,51308,15,FALSE,0.375,1,16,12,0,0,0,0,66,247
28525,30482,Forest,48,for_profit,64,FALSE,3,221780,3,221780,14907,5,FALSE,0.677,1,11,14,0,0,0,0,54,177
28526,30573,Forest,48,for_profit,52,FALSE,2,572518,3,572518,38482,5,FALSE,0.655,1,10,11,0,0,0,0,71,283
28527,29461,Forest,32,for_profit,53,FALSE,2,421427,3,421427,28327,5,FALSE,0.67,1,10,10,0,0,0,0,76,163
28528,30296,Dairy,80,pro_environmental,51,FALSE,3,2080,3,2080,140,5,FALSE,0.001,4,13,12,4,1,0,1,126,79
28529,30443,Dairy,80,for_profit,55,TRUE,4,640,3,513.5467226259368,43,10,FALSE,0,3,14,15,0,1,0,0,129,138
28530,28734,Forest,64,for_profit,52,FALSE,4,288597,3,231575.06798387106,19398,10,FALSE,0.523,1,11,11,0,0,0,0,58,235
28531,29672,Forest,112,for_profit,64,FALSE,1,0,0,0,0,21,TRUE,0,3,12,14,0,0,1,0,126,91
28532,30448,Forest,48,for_profit,71,FALSE,2,0,0,0,0,21,TRUE,0,1,10,10,0,0,0,0,93,98
28533,30546,Forest,32,for_profit,46,FALSE,5,137379,3,137379,9234,5,FALSE,0.621,1,12,12,0,0,0,0,130,67
28534,29665,Crop,48,for_profit,73,FALSE,2,0,0,0,0,21,TRUE,0,2,12,17,1,0,0,0,87,187
28535,29558,SNB,48,pro_environmental,74,FALSE,1,1770,3,1770,207,10,FALSE,0.006,2,14,14,1,0,1,1,150,231
28536,29374,Dairy,48,for_profit,66,FALSE,1,464636,3,143028.09102943222,31231,20,FALSE,0.211,2,16,15,1,0,0,1,66,130
28537,29088,Dairy,96,for_profit,47,FALSE,2,1254604,3,1006715.2693646732,84329,10,FALSE,0.502,3,10,15,1,1,3,3,96,192
28538,30517,Forest,32,for_profit,55,FALSE,2,318052,3,318052,21378,5,FALSE,0.684,2,12,11,1,1,0,0,80,181
28539,29027,Dairy,80,for_profit,57,FALSE,3,1920,3,1920,129,5,FALSE,0.001,2,18,12,1,1,0,1,70,167
28540,29792,Forest,48,for_profit,64,FALSE,2,0,0,0,0,21,TRUE,0,1,11,9,0,0,0,0,47,233
28541,28933,SNB,64,for_profit,62,FALSE,2,218438,3,125244.40234225271,14682,15,FALSE,0.368,1,10,10,0,0,0,0,138,201
28542,28835,Dairy,48,for_profit,65,FALSE,2,464431,3,464431,38904,10,FALSE,0.492,1,11,14,0,1,0,0,123,160
28543,29154,Forest,64,for_profit,43,FALSE,3,387942,3,387942,26076,5,FALSE,0.646,2,20,12,0,1,0,0,31,260
28544,29412,Dairy,112,for_profit,53,FALSE,4,1186227,3,951848.4189693705,79733,10,FALSE,0.55,2,13,11,0,0,0,0,125,96
28545,30250,Dairy,112,for_profit,70,FALSE,1,3360,3,3360,226,0,FALSE,0,1,9,13,1,0,0,0,104,174
28546,28953,SNB,208,for_profit,41,FALSE,4,279442,3,224228.94260005787,18783,10,FALSE,0.532,2,9,13,0,0,1,1,144,52
28547,30553,Dairy,48,for_profit,69,FALSE,2,2400,3,2400,161,5,FALSE,0.003,1,18,12,0,1,0,1,57,239
28548,30308,SNB,96,pro_environmental,40,FALSE,3,164575,3,132057.73730650556,11062,10,FALSE,0.522,1,8,8,0,0,1,0,179,40
28549,30393,SNB,48,for_profit,71,FALSE,2,137689,3,137689,9255,5,FALSE,0.67,1,12,11,0,0,0,0,117,81
28550,29325,Forest,80,for_profit,52,FALSE,3,1068252,3,1068252,71803,5,FALSE,0.706,3,10,9,2,0,1,1,50,224
28551,29017,Dairy,64,for_profit,77,FALSE,2,706,3,706,59,5,FALSE,0.001,3,15,7,1,2,1,1,42,230
28552,29616,SNB,80,for_profit,71,FALSE,2,1453,3,1453,317,15,FALSE,0.003,3,11,12,2,0,0,1,128,66
28553,29561,Dairy,128,for_profit,58,FALSE,3,1533008,3,1533008,103042,5,FALSE,0.677,3,14,15,3,2,0,0,92,117
28554,29000,Forest,64,pro_environmental,28,FALSE,4,179962,3,179962,12096,5,FALSE,0.595,2,10,16,0,0,1,0,134,54
28555,30006,Forest,80,pro_environmental,51,FALSE,5,365692,3,365692,24580,5,FALSE,0.661,1,17,9,0,0,0,0,47,146
28556,29888,Dairy,64,for_profit,55,FALSE,3,637095,3,511215.7019552675,42823,10,FALSE,0.521,2,11,17,1,0,0,0,104,117
28557,28932,Forest,64,for_profit,43,FALSE,3,210860,3,210860,14173,5,FALSE,0.62,1,14,10,0,0,0,0,86,85
28558,28874,Crop,64,for_profit,71,FALSE,3,0,0,0,0,21,TRUE,0,1,9,10,0,0,0,0,65,272
28559,30002,Forest,48,for_profit,49,FALSE,5,202947,3,202947,13641,5,FALSE,0.619,1,9,15,0,0,0,0,111,49
28560,30274,Forest,80,for_profit,64,FALSE,2,0,0,0,0,21,TRUE,0,2,14,16,0,0,0,0,98,235
28561,30100,Dairy,48,for_profit,61,FALSE,3,397315,3,318812.2126564439,26706,10,FALSE,0.51,2,12,12,0,0,0,0,66,132
28562,30137,Crop,96,for_profit,74,FALSE,3,0,0,0,0,21,TRUE,0,3,13,12,0,0,0,0,68,166
28563,29521,SNB,96,for_profit,74,FALSE,1,0,0,0,0,21,TRUE,0,2,12,17,0,0,2,2,60,250
28564,29504,SNB,48,for_profit,48,FALSE,5,37616,3,37616,4410,15,FALSE,0.387,1,11,12,0,0,0,0,118,220
28565,29003,Dairy,64,for_profit,62,FALSE,4,609571,3,349505.8349745435,40973,15,FALSE,0.322,2,12,13,0,1,0,0,95,160
28566,29550,Forest,32,for_profit,52,FALSE,5,153781,3,153781,10336,5,FALSE,0.695,1,11,14,0,0,0,0,69,172
28567,30259,Dairy,112,for_profit,70,FALSE,3,0,0,0,0,21,TRUE,0,2,15,11,0,0,1,1,104,250
28568,29292,Dairy,80,for_profit,51,FALSE,2,1010809,3,1010809,67942,5,FALSE,0.612,4,15,15,0,1,1,4,83,184
28569,30433,Forest,48,pro_environmental,56,FALSE,3,341881,3,274331.0423094967,22980,10,FALSE,0.477,2,9,9,0,0,0,0,67,168
28570,29365,Forest,112,for_profit,46,FALSE,4,368544,3,113448.25794891284,24772,20,FALSE,0.191,1,14,15,0,0,0,0,9,295
28571,30574,Forest,32,pro_environmental,60,FALSE,2,451381,3,362195.67688377807,30340,10,FALSE,0.576,1,10,9,0,0,0,0,70,154
28572,29333,SNB,112,for_profit,71,FALSE,1,1600,3,1600,108,0,FALSE,0,3,13,9,2,0,1,3,49,122
28573,29957,Forest,64,for_profit,40,FALSE,6,271234,3,271234,18231,5,FALSE,0.621,1,12,11,0,0,0,0,54,269
28574,29082,Dairy,64,for_profit,80,FALSE,2,0,0,0,0,21,TRUE,0,1,15,11,1,0,0,0,98,142
28575,29170,SNB,64,pro_environmental,59,FALSE,2,109725,3,33776.455737834454,7375,20,FALSE,0.165,1,10,16,0,0,0,0,49,229
28576,29480,Forest,64,for_profit,47,FALSE,2,795953,3,795953,53501,5,FALSE,0.683,1,12,10,0,0,0,0,90,234
28577,29273,Dairy,80,for_profit,80,TRUE,2,2499,3,769.2628196750815,546,20,FALSE,0.001,1,9,14,1,1,1,0,58,173
28578,30125,Forest,64,for_profit,61,FALSE,4,388592,3,311812.7313104032,26119,10,FALSE,0.523,2,10,12,0,0,0,0,129,146
28579,30357,Dairy,80,for_profit,77,FALSE,1,0,0,0,0,21,TRUE,0,2,13,12,0,0,0,0,125,148
28580,29498,Forest,48,for_profit,56,FALSE,2,218998,3,125565.48596923913,14720,15,FALSE,0.378,1,12,9,0,0,0,0,104,169
28581,29209,Forest,64,pro_environmental,44,FALSE,3,522306,3,419107.08516853524,35107,10,FALSE,0.495,2,10,9,0,0,0,0,126,86
28582,29869,Dairy,128,for_profit,39,FALSE,3,1470639,3,843210.9001923116,98850,15,FALSE,0.528,2,10,13,1,0,1,0,77,231
28583,29130,Forest,64,pro_environmental,51,FALSE,4,482873,3,482873,32457,5,FALSE,0.601,2,14,9,1,0,1,0,95,202
28584,29014,Dairy,64,for_profit,55,FALSE,1,830106,3,666090.9620814468,55796,10,FALSE,0.47,1,12,16,0,0,0,0,97,145
28585,30556,Forest,32,for_profit,57,FALSE,3,124591,3,99973.90581045015,8374,10,FALSE,0.464,1,11,11,0,0,0,0,53,113
28586,30007,SNB,64,for_profit,44,FALSE,3,304054,3,304054,20437,5,FALSE,0.596,4,8,15,1,0,0,2,45,124
28587,29765,Dairy,96,for_profit,50,FALSE,4,1146587,3,1146587,77069,5,FALSE,0.647,2,14,10,0,0,1,0,95,141
28588,29178,Forest,64,for_profit,66,FALSE,5,274955,3,157649.19403223842,18481,15,FALSE,0.361,1,18,13,0,0,0,0,87,239
28589,30581,Forest,80,pro_environmental,57,FALSE,2,683931,3,210533.2891249292,45971,20,FALSE,0.342,2,12,11,0,0,0,0,117,128
28590,28892,Forest,32,for_profit,65,FALSE,1,144300,3,44419.617798765204,9699,20,FALSE,0.203,1,11,9,0,0,0,0,75,238
28591,30127,Forest,32,for_profit,74,FALSE,1,0,0,0,0,21,TRUE,0,2,10,11,1,0,1,1,140,231
28592,28931,SNB,32,for_profit,75,FALSE,2,0,0,0,0,21,TRUE,0,1,11,11,0,0,0,0,105,202
28593,29324,Forest,96,for_profit,71,FALSE,2,686622,3,550956.9965357281,46152,10,FALSE,0.541,3,11,14,2,1,2,2,133,73
28594,28759,Forest,32,pro_environmental,56,FALSE,3,135838,3,135838,9130,5,FALSE,0.614,1,14,11,0,0,0,0,109,145
28595,29500,Forest,128,for_profit,42,FALSE,3,556375,3,446444.6215640712,37397,10,FALSE,0.511,1,13,14,0,0,0,0,58,272
28596,29140,Forest,32,pro_environmental,48,FALSE,3,154883,3,154883,10411,5,FALSE,0.709,1,9,11,0,0,0,0,79,240
28597,30278,Forest,128,for_profit,78,FALSE,1,0,0,0,0,21,TRUE,0,3,11,9,0,0,1,0,114,67
28598,29404,Forest,64,pro_environmental,65,FALSE,2,254487,3,145913.58746588443,17106,15,FALSE,0.429,1,10,10,0,0,0,0,51,214
28599,30265,Forest,80,for_profit,79,FALSE,3,370042,3,212168.62053091437,24873,15,FALSE,0.389,1,12,9,0,0,0,0,69,270
28600,28869,Forest,48,for_profit,44,FALSE,3,222341,3,222341,14945,5,FALSE,0.67,1,11,18,0,0,0,0,76,174
28601,28828,Dairy,80,for_profit,50,FALSE,2,1019934,3,818412.129679316,68556,10,FALSE,0.543,2,13,11,0,1,0,0,121,72
28602,30166,Dairy,32,for_profit,66,FALSE,3,153929,3,153929,18045,15,FALSE,0.323,2,9,14,2,0,0,0,143,103
28603,29635,Dairy,48,for_profit,61,FALSE,3,455331,3,455331,30605,5,FALSE,0.618,2,13,13,0,0,1,0,119,87
28604,29379,Forest,48,pro_environmental,47,FALSE,5,202320,3,202320,13599,5,FALSE,0.618,1,10,15,0,0,0,0,82,138
28605,29914,Forest,64,for_profit,63,FALSE,3,148501,3,148501,9982,5,FALSE,0.724,1,12,16,0,0,0,0,77,146
28606,29624,Forest,64,for_profit,60,FALSE,1,0,0,0,0,21,TRUE,0,3,11,10,0,0,0,0,61,120
28607,30079,Forest,80,for_profit,57,FALSE,4,319059,3,256018.28714735745,21446,10,FALSE,0.469,1,11,11,0,0,0,0,67,254
28608,29395,Dairy,112,for_profit,66,TRUE,1,4480,3,4480,301,0,FALSE,0,1,12,14,1,1,0,0,99,157
28609,30103,Forest,64,pro_environmental,55,FALSE,3,753650,3,432115.491925575,50657,15,FALSE,0.677,2,12,16,0,0,0,1,130,76
28610,29195,Dairy,32,for_profit,70,FALSE,3,486691,3,390529.01247115596,32713,10,FALSE,0.551,1,9,9,1,1,0,0,122,151
28611,29988,Forest,64,for_profit,82,FALSE,3,0,0,0,0,21,TRUE,0,1,12,13,0,0,0,0,49,239
28612,29287,Dairy,80,for_profit,51,FALSE,4,827136,3,827136,55597,5,FALSE,0.645,2,15,10,0,0,0,0,53,145
28613,28943,Forest,48,for_profit,45,FALSE,3,415372,3,415372,27920,5,FALSE,0.722,2,14,14,1,0,1,1,96,157
28614,29999,Dairy,48,for_profit,55,FALSE,2,484116,3,277574.50207528914,32540,15,FALSE,0.377,2,8,10,1,1,1,0,54,246
28615,30066,SNB,64,for_profit,55,FALSE,2,136993,3,136993,9208,5,FALSE,0.694,3,11,9,1,0,0,2,143,108
28616,30057,Forest,64,pro_environmental,54,FALSE,2,453753,3,453753,30499,5,FALSE,0.661,2,11,13,0,0,0,0,100,166
28617,29897,Dairy,64,for_profit,44,FALSE,3,759975,3,759975,51082,5,FALSE,0.707,1,10,14,0,0,0,0,101,253
28618,29906,Forest,80,for_profit,66,FALSE,3,272262,3,272262,18300,5,FALSE,0.671,2,12,15,0,0,0,0,92,92
28619,30586,Dairy,64,for_profit,75,FALSE,1,3200,3,1834.7635827795925,215,15,FALSE,0.002,1,9,15,0,0,0,1,67,142
28620,29815,Dairy,32,for_profit,54,FALSE,4,430377,3,430377,28928,5,FALSE,0.643,2,15,16,0,0,1,0,83,183
28621,29687,Dairy,48,for_profit,80,FALSE,2,800,3,800,54,5,FALSE,0.001,3,15,13,1,0,0,2,62,270
28622,29798,Dairy,48,for_profit,64,FALSE,2,686220,3,211237.9080101778,46125,20,FALSE,0.224,1,10,13,0,0,0,0,48,227
28623,29683,Dairy,64,for_profit,55,FALSE,3,635065,3,635065,42686,5,FALSE,0.657,2,11,14,1,0,0,1,126,155
28624,30208,Dairy,112,for_profit,62,FALSE,2,0,0,0,0,21,TRUE,0,1,10,12,1,1,1,1,72,180
28625,30411,Forest,32,for_profit,54,FALSE,2,106657,3,85583.36374236648,7169,10,FALSE,0.523,2,8,11,0,0,0,0,131,163
28626,29586,Dairy,64,for_profit,63,FALSE,3,607684,3,607684,40846,5,FALSE,0.633,2,12,13,0,0,0,1,102,202
28627,29182,Forest,32,for_profit,70,FALSE,3,0,0,0,0,21,TRUE,0,1,11,13,0,0,0,0,57,224
28628,29880,SNB,96,for_profit,50,FALSE,3,143203,3,143203,11996,10,FALSE,0.563,2,14,12,1,0,0,1,148,234
28629,30414,Dairy,96,for_profit,56,FALSE,3,1086097,3,871502.4293810346,73003,10,FALSE,0.498,1,14,12,0,0,0,1,83,241
28630,29177,Dairy,48,for_profit,58,FALSE,3,432843,3,248176.4292065835,29094,15,FALSE,0.372,3,12,12,0,0,0,0,114,47
28631,30086,Dairy,64,for_profit,42,FALSE,2,701830,3,563160.1505321269,47174,10,FALSE,0.536,2,11,14,1,0,0,0,115,84
28632,29730,Forest,32,for_profit,57,FALSE,3,142527,3,142527,9580,5,FALSE,0.661,1,9,14,0,0,0,0,137,229
28633,28826,Forest,32,for_profit,73,FALSE,3,143340,3,44124.102669958454,9635,20,FALSE,0.199,1,10,13,0,0,0,0,67,189
28634,29254,Forest,64,for_profit,50,FALSE,3,342936,3,342936,23051,5,FALSE,0.724,2,11,9,0,0,0,0,64,182
28635,29047,Forest,48,for_profit,81,FALSE,4,0,0,0,0,21,TRUE,0,2,12,7,0,0,0,0,45,159
28636,30492,Dairy,64,for_profit,62,FALSE,2,654061,3,654061,43963,5,FALSE,0.664,2,13,13,0,0,0,0,106,122
28637,29474,Crop,80,for_profit,63,FALSE,1,1165718,3,358840.9426274496,78355,20,FALSE,0.205,2,11,17,0,0,0,1,88,151
28638,29884,Dairy,80,for_profit,32,FALSE,2,627614,3,627614,42186,5,FALSE,0.622,2,9,9,0,0,0,0,127,151
28639,30085,SNB,48,for_profit,59,FALSE,4,94389,3,94389,6344,5,FALSE,0.647,2,8,9,0,0,2,0,107,179
28640,29133,Dairy,64,for_profit,66,FALSE,2,751313,3,602866.138775407,50500,10,FALSE,0.517,1,16,9,1,1,1,1,66,260
28641,29072,Dairy,48,for_profit,60,FALSE,3,588175,3,588175,39535,5,FALSE,0.623,1,11,12,0,1,0,0,108,151
28642,30149,Forest,64,for_profit,65,FALSE,2,0,0,0,0,21,TRUE,0,2,8,10,0,0,0,0,108,107
28643,29451,Dairy,64,for_profit,59,FALSE,3,747246,3,599602.70983647,50227,10,FALSE,0.558,1,14,12,0,0,0,0,125,207
28644,28868,Forest,48,for_profit,40,FALSE,4,197460,3,158445.21226518357,13272,10,FALSE,0.478,1,10,13,0,0,0,0,62,204
28645,30404,Dairy,96,pro_environmental,64,FALSE,3,192,3,192,13,5,FALSE,0,3,9,14,1,0,1,0,132,139
28646,29042,Forest,64,for_profit,64,FALSE,4,220329,3,220329,18456,10,FALSE,0.527,2,15,13,0,0,0,0,117,52
28647,29664,SNB,64,for_profit,50,FALSE,3,147099,3,118034.70211180106,9887,10,FALSE,0.52,2,12,14,1,0,1,1,86,88
28648,30290,Dairy,64,for_profit,58,FALSE,2,861200,3,691041.3086335262,57886,10,FALSE,0.527,2,13,13,0,0,0,1,108,156
28649,29546,Forest,32,for_profit,49,FALSE,2,116508,3,66801.44859452649,7831,15,FALSE,0.393,1,14,11,0,0,0,0,138,232
28650,29678,Forest,32,for_profit,67,FALSE,3,102101,3,31429.57308989415,6863,20,FALSE,0.185,1,8,13,0,0,0,0,88,73
28651,30019,Forest,80,for_profit,50,FALSE,4,345183,3,345183,23202,5,FALSE,0.632,1,14,18,0,0,0,0,64,274
28652,29067,SNB,48,for_profit,58,FALSE,3,81698,3,81698,5491,5,FALSE,0.565,2,15,15,1,0,1,0,125,161
28653,28904,Forest,48,pro_environmental,65,FALSE,5,247257,3,198403.15936925195,16620,10,FALSE,0.598,1,13,12,0,0,0,0,109,99
28654,29674,SNB,192,for_profit,61,FALSE,6,389710,3,389710,26195,5,FALSE,0.629,2,12,10,0,0,0,0,18,291
28655,30407,Dairy,64,for_profit,46,FALSE,4,606240,3,606240,40749,5,FALSE,0.672,3,11,16,1,1,0,0,124,58
28656,30468,Forest,32,for_profit,64,FALSE,3,143261,3,82140.6455101835,9629,15,FALSE,0.376,1,16,10,0,0,0,0,139,101
28657,28880,SNB,64,pro_environmental,71,TRUE,4,192,3,192,13,0,FALSE,0,2,14,14,0,0,1,1,98,135
28658,29986,Forest,80,for_profit,60,FALSE,3,614473,3,189152.15389924223,41302,20,FALSE,0.198,2,11,11,0,0,0,0,60,244
28659,29469,Dairy,48,for_profit,75,FALSE,2,480,3,480,32,0,FALSE,0,2,9,15,2,0,0,0,120,129
28660,29791,Forest,144,for_profit,51,FALSE,4,1696526,3,972726.2881371035,114033,15,FALSE,0.567,2,12,9,0,0,0,0,122,94
28661,29476,Dairy,48,for_profit,74,FALSE,2,0,0,0,0,21,TRUE,0,2,8,9,0,0,0,1,66,178
28662,28783,Dairy,48,for_profit,50,FALSE,2,614961,3,189302.37408971897,41335,20,FALSE,0.273,2,9,10,0,0,1,0,101,217
28663,29317,SNB,64,for_profit,62,FALSE,2,35756,3,35756,7807,20,FALSE,0.174,2,13,6,1,0,1,1,56,209
28664,29076,Dairy,48,pro_environmental,68,FALSE,4,64,3,64,4,0,FALSE,0.182,2,12,10,0,0,1,0,89,172
28665,30342,Forest,64,for_profit,61,FALSE,2,0,0,0,0,21,TRUE,0,2,9,11,0,0,0,0,145,63
28666,29607,Dairy,96,for_profit,70,FALSE,2,1281526,3,734780.3859953751,86139,15,FALSE,0.363,3,9,15,0,0,1,3,85,225
28667,28812,Forest,96,for_profit,48,FALSE,3,165185,3,94711.06950670219,11103,15,FALSE,0.191,2,14,15,0,0,0,0,63,127
28668,29269,Forest,32,for_profit,54,FALSE,4,157923,3,157923,10615,5,FALSE,0.723,1,13,15,0,0,0,0,52,114
28669,29058,Forest,64,for_profit,59,FALSE,3,319011,3,182909.30165815644,21443,15,FALSE,0.39,2,9,10,0,0,0,0,126,143
28670,29692,Forest,64,for_profit,59,FALSE,3,0,0,0,0,21,TRUE,0,3,11,9,0,1,0,0,90,158
28671,29419,Forest,32,pro_environmental,58,TRUE,3,205845,3,205845,24131,15,FALSE,0.931,1,13,14,0,0,0,0,117,145
28672,30295,Crop,80,for_profit,67,FALSE,3,1364960,3,782618.4062346353,91747,15,FALSE,0.431,2,9,12,0,0,0,0,119,110
28673,29153,Dairy,48,for_profit,61,FALSE,2,0,0,0,0,21,TRUE,0,1,10,11,0,0,0,0,69,193
28674,29006,SNB,32,for_profit,60,FALSE,2,62203,3,35664.937231137184,4181,15,FALSE,0.358,2,11,13,0,0,2,0,126,106
28675,30297,Dairy,32,for_profit,61,FALSE,2,417033,3,417033,28031,5,FALSE,0.663,1,14,10,0,0,0,0,52,149
28676,30435,Forest,64,pro_environmental,69,FALSE,3,175766,3,141037.5832016725,11814,10,FALSE,0.466,2,11,13,0,0,0,0,15,298
28677,28777,Forest,64,for_profit,63,FALSE,4,297505,3,238722.99642942083,19997,10,FALSE,0.547,1,11,16,0,0,0,0,72,248
28678,30292,Forest,32,pro_environmental,64,FALSE,2,0,0,0,0,21,TRUE,0,1,9,10,0,0,0,0,80,136
28679,29189,Forest,48,for_profit,46,FALSE,4,543304,3,311510.74799327616,36519,15,FALSE,0.317,2,16,11,0,0,1,1,60,183
28680,30376,Dairy,64,for_profit,47,FALSE,2,847725,3,847725,56980,5,FALSE,0.674,1,17,13,1,1,0,1,54,230
28681,29893,Forest,32,for_profit,60,FALSE,4,114092,3,91549.33230912247,7669,10,FALSE,0.539,1,12,10,0,0,0,0,144,239
28682,29820,Dairy,80,for_profit,74,FALSE,2,341068,3,341068,74474,20,FALSE,0.223,2,15,12,1,1,1,0,121,152
28683,29071,Forest,32,pro_environmental,55,FALSE,4,163348,3,131073.17194922114,10980,10,FALSE,0.6,1,15,7,0,0,0,0,69,247
28684,29967,Forest,48,for_profit,44,FALSE,2,55643,3,17128.487825202305,4661,20,FALSE,0.067,1,14,13,0,0,0,0,137,232
28685,30110,Dairy,32,pro_environmental,58,FALSE,2,452640,3,452640,30425,5,FALSE,0.72,1,13,11,0,0,0,0,108,99
28686,30158,SNB,48,for_profit,51,TRUE,2,1652,3,1652,111,5,FALSE,0.015,2,12,12,0,0,2,2,107,59
28687,29847,SNB,48,for_profit,52,FALSE,3,60114,3,48236.48075614932,4041,10,FALSE,0.496,1,14,11,0,0,0,0,66,122
28688,30063,Forest,32,for_profit,63,TRUE,3,0,0,0,0,21,TRUE,0,1,12,13,0,0,0,0,123,108
28689,30162,Dairy,48,for_profit,50,FALSE,2,355387,3,285168.4829904122,23888,10,FALSE,0.435,2,13,7,0,1,1,0,95,107
28690,29041,Dairy,32,for_profit,70,FALSE,3,0,0,0,0,21,TRUE,0,1,14,12,0,0,0,0,64,265
28691,30422,Forest,32,for_profit,52,FALSE,2,51369,3,51369,3453,5,FALSE,0.542,1,14,8,0,0,0,0,91,240
28692,30424,Forest,48,for_profit,67,FALSE,2,169821,3,97369.18324725413,11415,15,FALSE,0.351,2,13,7,0,0,0,0,110,51
28693,30267,Crop,80,for_profit,80,FALSE,3,388793,3,119681.47236892114,26133,20,FALSE,0.071,1,11,12,0,0,0,0,64,243
28694,29375,Dairy,48,for_profit,68,FALSE,5,231228,3,132577.7230371749,15542,15,FALSE,0.405,1,13,14,0,0,0,0,56,177
28695,29290,Dairy,64,for_profit,64,FALSE,2,1345,3,771.1740683870476,113,15,FALSE,0.001,3,16,12,3,0,0,0,113,71
28696,30018,Forest,48,pro_environmental,74,FALSE,4,168448,3,51853.05460129176,11322,20,FALSE,0.203,1,9,11,0,0,0,0,54,110
28697,30157,SNB,32,for_profit,66,FALSE,3,0,0,0,0,21,TRUE,0,1,12,15,0,0,0,0,66,275
28698,28763,Forest,32,for_profit,41,FALSE,3,107734,3,107734,7241,5,FALSE,0.671,2,11,11,0,0,0,1,131,103
28699,30418,Forest,48,for_profit,70,FALSE,1,357686,3,110105.8587108048,41932,20,FALSE,0.191,2,13,10,1,0,0,0,121,143
28700,29074,Forest,48,for_profit,63,FALSE,1,116681,3,35917.709108646726,9774,20,FALSE,0.084,1,13,10,0,0,0,0,120,94
28701,29183,Forest,48,pro_environmental,61,FALSE,4,256665,3,256665,17252,5,FALSE,0.65,2,10,13,0,0,0,0,70,186
28702,29187,Dairy,80,for_profit,41,FALSE,3,718929,3,576880.6746105346,48323,10,FALSE,0.568,3,15,11,0,0,0,0,108,113
28703,28789,Forest,48,for_profit,61,FALSE,2,665629,3,381647.4527631242,44741,15,FALSE,0.672,3,18,10,1,0,0,0,127,64
28704,29744,Dairy,32,pro_environmental,73,FALSE,1,813,3,813,95,10,FALSE,0.002,2,14,12,2,2,1,2,125,114
28705,30040,Forest,32,for_profit,43,FALSE,3,148417,3,148417,9976,5,FALSE,0.688,1,8,7,0,0,0,0,125,163
28706,29606,Forest,32,for_profit,51,FALSE,2,94925,3,54426.54159229776,6380,15,FALSE,0.278,2,13,9,0,0,0,0,34,255
28707,29502,Dairy,80,pro_environmental,79,FALSE,2,640,3,640,43,0,FALSE,0.205,2,9,16,0,1,0,2,80,183
28708,28966,Dairy,48,pro_environmental,37,FALSE,1,478975,3,274626.8397068298,32195,15,FALSE,0.314,1,14,11,1,0,0,1,37,268
28709,30109,Dairy,32,for_profit,48,FALSE,3,379427,3,379427,25503,5,FALSE,0.658,2,13,16,0,0,0,1,125,52
28710,29864,Dairy,32,for_profit,60,FALSE,3,400063,3,400063,26891,5,FALSE,0.686,1,10,11,0,1,0,0,150,225
28711,30240,Forest,32,pro_environmental,64,FALSE,2,299964,3,171988.44479528055,20162,15,FALSE,0.377,2,8,14,0,0,0,0,80,154
28712,30459,Forest,48,for_profit,48,FALSE,2,162678,3,93273.6469123183,10935,15,FALSE,0.347,2,11,14,0,0,0,0,57,191
28713,29603,Forest,32,for_profit,64,FALSE,2,138754,3,79556.49567656238,9326,15,FALSE,0.36,1,15,11,0,0,0,0,102,156
28714,30315,Dairy,32,for_profit,62,FALSE,3,425150,3,425150,28577,5,FALSE,0.676,1,10,13,0,1,0,0,112,114
28715,29543,Forest,32,for_profit,63,FALSE,4,125111,3,125111,10480,10,FALSE,0.566,1,12,11,0,0,0,0,57,234
28716,28973,Dairy,32,pro_environmental,45,FALSE,4,461245,3,370110.71574625035,31003,10,FALSE,0.553,2,10,12,2,0,0,0,107,168
28717,29814,Forest,32,for_profit,72,FALSE,1,0,0,0,0,21,TRUE,0,1,13,16,0,0,0,0,47,271
28718,28983,Forest,32,for_profit,60,FALSE,3,121782,3,121782,10201,10,FALSE,0.551,1,13,17,0,0,0,0,121,82
28719,29971,Forest,32,for_profit,40,FALSE,4,111609,3,111609,7502,5,FALSE,0.657,1,8,10,0,0,0,0,18,278
28720,29321,Dairy,32,for_profit,61,FALSE,3,415878,3,415878,27954,5,FALSE,0.661,1,15,10,1,0,1,1,46,262
28721,29487,Forest,48,for_profit,67,FALSE,2,188522,3,151273.21131701072,12672,10,FALSE,0.456,1,9,14,0,0,0,0,114,95
28722,30152,Dairy,32,for_profit,63,FALSE,3,237712,3,190744.09145133858,15978,10,FALSE,0.515,2,13,15,0,0,1,0,135,21
28723,30275,Dairy,64,for_profit,77,FALSE,2,4741,3,4741,397,5,FALSE,0.002,1,14,14,1,0,1,1,136,83
28724,29370,Forest,48,for_profit,50,FALSE,4,405104,3,405104,27229,5,FALSE,0.677,2,13,14,0,0,0,0,92,183
28725,30483,Dairy,32,for_profit,54,FALSE,5,381589,3,381589,25649,5,FALSE,0.607,1,11,12,0,0,0,0,86,213
28726,29572,Dairy,32,for_profit,64,FALSE,2,343853,3,343853,28803,10,FALSE,0.485,1,10,13,0,0,0,1,70,170
