farmer_id,farm_id,farm_type,size_ha,disposition,age,inherited,succession_stage,loan_principal,loan_rate,current_debt,debt_payments,debt_maturity,debt_free,debt_asset_ratio,n_holdings,n_local_links,n_catchment_links,Build_Wetland,Clean_Races,Farm_Plan,Riparian_Planting,x,y
26864,29388,Crop,64,pro_environmental,70,FALSE,1,284332,3,284332,62085,20,FALSE,0.105,1,11,10,1,0,0,1,38,259
26865,30129,Dairy,128,for_profit,54,FALSE,3,721777,3,721777,157603,20,FALSE,0.096,1,9,12,0,1,0,0,81,166
26866,29160,Dairy,96,for_profit,66,FALSE,3,1706016,3,1706016,199997,15,FALSE,0.325,1,13,15,0,0,0,0,56,261
26867,28948,Dairy,96,for_profit,61,FALSE,3,4383192,3,4383192,294619,5,FALSE,0.732,3,17,16,0,0,0,0,89,180
26868,29148,Forest,80,pro_environmental,62,FALSE,2,531230,3,304587.95565000095,44499,15,FALSE,0.358,1,11,11,0,0,0,0,44,222
26869,30188,SNB,240,for_profit,65,FALSE,2,800,3,800,54,0,FALSE,0.098,5,12,14,1,0,4,2,94,95
26870,29444,Forest,928,for_profit,49,FALSE,2,6435142,3,3689676.309879823,432543,15,FALSE,0.386,5,11,10,0,0,0,0,137,37
26871,30577,Dairy,144,for_profit,54,FALSE,4,4029824,3,4029824,337565,10,FALSE,0.576,3,14,14,0,1,0,0,118,70
26872,30533,Forest,224,for_profit,62,FALSE,2,1678310,3,962281.8964421307,112809,15,FALSE,0.413,3,7,11,0,0,0,0,84,303
26873,28804,Dairy,656,for_profit,62,FALSE,2,1408,3,1408,95,0,FALSE,0,3,12,11,0,0,1,0,106,207
26874,29630,Dairy,32,for_profit,48,FALSE,3,631443,3,631443,74024,15,FALSE,0.361,1,12,11,0,0,0,0,28,273
26875,29634,Dairy,176,for_profit,34,FALSE,3,7795458,3,7795458,523977,5,FALSE,0.734,2,10,11,1,1,2,0,114,133
26876,30395,SNB,464,for_profit,69,TRUE,2,7169,3,7169,840,10,FALSE,0.005,8,10,9,8,0,7,4,148,26
26877,29839,Forest,48,pro_environmental,63,FALSE,1,147088,3,147088,32117,20,FALSE,0.222,1,14,12,0,0,0,0,134,217
26878,29525,Forest,192,pro_environmental,48,FALSE,3,1766253,3,1417270.9991847326,118720,10,FALSE,0.534,1,12,7,0,0,0,0,63,189
26879,29913,Dairy,128,for_profit,79,TRUE,3,2014,3,1154.754329911906,236,15,FALSE,0,3,8,10,0,2,0,0,18,254
26880,30096,SNB,624,for_profit,56,FALSE,5,1606879,3,1606879,134603,10,FALSE,0.614,4,15,13,1,0,3,1,58,135
26881,29220,Forest,192,pro_environmental,39,FALSE,6,1663487,3,1663487,111812,5,FALSE,0.635,1,15,9,0,0,0,0,67,266
26882,28746,Dairy,256,for_profit,42,FALSE,3,8563624,3,8563624,717345,10,FALSE,0.653,4,12,13,4,1,3,0,93,106
26883,30403,Crop,96,for_profit,66,FALSE,2,0,0,0,0,21,TRUE,0,2,10,9,0,0,0,0,66,139
26884,30564,Dairy,112,for_profit,70,FALSE,2,953,3,953,112,10,FALSE,0,3,12,16,1,0,2,0,103,172
26885,29705,Dairy,144,for_profit,65,FALSE,3,4776853,3,4776853,400141,10,FALSE,0.519,2,13,12,0,1,0,0,84,182
26886,30081,Dairy,96,for_profit,66,FALSE,3,3094044,3,3094044,207968,5,FALSE,0.594,2,11,10,0,1,0,0,126,88
26887,29079,SNB,320,for_profit,72,FALSE,2,518872,3,518872,60828,15,FALSE,0.373,4,6,11,0,0,0,3,11,319
26888,30024,Dairy,112,for_profit,68,FALSE,3,3566720,3,3566720,298772,10,FALSE,0.564,3,10,13,1,1,0,0,78,138
26889,29011,Dairy,224,pro_environmental,71,FALSE,2,1821,3,1821,213,10,FALSE,0,5,12,12,1,5,4,0,137,208
26890,29545,Forest,1120,for_profit,60,FALSE,3,7395025,3,7395025,497062,5,FALSE,0.578,6,12,8,0,0,0,0,174,10
26891,28914,Dairy,48,for_profit,53,FALSE,2,0,0,0,0,21,TRUE,0,1,9,11,0,0,0,0,69,199
26892,28995,SNB,80,for_profit,63,TRUE,2,320,3,98.50504293558465,22,20,FALSE,0,1,17,15,1,0,1,0,101,247
26893,29670,Dairy,160,for_profit,77,FALSE,2,1384996,3,1384996,302420,20,FALSE,0.135,3,12,9,0,1,0,0,76,161
26894,30516,Dairy,224,for_profit,74,FALSE,2,3200,3,3200,215,0,FALSE,0.113,4,12,11,0,3,0,4,75,121
26895,30170,Forest,64,pro_environmental,53,FALSE,5,493009,3,282673.42474455753,41298,15,FALSE,0.324,1,8,12,0,0,0,0,71,125
26896,29648,Dairy,288,for_profit,57,FALSE,2,5118913,3,5118913,600093,15,FALSE,0.354,3,11,12,0,3,1,3,138,23
26897,30215,Dairy,112,for_profit,48,FALSE,6,4340342,3,4340342,291739,5,FALSE,0.664,2,13,7,0,0,1,2,51,153
26898,30394,Dairy,224,for_profit,50,FALSE,2,6510331,3,6510331,545348,10,FALSE,0.571,8,13,10,6,5,3,5,137,53
26899,30341,SNB,32,pro_environmental,70,FALSE,3,19941,3,19941,4354,20,FALSE,0.134,2,10,10,0,0,0,1,11,283
26900,29390,Forest,176,for_profit,77,FALSE,3,1281284,3,394415.42322711763,107329,20,FALSE,0.164,1,15,14,0,0,0,0,28,272
26901,28949,Dairy,128,for_profit,56,FALSE,3,4191069,3,4191069,351072,10,FALSE,0.596,2,18,15,1,0,0,0,95,190
26902,29299,Dairy,64,for_profit,67,FALSE,1,3405,3,2732.2290477208044,285,10,FALSE,0.001,1,12,8,0,0,1,1,77,169
26903,29575,Dairy,208,for_profit,62,FALSE,4,8587434,3,8587434,577210,5,FALSE,0.756,1,13,11,0,0,0,0,77,246
26904,28923,Dairy,80,for_profit,64,FALSE,2,0,0,0,0,21,TRUE,0,3,13,12,0,1,1,0,63,181
26905,29883,Forest,96,for_profit,61,FALSE,4,1304649,3,1304649,87693,5,FALSE,0.651,2,17,14,0,0,0,0,112,171
26906,29724,SNB,208,for_profit,80,FALSE,2,0,0,0,0,21,TRUE,0,1,10,15,0,0,0,0,52,132
26907,30508,Dairy,1280,for_profit,69,FALSE,2,27393696,3,27393696,3211377,15,FALSE,0.425,2,13,12,0,1,0,2,128,34
26908,29805,Dairy,64,pro_environmental,79,FALSE,1,0,0,0,0,21,TRUE,0,1,14,13,0,1,0,0,73,250
26909,30276,Forest,240,for_profit,61,FALSE,4,1789762,3,1789762,120300,5,FALSE,0.689,2,10,11,0,0,0,0,16,249
26910,30237,SNB,496,for_profit,42,FALSE,3,749533,3,749533,87868,15,FALSE,0.358,4,7,8,0,0,3,1,124,240
26911,29205,Forest,1264,for_profit,78,FALSE,3,0,0,0,0,21,TRUE,0,6,11,9,0,0,0,0,152,20
26912,29680,Dairy,48,for_profit,41,FALSE,1,1908745,3,1908745,128298,5,FALSE,0.728,1,12,13,1,0,1,0,77,239
26913,30244,Dairy,64,for_profit,50,FALSE,3,2187595,3,2187595,183247,10,FALSE,0.58,1,17,15,0,0,0,0,136,214
26914,30344,Dairy,64,pro_environmental,64,FALSE,2,1055474,3,1055474,123734,15,FALSE,0.302,1,13,12,1,1,0,1,36,263
26915,30091,Dairy,128,for_profit,57,FALSE,2,2223268,3,2223268,260635,15,FALSE,0.341,2,13,20,0,0,0,0,115,136
26916,29992,Dairy,80,for_profit,48,FALSE,5,2905545,3,2905545,195298,5,FALSE,0.66,3,11,14,1,0,3,1,30,256
26917,29166,Dairy,80,for_profit,61,FALSE,2,2191946,3,2191946,147333,5,FALSE,0.691,3,9,10,0,0,0,1,140,107
26918,30077,Dairy,112,for_profit,65,FALSE,2,1681321,3,1681321,197102,15,FALSE,0.275,1,9,14,0,1,1,1,49,272
26919,29460,Dairy,80,for_profit,54,FALSE,2,669297,3,669297,146144,20,FALSE,0.132,3,19,15,2,0,3,0,86,179
26920,29698,Forest,640,for_profit,59,FALSE,3,4829285,3,2768936.32776992,324604,15,FALSE,0.4,9,13,10,0,0,0,0,144,65
26921,30415,SNB,352,for_profit,65,FALSE,1,9600,3,9600,645,0,FALSE,0,2,12,10,1,0,0,1,60,127
26922,28934,Dairy,160,for_profit,59,FALSE,3,4948879,3,4948879,332642,5,FALSE,0.559,3,12,12,0,2,3,0,60,204
26923,29456,SNB,192,for_profit,42,FALSE,3,1537530,3,1537530,103346,5,FALSE,0.591,4,10,12,0,1,1,0,163,48
26924,30140,Dairy,112,for_profit,65,FALSE,2,706758,3,706758,154324,20,FALSE,0.115,1,15,11,0,0,0,0,39,261
26925,29786,Dairy,96,for_profit,50,FALSE,2,2182806,3,2182806,255891,15,FALSE,0.395,2,14,15,2,0,1,0,93,144
26926,28814,Forest,96,for_profit,74,FALSE,3,923849,3,529701.406621045,62097,15,FALSE,0.404,1,10,16,0,0,0,0,88,143
26927,28947,Forest,112,pro_environmental,49,FALSE,2,1142351,3,1142351,76784,5,FALSE,0.561,2,16,9,0,1,0,0,79,170
26928,29851,Forest,192,pro_environmental,56,FALSE,2,2222660,3,2222660,186185,10,FALSE,0.49,2,13,12,0,0,0,0,64,138
26929,29424,SNB,160,for_profit,35,FALSE,4,709645,3,709645,47699,5,FALSE,0.747,2,9,13,0,0,0,0,138,235
26930,29703,SNB,240,for_profit,67,FALSE,1,0,0,0,0,21,TRUE,0,1,13,11,1,0,0,1,55,130
26931,29147,Dairy,160,for_profit,58,FALSE,1,0,0,0,0,21,TRUE,0,3,13,9,0,0,0,0,87,217
26932,29745,SNB,48,for_profit,57,FALSE,3,343774,3,343774,23107,5,FALSE,0.657,3,12,10,0,0,2,0,109,133
26933,30454,Dairy,64,for_profit,61,FALSE,5,2553542,3,2553542,171638,5,FALSE,0.677,1,15,13,1,0,0,0,142,212
26934,28958,Dairy,208,for_profit,47,FALSE,4,8274266,3,8274266,556161,5,FALSE,0.598,1,13,7,0,0,1,0,113,166
26935,30578,SNB,128,for_profit,66,FALSE,4,426961,3,426961,93229,20,FALSE,0.279,2,12,12,0,0,0,0,123,206
26936,28801,Forest,80,for_profit,53,FALSE,5,723984,3,723984,48663,5,FALSE,0.663,1,12,13,0,0,0,0,90,260
26937,30113,Dairy,48,for_profit,70,FALSE,2,0,0,0,0,21,TRUE,0,1,17,7,0,0,0,0,90,255
26938,29962,Dairy,240,for_profit,54,FALSE,3,8553969,3,8553969,716537,10,FALSE,0.604,1,16,13,1,0,1,0,77,148
26939,28818,Dairy,80,for_profit,85,FALSE,1,1643,3,505.7618298223925,359,20,FALSE,0,2,19,12,2,1,1,0,113,115
26940,29566,Forest,64,for_profit,75,FALSE,3,0,0,0,0,21,TRUE,0,2,14,8,1,0,0,0,71,181
26941,30046,Forest,256,for_profit,64,FALSE,3,1808398,3,556676.0082332045,211999,20,FALSE,0.106,4,9,9,1,2,0,0,141,21
26942,29640,Dairy,192,for_profit,57,FALSE,2,5410069,3,5410069,453183,10,FALSE,0.53,7,13,13,2,2,4,3,113,65
26943,29432,Forest,656,for_profit,74,FALSE,1,1440,3,825.6436122508167,97,15,FALSE,0,2,8,13,1,0,1,0,45,217
26944,29748,Dairy,144,for_profit,67,FALSE,2,2514016,3,2514016,294719,15,FALSE,0.331,3,14,13,1,0,1,0,124,90
26945,28950,Forest,176,pro_environmental,47,FALSE,2,1276329,3,1276329,85789,5,FALSE,0.631,2,11,11,0,0,0,0,127,166
26946,29551,Forest,64,for_profit,62,FALSE,4,565822,3,565822,38032,5,FALSE,0.639,1,11,14,0,0,0,0,45,138
26947,28937,SNB,144,for_profit,56,FALSE,3,404230,3,404230,27171,5,FALSE,0.671,2,13,12,1,0,1,1,129,224
26948,30479,Dairy,160,for_profit,75,FALSE,2,2994097,3,2994097,351000,15,FALSE,0.345,3,13,13,0,0,0,0,57,142
26949,30485,Crop,176,for_profit,51,TRUE,3,8800,3,8800,591,5,FALSE,0.001,1,11,12,1,0,0,1,118,114
26950,29327,Forest,64,for_profit,55,FALSE,4,720764,3,578353.1093543136,48447,10,FALSE,0.488,2,10,13,0,0,0,0,111,55
26951,29437,Forest,288,for_profit,62,FALSE,1,0,0,0,0,21,TRUE,0,4,10,11,0,0,0,0,139,39
26952,28739,Dairy,144,for_profit,59,FALSE,1,1045127,3,1045127,228208,20,FALSE,0.141,2,15,12,1,0,1,2,60,124
26953,29499,Dairy,96,for_profit,63,FALSE,2,1801027,3,1801027,211135,15,FALSE,0.398,4,14,14,2,0,1,2,120,51
26954,29237,Forest,32,for_profit,67,FALSE,2,363467,3,363467,42609,15,FALSE,0.491,2,12,15,0,0,0,0,146,239
26955,28918,Dairy,128,for_profit,65,FALSE,2,2250787,3,2250787,263861,15,FALSE,0.341,3,11,13,2,0,3,0,143,82
26956,29917,Forest,784,for_profit,56,FALSE,3,5749673,3,5749673,386468,5,FALSE,0.649,2,10,13,0,0,0,0,21,248
26957,28856,Dairy,96,for_profit,43,FALSE,3,3194658,3,3194658,267606,10,FALSE,0.607,3,13,10,0,0,2,2,79,193
26958,30303,Dairy,512,for_profit,43,FALSE,3,20109155,3,20109155,1351651,5,FALSE,0.724,6,9,9,2,3,2,0,98,220
26959,30560,Forest,112,for_profit,70,FALSE,3,1877958,3,1877958,220154,15,FALSE,0.385,3,8,11,0,0,0,0,56,200
26960,29768,SNB,368,for_profit,73,FALSE,1,5660,3,4541.678828223128,474,10,FALSE,0.001,5,8,13,0,0,3,2,148,60
26961,30321,Dairy,288,for_profit,44,FALSE,1,8320,3,8320,559,0,FALSE,0.113,2,13,17,0,1,0,0,179,32
26962,30366,SNB,80,for_profit,53,FALSE,5,304778,3,304778,20486,5,FALSE,0.76,3,13,12,0,0,0,1,102,237
26963,30192,Dairy,336,for_profit,40,FALSE,6,11635886,3,11635886,782114,5,FALSE,0.64,5,9,10,0,3,0,1,109,72
26964,30310,SNB,128,for_profit,59,FALSE,1,960,3,960,65,0,FALSE,0.101,4,14,10,3,0,0,1,80,123
26965,29264,SNB,336,for_profit,73,FALSE,3,2400,3,2400,161,0,FALSE,0,4,12,10,3,0,3,0,109,59
26966,30458,SNB,64,for_profit,49,FALSE,3,256551,3,256551,21490,10,FALSE,0.626,1,17,13,1,0,1,1,54,218
26967,28771,SNB,256,for_profit,66,FALSE,2,354749,3,354749,41587,15,FALSE,0.333,2,8,10,1,0,0,0,61,140
26968,29146,Crop,96,for_profit,47,FALSE,1,1290304,3,397192.03412486444,151263,20,FALSE,0.098,1,9,13,0,0,0,0,69,286
26969,29862,Dairy,96,for_profit,75,FALSE,1,5961,3,4783.20627120814,499,10,FALSE,0.001,1,9,16,1,1,0,0,76,255
26970,29198,Dairy,208,for_profit,78,FALSE,2,5547,3,5547,650,10,FALSE,0,6,10,16,0,4,0,2,136,133
26971,29145,SNB,144,for_profit,65,FALSE,3,379734,3,379734,44516,15,FALSE,0.419,3,14,13,0,0,2,0,133,77
26972,28740,Forest,432,for_profit,40,FALSE,2,2510475,3,2510475,168743,5,FALSE,0.566,3,10,12,0,0,0,0,39,223
26973,30205,Dairy,32,for_profit,46,FALSE,2,1192662,3,1192662,80166,5,FALSE,0.632,1,14,13,1,1,1,0,52,238
26974,29524,Dairy,192,for_profit,45,FALSE,2,7644027,3,7644027,513799,5,FALSE,0.716,4,9,15,0,1,3,2,129,88
26975,29866,SNB,96,for_profit,75,TRUE,2,0,0,0,0,21,TRUE,0,2,10,17,1,0,0,1,140,197
26976,28798,Forest,112,for_profit,62,FALSE,4,1086380,3,1086380,73022,5,FALSE,0.702,1,11,8,0,0,0,0,99,159
26977,29588,Dairy,112,for_profit,69,FALSE,2,0,0,0,0,21,TRUE,0,2,13,8,0,0,0,0,97,252
26978,29491,Dairy,48,for_profit,57,FALSE,2,401947,3,401947,87767,20,FALSE,0.149,2,9,10,1,2,2,0,42,258
26979,29910,Crop,288,for_profit,51,FALSE,2,9715778,3,9715778,653053,5,FALSE,0.787,3,13,10,2,0,1,1,69,162
26980,29806,SNB,160,for_profit,49,FALSE,3,658619,3,658619,55170,10,FALSE,0.526,2,13,16,1,0,1,0,126,44
26981,29849,Forest,256,for_profit,56,FALSE,2,700896,3,401868.2675362142,47111,15,FALSE,0.179,2,13,12,0,0,0,0,96,110
26982,28875,Dairy,80,for_profit,42,FALSE,3,3291594,3,3291594,221247,5,FALSE,0.698,1,16,10,0,0,0,1,72,145
26983,30478,Dairy,160,for_profit,81,FALSE,1,2624,3,2624,308,10,FALSE,0,3,15,10,3,1,3,0,69,137
26984,29501,SNB,96,for_profit,70,FALSE,4,55598,3,55598,12140,20,FALSE,0.136,2,13,8,2,0,0,1,105,71
26985,29937,SNB,464,for_profit,78,FALSE,1,1096,3,879.4487624969167,92,10,FALSE,0,6,10,14,4,0,3,5,97,94
26986,29114,Dairy,112,for_profit,34,FALSE,3,3593204,3,3593204,241520,5,FALSE,0.613,3,12,13,1,0,1,1,140,72
26987,29373,SNB,96,for_profit,47,TRUE,1,4800,3,1477.5756440337698,323,20,FALSE,0.003,1,9,16,0,0,0,1,35,271
26988,30452,Dairy,208,for_profit,42,FALSE,3,4048752,3,4048752,474637,15,FALSE,0.33,1,14,10,0,0,1,0,118,144
26989,29064,Forest,64,for_profit,72,FALSE,3,0,0,0,0,21,TRUE,0,3,14,18,1,0,0,0,133,59
26990,29784,Forest,80,for_profit,67,FALSE,3,583665,3,468342.57478354283,39231,10,FALSE,0.429,1,9,8,0,0,0,0,54,276
26991,30078,Forest,80,for_profit,58,FALSE,3,760439,3,760439,51113,5,FALSE,0.696,1,11,17,0,0,0,0,59,253
26992,29428,Forest,80,for_profit,57,FALSE,4,714306,3,714306,59835,10,FALSE,0.503,1,11,11,0,0,0,0,119,156
26993,29787,Forest,144,for_profit,56,FALSE,4,1659049,3,1659049,111514,5,FALSE,0.709,2,13,13,1,1,1,0,46,243
26994,29633,Dairy,48,pro_environmental,54,FALSE,2,998053,3,998053,117002,15,FALSE,0.364,2,9,10,0,2,2,0,115,85
26995,29611,Dairy,112,for_profit,75,FALSE,1,2520341,3,2520341,295461,15,FALSE,0.394,2,12,16,0,1,0,0,106,126
26996,30340,Forest,32,pro_environmental,51,FALSE,3,284384,3,284384,19115,5,FALSE,0.643,1,11,13,0,0,0,0,83,272
26997,29069,Dairy,144,for_profit,57,FALSE,4,4431686,3,4431686,371227,10,FALSE,0.572,2,12,9,0,0,0,0,85,165
26998,30013,Dairy,32,for_profit,50,FALSE,2,800,3,800,54,0,FALSE,0.143,2,7,13,0,0,0,2,119,175
26999,28871,Forest,112,for_profit,63,FALSE,4,1254534,3,1254534,84324,0,FALSE,2.081,2,16,14,0,0,0,0,116,95
27000,29522,Forest,224,for_profit,47,FALSE,5,1848592,3,1848592,124254,5,FALSE,0.597,1,13,12,0,0,0,0,48,153
27001,29356,Dairy,192,for_profit,54,FALSE,2,7348546,3,7348546,493938,5,FALSE,0.709,3,16,12,2,0,3,0,73,128
27002,30104,Forest,32,for_profit,58,FALSE,3,232284,3,133183.19501949215,19458,15,FALSE,0.301,1,11,9,0,0,0,0,116,126
27003,29626,Dairy,64,pro_environmental,76,FALSE,2,1440,3,1440,97,0,FALSE,0,3,17,13,2,1,0,0,88,133
27004,29819,Dairy,208,for_profit,59,FALSE,4,1435589,3,1435589,313467,20,FALSE,0.134,2,11,13,0,0,0,0,26,275
27005,30328,Forest,160,for_profit,35,FALSE,5,2650076,3,2650076,178127,5,FALSE,0.692,3,13,10,0,0,0,0,88,164
27006,29778,SNB,112,pro_environmental,71,FALSE,2,0,0,0,0,21,TRUE,0,2,11,12,0,0,0,1,111,110
27007,30583,Dairy,32,for_profit,48,FALSE,4,651570,3,651570,76384,15,FALSE,0.358,2,12,16,0,0,0,0,56,256
27008,29832,SNB,272,pro_environmental,56,FALSE,2,650493,3,650493,54490,10,FALSE,0.58,2,13,13,0,0,1,2,50,129
27009,29656,SNB,96,for_profit,67,FALSE,1,0,0,0,0,21,TRUE,0,2,11,9,0,0,1,0,103,228
27010,29764,SNB,96,pro_environmental,60,TRUE,2,4693,3,4693,550,10,FALSE,0.006,2,12,15,1,0,0,1,20,252
27011,28899,Dairy,208,for_profit,49,FALSE,4,6326473,3,6326473,425238,5,FALSE,0.722,4,10,11,0,0,2,0,56,202
27012,29119,Forest,160,for_profit,47,FALSE,3,694297,3,213724.2368595238,81393,20,FALSE,0.098,1,10,10,0,0,0,0,44,273
27013,29091,Dairy,352,for_profit,61,FALSE,4,12551415,3,12551415,843652,5,FALSE,0.697,4,10,10,3,0,2,0,71,113
27014,28820,Forest,64,for_profit,50,FALSE,4,671931,3,385260.7902939608,45164,15,FALSE,0.339,1,10,13,0,0,0,0,132,130
27015,29152,Dairy,112,for_profit,43,FALSE,2,4217570,3,4217570,353291,10,FALSE,0.576,2,11,12,1,0,0,1,121,111
27016,30438,Forest,64,for_profit,66,FALSE,3,508432,3,291516.4118499356,42590,15,FALSE,0.329,1,12,17,0,0,0,0,73,177
27017,29658,Dairy,96,for_profit,60,FALSE,2,1401088,3,1401088,164250,15,FALSE,0.314,2,18,11,0,0,0,0,77,276
27018,30169,SNB,96,pro_environmental,57,FALSE,2,243368,3,243368,20386,10,FALSE,0.626,1,11,18,1,0,0,0,46,222
27019,29821,Forest,96,pro_environmental,58,FALSE,3,1264106,3,1264106,84968,5,FALSE,0.735,2,10,14,0,0,0,0,79,134
27020,29977,Dairy,128,for_profit,79,FALSE,1,640,3,640,43,5,FALSE,0,4,13,10,2,1,0,0,93,122
27021,28996,Forest,384,for_profit,54,FALSE,3,3703698,3,1140102.9078451218,248947,20,FALSE,0.218,1,10,17,0,0,0,0,72,257
27022,29066,Dairy,384,for_profit,45,FALSE,1,7299060,3,7299060,855673,15,FALSE,0.322,1,12,15,0,0,0,0,107,148
27023,29931,SNB,144,for_profit,38,FALSE,3,623385,3,623385,41901,5,FALSE,0.672,2,14,12,1,0,1,0,13,300
27024,30172,Forest,80,for_profit,58,FALSE,4,630013,3,630013,42347,5,FALSE,0.577,1,12,8,0,0,0,0,61,163
27025,29903,Dairy,96,for_profit,64,FALSE,2,0,0,0,0,21,TRUE,0,1,11,12,1,1,1,0,46,150
27026,30206,Forest,800,for_profit,72,FALSE,2,0,0,0,0,21,TRUE,0,9,11,15,0,0,0,0,159,12
27027,29646,Crop,96,for_profit,73,FALSE,1,4000,3,4000,269,5,FALSE,0.001,2,11,10,1,0,0,1,114,91
27028,30486,Dairy,64,for_profit,52,FALSE,3,1973068,3,1973068,132621,5,FALSE,0.668,2,15,11,0,0,0,0,87,126
27029,29858,Crop,128,for_profit,62,FALSE,4,3257678,3,3257678,218967,5,FALSE,0.637,4,8,13,2,0,2,0,123,65
27030,28797,SNB,128,for_profit,66,TRUE,2,638,3,638,139,15,FALSE,0.004,2,17,10,2,0,2,2,94,91
27031,28916,Dairy,96,for_profit,37,FALSE,2,2538871,3,2538871,212673,10,FALSE,0.486,2,13,11,1,0,0,2,54,141
27032,30146,Forest,64,pro_environmental,50,FALSE,2,216052,3,216052,14522,5,FALSE,0.68,2,11,12,0,0,0,1,127,53
27033,30289,Dairy,112,for_profit,74,FALSE,2,0,0,0,0,21,TRUE,0,2,14,8,0,0,0,2,125,42
27034,30364,Dairy,32,for_profit,54,FALSE,4,1016892,3,1016892,68351,5,FALSE,0.631,1,12,14,0,0,1,0,121,225
27035,29171,Dairy,240,for_profit,63,FALSE,3,9463983,3,9463983,636128,5,FALSE,0.65,4,16,14,0,1,3,2,116,119
27036,30256,Forest,112,pro_environmental,52,FALSE,4,2331005,3,2331005,156680,5,FALSE,0.628,4,11,10,1,0,0,2,129,43
27037,30227,Dairy,176,pro_environmental,41,FALSE,3,5429221,3,5429221,364929,5,FALSE,0.744,2,8,12,1,0,1,0,98,243
27038,30201,SNB,176,for_profit,69,FALSE,3,414514,3,414514,48594,15,FALSE,0.337,2,12,17,0,0,1,0,24,268
27039,30350,Dairy,144,for_profit,62,FALSE,3,4066856,3,4066856,340667,10,FALSE,0.56,2,12,11,0,0,1,1,59,158
27040,29319,Dairy,160,for_profit,44,FALSE,4,6899101,3,6899101,463728,5,FALSE,0.738,2,13,13,0,0,0,0,47,143
27041,30365,Forest,144,for_profit,47,FALSE,2,1560769,3,480448.8042422798,104908,20,FALSE,0.189,2,12,10,1,0,0,0,120,74
27042,29305,Dairy,64,for_profit,51,FALSE,4,2195083,3,2195083,147544,5,FALSE,0.61,2,14,11,1,1,1,2,127,76
27043,30301,Dairy,256,for_profit,52,FALSE,2,7811818,3,7811818,525077,5,FALSE,0.601,2,11,17,2,0,0,0,91,111
27044,28775,Dairy,64,pro_environmental,55,FALSE,2,672,3,672,45,0,FALSE,0.144,2,9,13,1,0,1,0,105,139
27045,29918,SNB,272,for_profit,70,FALSE,1,1326,3,1326,155,10,FALSE,0.001,4,12,10,2,0,2,1,12,314
27046,29316,Forest,64,for_profit,54,FALSE,2,213625,3,213625,17895,10,FALSE,0.633,1,12,12,0,0,0,0,144,88
27047,29446,Forest,352,for_profit,68,FALSE,1,0,0,0,0,21,TRUE,0,1,11,10,0,0,0,0,129,206
27048,29417,Dairy,160,for_profit,78,FALSE,3,640,3,640,43,0,FALSE,0.107,3,14,12,0,1,1,0,122,133
27049,28917,Dairy,64,for_profit,48,TRUE,3,0,0,0,0,21,TRUE,0,2,12,10,0,1,0,0,147,215
27050,30336,SNB,208,pro_environmental,73,FALSE,2,1792,3,1792,120,0,FALSE,0.166,7,12,10,6,0,6,4,95,80
27051,30587,Forest,160,pro_environmental,51,FALSE,4,1475130,3,1475130,99152,0,FALSE,2.476,2,12,16,1,1,0,0,18,275
27052,29040,SNB,112,for_profit,66,TRUE,2,960,3,960,65,5,FALSE,0.002,2,9,10,1,0,1,2,103,211
27053,30420,Dairy,96,for_profit,63,FALSE,3,837,3,837,98,10,FALSE,0,4,11,19,0,1,3,1,145,211
27054,29484,Dairy,64,for_profit,39,FALSE,2,2435924,3,2435924,163732,5,FALSE,0.657,2,16,11,1,0,1,0,133,213
27055,29742,Dairy,80,for_profit,58,FALSE,4,3480819,3,3480819,233966,5,FALSE,0.738,1,14,14,0,0,0,0,83,197
27056,29682,Forest,32,for_profit,50,FALSE,4,313651,3,313651,21082,5,FALSE,0.718,1,13,13,0,0,0,0,110,99
27057,28873,Dairy,80,for_profit,41,FALSE,2,2328085,3,2328085,156484,5,FALSE,0.656,2,15,12,0,1,0,0,9,310
27058,29215,Dairy,96,for_profit,42,FALSE,4,2388762,3,2388762,200098,10,FALSE,0.461,2,14,12,0,1,1,0,85,260
27059,29574,Dairy,144,pro_environmental,45,FALSE,4,6057430,3,6057430,407154,5,FALSE,0.713,1,11,11,0,0,0,0,92,185
27060,29576,Forest,112,for_profit,54,FALSE,5,1020719,3,1020719,68608,5,FALSE,0.659,1,13,14,0,0,0,0,48,259
27061,28768,Forest,128,for_profit,74,FALSE,3,772847,3,237904.1466176181,51947,20,FALSE,0.19,2,6,11,0,0,0,1,142,196
27062,29039,Forest,144,for_profit,76,FALSE,2,0,0,0,0,21,TRUE,0,1,13,14,0,0,0,0,67,275
27063,29599,Dairy,80,for_profit,54,FALSE,3,2192031,3,2192031,183619,10,FALSE,0.63,2,10,12,1,0,0,1,94,73
27064,30126,SNB,208,for_profit,61,FALSE,3,360948,3,360948,42314,15,FALSE,0.376,2,10,11,0,0,0,0,84,97
27065,29246,Dairy,192,for_profit,70,FALSE,1,1920,3,1920,129,0,FALSE,0,2,17,13,1,0,0,0,57,124
27066,28730,Dairy,272,for_profit,61,FALSE,3,9793452,3,9793452,658274,5,FALSE,0.647,2,10,12,0,0,0,0,73,137
27067,29507,Dairy,80,for_profit,76,FALSE,1,2400,3,2400,161,5,FALSE,0.001,1,9,10,1,0,1,1,88,245
27068,30032,Forest,96,for_profit,67,FALSE,4,630333,3,630333,52801,10,FALSE,0.567,2,14,16,0,0,0,0,14,285
27069,29309,Dairy,112,for_profit,73,FALSE,2,1615004,3,1615004,189328,15,FALSE,0.324,4,12,12,3,0,1,1,121,173
27070,29728,Dairy,192,for_profit,68,FALSE,2,4100142,3,4100142,343455,10,FALSE,0.617,6,9,10,0,0,1,5,145,94
27071,28993,Dairy,368,for_profit,70,FALSE,2,1344,3,1344,90,0,FALSE,0.154,2,12,12,0,0,1,0,72,117
27072,29716,SNB,288,pro_environmental,46,TRUE,3,9600,3,9600,645,0,FALSE,0,2,9,14,0,0,0,1,111,232
27073,29733,SNB,368,for_profit,51,FALSE,3,1019397,3,1019397,68519,5,FALSE,0.578,6,14,13,2,0,0,0,49,135
27074,29653,Dairy,256,for_profit,64,FALSE,3,3200,3,3200,215,0,FALSE,0.124,5,13,10,1,3,1,0,139,58
27075,28951,Forest,256,for_profit,53,FALSE,2,3521207,3,3521207,236680,5,FALSE,0.642,4,12,12,0,0,0,0,77,121
27076,30401,Forest,320,for_profit,56,FALSE,4,1783421,3,1783421,149391,10,FALSE,0.546,4,11,20,0,0,0,0,87,282
27077,30457,Dairy,176,for_profit,48,FALSE,4,7268450,3,7268450,488554,5,FALSE,0.634,2,13,13,0,0,0,0,129,118
27078,28975,SNB,176,for_profit,68,TRUE,3,11219,3,11219,940,5,FALSE,0.011,2,9,12,1,0,2,1,96,268
27079,29053,Dairy,128,for_profit,53,FALSE,4,4574673,3,4574673,307490,5,FALSE,0.711,3,13,12,0,0,1,0,136,75
27080,29352,Dairy,256,for_profit,64,FALSE,3,10544326,3,10544326,883262,10,FALSE,0.647,2,13,12,0,2,2,0,96,151
27081,29930,Dairy,64,for_profit,65,FALSE,3,640,3,640,43,0,FALSE,0,3,14,15,0,1,0,1,123,86
27082,29279,Dairy,32,pro_environmental,73,FALSE,3,128,3,128,9,0,FALSE,0,1,8,10,0,0,1,0,122,203
27083,28907,Forest,144,for_profit,47,FALSE,3,1329188,3,1066562.7205526934,89342,10,FALSE,0.536,1,17,19,0,0,0,0,100,137
27084,30220,Forest,128,for_profit,47,FALSE,3,871281,3,871281,58564,5,FALSE,0.627,2,14,13,0,0,0,0,60,214
27085,29415,Dairy,48,for_profit,70,FALSE,1,336214,3,336214,73414,20,FALSE,0.119,1,9,17,0,0,0,0,106,144
27086,30257,SNB,240,pro_environmental,66,FALSE,1,12000,3,12000,807,0,FALSE,0,1,8,16,1,0,0,1,34,237
27087,29450,Dairy,384,for_profit,39,FALSE,2,2429283,3,2429283,530445,20,FALSE,0.121,5,13,9,0,3,2,0,82,117
27088,30471,Dairy,96,for_profit,44,FALSE,2,3289259,3,3289259,221090,5,FALSE,0.627,1,16,11,0,1,0,0,64,254
27089,29442,Dairy,96,pro_environmental,55,FALSE,1,6155,3,6155,516,5,FALSE,0.001,2,12,11,0,2,0,1,61,175
27090,29600,Dairy,96,for_profit,53,FALSE,3,3131389,3,3131389,262306,10,FALSE,0.567,3,15,12,0,2,0,0,135,96
27091,30189,Dairy,64,for_profit,76,FALSE,2,386619,3,386619,84420,20,FALSE,0.139,3,11,12,0,0,0,0,104,171
27092,29560,Forest,64,for_profit,81,FALSE,1,569427,3,569427,124337,20,FALSE,0.328,2,14,10,1,0,1,0,65,172
27093,29720,Dairy,144,for_profit,73,FALSE,3,2635392,3,2635392,308948,15,FALSE,0.343,4,13,9,1,0,2,0,35,253
27094,30216,Dairy,80,for_profit,45,FALSE,3,2584354,3,2584354,173709,5,FALSE,0.701,4,13,11,1,2,1,1,75,126
27095,29559,Forest,176,for_profit,62,FALSE,2,2043846,3,1171866.9405030436,171206,15,FALSE,0.292,2,13,10,0,0,0,0,46,133
27096,28857,Dairy,64,for_profit,73,FALSE,2,541436,3,541436,118225,20,FALSE,0.155,1,17,12,1,0,0,0,83,263
27097,30347,Dairy,176,for_profit,66,FALSE,3,4480,3,4480,301,0,FALSE,0,2,15,13,0,1,0,0,91,247
27098,29228,Dairy,192,for_profit,46,FALSE,1,6205441,3,6205441,417103,5,FALSE,0.617,4,10,9,0,3,3,1,20,276
27099,30060,Dairy,144,for_profit,43,FALSE,2,5332792,3,5332792,358447,5,FALSE,0.707,4,11,10,4,4,0,0,97,118
27100,30550,SNB,80,pro_environmental,60,TRUE,2,2185,3,2185,183,5,FALSE,0,2,9,10,2,1,1,1,94,143
27101,29335,SNB,80,for_profit,59,FALSE,3,545369,3,545369,36657,5,FALSE,0.658,2,10,14,1,0,1,0,84,114
27102,29408,Dairy,96,for_profit,62,FALSE,2,1883224,3,1883224,220771,15,FALSE,0.345,2,9,10,0,1,0,0,58,243
27103,29368,Dairy,144,for_profit,65,FALSE,2,5983911,3,5983911,402213,5,FALSE,0.722,4,8,13,0,2,4,3,55,194
27104,30183,Forest,96,for_profit,29,FALSE,3,501056,3,501056,33679,5,FALSE,0.657,2,11,10,0,0,1,0,55,136
27105,29592,Dairy,80,for_profit,57,FALSE,3,2190604,3,2190604,183499,10,FALSE,0.497,4,12,9,0,0,1,3,112,78
27106,29471,Forest,64,for_profit,78,FALSE,1,0,0,0,0,21,TRUE,0,1,10,12,0,0,0,0,84,142
27107,30519,Forest,208,for_profit,71,FALSE,1,0,0,0,0,21,TRUE,0,3,10,8,0,0,0,0,106,241
27108,28884,Dairy,96,for_profit,69,FALSE,2,640,3,640,43,0,FALSE,0.124,2,13,18,1,1,2,2,117,168
27109,29411,Forest,208,for_profit,73,FALSE,3,1512064,3,1512064,177260,15,FALSE,0.312,3,9,14,0,0,0,0,13,312
27110,30253,SNB,112,for_profit,50,FALSE,4,509198,3,509198,34226,5,FALSE,0.71,1,13,14,0,0,0,1,122,164
27111,30099,Dairy,80,pro_environmental,63,FALSE,3,1174288,3,1174288,137662,15,FALSE,0.257,2,12,19,0,0,0,0,86,227
27112,30431,Forest,128,for_profit,66,FALSE,3,300518,3,300518,65619,20,FALSE,0.191,2,16,13,0,0,1,1,172,21
27113,29026,Forest,80,pro_environmental,71,FALSE,1,0,0,0,0,21,TRUE,0,1,14,15,0,0,0,0,81,137
27114,30502,SNB,160,for_profit,64,FALSE,4,4000,3,4000,269,0,FALSE,0.136,3,10,17,2,0,0,1,117,67
27115,30384,Forest,240,pro_environmental,63,FALSE,5,2273370,3,1303467.6519323883,152806,15,FALSE,0.398,1,11,8,0,0,0,0,73,270
27116,30451,Dairy,288,for_profit,69,FALSE,3,1751322,3,1751322,382409,20,FALSE,0.125,2,14,11,0,0,0,1,131,27
27117,29894,SNB,112,for_profit,54,FALSE,4,442660,3,442660,29754,5,FALSE,0.7,4,17,10,0,0,1,3,105,116
27118,30520,SNB,64,for_profit,43,FALSE,3,1087038,3,1087038,73066,5,FALSE,0.67,2,15,9,0,0,0,0,66,181
27119,29294,Forest,128,for_profit,54,FALSE,3,0,0,0,0,21,TRUE,0,2,11,11,0,0,0,0,93,125
27120,30094,Forest,160,for_profit,56,FALSE,2,2080601,3,2080601,139849,5,FALSE,0.63,3,13,14,0,0,0,0,99,120
27121,29468,Forest,128,for_profit,72,FALSE,5,824183,3,253706.81813055926,96619,20,FALSE,0.086,2,9,9,0,0,0,0,120,65
27122,28982,Forest,48,for_profit,65,FALSE,3,546632,3,546632,45789,10,FALSE,0.533,2,12,14,0,0,0,0,58,162
27123,30510,Forest,144,pro_environmental,59,FALSE,3,863860,3,863860,58065,5,FALSE,0.594,3,6,10,0,0,0,0,87,303
27124,30027,SNB,96,for_profit,55,FALSE,2,181868,3,181868,21320,15,FALSE,0.397,3,17,12,2,0,1,3,62,131
27125,30562,Dairy,112,for_profit,51,FALSE,2,3099358,3,3099358,259623,10,FALSE,0.517,4,10,7,1,1,2,0,142,229
27126,29591,Dairy,112,for_profit,59,FALSE,2,3838657,3,3838657,258018,5,FALSE,0.663,2,10,17,1,1,0,0,95,104
27127,28915,Forest,608,for_profit,66,FALSE,2,2212192,3,680975.2123179903,259336,20,FALSE,0.1,5,7,11,0,0,0,0,99,211
27128,29452,Forest,96,for_profit,52,FALSE,7,1433389,3,1150175.3487469826,96346,10,FALSE,0.499,2,12,12,0,0,0,0,85,173
27129,29621,Dairy,80,for_profit,48,FALSE,3,3005774,3,3005774,202035,5,FALSE,0.721,2,15,15,0,0,1,0,112,48
27130,30052,Dairy,96,pro_environmental,54,FALSE,1,2300523,3,2300523,269691,15,FALSE,0.379,3,9,15,2,0,3,0,87,172
27131,29090,Forest,128,for_profit,63,FALSE,3,1341387,3,1341387,90162,5,FALSE,0.622,2,11,9,1,0,0,0,94,239
27132,28751,Forest,320,pro_environmental,66,FALSE,2,0,0,0,0,21,TRUE,0,3,12,11,1,0,0,0,145,79
27133,30412,Dairy,64,for_profit,64,FALSE,5,2037284,3,2037284,170656,10,FALSE,0.563,3,9,11,1,0,2,1,95,124
27134,28776,SNB,144,for_profit,61,TRUE,1,5600,3,5600,376,0,FALSE,0,3,11,14,3,0,0,1,125,205
27135,29087,Forest,208,pro_environmental,81,FALSE,2,0,0,0,0,21,TRUE,0,1,12,8,0,0,0,0,43,246
27136,29776,Dairy,96,for_profit,76,FALSE,1,0,0,0,0,21,TRUE,0,1,11,12,1,1,1,0,107,130
27137,29378,Dairy,96,for_profit,58,FALSE,4,1333863,3,1333863,111733,10,FALSE,0.391,2,9,11,0,0,1,1,149,214
27138,29712,Dairy,64,pro_environmental,51,FALSE,4,2683926,3,2683926,180402,5,FALSE,0.746,2,14,11,1,0,0,1,131,77
27139,29065,Dairy,80,for_profit,43,FALSE,4,2052426,3,2052426,137955,5,FALSE,0.655,3,11,15,1,1,0,0,92,113
27140,30151,Dairy,32,for_profit,47,FALSE,1,688196,3,688196,80678,15,FALSE,0.383,2,10,13,1,1,2,0,122,83
27141,28778,Forest,160,pro_environmental,57,FALSE,3,2455904,3,2455904,205723,10,FALSE,0.601,4,10,10,0,0,0,1,54,139
27142,28926,Dairy,336,for_profit,65,FALSE,2,5305084,3,5305084,621918,15,FALSE,0.306,6,11,12,2,4,0,1,141,30
27143,29377,Dairy,208,for_profit,71,FALSE,3,1479427,3,1479427,323040,20,FALSE,0.127,2,9,9,0,0,0,1,40,141
27144,29952,Dairy,112,for_profit,50,FALSE,2,3057782,3,3057782,205531,5,FALSE,0.528,3,14,9,3,0,0,1,64,240
27145,29675,Dairy,48,for_profit,57,FALSE,2,1108885,3,1108885,129995,15,FALSE,0.392,1,8,11,0,0,0,0,68,197
27146,29180,SNB,224,for_profit,63,FALSE,2,830904,3,830904,97407,15,FALSE,0.338,2,17,12,0,0,0,2,9,291
27147,30456,Forest,176,for_profit,42,FALSE,4,2137437,3,2137437,143669,0,FALSE,1.526,3,10,13,1,0,1,0,63,119
27148,29229,Dairy,144,for_profit,45,FALSE,3,6164722,3,6164722,516398,10,FALSE,0.644,1,15,10,0,1,0,0,119,117
27149,28756,Dairy,48,for_profit,65,FALSE,4,1447663,3,1447663,121266,10,FALSE,0.511,1,15,15,0,0,0,1,122,130
27150,30238,Forest,384,pro_environmental,78,FALSE,1,0,0,0,0,21,TRUE,0,3,12,14,0,0,0,0,149,30
27151,29005,Dairy,528,pro_environmental,78,FALSE,2,1122,3,1122,94,5,FALSE,0,5,7,21,1,1,1,1,166,47
27152,30232,Dairy,64,for_profit,51,FALSE,2,2102936,3,2102936,176156,10,FALSE,0.524,2,12,14,1,0,0,1,96,189
27153,28896,Dairy,160,for_profit,55,FALSE,3,5438349,3,5438349,365542,5,FALSE,0.623,2,12,11,1,0,2,1,89,268
27154,29217,Dairy,96,pro_environmental,55,FALSE,2,3121581,3,3121581,209819,5,FALSE,0.612,3,12,10,1,2,2,3,126,27
27155,29021,Forest,128,for_profit,46,FALSE,4,6092369,3,6092369,409503,5,FALSE,0.807,1,10,10,0,0,0,0,101,151
27156,29850,Dairy,160,for_profit,55,FALSE,3,4488084,3,4488084,375951,10,FALSE,0.513,1,14,12,0,0,1,0,61,246
27157,29109,Dairy,128,for_profit,37,FALSE,3,4526374,3,4526374,304243,5,FALSE,0.66,3,15,13,2,0,0,2,140,83
27158,29976,Dairy,128,for_profit,32,FALSE,3,5194204,3,5194204,349132,5,FALSE,0.657,3,12,10,0,0,2,2,112,135
27159,30117,Dairy,64,for_profit,72,FALSE,3,1328886,3,1328886,155786,15,FALSE,0.341,2,14,15,2,0,1,0,123,157
27160,30111,Forest,48,for_profit,79,FALSE,0,0,0,0,0,21,TRUE,0,1,12,9,0,0,0,0,38,235
27161,30009,Dairy,80,for_profit,62,FALSE,1,2479894,3,2479894,207732,10,FALSE,0.533,2,10,12,1,1,1,1,49,161
27162,28994,Dairy,64,for_profit,55,FALSE,3,3312976,3,3312976,222684,5,FALSE,0.801,2,10,9,2,2,0,2,124,126
27163,29234,Dairy,96,for_profit,46,FALSE,3,2624610,3,2624610,219855,10,FALSE,0.543,1,14,14,0,1,1,0,79,117
27164,28747,Crop,96,for_profit,76,FALSE,1,4800,3,4800,323,0,FALSE,0.115,1,16,13,1,0,0,1,86,202
27165,29959,Forest,48,for_profit,62,FALSE,3,533171,3,533171,35837,5,FALSE,0.626,1,16,14,0,0,0,0,95,148
27166,29689,Dairy,160,pro_environmental,33,FALSE,3,6533686,3,6533686,439166,5,FALSE,0.692,1,10,14,0,0,1,0,104,152
27167,28971,Dairy,64,for_profit,62,FALSE,3,1347,3,1347,113,5,FALSE,0,2,12,15,1,0,1,1,65,134
27168,29596,Forest,176,for_profit,76,FALSE,1,0,0,0,0,21,TRUE,0,1,7,13,0,0,0,0,13,326
27169,29268,Forest,32,for_profit,44,FALSE,4,338656,3,271743.2482775145,22763,10,FALSE,0.478,1,13,13,0,0,0,0,120,126
27170,30139,Dairy,96,for_profit,80,FALSE,2,3970,3,3970,333,5,FALSE,0,2,13,11,2,2,1,0,118,163
27171,30147,Dairy,112,for_profit,80,FALSE,1,2880,3,2880,194,0,FALSE,0,2,10,13,1,0,0,0,79,175
27172,28898,Forest,96,for_profit,55,FALSE,5,1579646,3,1579646,106177,5,FALSE,0.686,2,12,12,0,0,1,0,120,154
27173,29951,Dairy,48,for_profit,67,FALSE,2,1323051,3,1323051,110827,10,FALSE,0.467,1,17,13,0,0,0,1,48,235
27174,28772,Dairy,80,for_profit,76,FALSE,4,1576787,3,1576787,184848,15,FALSE,0.361,1,11,11,1,0,0,0,68,264
27175,30355,Dairy,64,for_profit,62,FALSE,2,2017910,3,2017910,169033,10,FALSE,0.545,2,14,10,0,0,0,0,44,264
27176,29827,Dairy,192,for_profit,54,FALSE,2,1403638,3,1403638,306491,20,FALSE,0.124,1,8,9,1,0,1,0,38,135
27177,29497,Dairy,112,for_profit,51,FALSE,4,3748080,3,3748080,313964,10,FALSE,0.612,1,9,13,0,1,1,0,120,37
27178,29925,Dairy,64,for_profit,66,FALSE,2,1719062,3,1719062,144000,10,FALSE,0.525,2,8,18,0,0,2,2,118,173
27179,28819,SNB,368,for_profit,75,FALSE,2,2880,3,2880,194,0,FALSE,0,6,9,12,3,0,2,2,145,106
27180,29726,SNB,48,for_profit,51,FALSE,2,0,0,0,0,21,TRUE,0,2,16,8,0,0,0,1,97,255
27181,30337,Dairy,80,pro_environmental,75,FALSE,2,713,3,713,60,5,FALSE,0,4,8,11,0,0,3,1,68,107
27182,29923,Forest,160,for_profit,55,FALSE,2,1091751,3,876039.293708733,73383,10,FALSE,0.515,1,13,14,0,0,0,0,108,54
27183,28986,Dairy,272,for_profit,58,FALSE,3,11865945,3,11865945,797578,5,FALSE,0.698,4,12,11,0,2,1,0,123,125
27184,29622,Dairy,32,for_profit,66,FALSE,1,800,3,800,54,0,FALSE,0.142,2,13,10,2,0,0,1,113,56
27185,28845,SNB,64,for_profit,60,FALSE,2,588293,3,588293,39543,5,FALSE,0.689,2,13,11,0,0,0,0,86,135
27186,29655,Dairy,80,for_profit,50,FALSE,5,3003612,3,3003612,201890,5,FALSE,0.655,2,13,11,0,0,1,0,116,135
27187,30409,Dairy,48,for_profit,52,FALSE,2,819847,3,819847,96111,15,FALSE,0.29,1,12,11,0,0,0,0,112,113
27188,29449,SNB,160,for_profit,54,TRUE,3,2400,3,2400,161,0,FALSE,0,3,13,15,1,0,1,3,8,300
27189,30563,Dairy,64,pro_environmental,40,FALSE,2,2116377,3,2116377,177282,10,FALSE,0.561,1,17,14,1,1,1,1,68,195
27190,30003,SNB,192,pro_environmental,76,TRUE,2,1440,3,1440,97,0,FALSE,0.006,4,11,10,3,0,4,4,63,147
27191,28992,Forest,64,for_profit,63,FALSE,3,0,0,0,0,21,TRUE,0,1,10,15,0,0,0,0,83,175
27192,30039,SNB,32,for_profit,69,FALSE,1,128,3,128,9,0,FALSE,0.088,2,13,13,0,0,2,0,98,136
27193,29766,SNB,208,for_profit,52,FALSE,2,662193,3,662193,44510,5,FALSE,0.62,4,8,14,3,0,2,2,179,38
27194,28928,SNB,736,for_profit,67,TRUE,1,12000,3,12000,807,5,FALSE,0.004,6,15,14,6,0,0,5,108,201
27195,29916,SNB,432,for_profit,59,TRUE,2,4320,3,4320,290,5,FALSE,0.002,4,13,11,1,0,4,1,76,111
27196,30335,Dairy,224,for_profit,61,FALSE,3,7555324,3,7555324,507836,5,FALSE,0.625,3,18,13,1,1,1,0,110,86
27197,29878,Dairy,96,for_profit,72,FALSE,2,0,0,0,0,21,TRUE,0,1,11,12,0,0,1,0,128,69
27198,30222,Dairy,96,for_profit,50,FALSE,2,3813660,3,3813660,256338,5,FALSE,0.691,2,13,13,0,2,0,1,103,127
27199,29103,Forest,64,for_profit,62,FALSE,4,608856,3,488556.25523615215,40925,10,FALSE,0.559,1,18,14,0,0,0,0,84,141
27200,28731,Dairy,160,for_profit,57,FALSE,2,4828871,3,4828871,324576,5,FALSE,0.696,4,8,12,0,0,2,1,89,95
27201,28780,Dairy,160,for_profit,42,FALSE,3,5729592,3,5729592,385119,5,FALSE,0.609,3,13,11,0,0,0,0,49,145
27202,30503,Dairy,128,for_profit,50,FALSE,3,4192709,3,4192709,281816,5,FALSE,0.611,3,12,13,0,0,1,0,88,253
27203,29479,Dairy,80,for_profit,37,FALSE,2,2706109,3,2706109,226681,10,FALSE,0.546,2,16,10,1,0,0,0,71,172
27204,30218,Dairy,224,for_profit,70,FALSE,3,3882438,3,3882438,455140,15,FALSE,0.332,4,13,8,0,0,3,2,102,105
27205,29529,SNB,80,for_profit,74,FALSE,3,151801,3,151801,17796,15,FALSE,0.359,3,12,13,0,0,0,2,84,86
27206,28858,Dairy,112,for_profit,46,FALSE,2,4110100,3,4110100,276263,5,FALSE,0.706,4,8,12,4,4,0,0,134,137
27207,29945,Dairy,208,for_profit,59,FALSE,2,6296819,3,6296819,527463,10,FALSE,0.546,5,9,15,2,2,3,4,78,198
27208,30230,Forest,240,for_profit,57,FALSE,6,2946363,3,2946363,198042,5,FALSE,0.646,2,11,16,0,0,0,0,112,168
27209,29516,Forest,80,for_profit,72,FALSE,2,0,0,0,0,21,TRUE,0,2,11,16,0,0,0,0,84,145
27210,30521,Dairy,64,for_profit,61,FALSE,3,453329,3,453329,98986,20,FALSE,0.127,2,16,10,0,0,2,1,81,276
27211,29427,Dairy,240,for_profit,37,FALSE,2,9995702,3,9995702,671868,5,FALSE,0.762,1,16,10,0,0,1,0,65,258
27212,29943,Dairy,144,pro_environmental,40,FALSE,4,5800698,3,5800698,389898,5,FALSE,0.7,3,12,11,0,0,2,3,132,69
27213,28959,Dairy,112,for_profit,67,FALSE,3,1600,3,1600,108,0,FALSE,0,4,10,13,0,1,1,2,134,111
27214,30541,SNB,128,for_profit,46,FALSE,5,3789810,3,3789810,317459,10,FALSE,0.479,3,10,10,0,0,1,2,70,179
27215,29084,SNB,80,for_profit,57,FALSE,4,156516,3,156516,18348,15,FALSE,0.442,2,11,13,1,0,1,2,40,231
27216,29344,Dairy,128,for_profit,66,FALSE,1,3807166,3,3807166,318913,10,FALSE,0.574,3,14,14,3,0,0,2,139,119
27217,30132,Crop,96,for_profit,51,FALSE,4,1939739,3,1939739,162485,10,FALSE,0.539,2,10,10,0,0,0,0,99,193
27218,30326,Forest,128,for_profit,47,FALSE,4,1520727,3,1520727,102217,5,FALSE,0.588,3,11,13,2,1,0,1,54,212
27219,29841,Dairy,96,for_profit,63,FALSE,2,0,0,0,0,21,TRUE,0,1,13,11,0,0,0,0,108,161
27220,30181,Dairy,96,pro_environmental,62,FALSE,4,2469523,3,2469523,206863,10,FALSE,0.483,2,10,9,1,0,0,0,119,210
27221,29328,SNB,96,for_profit,49,FALSE,4,349882,3,349882,23518,0,FALSE,1.449,1,10,9,0,0,0,0,95,129
27222,30291,Forest,48,pro_environmental,64,FALSE,5,298547,3,171175.98854628095,25008,15,FALSE,0.261,1,13,14,0,0,0,0,84,258
27223,30241,SNB,80,for_profit,69,FALSE,1,0,0,0,0,21,TRUE,0,2,13,10,0,0,0,2,110,122
27224,29030,Forest,80,for_profit,56,FALSE,2,0,0,0,0,21,TRUE,0,1,8,11,0,0,0,0,56,253
27225,29998,Dairy,272,for_profit,42,FALSE,3,10316041,3,10316041,693400,5,FALSE,0.695,8,14,9,5,3,0,1,120,60
27226,29609,Dairy,32,pro_environmental,65,FALSE,3,876823,3,876823,73448,10,FALSE,0.528,2,11,9,1,2,0,1,23,274
27227,28990,SNB,672,for_profit,63,FALSE,2,1263149,3,1263149,148080,15,FALSE,0.355,8,9,12,1,0,5,4,101,97
27228,29803,Forest,176,for_profit,72,FALSE,4,0,0,0,0,21,TRUE,0,1,15,14,0,0,0,0,97,165
27229,29414,Dairy,112,for_profit,67,FALSE,3,2880,3,2880,194,0,FALSE,0.106,4,11,11,1,1,0,1,148,224
27230,29868,Dairy,128,for_profit,52,FALSE,2,3931975,3,3931975,329368,10,FALSE,0.551,2,14,13,0,2,0,0,59,216
27231,30059,Dairy,240,for_profit,45,FALSE,2,6680274,3,6680274,559584,10,FALSE,0.531,2,15,8,1,0,1,2,28,256
27232,29102,SNB,192,for_profit,69,FALSE,2,112410,3,112410,24545,20,FALSE,0.117,2,10,14,0,0,1,0,126,234
27233,30037,Dairy,272,for_profit,47,FALSE,3,7363403,3,7363403,494936,5,FALSE,0.739,4,12,15,1,0,0,0,152,234
27234,28921,Dairy,144,for_profit,62,FALSE,2,5346873,3,5346873,359394,5,FALSE,0.609,4,7,12,3,3,1,3,126,100
27235,29984,Dairy,80,pro_environmental,63,FALSE,2,2984799,3,2984799,200625,5,FALSE,0.617,2,14,14,2,1,0,1,119,121
27236,29531,Forest,384,for_profit,56,FALSE,2,4651394,3,4651394,312647,5,FALSE,0.732,3,8,11,0,0,1,1,46,247
27237,29928,SNB,48,for_profit,48,FALSE,3,169657,3,169657,11404,5,FALSE,0.696,3,14,14,2,0,2,2,142,235
27238,30155,SNB,80,for_profit,60,FALSE,2,223968,3,223968,26256,15,FALSE,0.437,1,14,13,1,0,0,1,135,93
27239,30038,Forest,64,pro_environmental,53,FALSE,3,760002,3,435757.4976373925,51084,15,FALSE,0.339,2,11,10,0,1,1,1,86,145
27240,29773,Dairy,112,for_profit,56,FALSE,3,2318168,3,2318168,271760,15,FALSE,0.355,2,14,14,0,0,0,1,54,224
27241,29447,Forest,64,for_profit,71,FALSE,2,0,0,0,0,21,TRUE,0,1,14,12,0,0,0,0,111,150
27242,29754,Forest,128,for_profit,58,FALSE,2,4517429,3,4517429,303642,5,FALSE,0.646,1,13,11,0,0,0,0,72,265
27243,29756,SNB,208,pro_environmental,51,FALSE,3,1286858,3,1286858,150859,15,FALSE,0.576,3,14,11,0,0,2,0,42,239
27244,30014,SNB,208,for_profit,65,FALSE,3,533799,3,533799,44715,10,FALSE,0.596,4,12,9,0,0,0,2,129,40
27245,29326,Dairy,160,pro_environmental,53,FALSE,4,6648619,3,6648619,556932,10,FALSE,0.677,4,8,10,0,0,2,1,89,162
27246,28735,Dairy,128,for_profit,50,FALSE,3,2239900,3,2239900,262585,15,FALSE,0.297,1,8,16,0,0,0,0,90,203
27247,30537,Forest,144,pro_environmental,56,FALSE,4,1319601,3,1319601,88698,0,FALSE,1.338,1,8,17,0,0,0,0,60,279
27248,30314,Dairy,64,for_profit,64,FALSE,4,1027556,3,1027556,120461,15,FALSE,0.316,2,15,15,1,0,0,0,68,182
27249,30416,Forest,96,for_profit,56,FALSE,3,757332,3,233128.19117653812,50905,20,FALSE,0.178,1,16,9,0,0,0,0,82,238
27250,28743,Dairy,64,for_profit,61,FALSE,3,2165118,3,2165118,181365,10,FALSE,0.509,1,13,10,0,1,0,0,99,170
27251,30338,Dairy,448,for_profit,72,FALSE,2,1792,3,1792,120,0,FALSE,0.104,1,8,12,0,1,1,1,107,246
27252,30277,Dairy,32,for_profit,51,FALSE,5,1222951,3,1222951,82202,5,FALSE,0.699,1,11,12,0,0,0,0,74,240
27253,30105,SNB,128,for_profit,63,FALSE,2,2880,3,2880,194,0,FALSE,0.128,3,8,12,3,0,2,0,86,83
27254,30461,Forest,144,for_profit,62,FALSE,1,0,0,0,0,21,TRUE,0,4,9,8,0,0,0,1,100,86
27255,29797,Dairy,192,for_profit,61,FALSE,2,0,0,0,0,21,TRUE,0,2,11,13,0,2,0,0,76,138
27256,30022,SNB,208,for_profit,60,TRUE,2,1253,3,718.4246153821342,147,15,FALSE,0.001,3,9,10,1,0,1,2,117,209
27257,29270,Forest,80,for_profit,59,FALSE,4,594264,3,594264,49779,10,FALSE,0.544,1,9,14,0,0,0,0,60,254
27258,29397,Dairy,96,pro_environmental,61,FALSE,2,688352,3,688352,150305,20,FALSE,0.122,1,14,14,0,1,1,0,59,194
27259,29434,Forest,176,for_profit,39,FALSE,4,1548472,3,1548472,104082,0,FALSE,2.361,2,12,15,0,0,0,0,56,113
27260,29772,Dairy,96,for_profit,54,FALSE,2,3823357,3,3823357,256990,5,FALSE,0.731,2,9,7,1,2,0,2,73,105
27261,30272,Forest,112,for_profit,64,FALSE,3,988342,3,304239.597328255,66432,20,FALSE,0.196,1,11,14,0,0,0,0,54,238
27262,28989,Forest,48,for_profit,38,FALSE,2,298760,3,298760,20081,5,FALSE,0.586,1,10,12,0,0,0,0,100,256
27263,28977,Dairy,80,for_profit,39,FALSE,4,1588397,3,1588397,186209,15,FALSE,0.395,4,12,10,0,0,0,0,136,86
27264,30247,Forest,736,for_profit,72,FALSE,3,4665053,3,2674771.6737927147,313565,15,FALSE,0.356,4,12,11,0,0,0,0,94,285
27265,30252,Forest,128,for_profit,61,FALSE,3,0,0,0,0,21,TRUE,0,3,16,8,0,0,0,0,120,147
27266,29714,Forest,48,for_profit,59,FALSE,4,475126,3,475126,31936,5,FALSE,0.716,1,13,15,0,0,0,0,55,255
27267,28911,Dairy,272,for_profit,76,FALSE,4,11062,3,8876.334133887676,927,10,FALSE,0.001,2,8,13,0,1,1,0,137,199
27268,30531,Dairy,128,for_profit,51,FALSE,1,1655528,3,1655528,194078,15,FALSE,0.327,3,10,13,2,0,0,0,44,126
27269,29638,Forest,112,for_profit,62,FALSE,3,1001363,3,1001363,67307,5,FALSE,0.655,1,10,11,0,0,0,0,87,262
27270,29271,SNB,112,for_profit,53,FALSE,3,385047,3,385047,25881,5,FALSE,0.858,2,12,8,2,0,1,1,100,259
27271,30500,Dairy,464,for_profit,50,FALSE,2,8242939,3,8242939,966324,15,FALSE,0.367,5,14,12,3,0,2,0,135,48
27272,30108,Dairy,208,for_profit,69,FALSE,2,0,0,0,0,21,TRUE,0,2,12,10,0,0,0,0,85,155
27273,29376,Forest,80,for_profit,72,FALSE,6,960,3,960,65,0,FALSE,0.096,2,12,12,1,0,0,0,85,218
27274,28922,Dairy,352,for_profit,69,FALSE,2,320,3,320,22,0,FALSE,0,5,7,13,0,0,3,3,141,100
27275,29613,Forest,64,for_profit,51,FALSE,2,506013,3,290129.44525407813,34012,15,FALSE,0.332,1,13,11,0,0,0,0,83,246
27276,28891,SNB,192,for_profit,54,FALSE,2,305005,3,305005,35756,15,FALSE,0.352,4,11,12,0,0,0,1,14,295
27277,29213,SNB,320,for_profit,47,TRUE,3,813769,3,813769,68167,10,FALSE,0.532,6,15,13,6,0,2,4,92,85
27278,29632,Dairy,96,pro_environmental,63,FALSE,2,746092,3,746092,162913,20,FALSE,0.132,1,13,14,0,1,0,1,51,233
27279,29662,Dairy,144,pro_environmental,62,FALSE,3,4796052,3,4796052,322370,5,FALSE,0.661,1,9,8,0,0,0,0,122,45
27280,28984,Dairy,176,for_profit,64,FALSE,2,5378887,3,5378887,361546,5,FALSE,0.623,3,10,10,1,2,0,1,100,122
27281,29174,Dairy,48,for_profit,66,FALSE,3,1407512,3,1407512,117902,10,FALSE,0.541,2,16,13,0,1,1,0,102,199
27282,30087,Dairy,80,for_profit,60,FALSE,3,2688294,3,2688294,180696,5,FALSE,0.57,1,15,12,0,0,0,0,136,125
27283,29989,Dairy,192,for_profit,43,FALSE,2,4016447,3,4016447,470850,15,FALSE,0.351,3,13,17,1,2,0,2,115,124
27284,30588,Dairy,96,pro_environmental,60,FALSE,2,3606359,3,3606359,242404,5,FALSE,0.742,3,17,10,2,0,0,0,89,88
27285,30261,Dairy,80,for_profit,69,FALSE,4,1207408,3,1207408,141545,15,FALSE,0.34,2,9,14,0,0,0,0,94,267
27286,30351,Dairy,192,for_profit,62,FALSE,3,3559863,3,3559863,417325,15,FALSE,0.342,4,13,10,0,0,0,0,138,76
27287,28800,Dairy,80,pro_environmental,52,FALSE,2,2775982,3,2775982,232535,10,FALSE,0.588,1,16,11,0,0,1,0,78,196
27288,28945,Forest,80,for_profit,53,FALSE,2,2442588,3,2442588,204607,10,FALSE,0.559,1,13,9,0,0,0,0,77,250
27289,29718,SNB,128,for_profit,66,FALSE,2,0,0,0,0,21,TRUE,0,2,12,16,0,0,0,0,108,153
27290,29078,Dairy,144,for_profit,71,FALSE,3,708712,3,708712,154751,20,FALSE,0.125,3,13,13,0,0,0,0,84,214
27291,29257,Dairy,128,for_profit,57,FALSE,2,5647794,3,5647794,379620,5,FALSE,0.683,3,15,15,0,2,2,1,118,129
27292,29741,SNB,128,for_profit,58,FALSE,2,326331,3,326331,21935,5,FALSE,0.564,2,13,10,0,0,2,1,12,291
27293,30497,SNB,144,for_profit,65,FALSE,2,365241,3,365241,30595,10,FALSE,0.627,1,9,16,1,0,0,1,68,119
27294,30042,Forest,32,pro_environmental,79,FALSE,2,0,0,0,0,21,TRUE,0,1,12,11,0,0,0,0,48,150
27295,29371,Dairy,240,for_profit,61,FALSE,4,7136215,3,7136215,479666,5,FALSE,0.615,2,15,10,0,0,0,0,144,74
27296,29872,Dairy,112,pro_environmental,27,FALSE,2,3415775,3,3415775,286128,10,FALSE,0.563,2,11,12,0,0,2,1,10,300
27297,29956,SNB,144,for_profit,46,FALSE,3,550343,3,550343,36992,5,FALSE,0.678,2,15,16,0,0,1,0,14,309
27298,29201,SNB,128,for_profit,46,FALSE,3,1477200,3,1477200,99291,5,FALSE,0.668,2,17,13,2,0,0,0,127,209
27299,30074,Forest,112,for_profit,70,FALSE,2,629546,3,193792.04924976744,52735,20,FALSE,0.141,2,17,10,0,0,0,0,82,127
27300,28852,Crop,416,for_profit,38,FALSE,3,8345961,3,8345961,978401,15,FALSE,0.326,2,9,8,1,0,0,2,103,145
27301,30161,Dairy,64,for_profit,47,FALSE,4,2701756,3,2701756,181600,5,FALSE,0.716,1,12,15,1,1,1,0,120,166
27302,29125,Forest,80,for_profit,56,FALSE,3,738315,3,738315,49626,0,FALSE,1.98,1,14,11,0,0,0,0,62,262
27303,30235,Dairy,192,pro_environmental,78,FALSE,1,1797,3,1797,151,5,FALSE,0,3,15,19,2,0,2,2,73,169
27304,29120,Dairy,64,for_profit,43,FALSE,3,2618051,3,2618051,175974,5,FALSE,0.707,2,10,7,1,0,2,0,72,159
27305,30082,SNB,48,for_profit,65,FALSE,2,151256,3,151256,12670,10,FALSE,0.648,2,13,14,2,0,0,0,78,287
27306,30047,Dairy,160,for_profit,69,FALSE,3,5943151,3,5943151,497837,10,FALSE,0.614,2,9,8,0,0,0,0,107,170
27307,30374,Dairy,128,pro_environmental,64,FALSE,2,2180812,3,2180812,255658,15,FALSE,0.312,1,10,13,0,0,0,0,75,263
27308,29345,Dairy,64,for_profit,70,FALSE,1,398066,3,398066,86920,20,FALSE,0.114,1,12,10,0,1,0,0,92,115
27309,29691,Dairy,80,for_profit,52,FALSE,2,2943644,3,2943644,197859,5,FALSE,0.695,2,10,8,2,0,2,1,84,125
27310,29857,SNB,96,for_profit,76,FALSE,1,0,0,0,0,21,TRUE,0,3,12,13,2,0,2,1,28,258
27311,30025,Forest,96,for_profit,55,FALSE,3,2315421,3,2315421,155633,5,FALSE,0.678,2,11,17,1,0,0,1,47,129
27312,29843,SNB,64,for_profit,52,FALSE,2,186554,3,149694.05514493596,12539,10,FALSE,0.447,2,7,12,1,0,0,0,105,190
27313,28839,Dairy,112,pro_environmental,38,FALSE,3,4238809,3,4238809,355071,10,FALSE,0.569,1,11,12,1,0,1,0,120,131
27314,29721,Dairy,272,for_profit,65,FALSE,1,4723927,3,4723927,553788,15,FALSE,0.35,4,9,14,3,0,1,0,86,95
27315,30036,SNB,64,for_profit,71,FALSE,2,137352,3,137352,16102,15,FALSE,0.362,1,14,17,0,0,1,0,127,217
27316,29312,SNB,80,for_profit,62,FALSE,2,173000,3,173000,20281,15,FALSE,0.363,3,11,10,1,0,0,1,148,218
27317,29068,Crop,96,for_profit,79,FALSE,2,0,0,0,0,21,TRUE,0,1,13,14,0,0,0,0,44,241
27318,30449,SNB,304,for_profit,64,FALSE,2,4640,3,4640,312,0,FALSE,0.119,5,10,14,2,0,4,2,88,81
27319,30095,Forest,112,for_profit,55,FALSE,2,4072164,3,4072164,273713,5,FALSE,0.565,2,12,12,0,1,0,0,120,103
27320,30426,Crop,64,pro_environmental,57,FALSE,2,3200,3,3200,215,5,FALSE,0.001,1,12,10,0,0,0,1,110,159
27321,29485,Forest,80,for_profit,78,FALSE,4,729811,3,224656.44965581867,49055,20,FALSE,0.203,1,11,13,0,0,0,0,78,172
27322,29473,Forest,32,for_profit,42,FALSE,2,299318,3,299318,20119,0,FALSE,1.061,1,12,12,0,0,0,0,56,234
27323,29737,Forest,80,for_profit,55,FALSE,2,703474,3,564479.3236758723,47285,10,FALSE,0.517,1,16,11,0,0,0,0,71,276
27324,28843,Dairy,48,for_profit,62,FALSE,2,1680057,3,1680057,112926,5,FALSE,0.676,2,12,10,0,0,0,0,25,267
27325,29013,Dairy,176,for_profit,61,FALSE,3,2944448,3,2944448,345179,15,FALSE,0.31,6,11,15,2,1,1,0,92,120
27326,29594,Dairy,80,for_profit,74,FALSE,1,0,0,0,0,21,TRUE,0,1,8,13,0,1,0,0,88,208
27327,30554,Dairy,128,for_profit,50,FALSE,5,834551,3,834551,182228,20,FALSE,0.114,3,12,17,0,0,0,0,97,203
27328,30193,Dairy,48,for_profit,67,FALSE,4,1299628,3,1299628,108865,10,FALSE,0.625,2,12,10,1,0,0,1,108,106
27329,29777,Dairy,80,pro_environmental,57,FALSE,2,3271602,3,3271602,219903,5,FALSE,0.748,1,11,12,0,0,0,0,80,232
27330,29223,Dairy,80,for_profit,34,FALSE,3,2213118,3,2213118,185385,10,FALSE,0.506,1,12,16,0,1,1,1,44,267
27331,29389,SNB,224,for_profit,43,FALSE,3,967653,3,967653,65041,5,FALSE,0.611,3,15,11,0,0,1,2,102,243
27332,29300,Forest,464,for_profit,63,FALSE,2,2984444,3,1711171.6143890808,200602,15,FALSE,0.344,3,10,10,0,0,0,0,4,303
27333,29258,Dairy,64,pro_environmental,66,FALSE,1,1900241,3,1900241,159177,10,FALSE,0.543,3,15,14,1,0,0,0,97,250
27334,29359,Forest,240,pro_environmental,39,FALSE,2,1625413,3,1625413,109253,5,FALSE,0.622,6,15,9,0,0,0,0,137,32
27335,28925,Forest,144,for_profit,62,FALSE,3,1299838,3,1299838,87370,5,FALSE,0.713,2,16,12,1,0,0,0,114,139
27336,29477,Dairy,48,for_profit,67,FALSE,3,792728,3,792728,92932,15,FALSE,0.321,3,15,13,0,0,0,0,9,308
27337,28865,Dairy,112,pro_environmental,55,FALSE,2,5153597,3,5153597,346403,5,FALSE,0.78,1,11,14,1,1,0,1,75,156
27338,29429,SNB,256,for_profit,71,FALSE,2,160631,3,160631,35075,20,FALSE,0.15,2,8,12,2,0,2,2,140,112
27339,29895,SNB,80,for_profit,55,FALSE,2,273899,3,273899,22944,10,FALSE,0.598,2,13,10,0,0,2,1,125,164
27340,29060,SNB,176,for_profit,53,FALSE,1,307275,3,307275,36022,15,FALSE,0.354,4,11,11,4,0,4,1,49,221
27341,30263,Forest,48,for_profit,43,FALSE,5,448560,3,359932.05922045343,30150,10,FALSE,0.542,1,7,11,0,0,0,0,74,153
27342,29423,SNB,240,pro_environmental,43,FALSE,3,705743,3,705743,47437,5,FALSE,0.741,2,9,8,0,0,2,1,36,228
27343,29834,Dairy,240,for_profit,69,FALSE,3,4934208,3,4934208,578440,15,FALSE,0.363,3,9,14,0,0,0,2,46,117
27344,30354,Dairy,144,pro_environmental,56,FALSE,2,4936656,3,4936656,331821,5,FALSE,0.64,4,11,12,0,0,0,3,95,195
27345,29751,Dairy,96,for_profit,63,FALSE,3,2075375,3,2075375,243297,15,FALSE,0.345,3,12,9,0,1,1,0,81,189
27346,29211,Dairy,112,pro_environmental,55,FALSE,2,1843506,3,1843506,216115,15,FALSE,0.335,3,10,14,0,0,3,2,140,126
27347,29837,Dairy,128,for_profit,39,FALSE,3,5408405,3,5408405,363530,5,FALSE,0.717,1,13,12,1,0,0,0,122,162
27348,29098,Forest,64,for_profit,69,FALSE,2,285096,3,285096,33422,15,FALSE,0.326,1,11,10,0,0,0,0,28,263
27349,29196,Forest,48,for_profit,57,FALSE,5,448477,3,359865.45862986293,30145,10,FALSE,0.549,1,12,9,0,0,0,0,110,44
27350,30167,Dairy,48,for_profit,35,FALSE,2,1635337,3,1635337,109920,5,FALSE,0.623,1,9,10,0,0,0,1,53,271
27351,29179,Dairy,96,for_profit,64,FALSE,2,1668842,3,1668842,195639,15,FALSE,0.337,3,11,10,0,0,2,0,108,81
27352,29755,Dairy,64,for_profit,61,FALSE,2,1151226,3,1151226,134959,15,FALSE,0.305,1,10,13,0,0,0,0,98,162
27353,30120,Dairy,32,for_profit,65,FALSE,3,548962,3,548962,36899,5,FALSE,0.59,2,11,17,0,0,0,0,104,158
27354,29132,Dairy,240,pro_environmental,48,FALSE,2,4589685,3,4589685,538051,15,FALSE,0.374,3,10,9,0,3,0,1,104,66
27355,29824,Dairy,64,pro_environmental,66,FALSE,4,2338699,3,2338699,157197,5,FALSE,0.62,1,7,13,0,0,0,0,59,236
27356,29157,Forest,80,for_profit,65,FALSE,4,0,0,0,0,21,TRUE,0,1,9,12,0,0,0,0,22,260
27357,29750,SNB,64,for_profit,50,FALSE,2,1094103,3,1094103,73541,5,FALSE,0.69,2,16,12,0,1,0,2,52,148
27358,30406,Forest,256,pro_environmental,44,FALSE,5,1337733,3,1337733,89917,5,FALSE,0.598,2,10,16,0,0,0,0,86,286
27359,28889,Dairy,48,for_profit,47,FALSE,2,2389476,3,2389476,160610,5,FALSE,0.749,1,10,14,1,0,0,0,98,143
27360,30368,Dairy,96,for_profit,65,FALSE,3,2953956,3,2953956,198552,5,FALSE,0.6,2,9,14,2,1,0,0,81,173
27361,30494,Dairy,192,for_profit,53,FALSE,3,5401465,3,5401465,363063,5,FALSE,0.677,5,12,13,1,0,0,0,92,77
27362,30319,Dairy,96,pro_environmental,43,FALSE,2,1612585,3,1612585,189044,15,FALSE,0.317,2,10,12,2,0,0,0,132,22
27363,29645,Dairy,80,for_profit,68,FALSE,1,2499,3,2499,546,15,FALSE,0,1,8,14,1,0,1,0,144,215
27364,30199,SNB,64,for_profit,36,FALSE,2,242868,3,242868,16325,5,FALSE,0.787,3,13,10,0,0,2,1,149,235
27365,29836,Crop,80,for_profit,47,FALSE,4,2290010,3,2290010,153925,5,FALSE,0.679,1,16,11,0,0,0,0,67,270
27366,30061,Forest,48,for_profit,62,FALSE,3,893218,3,893218,104712,15,FALSE,0.316,1,17,11,0,0,0,0,138,212
27367,29401,Dairy,128,for_profit,56,FALSE,3,4418672,3,4418672,297004,5,FALSE,0.693,5,8,11,2,0,4,0,123,171
27368,29979,SNB,64,pro_environmental,52,FALSE,2,213287,3,213287,14336,5,FALSE,0.52,1,13,17,1,0,1,0,115,97
27369,30089,Forest,160,pro_environmental,57,FALSE,3,1512116,3,1512116,126665,10,FALSE,0.604,2,13,14,0,0,0,0,15,290
27370,29382,Forest,224,for_profit,49,FALSE,2,1921730,3,1101850.0687296959,129170,15,FALSE,0.356,1,13,13,0,0,0,0,83,168
27371,28745,SNB,160,for_profit,64,FALSE,1,192,3,192,13,0,FALSE,0.135,4,8,12,0,0,4,1,53,164
27372,29272,Dairy,304,for_profit,62,FALSE,3,10416528,3,10416528,700154,5,FALSE,0.71,2,14,12,1,1,0,1,179,22
27373,28882,Forest,320,for_profit,48,FALSE,3,2791799,3,2240186.291688075,187653,10,FALSE,0.51,2,8,14,1,0,0,0,144,71
27374,29054,Dairy,32,for_profit,61,FALSE,3,692219,3,692219,81149,15,FALSE,0.381,2,11,11,1,1,0,0,135,128
27375,30476,Dairy,128,for_profit,59,FALSE,2,4827990,3,4827990,404424,10,FALSE,0.64,1,11,15,0,0,0,0,100,161
27376,29642,Dairy,80,for_profit,66,FALSE,2,0,0,0,0,21,TRUE,0,2,15,11,0,1,0,1,90,218
27377,29106,Dairy,144,for_profit,62,FALSE,2,2952591,3,2952591,346134,15,FALSE,0.399,3,16,9,3,0,0,3,133,23
27378,30555,Dairy,128,for_profit,53,FALSE,4,6070538,3,6070538,408036,5,FALSE,0.804,1,9,11,0,0,0,1,82,199
27379,30168,Forest,80,for_profit,37,FALSE,2,580936,3,466152.77946159564,39048,10,FALSE,0.519,2,16,13,0,0,0,0,11,306
27380,30203,SNB,112,for_profit,65,TRUE,3,1886,3,1886,127,5,FALSE,0.004,2,9,9,2,0,1,1,109,240
27381,30197,Dairy,160,for_profit,66,FALSE,2,2872,3,2872,337,10,FALSE,0,3,10,15,2,0,3,1,91,223
27382,29826,Crop,48,for_profit,67,FALSE,3,253500,3,253500,55353,20,FALSE,0.151,2,13,9,1,0,0,1,115,127
27383,29706,Dairy,128,for_profit,58,FALSE,2,2310183,3,2310183,270824,15,FALSE,0.33,1,10,9,0,0,0,0,82,242
27384,29523,Dairy,80,pro_environmental,62,FALSE,1,2400,3,2400,161,0,FALSE,0.114,2,15,9,2,0,0,2,113,81
27385,28790,Dairy,176,for_profit,72,FALSE,1,0,0,0,0,21,TRUE,0,1,9,16,0,0,1,0,93,136
27386,30243,Crop,208,for_profit,56,FALSE,3,5533032,3,5533032,371907,5,FALSE,0.611,1,16,15,0,0,0,0,113,146
27387,28802,Forest,32,for_profit,53,FALSE,3,172685,3,172685,14465,10,FALSE,0.508,1,8,11,0,0,0,0,53,111
27388,30339,Dairy,128,for_profit,72,FALSE,2,0,0,0,0,21,TRUE,0,1,13,13,0,0,0,1,133,98
27389,30270,SNB,96,for_profit,51,TRUE,2,1358,3,1358,297,20,FALSE,0.003,2,10,9,2,0,2,2,103,249
27390,29462,SNB,800,pro_environmental,52,TRUE,2,115202,3,115202,9650,10,FALSE,0.021,4,8,9,3,0,4,4,92,164
27391,30286,Dairy,80,for_profit,51,FALSE,2,476784,3,476784,104108,20,FALSE,0.119,2,8,8,0,0,0,0,132,115
27392,29230,Forest,48,for_profit,66,FALSE,2,258546,3,258546,30309,15,FALSE,0.395,1,14,13,0,0,0,0,90,232
27393,29095,Dairy,96,for_profit,59,FALSE,2,3946564,3,3946564,265271,5,FALSE,0.759,3,9,10,1,1,1,2,123,74
27394,29547,Forest,320,for_profit,69,FALSE,3,2067737,3,1659186.8118787291,138984,10,FALSE,0.53,4,12,9,0,0,0,0,101,272
27395,30509,Forest,96,for_profit,47,FALSE,6,1152399,3,924704.2650115733,77459,10,FALSE,0.462,2,15,12,0,0,0,0,91,180
27396,30589,Forest,272,for_profit,53,FALSE,3,1696938,3,1696938,114061,5,FALSE,0.661,2,9,14,1,0,0,1,109,196
27397,30512,Crop,240,for_profit,47,FALSE,2,5970455,3,5970455,500125,10,FALSE,0.584,2,12,14,0,0,0,1,46,139
27398,30234,SNB,112,for_profit,67,FALSE,2,0,0,0,0,21,TRUE,0,2,9,10,0,0,0,0,139,202
27399,29024,SNB,96,pro_environmental,62,FALSE,2,233233,3,233233,19537,10,FALSE,0.6,1,12,11,1,0,0,0,54,124
27400,29278,Dairy,112,for_profit,62,FALSE,4,448,3,359.48270583815577,30,10,FALSE,0,1,12,11,0,0,1,0,80,148
27401,29597,Dairy,112,for_profit,32,FALSE,3,3085280,3,3085280,207379,5,FALSE,0.65,2,10,12,1,0,0,0,113,83
27402,29735,Dairy,112,for_profit,47,FALSE,4,4729804,3,4729804,317917,5,FALSE,0.716,1,10,18,0,0,1,1,66,200
27403,29625,Dairy,192,for_profit,57,FALSE,2,3861981,3,3861981,323505,10,FALSE,0.548,3,12,9,0,1,2,0,103,197
27404,29761,Dairy,176,for_profit,56,FALSE,2,800,3,800,54,0,FALSE,0.101,3,11,13,0,0,2,1,124,47
27405,29965,Dairy,80,for_profit,57,FALSE,3,2775435,3,2775435,186553,5,FALSE,0.635,1,15,12,0,0,1,1,60,165
27406,28823,Dairy,128,for_profit,56,FALSE,2,1440,3,1440,97,0,FALSE,0.1,3,6,13,3,2,0,0,72,108
27407,29116,Dairy,48,for_profit,57,FALSE,3,1707286,3,1707286,143014,10,FALSE,0.618,2,10,13,2,0,0,0,87,150
27408,29159,Dairy,64,for_profit,49,FALSE,3,2196086,3,2196086,147611,5,FALSE,0.674,2,12,13,1,1,0,0,82,185
27409,29185,Dairy,208,for_profit,52,FALSE,4,5916574,3,5916574,397687,5,FALSE,0.607,1,12,16,1,0,0,1,81,221
27410,29323,Dairy,80,pro_environmental,49,FALSE,4,1736934,3,1736934,203622,15,FALSE,0.342,2,11,12,0,0,0,0,111,132
27411,30030,Dairy,112,pro_environmental,53,FALSE,3,3512138,3,3512138,236071,5,FALSE,0.672,3,13,9,2,0,0,1,144,231
27412,29746,Crop,112,for_profit,55,FALSE,3,829140,3,255232.7228112833,69454,20,FALSE,0.052,1,10,12,0,0,0,0,87,200
27413,28765,Dairy,656,for_profit,60,FALSE,3,20582463,3,20582463,1724123,10,FALSE,0.566,3,9,11,2,2,1,0,51,252
27414,28897,Forest,80,for_profit,51,FALSE,2,2423990,3,2423990,162930,5,FALSE,0.696,1,14,11,0,0,0,0,56,238
27415,29740,Dairy,64,for_profit,63,FALSE,4,2666509,3,2666509,223364,10,FALSE,0.656,2,12,15,1,0,0,1,133,127
27416,29950,Dairy,80,for_profit,58,FALSE,4,2210094,3,2210094,185132,10,FALSE,0.498,2,15,16,1,0,1,0,147,213
27417,28796,SNB,96,for_profit,55,FALSE,2,0,0,0,0,21,TRUE,0,1,12,10,0,0,0,0,58,114
27418,29240,SNB,208,pro_environmental,65,FALSE,3,301658,3,301658,35364,15,FALSE,0.358,1,18,9,1,0,1,0,65,119
27419,29343,Dairy,96,for_profit,51,FALSE,2,754046,3,754046,164649,20,FALSE,0.133,1,12,12,1,0,0,0,119,142
27420,29627,SNB,128,pro_environmental,82,FALSE,1,480,3,480,32,0,FALSE,0,4,8,11,2,0,4,2,14,292
27421,30496,Dairy,304,for_profit,60,FALSE,3,9886581,3,9886581,664534,5,FALSE,0.588,5,15,8,1,4,2,5,80,131
27422,29149,Dairy,224,pro_environmental,45,FALSE,3,7379043,3,7379043,618117,10,FALSE,0.559,1,9,12,0,0,0,0,64,202
27423,30141,Dairy,96,for_profit,69,FALSE,2,3380784,3,3380784,283197,10,FALSE,0.618,2,12,10,0,0,0,0,127,111
27424,28810,Dairy,160,for_profit,60,FALSE,3,4386122,3,4386122,367410,10,FALSE,0.526,2,16,11,0,0,1,0,70,122
27425,29731,SNB,128,for_profit,62,FALSE,2,231638,3,231638,50579,20,FALSE,0.306,1,14,12,0,0,0,0,75,243
27426,30501,Dairy,96,pro_environmental,44,FALSE,4,2665492,3,2665492,223279,10,FALSE,0.542,2,14,12,1,0,0,0,96,88
27427,29169,SNB,112,for_profit,53,FALSE,3,376933,3,376933,25336,5,FALSE,0.588,3,16,9,2,0,3,1,40,259
27428,29816,Dairy,176,for_profit,59,FALSE,3,6681422,3,6681422,449097,5,FALSE,0.629,2,15,11,0,0,1,0,86,160
27429,29568,Forest,96,for_profit,50,FALSE,3,982075,3,982075,66011,0,FALSE,1.394,2,15,11,0,0,1,0,128,80
27430,30048,SNB,128,for_profit,51,FALSE,3,93198,3,93198,20350,20,FALSE,0.114,1,15,8,0,0,0,0,68,186
27431,29919,Dairy,96,pro_environmental,63,FALSE,5,3138951,3,3138951,262939,10,FALSE,0.598,1,11,13,0,1,0,0,79,271
27432,28762,Forest,240,for_profit,53,FALSE,4,1566339,3,1566339,105283,5,FALSE,0.657,4,11,9,0,0,0,0,129,153
27433,30528,Dairy,96,for_profit,65,FALSE,2,3771058,3,3771058,315889,10,FALSE,0.652,2,9,15,0,2,0,2,97,170
27434,29362,Dairy,96,for_profit,61,FALSE,2,3306036,3,3306036,222218,5,FALSE,0.673,2,19,10,1,0,0,0,122,148
27435,30379,Forest,64,pro_environmental,56,FALSE,4,394458,3,394458,86132,20,FALSE,0.213,2,15,12,0,0,0,0,125,146
27436,30345,SNB,304,for_profit,65,TRUE,2,2160,3,2160,253,10,FALSE,0.001,3,13,12,1,0,3,1,56,118
27437,30200,Dairy,64,for_profit,67,FALSE,2,1836398,3,1836398,153829,10,FALSE,0.525,1,14,11,0,1,1,0,85,230
27438,30138,Dairy,48,for_profit,48,FALSE,3,1594459,3,1594459,133562,10,FALSE,0.608,1,12,17,1,0,0,1,97,201
27439,28764,Dairy,96,for_profit,59,FALSE,3,3350754,3,3350754,225223,5,FALSE,0.664,2,13,13,0,0,0,0,62,196
27440,30370,SNB,96,for_profit,65,FALSE,2,64560,3,64560,14097,20,FALSE,0.134,2,6,9,0,0,1,1,152,89
27441,29865,Forest,64,for_profit,57,FALSE,2,704915,3,565635.6062185348,47381,10,FALSE,0.498,1,13,10,0,0,0,0,132,129
27442,30421,Dairy,80,for_profit,56,FALSE,2,2676760,3,2676760,224223,10,FALSE,0.567,1,16,15,0,0,1,0,50,236
27443,28832,Forest,80,for_profit,67,FALSE,2,433311,3,133385.370810816,50797,20,FALSE,0.121,1,11,16,0,0,0,0,110,157
27444,29161,Dairy,112,for_profit,70,FALSE,3,725917,3,725917,158507,20,FALSE,0.119,1,14,12,0,1,0,0,31,266
27445,29514,Forest,64,for_profit,54,FALSE,4,485501,3,389574.13653377333,32633,10,FALSE,0.446,1,9,11,0,0,0,0,67,245
27446,29407,Forest,128,pro_environmental,79,FALSE,1,0,0,0,0,21,TRUE,0,3,15,7,0,1,0,1,97,187
27447,29284,Forest,96,for_profit,55,FALSE,3,543487,3,436103.0744371914,36531,10,FALSE,0.428,1,12,15,0,0,0,0,26,252
27448,30334,Dairy,64,for_profit,58,FALSE,3,480,3,480,32,0,FALSE,0.118,2,16,17,1,0,0,0,128,50
27449,30466,Dairy,160,pro_environmental,62,FALSE,3,6205603,3,6205603,417114,5,FALSE,0.71,1,12,16,0,0,0,1,75,250
27450,28963,Forest,112,for_profit,58,FALSE,4,960891,3,550939.941818958,64587,15,FALSE,0.36,1,14,12,0,0,0,0,77,259
27451,29565,Dairy,128,for_profit,51,FALSE,3,4717496,3,4717496,317090,5,FALSE,0.747,2,10,13,1,0,1,0,104,143
27452,30506,Dairy,80,pro_environmental,70,FALSE,2,1685,3,1685,198,10,FALSE,0,3,14,11,2,0,3,2,138,107
27453,29056,Crop,96,for_profit,71,FALSE,5,0,0,0,0,21,TRUE,0,1,12,14,0,0,0,0,76,185
27454,30031,SNB,80,pro_environmental,81,FALSE,1,1568,3,899.0341555620004,184,15,FALSE,0.002,3,13,8,2,0,2,2,95,90
27455,29580,Dairy,128,for_profit,64,FALSE,3,2220554,3,2220554,260317,15,FALSE,0.304,3,10,10,0,1,0,0,118,171
27456,30373,SNB,80,pro_environmental,55,TRUE,2,4099,3,4099,895,15,FALSE,0,1,9,9,0,0,1,1,73,281
27457,29887,SNB,96,for_profit,72,TRUE,3,0,0,0,0,21,TRUE,0,2,11,13,0,0,1,1,131,60
27458,30428,Dairy,80,for_profit,42,FALSE,2,2658486,3,2658486,178692,5,FALSE,0.669,2,8,16,0,2,2,2,13,328
27459,29035,Dairy,112,for_profit,76,FALSE,1,0,0,0,0,21,TRUE,0,3,10,10,1,0,0,1,116,174
27460,29203,Forest,80,for_profit,47,FALSE,3,715791,3,715791,48112,5,FALSE,0.655,1,11,17,0,0,0,0,70,266
27461,30436,Forest,64,pro_environmental,71,FALSE,3,704181,3,704181,58987,10,FALSE,0.513,2,10,9,0,0,0,0,126,104
27462,29210,SNB,64,for_profit,57,FALSE,4,245683,3,245683,16514,5,FALSE,0.648,1,13,14,0,0,0,0,79,275
27463,28976,Dairy,64,for_profit,50,FALSE,3,1753620,3,1753620,146895,10,FALSE,0.52,2,11,11,0,0,0,0,46,226
27464,29823,Dairy,144,for_profit,62,FALSE,2,2400,3,2400,161,0,FALSE,0.126,4,16,7,1,1,4,3,126,66
27465,29259,Dairy,144,for_profit,60,FALSE,2,5056782,3,5056782,339895,5,FALSE,0.599,2,13,8,2,0,2,0,115,57
27466,28744,Dairy,288,for_profit,51,FALSE,4,7188659,3,7188659,602169,10,FALSE,0.468,6,11,9,2,0,2,0,90,125
27467,29338,Dairy,128,pro_environmental,38,TRUE,2,480,3,480,32,5,FALSE,0,2,11,10,2,2,1,0,75,152
27468,28906,Forest,304,for_profit,61,FALSE,3,2289824,3,2289824,153912,5,FALSE,0.63,3,10,12,0,0,0,0,149,55
27469,30565,Dairy,64,for_profit,72,FALSE,2,0,0,0,0,21,TRUE,0,1,11,13,1,1,1,0,107,159
27470,30217,Dairy,112,for_profit,55,FALSE,3,0,0,0,0,21,TRUE,0,3,16,18,0,2,1,1,80,143
27471,28979,Dairy,144,for_profit,52,FALSE,3,4106163,3,4106163,343959,10,FALSE,0.547,3,12,15,1,1,0,2,65,124
27472,28997,Dairy,160,pro_environmental,60,FALSE,2,192,3,192,13,0,FALSE,0,2,13,13,0,0,1,0,51,263
27473,28956,Dairy,144,pro_environmental,47,FALSE,2,807651,3,807651,176354,20,FALSE,0.1,2,11,14,0,0,0,0,75,134
27474,29932,Dairy,80,for_profit,70,FALSE,2,64,3,51.35467226259368,4,10,FALSE,0,2,12,11,0,0,1,1,91,148
27475,30437,Dairy,80,for_profit,54,FALSE,2,1515355,3,1515355,177646,15,FALSE,0.336,3,11,15,3,1,2,0,70,138
27476,29455,Forest,64,for_profit,49,FALSE,6,557801,3,557801,37493,5,FALSE,0.639,1,18,10,0,0,0,0,71,274
27477,29876,Dairy,112,for_profit,72,FALSE,2,2338438,3,2338438,274136,15,FALSE,0.362,3,8,12,2,3,3,1,43,145
27478,29614,Dairy,144,for_profit,56,FALSE,3,4804843,3,4804843,322961,5,FALSE,0.595,3,11,12,0,1,1,1,136,99
27479,29051,Forest,176,for_profit,62,FALSE,4,1534589,3,879877.5036669226,103148,15,FALSE,0.366,1,9,10,0,0,0,0,66,282
27480,29534,Dairy,112,for_profit,55,FALSE,1,3669546,3,3669546,246651,5,FALSE,0.6,1,11,10,0,1,0,0,71,246
27481,29844,SNB,240,pro_environmental,62,TRUE,2,4800,3,4800,323,0,FALSE,0.136,4,9,10,1,0,1,3,175,38
27482,29380,Dairy,112,for_profit,80,FALSE,1,960,3,960,65,5,FALSE,0,4,13,16,2,2,2,2,93,148
27483,29124,Dairy,208,for_profit,62,FALSE,2,6565813,3,6565813,549996,10,FALSE,0.554,2,8,15,0,0,0,0,51,157
27484,29435,Forest,224,for_profit,70,FALSE,3,0,0,0,0,21,TRUE,0,1,9,12,0,0,0,0,62,211
27485,29875,SNB,192,for_profit,75,FALSE,2,4000,3,4000,269,0,FALSE,0,5,9,10,0,0,1,3,97,263
27486,28850,Dairy,80,for_profit,80,FALSE,1,960,3,295.515128806754,65,20,FALSE,0,2,10,11,1,1,1,1,105,86
27487,29752,SNB,368,for_profit,53,FALSE,2,1507697,3,1507697,126295,10,FALSE,0.536,3,12,11,1,0,0,0,40,255
27488,30163,Dairy,112,for_profit,72,FALSE,2,545,3,545,119,15,FALSE,0,4,12,12,4,3,3,0,87,176
27489,29115,Dairy,96,for_profit,63,FALSE,3,2685721,3,2685721,180523,5,FALSE,0.574,4,15,14,3,0,2,1,135,61
27490,29722,Dairy,272,for_profit,43,FALSE,2,8779454,3,8779454,590117,5,FALSE,0.697,5,12,10,0,1,0,1,101,113
27491,30473,Forest,96,for_profit,37,FALSE,3,829489,3,829489,55755,5,FALSE,0.633,1,11,10,0,0,0,0,93,249
27492,29668,SNB,80,for_profit,73,FALSE,1,242415,3,242415,28418,15,FALSE,0.368,3,14,13,0,0,1,1,122,76
27493,28733,Dairy,128,for_profit,56,FALSE,4,4401421,3,4401421,295845,5,FALSE,0.634,2,17,14,0,0,0,0,79,228
27494,29357,Dairy,144,for_profit,75,FALSE,1,4002,3,3211.271849920311,335,10,FALSE,0,3,17,12,1,2,0,2,79,141
27495,29637,SNB,96,for_profit,64,FALSE,3,322995,3,259176.59949150696,21710,10,FALSE,0.48,2,10,10,0,0,0,0,27,247
27496,29361,Dairy,48,for_profit,83,FALSE,1,128,3,128,9,5,FALSE,0,2,14,12,0,0,1,0,118,165
27497,29470,Dairy,96,for_profit,74,FALSE,2,3200,3,2567.7336131296843,215,10,FALSE,0,2,13,11,2,1,2,1,90,152
27498,29143,Dairy,176,for_profit,45,FALSE,3,7417172,3,7417172,498550,5,FALSE,0.715,1,9,11,1,0,1,0,100,133
27499,29848,SNB,144,for_profit,56,FALSE,2,264915,3,264915,31056,15,FALSE,0.34,2,17,12,1,0,1,1,65,129
27500,30266,Dairy,96,pro_environmental,66,FALSE,4,2433698,3,2433698,203863,10,FALSE,0.581,4,11,14,0,0,0,2,47,112
27501,29790,Dairy,64,for_profit,49,FALSE,3,2278328,3,2278328,153139,5,FALSE,0.651,1,8,10,0,1,0,1,83,133
27502,30552,Crop,80,for_profit,75,FALSE,2,449,3,449,38,5,FALSE,0,2,13,12,1,0,1,0,56,151
27503,29443,Dairy,224,for_profit,75,FALSE,1,832,3,832,56,0,FALSE,0,2,12,12,2,0,1,0,44,259
27504,30317,Dairy,64,pro_environmental,75,FALSE,1,640,3,640,43,0,FALSE,0,3,11,10,1,2,1,1,116,171
27505,30545,Dairy,80,for_profit,59,FALSE,2,3306927,3,3306927,222277,5,FALSE,0.701,1,11,15,1,0,0,0,107,140
27506,30115,Forest,288,for_profit,65,FALSE,2,0,0,0,0,21,TRUE,0,3,10,13,0,0,0,0,146,19
27507,30177,Dairy,192,pro_environmental,64,FALSE,3,4486041,3,4486041,375780,10,FALSE,0.494,4,10,10,1,1,2,1,121,34
27508,28910,Forest,416,for_profit,45,FALSE,4,2643816,3,2643816,221463,10,FALSE,0.568,8,10,15,0,0,0,0,141,33
27509,29007,Dairy,80,for_profit,54,FALSE,4,3076231,3,3076231,206771,5,FALSE,0.682,2,12,16,0,0,0,0,59,249
27510,29813,Dairy,128,for_profit,72,FALSE,3,0,0,0,0,21,TRUE,0,1,11,12,0,0,0,0,65,278
27511,30071,Dairy,96,for_profit,39,FALSE,3,3145346,3,3145346,263475,10,FALSE,0.541,2,12,13,0,0,0,2,86,223
27512,29306,Dairy,128,pro_environmental,59,FALSE,4,4832628,3,4832628,324829,5,FALSE,0.652,2,13,11,0,0,0,0,56,163
27513,29218,Dairy,80,for_profit,60,FALSE,2,2345343,3,2345343,196461,10,FALSE,0.541,2,7,11,1,0,0,1,69,105
27514,29955,Dairy,32,pro_environmental,77,FALSE,3,1280,3,1280,86,5,FALSE,0.001,1,11,13,1,1,0,0,103,255
27515,30380,Dairy,176,for_profit,58,FALSE,3,4372078,3,4372078,366234,10,FALSE,0.579,3,12,10,1,1,0,1,89,117
27516,29533,Dairy,144,for_profit,48,FALSE,1,4703549,3,4703549,394000,10,FALSE,0.554,1,8,13,0,0,0,1,138,86
27517,29608,Dairy,64,for_profit,49,FALSE,2,1400875,3,1400875,117347,10,FALSE,0.51,2,16,15,0,1,0,0,87,110
27518,29486,Dairy,96,for_profit,51,FALSE,4,1614588,3,1614588,189279,15,FALSE,0.314,4,14,10,3,0,0,0,122,89
27519,29644,Dairy,64,for_profit,40,FALSE,1,2611281,3,2611281,175519,5,FALSE,0.671,2,12,13,2,2,2,2,70,159
27520,30353,Dairy,160,for_profit,70,FALSE,1,1383549,3,1383549,302104,20,FALSE,0.143,2,9,12,2,0,1,0,85,177
27521,29853,Forest,144,for_profit,54,FALSE,2,1378070,3,790135.2032878353,92628,15,FALSE,0.402,1,10,9,0,0,0,0,59,262
27522,29804,Forest,64,for_profit,75,FALSE,4,611692,3,490831.9091507883,41115,10,FALSE,0.562,1,12,15,0,0,0,0,80,257
27523,30245,Dairy,176,for_profit,43,FALSE,3,5044050,3,5044050,339039,5,FALSE,0.539,3,15,10,0,0,0,0,127,222
27524,29902,Forest,48,for_profit,83,FALSE,2,0,0,0,0,21,TRUE,0,1,7,10,0,0,0,0,55,183
27525,29612,Dairy,112,for_profit,52,FALSE,3,4254942,3,4254942,285999,5,FALSE,0.695,1,12,9,0,0,1,0,25,277
27526,28881,Dairy,160,for_profit,78,FALSE,1,3200,3,3200,215,5,FALSE,0,3,8,9,0,0,0,2,107,249
27527,29059,Forest,192,for_profit,60,FALSE,2,5229909,3,5229909,438092,10,FALSE,0.781,3,10,12,0,1,0,1,118,228
27528,30045,Forest,112,for_profit,43,FALSE,3,763409,3,763409,51313,5,FALSE,0.642,1,8,14,0,0,0,0,82,102
27529,29758,Dairy,32,for_profit,37,FALSE,3,1319764,3,1319764,88709,5,FALSE,0.658,2,9,11,0,1,2,1,84,174
27530,28969,Dairy,80,for_profit,76,FALSE,2,0,0,0,0,21,TRUE,0,2,12,10,0,0,0,0,120,42
27531,29563,SNB,240,pro_environmental,55,FALSE,3,875124,3,875124,73306,10,FALSE,0.578,5,13,15,3,0,2,0,126,108
27532,30107,Forest,80,pro_environmental,79,FALSE,2,460076,3,460076,53935,15,FALSE,0.308,2,10,12,0,0,0,1,132,84
27533,30442,Dairy,224,for_profit,41,FALSE,2,7829757,3,7829757,526283,5,FALSE,0.626,2,12,9,0,0,1,0,91,225
27534,29249,Dairy,176,for_profit,56,FALSE,4,2361802,3,2361802,276875,15,FALSE,0.266,1,10,7,0,0,0,0,38,230
27535,30075,SNB,112,for_profit,61,FALSE,3,1717435,3,1717435,115439,5,FALSE,0.719,3,10,13,3,0,0,2,115,88
27536,29194,SNB,48,for_profit,74,FALSE,2,108502,3,108502,12720,15,FALSE,0.382,1,11,7,0,0,0,0,77,257
27537,29856,Dairy,128,for_profit,64,FALSE,1,2368999,3,2368999,277719,15,FALSE,0.367,1,12,12,0,0,0,0,123,231
27538,30439,Dairy,64,pro_environmental,64,FALSE,1,800,3,800,54,0,FALSE,0.197,3,11,12,3,1,3,3,58,185
27539,29890,Forest,128,for_profit,55,FALSE,4,967524,3,967524,113423,15,FALSE,0.426,1,15,13,0,0,0,0,127,123
27540,29571,Dairy,80,for_profit,71,FALSE,2,2945125,3,2945125,246703,10,FALSE,0.634,2,11,14,0,1,0,1,58,239
27541,29015,Dairy,160,for_profit,49,FALSE,4,4269356,3,4269356,286968,5,FALSE,0.667,6,14,11,0,0,2,3,127,50
27542,29168,Forest,192,pro_environmental,79,FALSE,2,399015,3,399015,87127,20,FALSE,0.11,2,11,15,0,0,1,1,51,122
27543,30440,Dairy,80,pro_environmental,40,FALSE,2,3363206,3,3363206,226060,5,FALSE,0.698,3,13,13,1,0,1,1,134,83
27544,29165,Dairy,192,for_profit,77,FALSE,2,4822,3,4822,404,5,FALSE,0,4,13,9,3,0,0,1,126,81
27545,30195,SNB,160,for_profit,62,FALSE,3,602468,3,602468,50467,10,FALSE,0.658,2,11,11,0,0,1,2,20,281
27546,28760,SNB,160,for_profit,65,FALSE,2,640,3,640,43,0,FALSE,0,1,19,13,1,0,1,0,53,215
27547,28849,Dairy,256,for_profit,60,FALSE,2,4796,3,2749.8519196909147,562,15,FALSE,0,6,10,15,0,5,6,0,101,92
27548,29099,SNB,336,for_profit,70,FALSE,2,573108,3,573108,67186,15,FALSE,0.415,2,9,16,0,0,0,2,33,241
27549,29528,Dairy,48,pro_environmental,52,TRUE,2,0,0,0,0,21,TRUE,0,1,12,10,0,0,1,0,114,114
27550,28957,Forest,128,for_profit,74,FALSE,2,1116397,3,343658.54505674343,75039,20,FALSE,0.194,1,11,11,0,0,0,0,47,229
27551,28807,Dairy,80,for_profit,77,FALSE,1,0,0,0,0,21,TRUE,0,3,9,13,0,0,0,1,71,173
27552,30124,Dairy,64,for_profit,63,FALSE,3,1976183,3,1976183,165538,10,FALSE,0.533,2,15,11,0,0,0,0,146,214
27553,30242,SNB,128,for_profit,68,FALSE,3,448954,3,448954,37607,10,FALSE,0.548,1,9,15,0,0,0,1,42,137
27554,30505,Forest,32,for_profit,60,FALSE,2,213245,3,65642.8371274961,14333,20,FALSE,0.193,1,14,11,0,0,0,0,100,248
27555,30268,Dairy,48,for_profit,59,FALSE,3,1415570,3,1415570,95149,5,FALSE,0.64,2,11,12,0,0,0,0,120,67
27556,29809,Dairy,128,for_profit,51,FALSE,2,4138545,3,4138545,346672,10,FALSE,0.548,1,12,10,0,1,1,1,57,246
27557,30153,Dairy,112,for_profit,66,FALSE,2,1920,3,1920,129,0,FALSE,0.137,3,13,10,2,1,0,0,87,235
27558,29061,Forest,112,for_profit,79,FALSE,2,443531,3,136531.37561957125,51995,20,FALSE,0.09,1,10,8,0,0,0,0,115,46
27559,29075,Dairy,448,for_profit,61,FALSE,3,7300226,3,7300226,855809,15,FALSE,0.31,7,11,10,7,4,0,1,101,76
27560,29405,Forest,64,for_profit,44,FALSE,4,626489,3,502705.2698612508,42110,10,FALSE,0.568,1,15,12,0,0,0,0,74,142
27561,28863,Dairy,64,for_profit,75,FALSE,1,0,0,0,0,21,TRUE,0,2,11,12,1,0,0,1,73,165
27562,29448,Dairy,96,for_profit,55,FALSE,3,3377869,3,3377869,227046,5,FALSE,0.644,1,11,10,0,0,1,0,99,200
27563,28978,Dairy,160,for_profit,75,FALSE,1,0,0,0,0,21,TRUE,0,2,13,10,0,0,0,0,121,121
27564,29110,SNB,32,pro_environmental,75,FALSE,3,60065,3,18489.70438726841,7041,20,FALSE,0.098,1,8,15,0,0,0,0,79,230
27565,29286,Dairy,80,for_profit,72,FALSE,3,1674245,3,1674245,196273,15,FALSE,0.383,1,17,10,0,1,1,1,50,264
27566,30445,SNB,192,pro_environmental,42,TRUE,2,384,3,384,26,0,FALSE,0.001,3,9,12,2,0,2,2,142,200
27567,28878,SNB,160,for_profit,68,FALSE,4,182479,3,182479,39845,15,FALSE,0.222,4,9,12,1,0,2,2,15,323
27568,30499,Dairy,48,pro_environmental,62,FALSE,2,811651,3,811651,95150,15,FALSE,0.309,1,12,12,0,0,1,0,41,272
27569,29207,Forest,64,for_profit,43,FALSE,4,906940,3,906940,60961,5,FALSE,0.706,2,14,11,0,0,0,1,138,89
27570,29647,Forest,48,for_profit,63,FALSE,2,201521,3,201521,13545,5,FALSE,0.655,1,8,8,0,0,0,0,123,169
27571,30106,Dairy,384,for_profit,57,FALSE,4,6140967,3,6140967,719909,15,FALSE,0.336,4,8,11,0,0,0,0,22,255
27572,29636,Dairy,80,for_profit,55,FALSE,2,2478304,3,2478304,166581,5,FALSE,0.717,3,14,16,1,2,0,1,135,63
27573,30352,Dairy,176,for_profit,42,FALSE,3,5939815,3,5939815,497558,10,FALSE,0.508,1,7,12,1,0,1,1,67,161
27574,29723,Dairy,96,for_profit,66,FALSE,3,2714983,3,2714983,227425,10,FALSE,0.518,1,14,12,1,0,1,1,90,237
27575,30186,Dairy,304,pro_environmental,61,FALSE,2,5947836,3,5947836,697268,15,FALSE,0.331,5,11,11,1,2,1,0,91,74
27576,30547,Forest,64,for_profit,35,FALSE,3,626701,3,626701,42124,5,FALSE,0.708,1,13,14,0,0,0,0,59,198
27577,29296,Dairy,80,for_profit,60,FALSE,2,1621692,3,1621692,190112,15,FALSE,0.335,2,13,7,0,1,0,0,116,146
27578,29131,SNB,80,for_profit,74,FALSE,2,71075,3,71075,15520,20,FALSE,0.15,1,13,13,1,0,0,0,61,264
27579,30070,Dairy,64,for_profit,58,FALSE,1,329370,3,329370,71919,20,FALSE,0.096,1,8,11,0,0,0,0,98,122
27580,29353,Forest,160,for_profit,62,FALSE,3,1429647,3,1429647,96095,5,FALSE,0.655,1,11,16,0,0,0,0,80,262
27581,30538,Dairy,64,for_profit,56,FALSE,3,1770418,3,1770418,148302,10,FALSE,0.549,1,9,8,1,0,0,0,137,200
27582,29779,Forest,64,for_profit,68,FALSE,2,505209,3,155517.60698888684,33958,20,FALSE,0.176,1,15,13,0,0,0,0,103,164
27583,29602,Dairy,112,for_profit,64,FALSE,3,64,3,64,4,0,FALSE,0,3,13,10,0,2,2,0,139,97
27584,29812,Dairy,176,for_profit,64,FALSE,4,2849445,3,2849445,334042,15,FALSE,0.297,2,12,14,0,1,1,0,85,206
27585,29899,Crop,96,for_profit,56,FALSE,4,2480998,3,2480998,166762,5,FALSE,0.74,2,11,12,1,0,0,1,66,190
27586,28822,Dairy,64,for_profit,55,FALSE,2,2899109,3,2899109,194866,5,FALSE,0.701,3,18,13,0,3,0,0,128,125
27587,29517,Forest,64,for_profit,61,FALSE,3,2163668,3,2163668,181243,10,FALSE,0.573,1,11,10,0,0,0,0,86,208
27588,29978,Forest,48,for_profit,61,FALSE,3,458400,3,262829.88323317666,30812,15,FALSE,0.401,1,9,13,0,0,0,0,107,92
27589,28941,Dairy,48,for_profit,39,FALSE,4,1092687,3,1092687,91531,10,FALSE,0.525,2,9,13,0,0,1,0,109,119
27590,30093,Dairy,80,for_profit,63,FALSE,3,1855839,3,1855839,217561,15,FALSE,0.417,2,14,9,0,2,2,0,108,78
27591,30116,Dairy,192,for_profit,41,FALSE,1,5198026,3,5198026,435421,10,FALSE,0.483,7,9,15,1,3,4,6,103,123
27592,29233,Dairy,80,for_profit,74,FALSE,1,295,3,295,25,5,FALSE,0,2,8,15,0,0,2,0,79,127
27593,29122,Forest,80,for_profit,71,FALSE,3,533493,3,305885.47752119787,44689,15,FALSE,0.28,1,11,11,0,0,0,0,42,269
27594,28980,Dairy,64,for_profit,73,FALSE,3,423602,3,423602,92495,20,FALSE,0.109,2,13,11,0,0,2,0,55,151
27595,29661,Dairy,128,for_profit,54,FALSE,2,3473842,3,3473842,233497,5,FALSE,0.695,4,14,8,1,3,3,1,99,77
27596,29127,Forest,80,for_profit,38,FALSE,2,2754759,3,2754759,185163,5,FALSE,0.611,2,11,11,1,0,0,0,111,98
27597,30288,SNB,208,for_profit,55,FALSE,3,1107718,3,888851.482021496,74456,10,FALSE,0.518,3,13,13,1,0,0,1,10,285
27598,29188,Forest,112,for_profit,64,FALSE,3,863441,3,863441,72328,10,FALSE,0.565,1,9,16,0,0,0,0,65,252
27599,30056,Dairy,80,for_profit,75,FALSE,2,0,0,0,0,21,TRUE,0,2,12,11,1,0,0,0,93,268
27600,29057,Dairy,64,for_profit,46,FALSE,3,2290863,3,2290863,153982,5,FALSE,0.668,2,13,12,1,0,2,0,149,229
27601,28750,Forest,128,for_profit,55,FALSE,4,927245,3,927245,62325,5,FALSE,0.524,1,15,14,0,0,0,0,62,198
27602,29549,Forest,96,for_profit,60,FALSE,2,308533,3,94975.17628763981,36169,20,FALSE,0.093,1,10,14,0,0,0,0,96,100
27603,29980,Dairy,80,pro_environmental,57,FALSE,3,2120456,3,2120456,177623,10,FALSE,0.553,2,11,13,1,1,0,1,117,60
27604,30383,SNB,128,for_profit,63,FALSE,4,315785,3,315785,37020,15,FALSE,0.385,1,12,8,0,0,0,0,93,221
27605,29330,Dairy,80,pro_environmental,55,FALSE,3,1279187,3,1279187,149960,15,FALSE,0.314,3,9,11,1,0,0,1,118,57
27606,29129,Forest,96,for_profit,53,FALSE,4,619236,3,619236,41622,0,FALSE,2.295,2,16,14,1,0,0,0,50,240
27607,28748,Dairy,208,for_profit,60,FALSE,3,8170678,3,8170678,549198,5,FALSE,0.783,4,15,13,2,0,4,0,134,104
27608,29422,Forest,32,for_profit,60,FALSE,2,169194,3,52082.69448263534,19835,20,FALSE,0.092,1,16,15,0,0,0,0,85,186
27609,29214,Dairy,144,for_profit,65,FALSE,1,0,0,0,0,21,TRUE,0,4,11,12,0,0,0,0,106,108
27610,29908,Dairy,80,for_profit,50,FALSE,2,3096710,3,3096710,208148,5,FALSE,0.669,2,13,8,0,0,0,2,131,85
27611,29025,SNB,80,for_profit,61,TRUE,4,208064,3,208064,17429,10,FALSE,0.642,1,9,11,0,0,0,1,95,279
27612,30360,Dairy,112,for_profit,52,FALSE,1,3680,3,3680,247,0,FALSE,0,3,14,9,2,2,0,3,121,125
27613,29684,Forest,128,for_profit,63,FALSE,2,0,0,0,0,21,TRUE,0,1,11,11,0,0,0,0,96,137
27614,30255,Dairy,80,for_profit,77,FALSE,1,0,0,0,0,21,TRUE,0,2,12,7,0,0,0,0,104,157
27615,30465,Forest,160,for_profit,54,FALSE,5,942587,3,942587,110500,15,FALSE,0.291,2,11,11,1,1,0,0,103,118
27616,28867,Forest,192,for_profit,60,FALSE,3,1628861,3,1307025.3565050096,109485,10,FALSE,0.492,1,10,16,0,0,0,0,98,180
27617,30072,Crop,128,for_profit,84,FALSE,1,800,3,641.9334032824211,54,10,FALSE,0,2,12,10,2,0,0,1,109,67
27618,29105,Forest,80,for_profit,59,FALSE,2,703308,3,216498.07730293804,82449,20,FALSE,0.104,2,14,8,0,0,0,0,65,165
27619,28968,Dairy,80,for_profit,67,FALSE,2,4000,3,4000,269,0,FALSE,0,1,15,13,0,0,0,1,94,182
27620,28793,Dairy,128,for_profit,45,FALSE,1,4938023,3,4938023,331913,5,FALSE,0.706,1,15,10,1,0,0,1,57,257
27621,29774,Forest,48,pro_environmental,64,FALSE,4,310701,3,310701,36424,15,FALSE,0.428,2,12,12,0,0,0,0,111,144
27622,30164,SNB,240,for_profit,60,FALSE,2,283498,3,283498,61903,20,FALSE,0.111,2,18,14,0,0,0,1,132,125
27623,29694,Crop,80,for_profit,62,FALSE,2,1529096,3,1529096,179257,15,FALSE,0.35,1,16,9,1,0,0,0,78,250
27624,28862,Dairy,176,for_profit,45,FALSE,4,5882367,3,5882367,492746,10,FALSE,0.539,3,8,14,0,2,1,0,88,157
27625,30212,Crop,96,for_profit,43,FALSE,3,3274154,3,3274154,220075,5,FALSE,0.809,1,11,11,0,0,0,0,52,268
27626,28742,SNB,592,for_profit,49,TRUE,1,800,3,800,54,5,FALSE,0,3,10,14,2,0,2,1,104,233
27627,30543,Forest,48,for_profit,83,FALSE,2,0,0,0,0,21,TRUE,0,1,13,10,0,0,0,0,71,174
27628,30231,Dairy,160,for_profit,61,FALSE,2,2911093,3,2911093,341269,15,FALSE,0.341,3,14,12,0,2,1,0,59,119
27629,29295,Dairy,64,pro_environmental,58,FALSE,3,2063728,3,2063728,138715,5,FALSE,0.759,2,13,8,2,1,0,0,91,132
27630,29204,SNB,80,for_profit,57,FALSE,4,235184,3,235184,15808,5,FALSE,0.726,1,10,10,1,0,0,0,53,127
27631,30282,Dairy,48,pro_environmental,62,FALSE,3,974901,3,974901,114288,15,FALSE,0.338,3,10,10,0,0,1,2,76,192
27632,30378,Dairy,112,for_profit,83,FALSE,2,0,0,0,0,21,TRUE,0,1,16,12,0,0,0,1,82,270
27633,29009,Dairy,112,for_profit,77,TRUE,2,2728,3,2728,229,5,FALSE,0,3,8,11,1,3,3,0,57,182
27634,29472,Dairy,240,for_profit,72,FALSE,3,8960,3,8960,602,0,FALSE,0,2,13,14,0,1,0,0,23,265
27635,29096,Dairy,128,for_profit,70,FALSE,1,6151,3,1893.4516221774413,515,20,FALSE,0,2,16,11,2,2,0,0,57,212
27636,28827,Dairy,96,for_profit,58,FALSE,4,3742014,3,3742014,251522,5,FALSE,0.713,1,10,15,1,1,0,0,88,138
27637,28955,Forest,224,for_profit,52,FALSE,4,2646901,3,2646901,177913,5,FALSE,0.612,4,17,9,0,0,0,0,89,86
27638,29445,Dairy,64,for_profit,65,FALSE,3,1115676,3,1115676,130791,15,FALSE,0.334,3,18,14,1,0,1,3,134,109
27639,30580,Forest,256,pro_environmental,59,FALSE,2,1887102,3,580903.3235432114,126843,20,FALSE,0.191,5,13,14,0,0,0,0,166,10
27640,29835,Dairy,144,pro_environmental,61,FALSE,3,4565588,3,4565588,382444,10,FALSE,0.538,1,9,14,0,0,0,0,81,181
27641,29367,Forest,80,for_profit,59,FALSE,5,1343895,3,1343895,90331,5,FALSE,0.687,3,11,8,0,0,0,1,85,188
27642,29181,Forest,176,for_profit,61,FALSE,4,3267120,3,3267120,383006,15,FALSE,0.36,3,9,13,2,0,0,0,25,261
27643,29297,Forest,176,for_profit,51,FALSE,3,1157002,3,1157002,77769,5,FALSE,0.632,3,10,13,0,0,0,0,113,236
27644,29349,SNB,160,for_profit,65,FALSE,2,375803,3,375803,25260,0,FALSE,1.732,1,9,10,0,0,1,0,80,219
27645,29970,Dairy,144,for_profit,47,FALSE,3,4642951,3,4642951,388924,10,FALSE,0.547,1,16,11,0,0,0,1,54,151
27646,29242,SNB,128,for_profit,68,TRUE,3,6400,3,3669.527165559185,430,15,FALSE,0.007,1,7,17,0,0,0,1,49,210
27647,29004,Dairy,80,for_profit,48,FALSE,2,2996976,3,2996976,251046,10,FALSE,0.605,2,12,11,0,0,0,0,115,154
27648,28837,Dairy,64,for_profit,72,FALSE,1,629,3,629,53,5,FALSE,0,4,10,11,0,3,2,0,104,91
27649,30191,Forest,128,for_profit,59,FALSE,3,1117805,3,1117805,75134,0,FALSE,2.145,1,14,13,0,0,0,0,89,229
27650,29921,Dairy,240,for_profit,49,TRUE,3,0,0,0,0,21,TRUE,0,3,14,17,0,0,0,0,118,152
27651,30540,Forest,80,pro_environmental,63,FALSE,3,723601,3,580629.5656857039,48637,10,FALSE,0.525,1,11,12,0,0,0,0,71,148
27652,29216,Dairy,144,for_profit,58,FALSE,3,787104,3,787104,171868,20,FALSE,0.099,2,14,16,1,0,0,0,81,161
27653,29394,Forest,208,for_profit,70,FALSE,3,501308,3,287431.7694237725,33696,15,FALSE,0.13,1,12,11,0,0,0,0,36,234
27654,28913,Forest,128,for_profit,59,FALSE,3,128,3,128,9,5,FALSE,0,3,14,14,1,0,1,0,86,115
27655,28967,Dairy,80,for_profit,73,FALSE,1,3141,3,3141,263,5,FALSE,0,2,15,11,0,2,0,1,63,183
27656,30239,Dairy,112,for_profit,53,FALSE,2,2127056,3,2127056,249356,15,FALSE,0.311,3,12,8,0,0,0,2,78,179
27657,30145,SNB,64,for_profit,37,FALSE,2,710358,3,710358,47747,5,FALSE,0.748,2,11,10,2,0,0,2,96,127
27658,28838,Dairy,112,for_profit,65,FALSE,2,697021,3,697021,152198,20,FALSE,0.115,2,10,11,2,0,0,2,138,81
27659,28754,Crop,64,pro_environmental,60,FALSE,5,770598,3,770598,90338,15,FALSE,0.291,3,15,13,3,0,0,0,117,73
27660,30050,Forest,48,for_profit,33,FALSE,3,455567,3,455567,30621,5,FALSE,0.704,1,14,14,0,0,0,0,145,236
27661,29241,Forest,112,for_profit,55,FALSE,3,971406,3,779472.4494362043,65294,10,FALSE,0.51,1,11,13,0,0,0,0,33,273
27662,29155,Crop,160,for_profit,50,TRUE,3,0,0,0,0,21,TRUE,0,2,10,10,1,0,1,2,94,217
27663,30511,Forest,48,for_profit,65,FALSE,2,413227,3,127202.94805357138,27775,20,FALSE,0.194,1,12,9,0,0,0,0,76,130
27664,30389,Forest,144,for_profit,59,FALSE,2,6068441,3,6068441,407895,5,FALSE,0.733,2,12,9,1,0,1,0,94,260
27665,29577,Dairy,96,for_profit,63,FALSE,2,0,0,0,0,21,TRUE,0,2,9,9,1,0,0,0,109,44
27666,28924,SNB,96,for_profit,80,FALSE,1,384,3,384,26,0,FALSE,0,1,10,14,1,0,1,1,152,228
27667,30184,SNB,64,pro_environmental,70,TRUE,2,4741,3,4741,397,5,FALSE,0.008,1,11,12,1,0,1,1,109,233
27668,29413,Forest,96,pro_environmental,67,FALSE,3,565410,3,565410,66283,15,FALSE,0.34,2,7,8,0,1,0,1,75,130
27669,29332,SNB,96,for_profit,72,FALSE,1,302237,3,302237,35431,15,FALSE,0.36,3,8,15,1,0,0,2,64,160
27670,29282,Dairy,160,for_profit,74,FALSE,2,991414,3,991414,216480,20,FALSE,0.119,3,13,13,0,0,0,2,128,55
27671,30330,SNB,304,for_profit,70,FALSE,2,508522,3,508522,111038,20,FALSE,0.096,3,10,9,1,0,2,0,14,282
27672,30053,Dairy,128,for_profit,61,FALSE,2,5335318,3,5335318,358617,5,FALSE,0.755,2,9,11,0,0,0,2,65,159
27673,29573,Dairy,112,for_profit,33,FALSE,2,5149503,3,5149503,346127,5,FALSE,0.78,1,11,8,0,0,0,1,87,148
27674,29898,Forest,80,pro_environmental,55,FALSE,5,841951,3,841951,56592,5,FALSE,0.673,2,10,12,0,0,0,0,107,51
27675,30300,Forest,80,for_profit,75,FALSE,3,651436,3,651436,76368,15,FALSE,0.313,2,15,10,1,0,1,0,66,185
27676,30427,Forest,160,for_profit,51,FALSE,4,1116825,3,1116825,75068,5,FALSE,0.505,1,12,14,0,0,0,0,91,198
27677,28805,Forest,32,for_profit,54,FALSE,4,237342,3,237342,15953,0,FALSE,1.635,1,11,14,0,0,0,0,89,266
27678,30264,Crop,448,for_profit,51,TRUE,3,10080,3,10080,678,5,FALSE,0.001,2,10,15,1,0,0,0,46,254
27679,29649,Dairy,96,for_profit,58,FALSE,4,3172558,3,3172558,213246,5,FALSE,0.64,2,11,9,1,0,0,0,121,85
27680,30271,Dairy,64,for_profit,68,FALSE,2,3808,3,3808,446,10,FALSE,0.001,2,18,7,2,2,2,1,106,114
27681,29019,SNB,112,for_profit,65,TRUE,3,480,3,480,32,5,FALSE,0,4,13,12,2,0,0,2,119,92
27682,29023,Dairy,128,pro_environmental,64,FALSE,2,4590839,3,4590839,384559,10,FALSE,0.552,2,13,10,0,0,1,2,132,132
27683,30413,Dairy,112,pro_environmental,67,FALSE,3,3711383,3,3711383,310890,10,FALSE,0.594,3,8,13,1,3,2,0,138,123
27684,30280,SNB,128,pro_environmental,43,FALSE,3,346301,3,346301,23277,5,FALSE,0.668,1,19,13,0,0,1,0,128,211
27685,29107,SNB,96,for_profit,50,FALSE,7,379798,3,379798,25528,5,FALSE,0.665,3,17,13,0,0,0,2,136,78
27686,29008,Dairy,48,pro_environmental,72,FALSE,2,743,3,743,62,5,FALSE,0,2,12,13,0,2,2,0,118,226
27687,29966,Dairy,128,pro_environmental,47,FALSE,2,4515016,3,4515016,303480,5,FALSE,0.685,5,12,11,0,2,0,3,112,79
27688,29924,Crop,96,for_profit,69,FALSE,1,0,0,0,0,21,TRUE,0,1,10,10,0,0,0,0,58,179
27689,30567,Dairy,112,for_profit,58,FALSE,2,3333388,3,3333388,279227,10,FALSE,0.553,2,9,20,1,1,0,0,95,71
27690,29944,Forest,80,for_profit,60,FALSE,5,2766536,3,2766536,231743,10,FALSE,0.56,2,13,16,0,0,0,0,90,183
27691,28787,Dairy,128,for_profit,71,FALSE,2,4148869,3,4148869,347537,10,FALSE,0.611,2,13,9,0,2,2,1,147,232
27692,28952,Forest,160,for_profit,61,FALSE,5,1535558,3,1535558,103214,5,FALSE,0.703,1,14,9,0,0,0,0,27,269
27693,29939,SNB,192,pro_environmental,55,FALSE,2,0,0,0,0,21,TRUE,0,2,15,11,1,0,0,2,103,70
27694,30441,SNB,80,for_profit,47,FALSE,3,230529,3,230529,15495,5,FALSE,0.712,1,10,10,1,0,1,1,108,250
27695,28815,SNB,176,for_profit,72,FALSE,2,246671,3,246671,28917,15,FALSE,0.332,2,9,13,1,0,1,0,37,240
27696,29138,Dairy,64,for_profit,62,FALSE,4,1900217,3,1900217,159175,10,FALSE,0.543,1,13,17,0,1,0,0,91,140
27697,28788,Forest,144,for_profit,69,FALSE,2,1055407,3,846876.2591976126,70940,10,FALSE,0.504,3,14,13,0,0,0,0,50,218
27698,28901,SNB,48,for_profit,63,FALSE,1,0,0,0,0,21,TRUE,0,1,13,13,0,0,0,0,90,129
27699,29584,Dairy,256,for_profit,67,FALSE,2,6464,3,3706.222437214777,758,15,FALSE,0,2,10,12,0,1,1,0,61,227
27700,30221,Dairy,160,for_profit,58,FALSE,2,3694311,3,3694311,433086,15,FALSE,0.351,2,12,8,1,1,0,0,122,114
27701,29049,Dairy,80,for_profit,65,FALSE,2,2619993,3,2619993,219468,10,FALSE,0.599,3,11,9,1,1,1,1,134,86
27702,30530,Forest,64,for_profit,71,FALSE,3,2190890,3,2190890,183523,10,FALSE,0.581,1,12,9,0,0,0,0,45,146
27703,29800,Dairy,160,pro_environmental,54,FALSE,2,5638727,3,5638727,379011,5,FALSE,0.64,3,13,22,2,0,0,0,124,54
27704,29302,Dairy,48,for_profit,47,FALSE,3,301562,3,301562,65847,20,FALSE,0.115,1,12,14,0,0,0,0,88,223
27705,29907,Dairy,80,for_profit,53,FALSE,3,1497839,3,1497839,175592,15,FALSE,0.318,1,10,10,0,0,1,0,111,155
27706,30369,Dairy,112,for_profit,53,FALSE,3,3680,3,3680,247,0,FALSE,0.126,2,13,8,1,2,1,0,127,71
27707,29184,Dairy,48,for_profit,64,FALSE,4,1243770,3,1243770,83601,5,FALSE,0.598,2,9,10,0,0,1,0,101,221
27708,29488,SNB,192,for_profit,36,FALSE,4,1093889,3,1093889,73527,5,FALSE,0.693,4,9,10,1,0,2,2,143,57
27709,28927,Dairy,96,for_profit,64,FALSE,2,3116423,3,3116423,209473,5,FALSE,0.627,2,10,9,1,0,1,0,60,209
27710,29503,Dairy,128,for_profit,65,FALSE,2,999520,3,999520,218250,20,FALSE,0.132,1,11,9,0,0,0,1,74,150
27711,29922,Dairy,80,for_profit,68,FALSE,2,0,0,0,0,21,TRUE,0,3,12,12,0,0,1,2,114,76
27712,30464,Dairy,64,for_profit,74,FALSE,2,0,0,0,0,21,TRUE,0,1,10,10,0,1,0,0,62,128
27713,30323,SNB,160,for_profit,50,FALSE,3,379061,3,379061,31753,10,FALSE,0.585,1,10,12,1,0,0,0,59,131
27714,29532,Dairy,208,for_profit,77,FALSE,4,4378,3,4378,513,10,FALSE,0.001,3,18,13,0,2,0,2,65,175
27715,30313,Dairy,64,for_profit,65,FALSE,1,1455498,3,1455498,170629,15,FALSE,0.416,1,9,9,1,0,0,0,72,240
27716,29192,Forest,48,pro_environmental,62,FALSE,3,0,0,0,0,21,TRUE,0,1,16,10,0,0,0,0,16,311
27717,28920,Dairy,112,for_profit,72,FALSE,2,256,3,256,17,0,FALSE,0.158,4,12,13,0,0,3,2,126,61
27718,28841,Dairy,80,pro_environmental,53,FALSE,3,3204285,3,3204285,215378,5,FALSE,0.675,2,13,12,0,1,2,0,86,220
27719,28981,Dairy,176,for_profit,66,FALSE,1,3160,3,972.7372989888985,370,20,FALSE,0,3,14,14,1,2,3,2,135,105
27720,30571,Dairy,160,for_profit,67,FALSE,2,3360,3,3360,226,5,FALSE,0,2,15,15,1,0,0,0,108,164
27721,29949,Dairy,192,for_profit,57,FALSE,3,5664662,3,5664662,474509,10,FALSE,0.583,3,15,12,1,0,0,2,175,32
27722,29426,Dairy,144,for_profit,53,FALSE,2,6137334,3,6137334,412525,5,FALSE,0.713,2,12,13,2,0,2,2,111,138
27723,29854,Dairy,80,for_profit,64,FALSE,2,401924,3,401924,87762,20,FALSE,0.145,3,14,13,1,1,3,3,15,302
27724,30348,Forest,96,for_profit,53,FALSE,3,1403797,3,1403797,94357,5,FALSE,0.659,2,9,16,1,0,0,0,67,140
27725,29552,SNB,240,for_profit,41,FALSE,3,685121,3,685121,46051,5,FALSE,0.658,3,10,12,3,0,2,1,40,235
27726,29900,Dairy,80,for_profit,44,FALSE,3,2559646,3,2559646,214413,10,FALSE,0.559,2,13,11,0,2,0,0,96,134
27727,29490,Forest,128,for_profit,74,TRUE,2,0,0,0,0,21,TRUE,0,2,9,11,0,0,0,0,99,255
27728,29002,Dairy,64,for_profit,76,FALSE,4,500526,3,500526,109292,20,FALSE,0.166,3,11,13,2,0,0,0,92,256
27729,28944,Dairy,192,for_profit,54,TRUE,4,3934107,3,3934107,461197,15,FALSE,0.358,3,11,11,2,0,1,0,52,260
27730,28972,Forest,48,pro_environmental,31,FALSE,4,624214,3,624214,41957,0,FALSE,1.595,2,12,17,0,0,0,0,57,192
27731,30084,Dairy,112,for_profit,69,FALSE,3,3145886,3,3145886,263520,10,FALSE,0.539,2,13,16,0,0,1,0,127,24
27732,28894,Dairy,160,pro_environmental,70,FALSE,4,4892667,3,4892667,409842,10,FALSE,0.506,2,10,10,0,0,0,0,99,151
27733,29238,Dairy,80,pro_environmental,49,FALSE,3,3079991,3,3079991,207024,5,FALSE,0.711,2,14,10,0,2,1,0,141,80
27734,30481,Dairy,112,pro_environmental,56,FALSE,3,2920481,3,2920481,244639,10,FALSE,0.57,3,17,9,0,1,1,1,127,95
27735,30098,Dairy,128,for_profit,55,FALSE,2,2176,3,2176,146,0,FALSE,0.133,3,12,11,1,1,3,0,116,78
27736,29542,Dairy,176,for_profit,57,FALSE,2,5082074,3,5082074,341595,5,FALSE,0.604,4,12,8,1,0,1,1,119,89
27737,29440,Forest,32,pro_environmental,68,FALSE,4,319791,3,256605.65621136088,21495,10,FALSE,0.587,1,15,8,0,0,0,0,80,271
27738,29905,Dairy,64,for_profit,53,FALSE,3,1456316,3,1456316,170725,15,FALSE,0.413,2,17,14,0,0,1,0,85,184
27739,28829,Dairy,368,for_profit,51,FALSE,2,13099029,3,13099029,880461,5,FALSE,0.604,1,11,13,0,0,1,1,87,196
27740,30472,Dairy,192,for_profit,48,FALSE,3,6522270,3,6522270,546348,10,FALSE,0.547,3,15,15,2,1,0,3,75,167
27741,29593,Dairy,144,for_profit,37,FALSE,2,5478541,3,5478541,458919,10,FALSE,0.645,1,16,11,1,1,1,1,52,230
27742,30585,Dairy,48,for_profit,44,FALSE,4,1590375,3,1590375,106898,5,FALSE,0.731,2,11,12,0,1,0,1,66,171
27743,29348,Forest,160,for_profit,66,FALSE,2,891918,3,891918,104560,15,FALSE,0.327,2,13,7,1,0,0,1,84,150
27744,29244,Dairy,96,for_profit,70,FALSE,2,1943779,3,1943779,227870,15,FALSE,0.386,2,16,13,2,0,0,0,69,125
27745,30527,Dairy,80,for_profit,68,FALSE,2,2400,3,1925.800209847263,161,10,FALSE,0.001,2,12,13,0,0,0,1,141,74
27746,30128,Dairy,64,for_profit,62,FALSE,2,0,0,0,0,21,TRUE,0,1,14,12,0,0,0,0,70,249
27747,29465,SNB,176,for_profit,72,FALSE,2,345469,3,345469,75435,20,FALSE,0.331,1,9,14,0,0,0,0,70,261
27748,29794,Forest,80,for_profit,66,FALSE,4,359916,3,110792.31572876214,42193,20,FALSE,0.1,1,13,17,0,0,0,0,96,133
27749,29968,Dairy,80,for_profit,75,FALSE,2,0,0,0,0,21,TRUE,0,3,15,13,0,0,0,0,98,196
27750,29331,Forest,64,for_profit,64,FALSE,4,158442,3,158442,34597,20,FALSE,0.181,1,7,14,0,0,0,0,21,278
27751,29861,Forest,96,for_profit,54,FALSE,2,0,0,0,0,21,TRUE,0,2,11,10,0,1,1,0,61,160
27752,29873,Dairy,64,for_profit,49,TRUE,3,1920,3,1920,129,5,FALSE,0.001,1,10,13,1,0,0,0,71,145
27753,30430,Dairy,208,for_profit,58,FALSE,3,6318170,3,6318170,529251,10,FALSE,0.6,2,11,15,2,0,1,0,180,11
27754,29016,Dairy,144,for_profit,48,FALSE,2,2911775,3,2911775,341349,15,FALSE,0.36,3,12,17,0,3,0,3,59,218
27755,29231,Dairy,64,pro_environmental,65,FALSE,3,992,3,992,67,0,FALSE,0.13,2,14,14,0,2,2,2,98,147
27756,30504,Forest,224,for_profit,70,FALSE,2,1100587,3,1100587,92192,10,FALSE,0.511,4,19,12,0,0,1,0,170,26
27757,29975,Forest,192,for_profit,62,FALSE,3,0,0,0,0,21,TRUE,0,1,10,11,0,0,0,0,106,224
27758,28737,Forest,96,pro_environmental,67,FALSE,2,914548,3,524368.5515949721,61472,15,FALSE,0.256,2,10,11,0,0,1,0,124,121
27759,30251,Dairy,80,for_profit,52,FALSE,3,597364,3,597364,130437,20,FALSE,0.132,2,16,15,0,1,0,0,136,122
27760,28965,Dairy,32,pro_environmental,65,FALSE,5,1164623,3,1164623,78281,5,FALSE,0.666,1,10,15,0,0,0,0,76,260
27761,29492,Dairy,64,for_profit,63,FALSE,2,3200,3,3200,215,5,FALSE,0.001,1,8,10,0,1,0,1,79,236
27762,30569,Dairy,32,pro_environmental,49,FALSE,2,950310,3,950310,63876,5,FALSE,0.592,2,11,11,0,1,1,1,119,206
27763,29206,Dairy,80,for_profit,54,FALSE,3,2497332,3,2497332,167860,5,FALSE,0.716,2,9,9,0,0,0,0,141,91
27764,30390,SNB,144,for_profit,65,TRUE,2,1473,3,1473,322,15,FALSE,0.002,3,16,15,3,0,0,0,101,139
27765,30083,Forest,320,for_profit,61,FALSE,3,956081,3,956081,112082,15,FALSE,0.3,2,9,10,0,0,0,0,97,275
27766,29458,Forest,288,for_profit,74,FALSE,2,0,0,0,0,21,TRUE,0,4,13,14,0,0,0,0,139,27
27767,29767,Dairy,64,for_profit,38,FALSE,2,1229392,3,1229392,144122,15,FALSE,0.43,3,9,10,1,2,0,0,119,44
27768,29799,Dairy,144,for_profit,51,FALSE,2,2419760,3,2419760,283670,15,FALSE,0.285,1,10,12,0,1,0,1,72,192
27769,29686,Forest,144,for_profit,48,FALSE,3,1532934,3,1230051.9245341686,103037,10,FALSE,0.45,2,8,12,0,0,0,0,120,223
27770,30015,SNB,64,pro_environmental,74,FALSE,2,149556,3,149556,17533,15,FALSE,0.395,1,10,14,1,0,1,0,75,236
27771,28809,Dairy,80,for_profit,55,FALSE,3,2803376,3,2803376,188431,5,FALSE,0.641,3,11,13,0,0,3,2,77,127
27772,28888,SNB,64,for_profit,72,FALSE,2,192,3,192,13,5,FALSE,0.001,2,10,15,1,0,1,0,52,109
27773,29710,Dairy,64,for_profit,46,FALSE,5,2645178,3,2645178,177798,5,FALSE,0.701,1,11,11,0,0,0,0,130,92
27774,30258,Dairy,80,for_profit,59,FALSE,3,2437921,3,2437921,204216,10,FALSE,0.517,1,10,13,0,0,0,0,93,158
27775,30180,Dairy,208,for_profit,58,FALSE,2,7928861,3,7928861,532944,5,FALSE,0.684,6,10,14,1,4,6,6,131,63
27776,29942,Dairy,64,for_profit,39,FALSE,2,2558189,3,2558189,171950,5,FALSE,0.657,2,13,15,2,0,2,2,69,183
27777,30069,Forest,80,for_profit,73,FALSE,6,594464,3,340844.03077296494,49796,15,FALSE,0.308,1,11,12,0,0,0,0,76,188
27778,29736,Dairy,48,for_profit,53,FALSE,3,970496,3,970496,113772,15,FALSE,0.335,2,12,15,0,1,1,0,116,71
27779,29762,Dairy,96,for_profit,73,FALSE,4,0,0,0,0,21,TRUE,0,2,15,9,0,0,0,0,137,72
27780,30324,Forest,272,for_profit,58,FALSE,4,3951738,3,3951738,265619,5,FALSE,0.694,2,11,11,0,0,0,0,181,6
27781,29604,Dairy,96,for_profit,49,FALSE,3,2499018,3,2499018,209334,10,FALSE,0.476,1,11,9,0,0,0,1,88,140
27782,30055,SNB,48,for_profit,69,TRUE,2,64,3,64,4,5,FALSE,0,2,12,11,0,0,2,0,63,124
27783,30174,Dairy,160,for_profit,63,FALSE,4,4407653,3,4407653,369214,10,FALSE,0.514,4,9,15,1,2,1,0,137,70
27784,30176,Forest,64,for_profit,43,FALSE,4,885290,3,885290,59505,5,FALSE,0.71,2,14,13,0,0,0,1,46,265
27785,29199,Forest,64,for_profit,51,FALSE,2,632331,3,632331,42503,5,FALSE,0.71,2,12,13,1,0,0,0,112,99
27786,29281,Forest,80,for_profit,55,FALSE,6,691947,3,691947,46510,5,FALSE,0.626,1,11,8,0,0,0,0,73,194
27787,30246,SNB,48,for_profit,56,TRUE,2,0,0,0,0,21,TRUE,0,1,11,9,1,0,0,0,55,177
27788,28753,Dairy,208,pro_environmental,52,FALSE,4,6368446,3,6368446,428060,5,FALSE,0.635,3,16,12,0,1,0,0,87,91
27789,28781,Dairy,160,for_profit,53,FALSE,3,2718427,3,2718427,318683,15,FALSE,0.359,4,10,10,1,0,0,0,147,92
27790,29459,Dairy,80,for_profit,75,FALSE,1,453914,3,453914,99114,20,FALSE,0.094,2,9,11,0,2,0,1,98,173
27791,29355,SNB,176,for_profit,66,FALSE,2,734950,3,734950,61564,10,FALSE,0.652,1,16,12,1,0,1,0,55,234
27792,29506,SNB,64,for_profit,44,FALSE,2,231403,3,231403,19384,10,FALSE,0.646,3,10,14,2,0,2,3,19,283
27793,29739,Forest,160,for_profit,66,FALSE,5,1349528,3,1349528,90709,5,FALSE,0.639,2,18,11,0,0,0,1,125,214
27794,29863,Forest,32,pro_environmental,67,FALSE,2,480,3,385.1600419694526,32,10,FALSE,0.001,2,18,14,1,0,1,1,91,208
27795,30207,Crop,64,for_profit,41,FALSE,3,1721558,3,1721558,115716,5,FALSE,0.618,1,18,11,1,0,0,1,90,219
27796,30160,Dairy,96,for_profit,46,FALSE,3,619071,3,354952.7893609204,51857,15,FALSE,0.068,1,13,12,0,0,0,0,94,139
27797,29112,SNB,64,for_profit,58,FALSE,4,448470,3,359859.8417125842,30144,10,FALSE,0.51,2,13,16,0,0,0,0,52,142
27798,28851,SNB,48,for_profit,57,FALSE,2,245222,3,196770.2412746523,16483,10,FALSE,0.514,3,11,15,0,0,1,1,48,126
27799,29425,Forest,128,pro_environmental,72,FALSE,3,613292,3,613292,133915,20,FALSE,0.171,3,10,15,0,0,2,0,91,150
27800,29431,Dairy,128,for_profit,59,FALSE,4,4131098,3,4131098,346048,10,FALSE,0.585,2,11,12,2,0,0,0,90,250
27801,29579,Dairy,96,for_profit,64,FALSE,3,3042814,3,3042814,204525,5,FALSE,0.602,4,10,17,1,0,0,1,86,106
27802,30524,SNB,240,for_profit,60,FALSE,3,763356,3,763356,63944,10,FALSE,0.499,2,9,10,0,0,0,0,58,231
27803,29874,Dairy,144,for_profit,64,FALSE,3,6203164,3,6203164,416950,5,FALSE,0.694,2,13,13,2,0,0,1,131,121
27804,30582,Forest,240,for_profit,76,FALSE,2,2143193,3,1228828.8960212949,144056,15,FALSE,0.375,1,10,15,0,0,0,0,78,242
27805,29314,Dairy,64,for_profit,57,FALSE,2,1372353,3,1372353,160882,15,FALSE,0.37,2,14,11,2,1,1,1,90,216
27806,29172,Forest,80,pro_environmental,52,FALSE,3,745642,3,745642,50119,5,FALSE,0.674,1,15,9,0,0,0,0,78,167
27807,29920,Forest,112,for_profit,57,FALSE,3,1303823,3,1303823,109217,10,FALSE,0.519,2,11,15,0,1,0,0,83,227
27808,28962,Dairy,80,for_profit,61,FALSE,2,1727822,3,1727822,202553,15,FALSE,0.366,1,13,12,1,1,1,1,98,154
27809,29958,Forest,96,pro_environmental,55,FALSE,7,750365,3,430231.99243512785,62856,15,FALSE,0.324,1,11,10,0,0,0,0,89,206
27810,29969,Forest,64,for_profit,49,FALSE,3,608950,3,608950,40931,5,FALSE,0.697,1,12,11,0,0,0,0,83,139
27811,29953,Dairy,80,for_profit,72,TRUE,2,2379,3,1364.0320510727033,279,15,FALSE,0,2,12,11,2,1,0,1,92,146
27812,30284,Dairy,112,pro_environmental,83,FALSE,2,5959,3,5959,499,5,FALSE,0,1,12,12,0,0,1,1,112,157
27813,28919,Forest,128,for_profit,63,FALSE,3,0,0,0,0,21,TRUE,0,1,10,11,0,0,0,0,81,251
27814,30548,Forest,80,for_profit,59,FALSE,3,234386,3,234386,51179,20,FALSE,0.212,1,16,11,0,0,0,0,140,211
27815,30362,Forest,160,for_profit,55,FALSE,4,1125444,3,903075.1214047263,75648,10,FALSE,0.507,2,12,13,0,0,0,0,83,131
27816,29381,Forest,96,for_profit,73,FALSE,2,838385,3,672734.1703886656,56353,10,FALSE,0.513,1,11,12,0,0,0,0,37,266
27817,29086,Dairy,64,for_profit,48,FALSE,2,2349469,3,2349469,196807,10,FALSE,0.578,2,10,9,0,0,2,1,94,175
27818,30381,Dairy,96,pro_environmental,43,FALSE,2,3220295,3,3220295,216454,5,FALSE,0.666,1,15,9,1,1,1,0,60,115
27819,29785,Dairy,48,for_profit,33,FALSE,2,1723490,3,1723490,115846,5,FALSE,0.672,1,15,14,1,0,0,0,142,78
27820,28866,SNB,64,for_profit,78,TRUE,2,800,3,800,54,0,FALSE,0,2,7,12,2,0,2,2,8,284
27821,30080,Dairy,144,pro_environmental,41,FALSE,3,4950718,3,4950718,332766,5,FALSE,0.648,4,13,13,0,1,1,3,104,112
27822,29200,Dairy,96,for_profit,82,FALSE,2,3988,3,3988,871,15,FALSE,0,3,14,8,1,2,0,1,80,119
27823,29111,Dairy,112,for_profit,78,FALSE,2,3360,3,3360,226,0,FALSE,0.12,3,12,9,0,1,1,2,91,78
27824,30312,Dairy,64,for_profit,39,FALSE,2,2397502,3,2397502,161150,5,FALSE,0.744,1,10,12,0,0,1,0,129,51
27825,29617,Forest,112,for_profit,69,FALSE,3,1574477,3,1574477,131889,10,FALSE,0.537,3,18,11,0,0,2,1,119,161
27826,29860,Dairy,160,for_profit,63,FALSE,2,5021370,3,5021370,420623,10,FALSE,0.574,1,11,12,1,1,0,0,90,242
27827,29038,Forest,80,pro_environmental,44,FALSE,2,663552,3,663552,77789,15,FALSE,0.357,3,13,12,0,0,0,1,119,53
27828,29882,Dairy,64,for_profit,58,FALSE,2,1201523,3,1201523,140855,15,FALSE,0.365,2,10,20,0,0,0,0,31,253
27829,29081,Forest,64,for_profit,39,FALSE,2,570598,3,570598,38353,0,FALSE,1.416,1,12,10,0,0,0,0,46,270
27830,29519,Dairy,80,for_profit,55,FALSE,2,587421,3,587421,128266,20,FALSE,0.116,2,12,17,1,0,0,2,80,176
27831,30262,Forest,64,for_profit,48,FALSE,3,552174,3,552174,37115,5,FALSE,0.632,1,12,11,0,0,0,0,67,285
27832,30279,SNB,48,for_profit,55,FALSE,3,103728,3,103728,8689,10,FALSE,0.534,1,9,15,0,0,1,0,127,47
27833,30213,Dairy,208,for_profit,64,FALSE,3,480,3,480,32,0,FALSE,0.023,3,6,19,3,0,0,0,145,196
27834,29770,Dairy,64,for_profit,67,FALSE,2,583,3,583,49,5,FALSE,0,3,14,14,2,0,2,3,10,308
27835,30285,Dairy,128,pro_environmental,66,FALSE,2,1823170,3,1823170,213731,15,FALSE,0.323,2,13,12,1,1,1,0,124,63
27836,29708,Forest,128,pro_environmental,55,FALSE,3,1268410,3,1268410,106250,10,FALSE,0.558,1,12,8,0,0,0,0,122,116
27837,28900,Dairy,144,for_profit,69,FALSE,3,1093621,3,1093621,238797,20,FALSE,0.129,1,11,13,0,1,1,0,46,238
27838,30190,Forest,32,for_profit,68,FALSE,5,170895,3,170895,20034,15,FALSE,0.391,1,8,10,0,0,0,0,75,255
27839,29654,SNB,80,for_profit,45,TRUE,2,5742,3,1767.549864175397,1254,20,FALSE,0.004,1,16,9,1,0,1,1,13,302
27840,29996,Dairy,48,for_profit,54,FALSE,3,1549507,3,1549507,104151,5,FALSE,0.721,3,12,13,1,1,0,0,90,264
27841,29711,Dairy,160,for_profit,55,FALSE,3,2336503,3,2336503,273909,15,FALSE,0.334,2,12,15,1,0,0,0,82,150
27842,29669,Forest,48,for_profit,37,FALSE,4,415242,3,415242,27911,5,FALSE,0.642,1,9,9,0,0,0,0,137,129
27843,30432,Dairy,272,for_profit,65,FALSE,2,3723,3,3723,436,10,FALSE,0,5,9,9,4,4,2,2,173,27
27844,29315,Dairy,176,for_profit,76,FALSE,2,295,3,295,25,5,FALSE,0,4,12,11,1,1,2,0,98,131
27845,30016,Forest,80,pro_environmental,44,FALSE,3,712547,3,571759.650885849,47894,10,FALSE,0.517,1,12,10,0,0,0,0,131,218
27846,28912,Crop,80,pro_environmental,43,FALSE,2,2244538,3,2244538,150868,5,FALSE,0.665,1,9,12,0,0,0,1,81,228
27847,29121,Dairy,128,pro_environmental,44,FALSE,3,2694788,3,2694788,315911,15,FALSE,0.382,4,9,15,0,0,0,0,56,189
27848,29896,Dairy,48,for_profit,61,FALSE,3,1601900,3,1601900,107673,5,FALSE,0.748,3,12,14,0,2,0,0,106,94
27849,29537,Forest,80,pro_environmental,51,FALSE,3,574784,3,574784,48148,10,FALSE,0.526,1,10,11,0,0,0,0,33,264
27850,30484,Dairy,48,for_profit,74,FALSE,2,640,3,513.5467226259368,43,10,FALSE,0,3,15,14,0,2,0,0,115,55
27851,29946,SNB,128,for_profit,58,FALSE,3,430614,3,430614,28944,5,FALSE,0.679,3,12,11,1,0,0,1,105,193
27852,30028,Dairy,144,for_profit,53,FALSE,3,6598298,3,6598298,443509,5,FALSE,0.777,1,9,15,0,1,0,0,36,131
27853,30400,Dairy,176,for_profit,71,FALSE,2,2477,3,2477,207,5,FALSE,0,3,12,10,2,1,2,0,109,64
27854,30204,Dairy,112,for_profit,43,FALSE,3,4257070,3,4257070,286142,5,FALSE,0.602,2,11,10,0,0,0,0,103,140
27855,30534,Dairy,80,for_profit,70,FALSE,2,0,0,0,0,21,TRUE,0,1,10,10,0,0,0,0,112,152
27856,30372,SNB,128,for_profit,61,FALSE,3,647245,3,647245,43505,5,FALSE,0.636,2,13,11,0,0,0,0,52,124
27857,30453,SNB,64,for_profit,62,FALSE,3,151311,3,151311,17738,15,FALSE,0.386,2,8,7,1,0,1,0,44,122
27858,29817,Forest,48,pro_environmental,58,FALSE,3,1263158,3,1013579.1422792705,84904,10,FALSE,0.461,1,17,15,0,0,0,0,64,165
27859,29100,Dairy,192,for_profit,48,FALSE,3,6814524,3,6814524,458043,5,FALSE,0.617,3,16,12,0,2,2,0,83,179
27860,28794,SNB,208,for_profit,72,TRUE,2,0,0,0,0,21,TRUE,0,2,12,14,0,0,1,1,10,297
27861,29253,Dairy,96,for_profit,81,FALSE,2,256,3,256,17,5,FALSE,0,2,15,15,2,2,1,0,93,187
27862,30000,Dairy,96,for_profit,49,FALSE,4,3880828,3,3880828,260853,5,FALSE,0.69,4,11,19,1,1,0,2,126,152
27863,29697,Dairy,48,pro_environmental,59,FALSE,2,1607425,3,1607425,108044,5,FALSE,0.626,1,10,12,0,0,0,0,137,20
27864,30391,Forest,96,for_profit,74,FALSE,3,0,0,0,0,21,TRUE,0,1,12,11,0,0,0,0,45,236
27865,29336,Forest,32,for_profit,68,FALSE,2,0,0,0,0,21,TRUE,0,2,11,14,0,0,0,1,127,157
27866,28741,Dairy,80,for_profit,70,FALSE,4,1838163,3,1838163,215489,15,FALSE,0.371,2,15,14,1,1,0,0,106,154
27867,29570,Forest,128,for_profit,55,FALSE,4,1299651,3,1299651,87357,5,FALSE,0.709,2,14,14,0,0,0,0,75,180
27868,30219,Dairy,48,for_profit,69,FALSE,3,364934,3,364934,79685,20,FALSE,0.139,1,13,20,1,0,1,0,101,201
27869,29912,Dairy,176,for_profit,59,FALSE,2,5834743,3,5834743,488756,10,FALSE,0.684,2,13,12,0,0,1,0,47,148
27870,29104,Dairy,112,for_profit,64,FALSE,2,2014215,3,2014215,168724,10,FALSE,0.479,3,14,10,0,0,1,1,96,83
27871,28824,SNB,272,for_profit,60,FALSE,5,593522,3,593522,49717,10,FALSE,0.539,1,12,12,0,0,0,0,42,226
27872,29010,Dairy,240,for_profit,83,FALSE,1,5216,3,5216,611,10,FALSE,0,3,16,11,3,0,2,3,80,186
27873,29093,Dairy,144,for_profit,69,FALSE,3,5364378,3,5364378,449356,10,FALSE,0.572,2,15,20,2,2,0,1,117,159
27874,29651,Dairy,64,pro_environmental,61,FALSE,5,1480461,3,1480461,124013,10,FALSE,0.455,2,13,12,0,0,0,0,67,184
27875,30144,Dairy,176,for_profit,72,FALSE,2,1600,3,1600,108,5,FALSE,0,3,13,10,0,1,0,3,111,76
27876,29191,Dairy,64,pro_environmental,61,FALSE,3,1318450,3,1318450,154563,15,FALSE,0.377,1,15,13,1,0,0,1,83,253
27877,29747,Dairy,176,for_profit,54,FALSE,3,5758080,3,5758080,482335,10,FALSE,0.599,1,17,20,0,1,0,0,68,272
27878,29457,Dairy,96,for_profit,65,FALSE,3,2700452,3,2700452,226208,10,FALSE,0.597,3,15,12,0,0,1,0,57,184
27879,28786,Crop,48,for_profit,73,TRUE,2,0,0,0,0,21,TRUE,0,1,10,8,0,0,0,0,77,186
27880,29363,Dairy,96,for_profit,57,FALSE,3,4094226,3,4094226,275196,5,FALSE,0.688,3,10,11,3,3,1,1,114,73
27881,29118,Dairy,96,for_profit,46,FALSE,3,3322929,3,3322929,223353,5,FALSE,0.577,3,16,14,0,0,0,2,64,163
27882,30561,SNB,240,for_profit,67,FALSE,3,8000,3,8000,538,5,FALSE,0.004,2,10,15,0,0,1,1,118,99
27883,30223,SNB,80,for_profit,67,FALSE,4,241885,3,241885,20262,10,FALSE,0.684,2,15,11,2,0,2,2,62,123
27884,30417,Forest,144,pro_environmental,81,FALSE,3,0,0,0,0,21,TRUE,0,2,12,13,0,1,0,0,72,154
27885,29759,Forest,128,for_profit,47,FALSE,2,1133080,3,909202.375739057,76161,10,FALSE,0.52,1,14,16,0,0,0,0,49,266
27886,29556,Dairy,96,for_profit,82,FALSE,1,1984,3,1984,133,0,FALSE,0,3,14,9,1,2,1,0,60,146
27887,30419,Dairy,112,for_profit,61,FALSE,3,4898032,3,4898032,329225,5,FALSE,0.716,2,11,14,0,2,0,0,114,152
27888,29256,Dairy,96,for_profit,57,FALSE,3,2518891,3,2518891,210999,10,FALSE,0.521,1,16,13,0,0,0,0,55,185
27889,29544,Forest,144,for_profit,61,FALSE,3,0,0,0,0,21,TRUE,0,2,12,13,1,0,1,1,117,133
27890,29973,Dairy,80,for_profit,68,FALSE,2,1326318,3,1326318,155485,15,FALSE,0.299,2,14,14,0,0,1,0,53,161
27891,30579,SNB,112,for_profit,74,FALSE,3,480,3,480,32,0,FALSE,0,2,7,11,1,0,0,0,140,64
27892,29825,Dairy,240,pro_environmental,56,FALSE,2,7596387,3,7596387,636323,10,FALSE,0.601,3,11,13,1,0,2,0,41,248
27893,29846,SNB,256,for_profit,49,FALSE,4,748213,3,748213,50292,5,FALSE,0.729,5,9,6,5,0,2,0,92,278
27894,30327,Dairy,64,for_profit,36,FALSE,2,2533100,3,2533100,170264,5,FALSE,0.722,2,14,13,2,0,1,2,110,57
27895,29540,Dairy,128,for_profit,76,FALSE,1,3239,3,3239,707,15,FALSE,0,3,18,14,3,2,1,2,70,188
27896,30549,Forest,64,for_profit,67,FALSE,3,556453,3,319049.90622764145,37402,15,FALSE,0.37,1,11,8,0,0,0,0,144,91
27897,29881,Forest,176,for_profit,55,FALSE,4,1563274,3,1563274,105077,5,FALSE,0.648,2,14,11,0,0,0,0,107,119
27898,29539,Forest,144,pro_environmental,68,FALSE,3,1196136,3,1196136,100196,10,FALSE,0.609,1,10,15,0,0,0,0,60,241
27899,30568,SNB,112,for_profit,63,FALSE,1,480,3,480,32,0,FALSE,0,3,10,8,1,0,0,2,98,140
27900,30333,SNB,80,for_profit,65,FALSE,1,1920,3,1920,129,0,FALSE,0,2,17,14,1,0,1,1,39,243
27901,30008,Dairy,96,pro_environmental,79,FALSE,2,2880,3,2880,194,0,FALSE,0,1,10,11,1,1,0,0,47,262
27902,30143,Dairy,48,for_profit,55,FALSE,1,0,0,0,0,21,TRUE,0,1,10,12,0,0,1,0,63,266
27903,29094,Forest,464,for_profit,35,FALSE,5,6232408,3,6232408,418916,5,FALSE,0.736,5,11,9,0,0,1,0,175,20
27904,29409,Dairy,80,for_profit,72,FALSE,2,992,3,992,67,0,FALSE,0.125,3,16,12,0,2,2,1,53,222
27905,29753,Dairy,128,for_profit,60,FALSE,4,4089593,3,4089593,274885,5,FALSE,0.649,4,14,10,1,1,1,0,103,111
27906,28774,Dairy,64,for_profit,67,FALSE,2,1920,3,1920,129,0,FALSE,0.142,2,9,14,2,2,2,1,59,211
27907,30410,Dairy,32,for_profit,57,FALSE,2,267455,3,82330.20705730248,31354,20,FALSE,0.073,2,15,9,0,0,0,1,134,61
27908,30054,Dairy,112,for_profit,58,FALSE,2,4911241,3,4911241,330113,5,FALSE,0.695,2,12,12,1,0,0,0,131,123
27909,29775,Forest,80,pro_environmental,79,FALSE,2,1673,3,1673,196,10,FALSE,0,2,10,12,1,0,1,1,83,225
27910,30518,Dairy,96,for_profit,40,FALSE,4,3337490,3,3337490,224332,5,FALSE,0.624,3,17,15,0,2,0,1,136,113
27911,30460,SNB,192,for_profit,61,FALSE,2,1440,3,1440,97,0,FALSE,0.11,5,11,13,3,0,2,2,132,46
27912,29128,Dairy,64,for_profit,57,FALSE,1,440241,3,440241,96129,20,FALSE,0.106,2,13,12,0,2,0,1,87,169
27913,30455,Dairy,48,for_profit,61,FALSE,3,1050683,3,1050683,123172,15,FALSE,0.393,3,13,15,0,0,1,0,110,95
27914,29623,Crop,64,for_profit,58,FALSE,1,454530,3,454530,99249,20,FALSE,0.163,1,16,17,1,0,0,0,76,150
27915,28960,Dairy,48,for_profit,61,FALSE,3,64,3,64,4,0,FALSE,0.124,2,13,17,0,1,2,0,113,161
27916,29631,SNB,128,for_profit,76,FALSE,1,885,3,507.4268033624811,104,15,FALSE,0.001,3,12,11,1,0,1,1,44,228
27917,28755,Forest,144,for_profit,63,FALSE,5,3218777,3,3218777,269626,10,FALSE,0.509,4,14,10,0,1,0,0,137,67
27918,30343,Dairy,256,for_profit,79,FALSE,2,960,3,960,65,0,FALSE,0.13,3,9,13,1,0,2,0,56,250
27919,30021,Dairy,32,for_profit,80,FALSE,2,0,0,0,0,21,TRUE,0,2,11,13,0,0,0,0,124,111
27920,29136,Dairy,128,for_profit,75,FALSE,1,1304,3,401.40804996250745,285,20,FALSE,0,3,9,13,3,0,0,3,144,96
27921,30532,Dairy,96,for_profit,63,FALSE,3,3808659,3,3808659,319038,10,FALSE,0.64,3,14,14,0,0,0,2,63,177
27922,29562,Forest,96,for_profit,56,FALSE,2,3019402,3,3019402,252925,10,FALSE,0.576,1,8,12,0,0,0,0,16,319
27923,28938,SNB,96,for_profit,70,FALSE,1,2400,3,2400,161,0,FALSE,0,2,12,12,0,0,0,1,91,96
27924,29569,SNB,224,for_profit,65,FALSE,3,100067,3,100067,21850,20,FALSE,0.108,3,11,12,0,0,0,1,179,15
27925,30067,Forest,112,for_profit,72,FALSE,4,997956,3,800776.6142576396,67078,10,FALSE,0.531,1,12,18,0,0,0,0,98,125
27926,29001,Dairy,144,for_profit,55,FALSE,4,4889990,3,4889990,409618,10,FALSE,0.632,2,9,14,0,0,2,1,100,117
27927,30566,Dairy,48,for_profit,77,FALSE,3,2074,3,2074,174,5,FALSE,0,1,14,11,0,1,1,0,132,92
27928,30283,Dairy,80,for_profit,68,FALSE,2,0,0,0,0,21,TRUE,0,1,12,9,0,1,0,0,89,139
27929,29530,Forest,80,pro_environmental,76,FALSE,3,524932,3,161588.90374456978,61538,20,FALSE,0.108,2,14,10,0,0,1,0,88,237
27930,30088,Forest,32,pro_environmental,43,FALSE,3,263016,3,263016,17679,5,FALSE,0.61,1,13,14,0,0,0,0,52,146
27931,28799,Forest,80,for_profit,77,FALSE,2,424371,3,130633.38617380311,49749,20,FALSE,0.09,2,14,12,0,0,1,0,131,79
27932,30495,Dairy,64,pro_environmental,72,FALSE,2,395633,3,395633,86388,20,FALSE,0.123,1,13,11,0,0,0,0,127,30
27933,29859,SNB,80,for_profit,74,FALSE,2,56848,3,56848,12413,20,FALSE,0.12,1,9,10,0,0,1,0,55,273
27934,30185,Forest,64,for_profit,48,FALSE,4,544663,3,437046.7165400166,36610,10,FALSE,0.507,1,14,10,0,0,0,0,109,77
27935,30429,Forest,144,for_profit,69,FALSE,5,414332,3,414332,90471,20,FALSE,0.208,1,11,9,0,0,0,0,90,190
27936,29167,Dairy,144,pro_environmental,66,FALSE,2,5120724,3,5120724,428946,10,FALSE,0.603,1,9,11,1,1,1,1,57,221
27937,28736,Forest,64,pro_environmental,53,FALSE,2,268422,3,215386.30996984252,18042,10,FALSE,0.247,1,15,11,0,0,0,0,59,177
27938,29701,Dairy,128,for_profit,61,FALSE,2,5667145,3,5667145,380921,5,FALSE,0.804,2,13,15,0,0,0,0,69,175
27939,29643,Dairy,112,pro_environmental,71,FALSE,2,3040,3,3040,204,5,FALSE,0.001,3,12,12,1,0,1,1,72,163
27940,30491,Dairy,96,for_profit,71,FALSE,1,2698047,3,2698047,226006,10,FALSE,0.522,2,13,12,1,1,1,2,93,208
27941,30198,Dairy,64,for_profit,46,FALSE,2,2795319,3,2795319,187889,5,FALSE,0.741,1,10,16,0,0,0,1,82,201
27942,29482,SNB,128,for_profit,48,FALSE,5,409067,3,409067,27496,5,FALSE,0.651,3,12,9,0,0,0,0,143,61
27943,28859,SNB,80,for_profit,54,FALSE,4,108616,3,108616,12733,15,FALSE,0.299,2,13,8,0,0,0,0,130,57
27944,29044,Forest,80,for_profit,54,FALSE,3,987318,3,987318,66363,5,FALSE,0.589,2,14,9,0,0,0,0,87,122
27945,29329,Dairy,144,pro_environmental,65,FALSE,3,1504,3,1504,101,0,FALSE,0.115,4,12,12,4,1,4,4,57,146
27946,29135,Dairy,96,for_profit,73,FALSE,1,0,0,0,0,21,TRUE,0,2,10,13,1,0,1,0,132,131
27947,29036,Forest,128,for_profit,69,FALSE,2,1600,3,1600,108,5,FALSE,0.001,2,11,10,0,0,0,1,132,73
27948,30398,SNB,64,for_profit,69,TRUE,1,0,0,0,0,21,TRUE,0,1,9,10,0,0,0,0,110,141
27949,30572,SNB,144,pro_environmental,40,TRUE,2,706,3,566.5062283967366,59,10,FALSE,0.001,3,13,15,0,0,1,2,33,257
27950,30293,Dairy,64,for_profit,56,FALSE,3,1870477,3,1870477,156683,10,FALSE,0.544,2,14,10,1,2,0,0,54,116
27951,30490,Dairy,128,for_profit,57,FALSE,2,2136295,3,2136295,250439,15,FALSE,0.373,4,8,10,0,2,2,0,119,63
27952,30570,Dairy,32,for_profit,61,FALSE,3,682167,3,682167,79971,15,FALSE,0.362,1,16,8,0,0,0,0,78,181
27953,29659,SNB,160,for_profit,45,FALSE,1,115396,3,115396,25197,20,FALSE,0.113,1,10,14,0,0,1,0,58,226
27954,30041,Dairy,112,for_profit,54,FALSE,5,4244287,3,4244287,285283,5,FALSE,0.631,2,17,13,0,0,0,0,77,155
27955,29991,Dairy,128,for_profit,61,FALSE,2,1920,3,1920,129,0,FALSE,0.131,3,10,11,1,0,0,0,9,304
27956,30134,Dairy,32,for_profit,76,FALSE,2,633811,3,633811,74302,15,FALSE,0.349,2,18,10,1,0,0,0,45,231
27957,29508,Dairy,80,for_profit,60,FALSE,3,2269158,3,2269158,190080,10,FALSE,0.578,2,14,14,0,0,0,0,123,146
27958,30397,SNB,128,for_profit,67,FALSE,4,0,0,0,0,21,TRUE,0,2,11,11,1,0,1,0,142,61
27959,29416,Dairy,112,for_profit,36,FALSE,3,4715232,3,4715232,316938,5,FALSE,0.77,1,10,10,0,0,0,1,41,265
27960,30269,SNB,208,for_profit,41,FALSE,3,2485048,3,2485048,167034,5,FALSE,0.642,2,13,14,0,0,1,1,138,62
27961,29342,Forest,80,for_profit,51,FALSE,3,3284545,3,3284545,275135,10,FALSE,0.707,2,14,15,0,1,1,0,72,140
27962,28905,Dairy,64,for_profit,52,FALSE,4,1829401,3,1829401,122964,5,FALSE,0.619,2,8,10,0,0,1,0,51,159
27963,29666,Forest,112,for_profit,63,FALSE,6,935846,3,536580.0499656096,62904,15,FALSE,0.351,1,15,14,0,0,0,0,50,270
27964,30123,SNB,48,for_profit,49,FALSE,3,205993,3,205993,17255,10,FALSE,0.67,1,15,11,1,0,1,1,140,213
27965,29938,Dairy,112,for_profit,68,FALSE,3,64,3,64,4,0,FALSE,0.138,3,16,9,0,1,3,1,84,189
27966,30463,SNB,32,for_profit,82,FALSE,2,2244,3,2244,188,5,FALSE,0.013,1,12,11,1,0,0,1,143,64
27967,30522,Dairy,48,for_profit,54,FALSE,3,1936404,3,1936404,162206,10,FALSE,0.607,1,10,13,0,1,0,0,112,117
27968,29554,SNB,128,pro_environmental,55,FALSE,4,431915,3,431915,29031,5,FALSE,0.687,2,10,14,2,0,0,1,141,53
27969,30004,Dairy,64,for_profit,40,FALSE,5,1966290,3,1966290,164709,10,FALSE,0.572,2,15,12,0,0,0,1,115,49
27970,30356,Dairy,128,pro_environmental,61,FALSE,2,2579379,3,2579379,302382,15,FALSE,0.369,1,14,12,0,1,0,0,42,263
27971,30536,Dairy,320,for_profit,68,FALSE,3,6240,3,6240,419,5,FALSE,0,3,13,16,1,0,1,0,125,136
27972,28876,SNB,96,for_profit,51,TRUE,4,384,3,384,26,5,FALSE,0.001,1,13,10,0,0,1,0,128,215
27973,28728,Forest,32,for_profit,75,FALSE,4,278221,3,159521.79961391282,18701,15,FALSE,0.361,1,12,15,0,0,0,0,92,230
27974,30359,Forest,80,for_profit,71,FALSE,2,0,0,0,0,21,TRUE,0,2,12,11,0,0,0,0,114,157
27975,30118,Forest,80,for_profit,49,FALSE,3,662499,3,662499,44530,5,FALSE,0.615,1,11,8,0,0,0,0,106,78
27976,30470,Crop,112,for_profit,82,FALSE,1,4000,3,4000,269,0,FALSE,0,2,9,12,0,0,0,1,92,128
27977,30044,Dairy,80,pro_environmental,79,FALSE,3,1323,3,1323,155,10,FALSE,0,2,14,10,1,2,2,0,93,131
27978,29080,SNB,96,for_profit,61,FALSE,2,123548,3,123548,14484,15,FALSE,0.324,2,13,8,2,0,0,0,91,280
27979,29855,Dairy,64,for_profit,45,FALSE,3,1871703,3,1871703,125808,5,FALSE,0.703,2,13,15,1,1,0,1,20,272
27980,29629,Dairy,64,for_profit,48,FALSE,2,2773486,3,2773486,186422,5,FALSE,0.735,1,12,10,0,1,0,1,84,170
27981,30121,SNB,32,for_profit,76,FALSE,2,82018,3,82018,9615,15,FALSE,0.4,1,16,15,0,0,0,1,127,61
27982,29266,Forest,112,for_profit,67,FALSE,1,1073964,3,861766.7069035025,72187,10,FALSE,0.516,3,12,13,0,0,0,0,69,150
27983,30287,Forest,112,for_profit,71,FALSE,5,920088,3,283229.0873266132,61844,20,FALSE,0.183,1,8,8,0,0,0,0,44,253
27984,30210,Dairy,256,for_profit,78,FALSE,1,691,3,691,58,5,FALSE,0,4,10,15,3,2,2,3,55,197
27985,29719,Forest,256,for_profit,59,FALSE,3,2417191,3,2417191,162473,5,FALSE,0.692,1,11,14,0,0,0,0,82,249
27986,28770,Dairy,128,pro_environmental,63,FALSE,3,4477406,3,4477406,375057,10,FALSE,0.64,1,14,9,0,0,0,0,18,288
27987,30584,SNB,128,for_profit,71,FALSE,2,128,3,128,9,0,FALSE,0.157,3,14,9,2,0,3,0,121,138
27988,28946,Dairy,96,for_profit,83,FALSE,1,2400,3,2400,161,0,FALSE,0,2,15,12,1,0,2,0,53,154
27989,29679,Dairy,80,pro_environmental,64,FALSE,2,1920,3,1920,129,0,FALSE,0.101,2,15,9,0,1,0,0,107,74
27990,29715,SNB,48,for_profit,67,FALSE,4,222167,3,178270.52300880704,14933,10,FALSE,0.517,2,10,11,0,0,0,0,50,137
27991,30233,Dairy,176,for_profit,60,FALSE,2,3196,3,3196,268,5,FALSE,0,6,12,11,0,0,3,2,36,257
27992,29628,Dairy,64,for_profit,64,FALSE,2,2274658,3,2274658,190540,10,FALSE,0.603,1,14,13,1,0,0,1,112,102
27993,29267,SNB,240,pro_environmental,60,FALSE,3,183621,3,183621,40094,20,FALSE,0.175,3,12,12,3,0,3,3,91,274
27994,29717,Dairy,64,pro_environmental,68,FALSE,2,1944033,3,1944033,162845,10,FALSE,0.545,2,13,6,0,1,0,0,32,252
27995,29954,Forest,48,for_profit,40,FALSE,3,509366,3,509366,34237,0,FALSE,1.683,1,12,11,0,0,0,0,69,263
27996,30097,Dairy,112,for_profit,47,FALSE,4,3457798,3,3457798,232418,5,FALSE,0.631,3,13,13,0,0,0,2,118,85
27997,29585,Forest,96,for_profit,60,FALSE,2,2719534,3,2719534,182795,5,FALSE,0.672,1,13,11,0,0,0,0,78,235
27998,30307,Dairy,96,pro_environmental,68,FALSE,3,3274,3,3274,274,5,FALSE,0.001,2,18,15,0,2,2,2,82,155
27999,29845,Dairy,80,pro_environmental,81,FALSE,2,2400,3,1925.800209847263,161,10,FALSE,0,1,11,16,1,0,1,0,15,314
28000,28870,Dairy,80,for_profit,66,FALSE,2,1440,3,1440,97,0,FALSE,0.115,2,13,13,2,2,2,2,93,81
28001,29997,Forest,32,for_profit,66,FALSE,3,965688,3,965688,80892,10,FALSE,0.552,1,12,17,0,0,0,0,85,271
28002,30542,Crop,112,for_profit,45,TRUE,3,1725740,3,1725740,202309,15,FALSE,0.339,2,12,12,2,0,0,1,109,90
28003,29134,Dairy,48,for_profit,62,FALSE,2,1034180,3,1034180,121237,15,FALSE,0.337,2,10,11,0,0,1,1,82,153
28004,29263,Dairy,272,for_profit,63,FALSE,4,4599281,3,4599281,539176,15,FALSE,0.352,3,8,11,0,0,0,0,129,162
28005,29788,Forest,80,for_profit,44,FALSE,3,705685,3,566253.4671191941,47433,10,FALSE,0.519,1,9,13,0,0,0,0,68,280
28006,30331,Dairy,96,pro_environmental,52,FALSE,1,1821502,3,1821502,213536,15,FALSE,0.322,1,10,12,0,0,1,0,81,195
28007,29641,Forest,112,for_profit,36,FALSE,4,992153,3,992153,66688,5,FALSE,0.641,1,9,15,0,0,0,0,84,199
28008,29657,Dairy,96,for_profit,40,FALSE,4,4322138,3,4322138,290516,5,FALSE,0.763,1,16,12,1,0,1,0,50,150
28009,29406,Dairy,64,for_profit,76,FALSE,2,0,0,0,0,21,TRUE,0,2,9,12,0,0,2,2,145,76
28010,28732,Forest,96,for_profit,65,FALSE,4,825585,3,825585,55492,5,FALSE,0.622,1,16,8,0,0,0,0,93,254
28011,29578,Forest,64,for_profit,47,FALSE,4,1695117,3,1695117,113938,5,FALSE,0.728,3,10,15,0,2,0,0,36,251
28012,29346,Dairy,48,for_profit,70,FALSE,1,192,3,192,13,0,FALSE,0.134,1,14,14,1,1,1,0,55,144
28013,29175,SNB,160,for_profit,46,FALSE,2,327026,3,100667.84428453908,38337,20,FALSE,0.11,3,13,16,0,0,0,0,177,28
28014,29418,Forest,192,for_profit,58,FALSE,4,2520321,3,2022347.7961176932,169405,10,FALSE,0.557,2,13,14,0,0,0,0,108,84
28015,28939,Dairy,32,for_profit,39,FALSE,3,1588127,3,1588127,106747,5,FALSE,0.747,1,11,11,0,0,0,0,64,185
28016,28887,SNB,112,for_profit,61,FALSE,3,338185,3,338185,28329,10,FALSE,0.515,3,8,9,3,0,3,1,99,216
28017,30229,Crop,160,for_profit,61,FALSE,2,2969149,3,2969149,348075,15,FALSE,0.639,4,17,15,0,1,0,0,123,80
28018,29141,Dairy,112,pro_environmental,58,FALSE,3,3593587,3,3593587,241545,5,FALSE,0.67,2,10,14,1,0,0,0,107,96
28019,29089,SNB,80,for_profit,56,TRUE,2,917,3,282.27851366228475,77,20,FALSE,0,3,15,13,2,0,3,0,123,58
28020,29222,Dairy,96,for_profit,39,FALSE,3,3437025,3,3437025,287908,10,FALSE,0.648,2,11,14,0,0,2,1,106,80
28021,29960,Dairy,96,for_profit,66,FALSE,4,2521536,3,2521536,211220,10,FALSE,0.579,2,12,11,0,0,1,0,130,23
28022,30387,Dairy,64,for_profit,34,FALSE,3,1928265,3,1928265,161524,10,FALSE,0.547,3,14,7,2,0,0,2,87,272
28023,29176,Dairy,80,for_profit,67,FALSE,1,64,3,64,4,5,FALSE,0,2,8,14,1,0,1,2,131,134
28024,28842,Dairy,64,pro_environmental,57,FALSE,2,2179404,3,2179404,182561,10,FALSE,0.543,2,21,7,0,1,0,1,108,166
28025,29830,Dairy,96,for_profit,70,FALSE,2,780923,3,780923,170518,20,FALSE,0.135,2,10,12,1,1,1,0,84,163
28026,29158,Dairy,64,for_profit,54,FALSE,2,1438168,3,1438168,168597,15,FALSE,0.396,3,14,11,2,2,1,1,89,263
28027,30363,SNB,80,for_profit,69,FALSE,1,40394,3,40394,3384,10,FALSE,0.079,1,11,10,1,0,0,1,51,236
28028,29795,Forest,160,for_profit,50,FALSE,1,1333374,3,1333374,89624,5,FALSE,0.659,3,15,13,0,0,0,0,25,256
28029,28727,Dairy,96,for_profit,66,FALSE,2,2571163,3,2571163,215378,10,FALSE,0.532,1,12,14,0,0,0,0,143,239
28030,30148,Dairy,96,for_profit,76,FALSE,3,0,0,0,0,21,TRUE,0,2,12,8,0,0,0,0,130,80
28031,30017,Dairy,128,for_profit,60,FALSE,3,3707676,3,3707676,310579,10,FALSE,0.52,2,11,7,0,0,1,0,87,248
28032,29660,Forest,48,pro_environmental,68,FALSE,3,410646,3,235449.47694190894,34398,15,FALSE,0.255,2,13,8,0,0,0,0,11,289
28033,30515,SNB,64,for_profit,40,TRUE,3,502090,3,502090,42058,10,FALSE,0.955,2,13,11,0,0,0,0,93,87
28034,28738,Dairy,80,for_profit,37,FALSE,3,2216490,3,2216490,185668,10,FALSE,0.541,2,14,9,0,0,0,1,130,82
28035,30320,Dairy,256,for_profit,77,FALSE,1,0,0,0,0,21,TRUE,0,2,12,12,0,0,1,0,108,48
28036,29589,Crop,64,for_profit,53,FALSE,4,1825374,3,1825374,122694,5,FALSE,0.656,2,10,15,1,1,0,1,72,166
28037,29729,Forest,80,for_profit,33,FALSE,2,1294182,3,1294182,86989,5,FALSE,0.591,3,16,14,0,0,0,0,128,129
28038,30371,Forest,64,pro_environmental,51,FALSE,4,904703,3,725948.8446872701,60810,10,FALSE,0.486,3,10,12,0,0,0,0,103,107
28039,29433,Forest,64,for_profit,50,FALSE,2,2370678,3,2370678,159347,5,FALSE,0.628,1,11,12,0,0,0,0,71,142
28040,29085,Dairy,64,for_profit,62,FALSE,3,2352480,3,2352480,197059,10,FALSE,0.586,2,16,12,0,2,2,0,76,164
28041,30349,Dairy,48,for_profit,80,FALSE,1,2400,3,2400,161,0,FALSE,0,1,13,14,1,1,1,1,106,132
28042,28909,Dairy,64,pro_environmental,71,FALSE,1,1920,3,1920,129,0,FALSE,0,2,13,16,0,1,2,2,118,82
28043,30011,Forest,96,pro_environmental,53,FALSE,3,1053024,3,1053024,70780,5,FALSE,0.618,1,15,8,0,0,0,0,128,131
28044,29101,Dairy,192,for_profit,79,TRUE,2,2567,3,2567,301,10,FALSE,0,7,10,9,5,0,6,4,115,62
28045,29581,Forest,128,for_profit,65,FALSE,4,1484059,3,456835.2984810651,99752,20,FALSE,0.201,1,12,9,0,0,0,0,122,118
28046,29354,Forest,48,for_profit,62,FALSE,4,418777,3,418777,28148,5,FALSE,0.642,2,13,13,0,0,0,0,60,120
28047,30298,SNB,128,pro_environmental,67,TRUE,4,0,0,0,0,21,TRUE,0,1,11,11,0,0,1,0,49,213
28048,29247,SNB,80,for_profit,63,FALSE,3,234021,3,234021,19603,10,FALSE,0.529,2,11,7,0,0,1,0,91,131
28049,30062,Crop,48,for_profit,70,TRUE,2,0,0,0,0,21,TRUE,0,2,11,13,2,0,0,0,107,90
28050,29478,SNB,80,for_profit,62,FALSE,1,147036,3,147036,32106,20,FALSE,0.215,1,11,13,0,0,0,0,110,131
28051,30523,Dairy,32,for_profit,70,FALSE,1,227328,3,227328,49638,20,FALSE,0.13,1,11,15,0,1,0,0,78,261
28052,29548,Forest,32,for_profit,64,FALSE,2,0,0,0,0,21,TRUE,0,1,9,9,0,0,0,0,152,224
28053,29339,Forest,64,for_profit,61,FALSE,3,1208112,3,1208112,141628,15,FALSE,0.802,2,13,11,0,1,0,0,97,114
28054,29909,Dairy,64,for_profit,62,FALSE,4,2262487,3,2262487,152075,5,FALSE,0.661,1,13,11,0,0,0,0,44,127
28055,29372,Forest,64,for_profit,45,FALSE,2,2077102,3,2077102,173992,10,FALSE,0.644,1,14,11,0,0,0,0,12,307
28056,29961,Dairy,128,pro_environmental,43,TRUE,4,6240,3,6240,419,0,FALSE,0.132,2,13,10,0,2,1,1,97,245
28057,29212,Dairy,96,for_profit,63,FALSE,2,4800,3,3851.600419694526,323,10,FALSE,0.001,1,20,10,0,0,0,1,38,263
28058,29555,Forest,64,for_profit,46,FALSE,3,877472,3,877472,58980,5,FALSE,0.736,2,14,12,0,0,1,0,147,229
28059,29063,Crop,48,for_profit,55,FALSE,2,792861,3,792861,66415,10,FALSE,0.511,2,13,8,1,0,0,0,83,212
28060,29769,Dairy,64,for_profit,51,FALSE,2,1148854,3,1148854,134681,15,FALSE,0.335,2,12,13,2,2,2,0,150,236
28061,30434,Dairy,32,for_profit,48,FALSE,3,675430,3,675430,79181,15,FALSE,0.358,1,8,11,0,1,0,0,59,219
28062,28886,Dairy,128,for_profit,78,FALSE,3,0,0,0,0,21,TRUE,0,1,16,8,0,0,0,0,100,198
28063,29811,Forest,32,for_profit,58,FALSE,3,46982,3,46982,5508,15,FALSE,0.363,1,12,10,0,0,0,0,61,132
28064,29818,Forest,96,for_profit,54,FALSE,3,1311448,3,1311448,109856,10,FALSE,0.492,3,9,9,0,2,1,0,66,168
28065,29877,SNB,96,for_profit,61,FALSE,2,380585,3,380585,25581,5,FALSE,0.752,1,12,12,1,0,0,1,180,18
28066,29690,SNB,112,for_profit,66,FALSE,3,297911,3,239048.77763158665,20024,10,FALSE,0.527,1,13,12,0,0,0,0,111,250
28067,29947,Forest,624,for_profit,78,FALSE,2,0,0,0,0,21,TRUE,0,3,10,10,1,0,2,0,31,246
28068,30001,Dairy,48,for_profit,59,FALSE,3,399900,3,320886.4599658002,26880,10,FALSE,0.484,1,13,8,0,0,0,0,96,247
28069,29126,Dairy,80,for_profit,55,FALSE,2,2516362,3,2516362,210787,10,FALSE,0.533,1,12,14,0,0,0,0,44,144
28070,30396,Forest,64,for_profit,67,FALSE,2,1163760,3,1163760,97484,10,FALSE,0.515,2,11,10,0,0,1,0,79,125
28071,29029,Forest,96,for_profit,53,FALSE,3,837629,3,672127.5433225638,56302,10,FALSE,0.513,1,10,10,0,0,0,0,84,252
28072,29410,Dairy,224,pro_environmental,38,FALSE,2,9357724,3,9357724,628986,5,FALSE,0.76,5,10,13,1,3,1,3,134,67
28073,29045,SNB,224,for_profit,63,FALSE,4,909386,3,909386,61125,5,FALSE,0.686,1,12,12,0,0,1,0,31,270
28074,29439,SNB,32,for_profit,64,FALSE,2,480,3,480,32,5,FALSE,0.002,2,15,15,1,0,1,1,17,309
28075,30322,Dairy,64,for_profit,69,FALSE,2,0,0,0,0,21,TRUE,0,1,7,9,0,0,0,0,123,128
28076,30332,SNB,240,for_profit,47,TRUE,2,448,3,448,30,0,FALSE,0,3,7,10,1,0,1,2,111,194
28077,29911,Forest,176,for_profit,61,FALSE,4,736826,3,226815.86489392217,86378,20,FALSE,0.096,1,9,12,0,0,0,0,104,75
28078,29840,Dairy,64,for_profit,66,FALSE,3,848912,3,848912,99518,15,FALSE,0.528,2,9,11,0,0,0,0,133,70
28079,29927,Dairy,48,for_profit,67,FALSE,2,1387008,3,1387008,116185,10,FALSE,0.481,3,12,13,0,1,1,3,87,189
28080,30156,Forest,112,for_profit,49,FALSE,3,706288,3,706288,59163,10,FALSE,0.594,1,10,15,0,0,0,0,133,231
28081,29350,Dairy,80,for_profit,48,FALSE,3,2568646,3,2568646,215167,10,FALSE,0.506,2,13,13,1,1,1,0,122,141
28082,30551,Dairy,112,pro_environmental,62,FALSE,2,2790061,3,2790061,233714,10,FALSE,0.463,4,11,17,1,1,2,0,129,145
28083,30513,Dairy,80,for_profit,62,FALSE,1,4299009,3,4299009,288961,5,FALSE,0.808,1,12,12,1,1,1,1,131,128
28084,29527,Dairy,96,pro_environmental,62,FALSE,3,2623498,3,2623498,219761,10,FALSE,0.526,3,10,12,0,0,0,0,173,33
28085,29046,Dairy,32,for_profit,60,FALSE,2,951393,3,951393,79695,10,FALSE,0.544,1,14,15,1,1,0,0,78,268
28086,29676,Dairy,64,for_profit,67,FALSE,3,2560,3,2560,172,0,FALSE,0.103,1,10,14,1,1,0,0,81,134
28087,29605,Forest,112,for_profit,53,FALSE,2,476948,3,476948,55913,15,FALSE,0.312,1,12,10,0,0,0,0,62,260
28088,30318,Dairy,144,for_profit,51,FALSE,3,5810201,3,5810201,390537,5,FALSE,0.644,4,14,10,0,2,0,0,89,186
28089,30544,Dairy,144,for_profit,63,FALSE,2,5120,3,5120,344,0,FALSE,0.124,2,12,14,0,1,0,0,107,158
28090,30529,Dairy,48,for_profit,83,FALSE,1,960,3,960,65,0,FALSE,0,2,13,10,2,0,2,0,127,221
28091,29226,Forest,80,pro_environmental,73,FALSE,1,0,0,0,0,21,TRUE,0,3,8,16,0,0,0,0,86,279
28092,29489,Dairy,48,for_profit,70,FALSE,2,967384,3,967384,113407,15,FALSE,0.336,3,9,12,2,3,0,0,127,142
28093,30526,Dairy,96,for_profit,72,FALSE,2,599715,3,599715,130951,20,FALSE,0.114,1,13,14,0,0,0,0,66,279
28094,29587,Forest,80,pro_environmental,58,FALSE,2,712488,3,571712.3082973569,47890,10,FALSE,0.517,1,13,9,0,0,0,0,124,155
28095,30058,SNB,80,for_profit,48,FALSE,3,390005,3,390005,26214,5,FALSE,0.633,2,13,11,0,0,1,1,79,160
28096,29699,Forest,80,for_profit,68,FALSE,2,683888,3,210520.05250978476,45968,20,FALSE,0.193,1,10,9,0,0,0,0,89,240
28097,29512,Dairy,80,for_profit,48,FALSE,3,3340671,3,3340671,224546,5,FALSE,0.73,2,16,17,1,1,0,1,136,102
28098,29990,Dairy,64,for_profit,61,FALSE,4,2168063,3,2168063,145728,5,FALSE,0.62,1,12,10,0,0,0,1,48,269
28099,29793,SNB,272,for_profit,56,FALSE,2,448,3,448,30,0,FALSE,0.043,5,11,8,3,0,1,0,76,106
28100,30281,Dairy,80,for_profit,69,FALSE,3,1607998,3,1607998,188506,15,FALSE,0.353,3,10,12,0,2,0,0,135,74
28101,29940,Dairy,64,for_profit,61,FALSE,4,1941217,3,1941217,130480,5,FALSE,0.724,3,13,14,0,1,1,2,92,206
28102,30444,Dairy,64,pro_environmental,48,FALSE,4,2281376,3,2281376,191103,10,FALSE,0.604,1,13,15,0,0,0,0,89,210
28103,29303,Dairy,128,for_profit,61,FALSE,2,4729327,3,4729327,396160,10,FALSE,0.627,1,9,10,0,0,0,0,65,196
28104,29033,Forest,128,for_profit,57,FALSE,4,1691316,3,1691316,113683,5,FALSE,0.625,2,13,13,1,0,1,1,131,210
28105,30388,SNB,128,for_profit,55,FALSE,1,3501,3,3501,410,10,FALSE,0.001,2,8,13,1,1,0,1,35,244
28106,29421,SNB,80,pro_environmental,77,FALSE,2,128,3,128,9,5,FALSE,0,3,6,11,2,0,1,0,107,268
28107,29224,Forest,48,for_profit,55,FALSE,4,466820,3,374584.18915037473,31378,10,FALSE,0.564,1,14,15,0,0,0,0,66,192
28108,29475,Forest,112,for_profit,63,FALSE,3,675191,3,675191,56558,10,FALSE,0.567,1,11,11,0,0,0,0,51,216
28109,30214,Dairy,96,for_profit,63,FALSE,3,3181055,3,3181055,213817,5,FALSE,0.611,2,13,12,1,0,2,0,177,26
28110,29108,Dairy,80,pro_environmental,62,FALSE,2,2552855,3,2552855,213844,10,FALSE,0.589,2,13,9,0,0,0,1,118,46
28111,30423,Dairy,64,for_profit,45,FALSE,5,547716,3,547716,119596,20,FALSE,0.154,2,15,11,1,0,0,0,100,195
28112,29320,Forest,112,for_profit,69,FALSE,3,883587,3,883587,74015,10,FALSE,0.571,1,10,14,0,0,0,0,100,177
28113,29963,Forest,80,pro_environmental,69,FALSE,1,0,0,0,0,21,TRUE,0,2,9,13,0,0,0,0,118,96
28114,29948,Dairy,96,for_profit,60,FALSE,4,3860253,3,3860253,323360,10,FALSE,0.654,2,11,10,0,1,0,0,91,193
28115,29892,Forest,32,for_profit,63,FALSE,3,163830,3,50431.50370042761,19206,20,FALSE,0.1,2,13,11,0,0,0,0,114,74
28116,29833,SNB,112,for_profit,63,TRUE,3,0,0,0,0,21,TRUE,0,3,10,14,0,0,0,1,107,237
28117,29904,Forest,112,pro_environmental,63,FALSE,3,4305475,3,4305475,360655,10,FALSE,0.659,2,11,15,1,0,0,0,42,243
28118,29276,Forest,64,for_profit,63,FALSE,3,463900,3,265983.38314107904,38859,15,FALSE,0.301,1,13,12,0,0,0,0,104,164
28119,29983,Dairy,80,for_profit,58,FALSE,2,4968,3,4968,416,5,FALSE,0.001,1,13,12,1,1,0,0,57,229
28120,29652,Dairy,32,for_profit,58,FALSE,3,1158412,3,1158412,97036,10,FALSE,0.577,2,9,12,0,0,1,0,70,190
28121,29867,SNB,112,for_profit,61,FALSE,2,0,0,0,0,21,TRUE,0,1,11,15,0,0,0,0,121,213
28122,29934,Dairy,64,for_profit,62,FALSE,3,1140483,3,1140483,133699,15,FALSE,0.302,1,10,11,0,0,0,1,76,196
28123,28890,Dairy,80,for_profit,36,FALSE,3,2838862,3,2838862,190816,5,FALSE,0.649,1,8,8,1,0,1,0,71,241
28124,29193,Dairy,80,for_profit,76,FALSE,2,2560,3,2560,172,0,FALSE,0,2,10,13,0,1,0,0,99,66
28125,29941,Forest,128,for_profit,62,FALSE,3,750857,3,750857,88023,15,FALSE,0.301,2,14,14,0,0,0,0,129,91
28126,29743,Forest,144,for_profit,74,FALSE,2,0,0,0,0,21,TRUE,0,1,8,12,0,0,0,0,80,253
28127,30325,SNB,128,for_profit,72,TRUE,2,0,0,0,0,21,TRUE,0,1,9,11,0,0,0,0,91,138
28128,29601,SNB,64,for_profit,62,FALSE,3,1920,3,1920,129,0,FALSE,0.095,1,9,11,1,0,0,0,125,31
28129,29260,Forest,160,for_profit,65,FALSE,2,3403161,3,3403161,398954,15,FALSE,0.817,2,10,11,1,0,1,1,119,135
28130,29436,SNB,96,for_profit,63,FALSE,1,278066,3,278066,23293,10,FALSE,0.599,3,9,12,0,0,1,2,126,162
28131,30136,Dairy,80,for_profit,47,FALSE,3,2494504,3,2494504,167670,5,FALSE,0.683,3,9,15,0,1,1,1,88,108
28132,29885,Dairy,64,for_profit,59,FALSE,1,1314156,3,1314156,154059,15,FALSE,0.408,1,10,15,0,1,0,0,102,66
28133,29070,Forest,80,for_profit,65,FALSE,3,1312668,3,1312668,88232,5,FALSE,0.728,2,15,12,0,0,0,0,119,80
28134,28773,Dairy,160,for_profit,68,FALSE,1,1586,3,1586,186,10,FALSE,0,4,13,16,2,0,2,0,14,317
28135,28855,Dairy,32,for_profit,43,FALSE,2,1320097,3,1320097,88731,5,FALSE,0.7,1,9,10,0,0,0,0,47,239
28136,29590,Dairy,96,for_profit,47,FALSE,3,3264760,3,3264760,219443,5,FALSE,0.631,2,13,10,2,0,0,1,85,122
28137,29255,Dairy,128,for_profit,32,FALSE,3,4741081,3,4741081,318675,5,FALSE,0.628,1,12,11,0,0,1,0,111,146
28138,29515,Forest,112,for_profit,44,FALSE,3,900333,3,900333,60517,5,FALSE,0.589,1,16,12,0,0,0,0,74,253
28139,29685,Dairy,64,for_profit,51,FALSE,2,2284614,3,2284614,153562,5,FALSE,0.709,1,13,13,0,1,0,0,127,29
28140,29289,SNB,128,for_profit,76,FALSE,2,128,3,128,9,0,FALSE,0,3,8,13,3,0,3,1,97,74
28141,30209,Dairy,48,for_profit,70,FALSE,2,981454,3,981454,115056,15,FALSE,0.347,1,13,14,1,0,1,0,112,149
28142,29304,SNB,64,pro_environmental,48,FALSE,4,297009,3,297009,24879,10,FALSE,0.587,2,11,10,0,0,0,2,101,142
28143,29513,Dairy,80,for_profit,47,FALSE,3,2642371,3,2642371,177609,5,FALSE,0.625,2,17,11,2,1,0,0,110,52
28144,30346,Forest,32,for_profit,69,FALSE,3,223372,3,68760.21390814817,18711,20,FALSE,0.155,1,10,10,0,0,0,0,143,216
28145,30135,Dairy,112,for_profit,63,FALSE,1,128,3,128,9,0,FALSE,0.114,3,15,12,2,0,1,0,103,85
28146,30194,Dairy,48,for_profit,50,FALSE,2,1143593,3,1143593,134064,15,FALSE,0.404,1,7,18,0,0,1,0,84,160
28147,28942,Forest,96,for_profit,60,FALSE,4,866389,3,866389,58235,5,FALSE,0.653,1,13,10,0,0,0,0,117,75
28148,29828,SNB,64,pro_environmental,47,TRUE,4,1920,3,1920,129,5,FALSE,0.006,1,12,9,1,0,0,0,33,248
28149,29163,Forest,64,for_profit,69,FALSE,3,155171,3,47766.01880424252,12998,20,FALSE,0.07,1,15,8,0,0,0,0,28,252
28150,30179,Dairy,80,for_profit,41,FALSE,2,2354873,3,2354873,197260,10,FALSE,0.539,1,16,17,0,0,0,0,70,270
28151,29313,Dairy,64,for_profit,52,FALSE,1,2037499,3,2037499,170674,10,FALSE,0.55,2,7,14,0,2,0,2,92,169
28152,30178,Dairy,80,for_profit,50,FALSE,2,3250794,3,3250794,218504,5,FALSE,0.71,2,17,9,1,0,1,1,121,158
28153,29520,SNB,144,for_profit,58,FALSE,3,731483,3,731483,49167,5,FALSE,0.716,2,12,15,1,0,0,1,95,214
28154,29232,Forest,64,for_profit,58,FALSE,2,1032576,3,1032576,69405,5,FALSE,0.72,2,13,10,0,0,0,1,124,67
28155,30119,Crop,64,for_profit,55,FALSE,5,1806369,3,1806369,151313,10,FALSE,0.479,1,14,14,0,0,0,0,60,200
28156,28808,SNB,256,pro_environmental,75,FALSE,2,13864,3,13864,3027,20,FALSE,0.012,3,16,14,3,0,3,3,98,206
28157,29391,SNB,96,for_profit,63,TRUE,1,0,0,0,0,21,TRUE,0,3,13,17,0,0,0,3,136,25
28158,29582,Dairy,96,for_profit,52,FALSE,2,3109474,3,3109474,260470,10,FALSE,0.6,4,13,13,0,1,0,0,99,88
28159,29915,Forest,64,for_profit,67,FALSE,4,521215,3,521215,35034,5,FALSE,0.597,1,13,13,0,0,0,0,43,269
28160,29438,Forest,96,pro_environmental,44,FALSE,3,691973,3,691973,46511,5,FALSE,0.678,1,12,10,0,0,0,0,7,307
28161,28964,Dairy,80,pro_environmental,66,FALSE,2,0,0,0,0,21,TRUE,0,1,12,14,0,0,0,0,62,172
28162,29538,Dairy,32,for_profit,51,FALSE,3,621450,3,621450,72853,15,FALSE,0.355,1,11,7,1,0,1,0,73,254
28163,28935,Dairy,80,pro_environmental,50,FALSE,3,320,3,320,22,0,FALSE,0.131,1,9,13,0,0,1,0,125,74
28164,28766,SNB,80,for_profit,66,FALSE,3,175749,3,175749,20603,15,FALSE,0.354,3,9,13,2,0,0,0,59,196
28165,29077,Dairy,64,for_profit,69,FALSE,1,0,0,0,0,21,TRUE,0,1,8,11,0,0,0,0,119,140
28166,29713,Dairy,192,for_profit,45,FALSE,3,7620528,3,7620528,638346,10,FALSE,0.615,3,12,16,2,0,0,2,124,142
28167,29283,Dairy,112,for_profit,69,FALSE,1,480,3,275.2145374169389,32,15,FALSE,0,2,14,9,2,0,0,0,75,194
28168,30171,Dairy,96,for_profit,45,FALSE,3,3016010,3,3016010,252641,10,FALSE,0.553,3,10,17,3,0,2,1,91,171
28169,29360,Forest,64,for_profit,49,FALSE,3,441098,3,353944.4254013367,29649,10,FALSE,0.521,1,10,12,0,0,0,0,118,214
28170,30402,Dairy,96,pro_environmental,47,FALSE,3,1632863,3,1632863,191421,15,FALSE,0.317,2,12,13,0,0,0,0,67,179
28171,29618,Dairy,80,pro_environmental,57,FALSE,2,2782855,3,2782855,187052,5,FALSE,0.599,2,12,13,2,1,0,0,109,125
28172,29399,Dairy,112,for_profit,58,FALSE,2,4113496,3,4113496,276492,5,FALSE,0.623,1,9,14,0,0,0,0,46,157
28173,30304,Dairy,80,pro_environmental,46,FALSE,2,1636040,3,1636040,191794,15,FALSE,0.36,3,13,9,2,0,2,0,56,156
28174,28803,SNB,32,for_profit,63,TRUE,3,0,0,0,0,21,TRUE,0,1,13,15,0,0,0,0,66,145
28175,29037,SNB,112,for_profit,67,TRUE,1,320,3,320,22,0,FALSE,0,2,10,16,0,0,2,0,141,76
28176,29083,Dairy,80,for_profit,49,FALSE,3,3134530,3,3134530,210690,5,FALSE,0.698,3,14,11,2,1,1,1,140,94
28177,30076,SNB,64,for_profit,49,FALSE,3,183469,3,183469,15369,10,FALSE,0.559,3,13,18,2,0,2,3,61,134
28178,29852,Dairy,128,for_profit,62,FALSE,2,3929305,3,3929305,329144,10,FALSE,0.525,2,14,13,2,0,1,2,56,216
28179,29441,Forest,64,for_profit,50,FALSE,4,589177,3,472765.4959321587,39602,10,FALSE,0.541,1,13,9,0,0,0,0,105,89
28180,28821,Dairy,64,pro_environmental,36,FALSE,2,2569757,3,2569757,172728,5,FALSE,0.681,1,12,11,1,0,1,0,134,215
28181,30026,Forest,80,for_profit,53,FALSE,3,455064,3,455064,53347,15,FALSE,0.315,2,19,10,0,0,0,0,88,135
28182,28782,Dairy,112,for_profit,42,FALSE,1,1976075,3,1976075,231656,15,FALSE,0.3,3,14,14,2,0,0,0,52,140
28183,29392,Dairy,48,for_profit,70,FALSE,3,327272,3,327272,71461,20,FALSE,0.125,1,13,13,0,0,0,1,69,266
28184,28872,Forest,48,for_profit,42,FALSE,4,379579,3,379579,25514,5,FALSE,0.704,2,11,11,0,0,0,0,128,106
28185,29387,Forest,112,pro_environmental,59,FALSE,4,442649,3,442649,51892,15,FALSE,0.341,3,14,12,0,0,0,0,71,132
28186,29732,Dairy,96,for_profit,80,FALSE,2,5020,3,2878.285370485486,588,15,FALSE,0.001,1,9,14,0,0,1,1,102,154
28187,28885,Forest,64,for_profit,52,FALSE,3,513174,3,513174,34493,5,FALSE,0.58,1,12,7,0,0,0,0,85,192
28188,29307,Dairy,48,for_profit,71,FALSE,2,704,3,704,47,0,FALSE,0.132,3,12,15,2,2,3,0,83,160
28189,29541,SNB,80,for_profit,64,FALSE,2,295225,3,295225,34609,15,FALSE,0.402,3,14,12,1,0,1,1,103,159
28190,29430,Dairy,48,for_profit,63,FALSE,3,1586277,3,1586277,106623,5,FALSE,0.56,1,11,11,0,0,0,1,42,115
28191,30090,Dairy,96,for_profit,78,FALSE,2,2373,3,2373,199,5,FALSE,0,3,15,13,2,0,3,2,125,150
28192,29796,Dairy,64,for_profit,43,FALSE,4,2577623,3,2577623,173257,5,FALSE,0.683,1,13,11,0,0,1,0,55,222
28193,30316,Dairy,64,for_profit,76,FALSE,2,1728,3,1728,116,5,FALSE,0,2,14,12,2,0,2,1,139,78
28194,30273,Dairy,64,for_profit,61,FALSE,3,2767747,3,2767747,186036,5,FALSE,0.69,2,12,13,0,0,0,1,73,174
28195,29034,Dairy,128,for_profit,64,FALSE,5,4580499,3,4580499,383693,10,FALSE,0.583,5,15,11,0,0,2,1,89,175
28196,29693,Forest,80,pro_environmental,67,FALSE,3,738156,3,592308.7415416734,49616,10,FALSE,0.536,1,8,12,0,0,0,0,96,185
28197,29483,Forest,96,for_profit,64,FALSE,3,498085,3,153324.6384705334,58391,20,FALSE,0.117,1,10,11,0,0,0,0,73,238
28198,29677,Forest,48,for_profit,57,FALSE,4,369164,3,296223.3786116896,24814,10,FALSE,0.446,1,13,9,0,0,0,0,19,254
28199,28817,SNB,240,for_profit,61,FALSE,3,1044640,3,1044640,70216,5,FALSE,0.66,2,11,22,2,0,1,1,7,290
28200,29667,Forest,64,for_profit,42,FALSE,4,597599,3,597599,40168,5,FALSE,0.675,1,14,7,0,0,0,0,86,131
28201,29334,Dairy,80,for_profit,67,FALSE,4,2530429,3,2530429,211965,10,FALSE,0.555,2,8,9,0,0,0,1,100,186
28202,28811,Forest,96,for_profit,70,FALSE,3,198907,3,198907,43432,20,FALSE,0.151,2,13,13,0,0,0,0,53,220
28203,28758,Forest,32,for_profit,58,FALSE,4,220113,3,126204.7864051139,14795,15,FALSE,0.371,1,11,12,0,0,0,0,136,231
28204,28970,Dairy,80,for_profit,50,FALSE,4,2231458,3,2231458,186922,10,FALSE,0.482,2,13,12,0,1,2,0,129,76
28205,30302,Forest,144,for_profit,50,FALSE,2,1082677,3,868758.1640820021,72773,10,FALSE,0.475,2,10,14,0,0,0,0,104,81
28206,29891,Dairy,64,pro_environmental,72,FALSE,2,1600,3,1600,108,0,FALSE,0.139,3,15,10,0,0,0,1,55,155
28207,28936,Forest,176,pro_environmental,46,FALSE,2,1735606,3,1735606,116660,5,FALSE,0.644,2,11,13,0,1,1,1,62,142
28208,29151,Dairy,32,for_profit,52,FALSE,3,1148044,3,1148044,96168,10,FALSE,0.608,1,15,14,0,0,0,1,99,204
28209,29696,SNB,80,for_profit,43,FALSE,3,306847,3,306847,25704,10,FALSE,0.599,1,12,14,1,0,0,0,57,220
28210,29358,Dairy,64,for_profit,84,FALSE,1,243,3,243,20,5,FALSE,0,2,12,18,2,2,2,0,136,115
28211,28991,Dairy,96,for_profit,56,FALSE,6,3488520,3,3488520,234483,5,FALSE,0.68,1,13,11,0,0,0,0,114,53
28212,29567,Forest,96,for_profit,62,FALSE,2,211241,3,211241,46125,20,FALSE,0.149,2,11,9,1,0,0,1,99,72
28213,30425,Dairy,128,pro_environmental,43,FALSE,4,2145873,3,2145873,251562,15,FALSE,0.333,1,13,10,0,0,0,0,129,28
28214,28930,Forest,96,for_profit,36,FALSE,3,4407733,3,4407733,296269,5,FALSE,0.798,2,10,11,0,0,1,0,47,231
28215,30446,Dairy,64,for_profit,54,FALSE,1,0,0,0,0,21,TRUE,0,2,13,18,2,2,2,2,107,174
28216,29688,Dairy,96,for_profit,43,FALSE,4,2883335,3,2883335,241527,10,FALSE,0.55,1,14,12,0,1,0,0,84,270
28217,29801,SNB,80,for_profit,59,TRUE,3,0,0,0,0,21,TRUE,0,3,11,11,0,0,0,0,99,108
28218,30114,Dairy,64,for_profit,67,FALSE,3,1979662,3,1979662,165830,10,FALSE,0.525,1,13,10,0,0,0,1,128,94
28219,30065,SNB,352,for_profit,59,FALSE,3,764120,3,764120,64008,10,FALSE,0.498,7,13,10,0,0,3,2,168,22
28220,29288,Dairy,80,pro_environmental,76,FALSE,2,4000,3,4000,269,5,FALSE,0.001,1,12,10,0,0,0,1,112,104
28221,29117,Forest,80,for_profit,68,FALSE,2,606269,3,606269,71073,15,FALSE,0.291,2,18,9,1,0,0,1,68,177
28222,29518,SNB,176,for_profit,53,FALSE,2,299660,3,299660,35129,15,FALSE,0.375,4,9,11,3,0,0,1,111,238
28223,30102,Forest,64,for_profit,58,FALSE,4,617902,3,617902,41533,5,FALSE,0.698,1,14,11,0,0,0,0,81,171
28224,28761,Dairy,176,for_profit,45,FALSE,2,5420704,3,5420704,454074,10,FALSE,0.564,1,14,17,0,0,0,0,39,269
28225,29700,Forest,64,pro_environmental,59,FALSE,2,326276,3,326276,38250,15,FALSE,0.373,1,16,9,0,0,0,0,82,255
28226,29889,Dairy,368,for_profit,70,FALSE,3,5893558,3,5893558,690905,15,FALSE,0.341,3,10,8,0,0,2,1,57,206
28227,28893,Forest,112,pro_environmental,43,FALSE,3,1015241,3,1015241,68240,5,FALSE,0.656,1,11,12,0,0,0,0,43,251
28228,29050,Dairy,112,for_profit,73,FALSE,4,1777996,3,1777996,208435,15,FALSE,0.307,3,11,11,0,0,0,0,102,129
28229,29467,SNB,80,for_profit,64,FALSE,2,153622,3,153622,18009,15,FALSE,0.363,3,10,11,2,0,1,3,146,238
28230,28954,Dairy,112,pro_environmental,45,FALSE,4,4374425,3,4374425,294030,5,FALSE,0.613,3,12,13,0,2,0,0,61,191
28231,30358,Dairy,80,for_profit,50,FALSE,2,3539026,3,3539026,237878,5,FALSE,0.773,2,14,11,0,0,0,2,88,129
28232,29619,SNB,96,for_profit,62,FALSE,2,380699,3,380699,44630,15,FALSE,0.321,2,13,11,0,0,0,0,97,239
28233,30377,Dairy,80,for_profit,39,FALSE,2,2904145,3,2904145,195204,5,FALSE,0.664,1,14,10,0,0,0,1,32,267
28234,30480,SNB,80,for_profit,54,TRUE,4,205860,3,205860,24133,15,FALSE,0.38,3,12,16,0,0,2,0,131,119
28235,29262,SNB,64,for_profit,76,FALSE,1,0,0,0,0,21,TRUE,0,2,11,8,0,0,0,0,99,103
28236,30385,Dairy,80,for_profit,71,FALSE,4,475068,3,475068,103733,20,FALSE,0.105,4,18,12,0,0,0,0,94,84
28237,30150,Dairy,64,pro_environmental,66,FALSE,2,1137857,3,1137857,133392,15,FALSE,0.327,2,11,11,1,1,0,0,110,116
28238,29301,Dairy,48,for_profit,67,FALSE,2,1415,3,1415,166,10,FALSE,0.001,2,12,13,1,1,1,2,101,174
28239,29695,Dairy,112,for_profit,54,FALSE,4,1472,3,1472,99,0,FALSE,0.132,4,10,14,0,3,1,0,91,156
28240,30475,Dairy,80,pro_environmental,59,FALSE,2,3497744,3,3497744,235103,5,FALSE,0.689,2,12,8,1,0,0,0,115,148
28241,30294,SNB,64,for_profit,65,TRUE,4,1764,3,1415.4631542377383,148,10,FALSE,0.004,3,14,9,3,0,2,1,16,296
28242,28853,Dairy,144,for_profit,54,FALSE,2,2578002,3,2578002,302220,15,FALSE,0.304,1,12,14,0,1,0,0,41,136
28243,29162,Dairy,128,for_profit,77,FALSE,3,480,3,480,32,0,FALSE,0.106,3,11,13,1,0,2,0,76,171
28244,29386,Dairy,112,for_profit,63,FALSE,4,3680594,3,3680594,308311,10,FALSE,0.739,3,14,12,0,0,0,1,95,199
28245,29709,Dairy,128,for_profit,68,FALSE,2,4132814,3,4132814,346192,10,FALSE,0.535,3,11,13,3,0,1,2,123,97
28246,29936,Crop,48,for_profit,63,TRUE,1,1440,3,443.27269321013097,97,20,FALSE,0,1,14,16,1,0,0,1,125,130
28247,29704,Dairy,96,pro_environmental,47,FALSE,2,2160294,3,2160294,253252,15,FALSE,0.359,2,9,15,0,0,2,1,117,149
28248,29994,Forest,176,for_profit,68,FALSE,2,0,0,0,0,21,TRUE,0,2,10,10,0,0,0,0,52,177
28249,30073,Dairy,64,for_profit,52,FALSE,4,2489587,3,2489587,167339,5,FALSE,0.685,2,11,11,0,0,2,0,127,73
28250,28987,SNB,192,for_profit,46,FALSE,3,1136817,3,912201.00714914,76412,10,FALSE,0.447,1,12,14,0,0,0,0,51,211
28251,29557,Dairy,64,for_profit,56,FALSE,3,466558,3,466558,101875,20,FALSE,0.133,2,15,12,0,0,0,1,110,69
28252,29235,Forest,112,for_profit,77,FALSE,2,0,0,0,0,21,TRUE,0,1,14,11,0,0,0,0,98,129
28253,29926,Forest,64,pro_environmental,60,FALSE,4,235609,3,72527.10831565676,15837,20,FALSE,0.143,2,12,10,0,0,0,0,84,90
28254,29274,Crop,32,for_profit,51,FALSE,5,950431,3,950431,63884,5,FALSE,0.682,1,14,14,0,0,0,0,119,146
28255,29511,Forest,96,for_profit,76,FALSE,3,0,0,0,0,21,TRUE,0,1,15,10,0,0,0,0,87,244
28256,29505,Forest,96,pro_environmental,57,FALSE,5,858843,3,858843,57728,5,FALSE,0.647,1,9,11,0,0,0,0,97,159
28257,28784,SNB,96,for_profit,55,FALSE,3,418030,3,418030,28098,5,FALSE,0.706,2,9,12,1,0,1,0,78,132
28258,30034,Dairy,64,pro_environmental,70,FALSE,3,2849,3,2849,239,5,FALSE,0,2,15,13,0,0,1,2,57,187
28259,29757,Dairy,96,pro_environmental,76,FALSE,4,1280,3,1280,86,0,FALSE,0.106,3,9,12,0,2,0,0,179,35
28260,29139,Dairy,64,for_profit,76,FALSE,3,0,0,0,0,21,TRUE,0,2,11,8,0,1,0,0,92,109
28261,30535,Dairy,80,for_profit,59,FALSE,3,1629177,3,1629177,190989,15,FALSE,0.373,1,15,9,1,0,0,0,28,262
28262,29496,SNB,128,for_profit,74,FALSE,3,0,0,0,0,21,TRUE,0,1,10,10,1,0,0,0,57,263
28263,28806,Dairy,32,pro_environmental,56,FALSE,3,229653,3,229653,50146,20,FALSE,0.122,1,16,12,0,0,0,0,48,237
28264,29043,Dairy,96,for_profit,76,FALSE,2,0,0,0,0,21,TRUE,0,2,16,11,0,0,0,1,82,147
28265,30474,Dairy,48,for_profit,72,FALSE,1,0,0,0,0,21,TRUE,0,1,11,16,0,0,0,0,113,113
28266,29236,Forest,80,for_profit,62,FALSE,3,681279,3,209716.92858160054,45793,20,FALSE,0.192,1,17,11,0,0,0,0,44,269
28267,29671,Forest,48,pro_environmental,56,FALSE,5,436367,3,350148.1917376753,29331,10,FALSE,0.528,1,10,8,0,0,0,0,83,193
28268,29829,Dairy,64,for_profit,67,FALSE,4,1933836,3,1933836,161991,10,FALSE,0.512,1,15,12,0,0,0,1,144,212
28269,29615,SNB,176,for_profit,73,FALSE,2,0,0,0,0,21,TRUE,0,4,9,13,0,0,2,0,69,109
28270,30196,Dairy,128,for_profit,67,FALSE,2,0,0,0,0,21,TRUE,0,2,14,11,0,0,1,0,71,197
28271,29150,Dairy,160,for_profit,61,FALSE,4,4379181,3,4379181,366829,10,FALSE,0.521,2,11,13,0,1,0,0,82,282
28272,30051,Dairy,64,for_profit,64,FALSE,2,1920,3,1540.6401678778104,129,10,FALSE,0,1,12,13,1,0,0,0,49,258
28273,29251,Dairy,32,for_profit,66,FALSE,2,249478,3,249478,29246,15,FALSE,0.221,2,10,12,1,1,1,1,99,116
28274,29509,Dairy,80,for_profit,56,FALSE,3,544848,3,544848,118970,20,FALSE,0.126,2,14,12,0,0,0,0,95,122
28275,30228,Forest,96,pro_environmental,60,FALSE,3,912035,3,522927.6888188706,76398,15,FALSE,0.394,1,15,10,0,0,0,0,69,191
28276,29650,SNB,64,for_profit,73,TRUE,2,1440,3,1440,97,5,FALSE,0.005,2,10,12,2,0,0,0,79,286
28277,29802,Dairy,48,for_profit,60,FALSE,3,2017062,3,2017062,135578,5,FALSE,0.713,1,8,14,0,1,1,0,133,118
28278,29879,Dairy,128,for_profit,53,FALSE,2,3941178,3,3941178,330139,10,FALSE,0.563,1,12,13,0,0,0,1,90,92
28279,29398,Dairy,64,for_profit,62,FALSE,3,1671691,3,1671691,140032,10,FALSE,0.541,3,7,9,1,1,2,0,143,102
28280,28988,Dairy,96,pro_environmental,35,FALSE,2,3990493,3,3990493,268224,5,FALSE,0.676,3,15,11,0,2,2,0,80,164
28281,29493,Dairy,64,for_profit,53,FALSE,1,1462596,3,1462596,171461,15,FALSE,0.376,2,16,11,2,1,2,0,90,187
28282,29760,Forest,112,for_profit,54,FALSE,3,1992682,3,1992682,233603,15,FALSE,0.326,1,13,20,0,0,0,0,81,260
28283,28813,Forest,64,for_profit,75,FALSE,4,554824,3,318115.8968912827,37293,15,FALSE,0.36,1,8,10,0,0,0,0,77,144
28284,28785,SNB,32,for_profit,79,FALSE,3,0,0,0,0,21,TRUE,0,1,11,14,0,0,0,0,59,189
28285,28908,Dairy,64,pro_environmental,38,FALSE,4,1568775,3,1568775,105446,5,FALSE,0.592,3,9,11,0,0,0,0,142,86
28286,29402,Dairy,64,for_profit,58,FALSE,2,2131035,3,2131035,143239,5,FALSE,0.628,3,13,10,0,3,0,1,81,140
28287,29783,Dairy,80,for_profit,60,FALSE,3,3229329,3,3229329,217062,5,FALSE,0.651,3,10,14,0,0,0,3,101,164
28288,29901,Dairy,96,for_profit,54,FALSE,3,3840,3,3840,258,0,FALSE,0.118,1,12,16,0,1,0,1,29,269
28289,29219,Dairy,128,for_profit,48,FALSE,3,861243,3,861243,188056,20,FALSE,0.109,2,12,10,0,0,1,1,119,124
28290,28847,Dairy,96,for_profit,74,FALSE,2,702019,3,702019,153289,20,FALSE,0.118,2,9,12,1,0,1,1,73,161
28291,29495,Dairy,144,for_profit,42,FALSE,2,4710322,3,4710322,316608,5,FALSE,0.679,5,13,10,0,2,0,1,148,228
28292,29062,SNB,32,for_profit,71,TRUE,2,0,0,0,0,21,TRUE,0,1,9,10,0,0,1,0,95,207
28293,28836,Dairy,96,pro_environmental,59,FALSE,3,1605,3,1605,134,5,FALSE,0,3,12,11,2,0,2,0,62,185
28294,28999,Dairy,112,for_profit,54,FALSE,2,2081344,3,2081344,243997,15,FALSE,0.34,1,15,11,0,0,0,0,56,270
28295,30489,SNB,160,for_profit,77,FALSE,4,578571,3,178100.50373838795,38889,20,FALSE,0.188,2,13,13,0,0,0,0,78,114
28296,29972,Dairy,32,for_profit,59,FALSE,1,0,0,0,0,21,TRUE,0,1,19,16,1,0,1,0,53,236
28297,30575,SNB,64,pro_environmental,53,FALSE,4,239892,3,239892,20095,10,FALSE,0.585,1,11,11,0,0,0,1,110,161
28298,29311,Forest,112,for_profit,42,FALSE,4,711593,3,711593,59608,10,FALSE,0.46,2,12,11,0,0,0,0,39,132
28299,29164,Dairy,80,for_profit,60,FALSE,2,1920,3,1920,129,5,FALSE,0,2,15,19,1,0,0,0,93,151
28300,30450,Dairy,96,for_profit,52,FALSE,3,2671107,3,2671107,223749,10,FALSE,0.472,1,11,9,0,0,1,0,58,160
28301,29808,SNB,64,pro_environmental,46,FALSE,3,167527,3,167527,11260,5,FALSE,0.647,1,10,14,0,0,1,1,85,95
28302,30408,Dairy,64,for_profit,68,FALSE,1,128,3,128,9,5,FALSE,0,2,12,9,1,2,1,0,92,191
28303,30133,Dairy,192,pro_environmental,63,FALSE,6,5909086,3,5909086,397183,5,FALSE,0.587,4,10,11,3,1,1,2,106,66
28304,28864,Dairy,64,pro_environmental,51,FALSE,3,1367792,3,1367792,160347,15,FALSE,0.331,2,10,9,0,1,0,2,125,131
28305,29453,Dairy,64,for_profit,74,FALSE,1,2720,3,1559.5490453626537,183,15,FALSE,0,2,13,10,0,2,2,1,81,274
28306,30488,SNB,64,pro_environmental,63,FALSE,3,36356,3,36356,7938,20,FALSE,0.108,1,14,9,0,0,0,0,107,63
28307,29322,Forest,96,for_profit,40,FALSE,4,779643,3,447018.93249032187,52404,15,FALSE,0.341,1,10,12,0,0,0,0,88,250
28308,29308,SNB,64,for_profit,43,FALSE,2,283638,3,283638,19065,5,FALSE,0.64,3,12,14,2,0,2,1,100,241
28309,30226,Forest,32,for_profit,51,FALSE,2,274358,3,274358,18441,5,FALSE,0.628,1,14,16,0,0,0,0,100,251
28310,30211,Dairy,32,for_profit,65,FALSE,1,0,0,0,0,21,TRUE,0,1,11,12,0,0,0,0,99,143
28311,29838,Dairy,32,pro_environmental,61,FALSE,2,191386,3,191386,41790,20,FALSE,0.09,1,11,15,0,0,1,0,83,190
28312,30224,Dairy,64,for_profit,63,FALSE,3,2461145,3,2461145,165428,5,FALSE,0.632,2,8,10,0,0,0,2,94,194
28313,28834,Forest,64,for_profit,57,FALSE,2,622642,3,499618.3726082165,41851,10,FALSE,0.572,1,14,18,0,0,0,0,107,111
28314,30462,Dairy,160,for_profit,71,FALSE,1,0,0,0,0,21,TRUE,0,3,15,11,0,0,0,0,132,100
28315,29702,SNB,112,pro_environmental,49,TRUE,2,448,3,448,30,5,FALSE,0.001,1,11,11,0,0,1,0,68,242
28316,28757,Dairy,64,pro_environmental,73,FALSE,2,426803,3,426803,93194,20,FALSE,0.113,1,14,14,1,0,0,0,49,232
28317,29403,Dairy,112,for_profit,62,FALSE,3,1920,3,1920,129,0,FALSE,0,3,14,11,2,0,0,0,86,118
28318,28877,Dairy,32,for_profit,54,FALSE,2,472484,3,472484,39578,10,FALSE,0.345,2,11,9,0,0,0,1,61,181
28319,29964,Dairy,144,for_profit,59,FALSE,2,6154387,3,6154387,413671,5,FALSE,0.756,2,17,8,2,0,0,2,110,82
28320,29351,Forest,48,for_profit,70,FALSE,2,299896,3,171949.4560691465,20158,15,FALSE,0.337,1,14,11,0,0,0,0,67,124
28321,29987,Dairy,64,for_profit,75,FALSE,2,1560,3,1560,183,10,FALSE,0,2,15,10,0,2,2,2,81,168
28322,28779,Dairy,48,for_profit,42,FALSE,4,1582620,3,1582620,132571,10,FALSE,0.588,2,14,11,0,1,2,0,87,232
28323,29385,Dairy,64,for_profit,58,FALSE,3,1881062,3,1881062,157570,10,FALSE,0.538,1,9,11,1,0,1,0,38,265
28324,30311,Dairy,48,pro_environmental,54,FALSE,3,1656028,3,1656028,111311,5,FALSE,0.585,1,9,11,1,0,1,1,49,162
28325,30159,Forest,80,for_profit,71,FALSE,2,462905,3,142495.24031280255,54267,20,FALSE,0.13,1,11,12,0,0,0,0,68,255
28326,29535,Dairy,48,for_profit,40,FALSE,1,1277727,3,1277727,107031,10,FALSE,0.487,1,14,14,1,1,0,0,60,237
28327,29261,Forest,128,for_profit,68,FALSE,1,0,0,0,0,21,TRUE,0,3,8,11,0,1,0,0,128,148
28328,29142,Dairy,80,for_profit,79,FALSE,2,640,3,366.9527165559185,43,15,FALSE,0,3,12,10,0,2,0,0,125,56
28329,29771,Dairy,144,for_profit,49,FALSE,5,5227616,3,5227616,351378,5,FALSE,0.706,3,11,12,1,1,0,0,101,69
28330,30005,SNB,80,for_profit,43,FALSE,3,257787,3,257787,17327,5,FALSE,0.658,3,12,10,0,0,3,0,143,89
28331,29020,Forest,96,for_profit,68,FALSE,3,0,0,0,0,21,TRUE,0,1,12,11,0,0,0,0,89,204
28332,29810,Dairy,112,pro_environmental,37,FALSE,2,3954477,3,3954477,265803,5,FALSE,0.599,1,14,12,1,0,1,1,90,200
28333,30064,Forest,144,for_profit,62,FALSE,2,5401035,3,5401035,363034,5,FALSE,0.686,1,16,14,0,0,0,0,57,167
28334,29974,Forest,48,for_profit,82,FALSE,0,0,0,0,0,21,TRUE,0,1,11,13,0,0,0,0,35,273
28335,29293,Dairy,192,pro_environmental,70,FALSE,2,5808157,3,5808157,486529,10,FALSE,0.545,4,11,12,1,1,2,4,58,153
28336,29463,Crop,32,for_profit,81,FALSE,1,0,0,0,0,21,TRUE,0,1,15,15,0,0,0,1,124,216
28337,30367,Dairy,64,for_profit,61,FALSE,2,2126623,3,2126623,178140,10,FALSE,0.563,1,12,9,0,0,1,0,88,146
28338,29749,Dairy,48,for_profit,61,FALSE,3,446240,3,446240,97439,20,FALSE,0.158,1,17,11,1,1,0,0,124,168
28339,28860,Dairy,128,for_profit,64,FALSE,3,712968,3,712968,155680,20,FALSE,0.125,3,13,14,1,0,0,0,95,114
28340,30525,SNB,80,for_profit,47,FALSE,3,249423,3,143010.07409613574,20893,15,FALSE,0.249,3,14,8,1,0,1,0,32,250
28341,29822,Forest,80,pro_environmental,72,FALSE,3,594331,3,340767.7734115556,39948,15,FALSE,0.401,1,17,14,0,0,0,0,149,227
28342,28833,Dairy,80,for_profit,73,FALSE,2,546920,3,546920,119422,20,FALSE,0.116,1,12,10,0,0,0,0,91,196
28343,29673,Dairy,128,for_profit,62,FALSE,4,3719709,3,3719709,250023,5,FALSE,0.545,3,13,10,3,0,0,0,127,59
28344,28830,Forest,144,for_profit,53,FALSE,2,1065155,3,610721.126254874,71595,15,FALSE,0.399,1,15,17,0,0,0,0,88,78
28345,29384,Dairy,80,for_profit,37,FALSE,3,2253578,3,2253578,188775,10,FALSE,0.549,2,14,8,1,0,0,0,128,98
28346,29285,Forest,64,for_profit,55,FALSE,3,313519,3,251572.89832962668,21073,10,FALSE,0.458,3,13,12,0,0,0,0,104,238
28347,30487,Dairy,48,for_profit,65,FALSE,4,1670045,3,1670045,112253,5,FALSE,0.754,2,15,13,0,0,1,0,129,216
28348,30049,Dairy,80,for_profit,72,FALSE,2,439551,3,439551,95978,20,FALSE,0.101,2,15,10,0,2,1,0,50,117
28349,29337,Dairy,112,pro_environmental,37,FALSE,3,4457098,3,4457098,299587,5,FALSE,0.8,2,13,7,0,0,1,0,70,129
28350,29763,Dairy,96,pro_environmental,59,FALSE,3,384,3,384,26,0,FALSE,0.117,1,13,10,0,0,1,1,131,51
28351,29583,Crop,80,pro_environmental,68,FALSE,2,1241148,3,711629.1097624144,103967,15,FALSE,0.288,2,12,14,0,0,0,1,70,253
28352,30043,Forest,64,for_profit,40,FALSE,3,692394,3,555588.5460404108,46540,10,FALSE,0.489,1,10,8,0,0,0,0,110,173
28353,30029,SNB,96,for_profit,45,FALSE,2,158484,3,158484,18579,15,FALSE,0.408,1,10,12,1,0,0,0,62,144
28354,30498,Dairy,80,for_profit,43,FALSE,2,3128981,3,3128981,210317,5,FALSE,0.663,1,16,8,1,0,1,1,74,188
28355,29454,Dairy,96,for_profit,59,FALSE,2,657152,3,657152,143492,20,FALSE,0.116,1,10,8,0,0,0,0,74,143
28356,29789,Dairy,32,for_profit,75,FALSE,3,128,3,128,9,0,FALSE,0.118,1,11,15,1,0,1,0,103,200
28357,28767,SNB,64,for_profit,41,FALSE,3,158571,3,158571,13283,10,FALSE,0.612,1,11,12,1,0,0,1,45,223
28358,30557,Forest,112,for_profit,44,FALSE,4,1071059,3,859435.6862328332,71992,10,FALSE,0.562,1,13,14,0,0,0,0,94,243
28359,29842,SNB,112,for_profit,52,FALSE,3,332329,3,332329,27838,10,FALSE,0.58,2,12,15,1,0,2,1,64,143
28360,28848,Dairy,96,for_profit,54,FALSE,2,4800,3,3851.600419694526,323,10,FALSE,0.001,1,10,16,1,1,0,1,100,70
28361,29280,Dairy,64,pro_environmental,54,FALSE,3,2045508,3,2045508,171345,10,FALSE,0.585,1,12,11,0,1,0,1,41,266
28362,29250,Dairy,48,for_profit,69,FALSE,3,0,0,0,0,21,TRUE,0,1,11,13,1,0,0,0,70,196
28363,29225,Forest,32,for_profit,66,FALSE,2,158142,3,158142,18539,15,FALSE,0.362,1,9,16,0,0,0,0,125,28
28364,29598,Dairy,64,for_profit,64,FALSE,3,1096562,3,1096562,128551,15,FALSE,0.291,1,15,15,0,0,1,0,128,114
28365,29494,Forest,160,for_profit,72,FALSE,2,514347,3,514347,60297,15,FALSE,0.381,3,10,14,0,0,0,0,115,235
28366,28844,Dairy,64,for_profit,42,FALSE,3,2030681,3,2030681,170103,10,FALSE,0.581,1,13,18,0,0,1,1,38,249
28367,30249,SNB,64,for_profit,50,TRUE,3,60271,3,60271,13160,20,FALSE,0.153,2,11,13,2,0,2,0,37,244
28368,30236,Forest,80,for_profit,68,FALSE,3,476076,3,476076,55811,15,FALSE,0.299,2,14,8,1,0,0,1,87,154
28369,30225,SNB,80,for_profit,54,FALSE,2,295268,3,295268,19847,0,FALSE,1.307,1,12,13,0,0,0,0,76,178
28370,28998,Dairy,64,for_profit,79,FALSE,2,0,0,0,0,21,TRUE,0,1,17,13,0,1,0,0,87,229
28371,30112,Dairy,64,pro_environmental,51,FALSE,3,1774348,3,1774348,148631,10,FALSE,0.624,3,13,13,1,1,0,0,94,120
28372,28792,Forest,64,pro_environmental,50,FALSE,2,2542000,3,2542000,170862,5,FALSE,0.653,2,13,10,0,1,0,1,102,148
28373,28974,Forest,128,for_profit,58,FALSE,3,1113578,3,1113578,74850,5,FALSE,0.629,1,14,13,0,0,0,0,86,210
28374,29012,Dairy,64,for_profit,60,FALSE,2,1420987,3,1420987,166583,15,FALSE,0.378,3,11,13,1,0,1,2,81,191
28375,28854,SNB,32,for_profit,55,FALSE,3,133621,3,133621,8981,5,FALSE,0.652,1,11,12,1,0,1,1,96,77
28376,30477,SNB,112,for_profit,50,FALSE,5,372536,3,372536,31206,10,FALSE,0.525,2,14,15,1,0,0,1,44,138
28377,29369,Dairy,64,for_profit,59,FALSE,2,1920,3,1920,129,0,FALSE,0,2,11,10,0,1,0,1,89,114
28378,29073,Crop,96,for_profit,62,TRUE,4,933686,3,933686,109456,15,FALSE,0.299,3,14,10,0,0,0,0,61,187
28379,28816,Dairy,64,pro_environmental,70,FALSE,2,2560,3,2560,172,0,FALSE,0.106,2,7,14,2,0,0,2,125,98
28380,29564,Crop,64,for_profit,69,FALSE,3,798700,3,798700,93632,15,FALSE,0.299,2,12,10,2,0,0,0,124,93
28381,30248,Dairy,80,for_profit,54,FALSE,2,2041409,3,2041409,171002,10,FALSE,0.505,3,15,10,2,3,0,0,132,55
28382,29197,Crop,176,pro_environmental,66,FALSE,3,2317115,3,2317115,271637,15,FALSE,0.291,2,11,13,0,0,0,0,127,127
28383,29243,SNB,64,for_profit,57,FALSE,3,218305,3,218305,18287,10,FALSE,0.576,1,14,16,0,0,0,0,81,240
28384,29886,Forest,64,for_profit,45,FALSE,2,573498,3,573498,38548,0,FALSE,2.472,1,9,13,0,0,0,0,34,266
28385,28749,Dairy,80,for_profit,70,FALSE,2,446269,3,446269,97445,20,FALSE,0.111,1,13,13,0,0,1,0,83,112
28386,29727,Forest,32,for_profit,53,FALSE,3,359137,3,359137,24140,5,FALSE,0.632,1,12,12,0,0,0,0,83,157
28387,29173,Forest,64,for_profit,62,FALSE,4,419425,3,240483.03615854084,28192,15,FALSE,0.276,2,13,11,0,0,0,0,68,133
28388,30469,Forest,144,for_profit,66,FALSE,3,1307872,3,1307872,109556,10,FALSE,0.528,2,11,11,0,0,1,0,112,142
28389,30035,Dairy,48,for_profit,63,FALSE,3,1230018,3,1230018,103034,10,FALSE,0.555,2,12,12,1,0,0,1,55,161
28390,29396,SNB,160,for_profit,81,FALSE,2,0,0,0,0,21,TRUE,0,1,7,9,0,0,0,1,12,322
28391,29113,Crop,176,for_profit,51,FALSE,3,2152153,3,1233966.2340530776,144658,15,FALSE,0.169,2,16,13,0,0,1,0,136,89
28392,30447,Dairy,96,for_profit,71,FALSE,2,2160953,3,2160953,253330,15,FALSE,0.359,3,15,12,2,3,3,2,99,185
28393,30020,SNB,112,for_profit,39,FALSE,2,320021,3,320021,26807,10,FALSE,0.706,1,11,16,1,0,1,1,53,184
28394,29383,Forest,112,for_profit,68,FALSE,2,993333,3,569541.0043666253,66768,15,FALSE,0.373,1,11,11,0,0,0,0,60,170
28395,29277,Dairy,96,for_profit,67,FALSE,2,384,3,384,26,5,FALSE,0,1,6,13,1,0,1,0,81,295
28396,29055,Dairy,48,for_profit,54,FALSE,5,1844761,3,1844761,123997,5,FALSE,0.625,2,9,12,0,1,1,0,95,158
28397,30122,Forest,80,for_profit,67,FALSE,2,435227,3,249543.3280757543,36457,15,FALSE,0.294,1,14,10,0,0,0,0,55,126
28398,30101,Forest,32,for_profit,53,FALSE,3,372201,3,372201,25018,0,FALSE,1.26,1,13,14,0,0,0,0,131,135
28399,29052,Forest,48,pro_environmental,64,FALSE,3,469150,3,376453.8201874348,31534,10,FALSE,0.567,1,10,10,0,0,0,0,53,227
28400,29464,Dairy,64,for_profit,55,FALSE,4,2042777,3,2042777,171116,10,FALSE,0.525,2,11,11,0,0,0,0,77,183
28401,29310,Dairy,48,for_profit,56,FALSE,2,1550725,3,1550725,129899,10,FALSE,0.591,1,13,11,1,0,0,1,74,244
28402,30493,Dairy,144,for_profit,38,FALSE,2,4945966,3,4945966,414307,10,FALSE,0.582,1,14,12,0,0,1,1,129,102
28403,29780,SNB,96,pro_environmental,63,FALSE,4,442929,3,442929,29772,5,FALSE,0.72,1,10,13,0,0,0,0,97,179
28404,29526,Dairy,80,for_profit,57,FALSE,4,2833737,3,2833737,237372,10,FALSE,0.572,2,13,13,0,0,1,2,77,190
28405,30305,Dairy,80,for_profit,60,FALSE,1,665827,3,665827,145386,20,FALSE,0.163,2,12,13,2,1,0,1,22,272
28406,29985,SNB,64,for_profit,75,FALSE,1,0,0,0,0,21,TRUE,0,1,12,11,1,0,0,0,137,50
28407,30173,SNB,48,for_profit,62,FALSE,3,191538,3,191538,12874,5,FALSE,0.623,1,12,13,0,0,1,0,121,70
28408,29265,SNB,80,for_profit,68,TRUE,2,26634,3,26634,3122,15,FALSE,0.052,1,9,14,1,0,1,1,107,142
28409,29871,Dairy,64,for_profit,65,FALSE,1,2029023,3,2029023,169964,10,FALSE,0.538,1,8,11,0,0,0,0,79,152
28410,30507,Dairy,96,for_profit,43,FALSE,4,2838282,3,2838282,190777,5,FALSE,0.641,2,9,10,0,0,1,0,137,120
28411,30142,Forest,48,for_profit,69,FALSE,4,251350,3,251350,29466,15,FALSE,0.379,1,10,12,0,0,0,0,119,138
28412,29252,Dairy,48,for_profit,70,FALSE,4,768549,3,768549,90097,15,FALSE,0.3,1,11,13,0,0,0,0,91,107
28413,29935,Dairy,48,for_profit,76,FALSE,2,0,0,0,0,21,TRUE,0,1,14,10,0,0,0,0,126,112
28414,30154,Forest,32,pro_environmental,54,FALSE,3,687569,3,687569,57595,10,FALSE,0.861,2,13,15,0,1,1,0,104,201
28415,29123,SNB,80,for_profit,60,FALSE,4,298156,3,298156,20041,5,FALSE,0.629,1,14,18,0,0,0,0,92,258
28416,29190,Dairy,80,for_profit,67,FALSE,3,1610050,3,1610050,188747,15,FALSE,0.372,3,16,10,0,0,3,0,83,203
28417,29156,Dairy,128,for_profit,56,FALSE,3,0,0,0,0,21,TRUE,0,1,15,9,0,0,0,1,134,94
28418,29681,Forest,112,for_profit,64,FALSE,3,748852,3,748852,50335,5,FALSE,0.673,2,9,10,0,0,0,0,135,45
28419,29048,SNB,32,for_profit,72,FALSE,3,137506,3,137506,16120,15,FALSE,0.404,1,15,9,0,0,0,0,144,237
28420,28791,Dairy,96,pro_environmental,55,FALSE,4,3331209,3,3331209,223910,5,FALSE,0.708,2,8,14,1,0,0,0,103,88
28421,29341,Forest,96,for_profit,62,FALSE,4,829439,3,829439,55751,5,FALSE,0.633,1,12,13,0,0,0,0,57,267
28422,30092,Dairy,64,for_profit,72,FALSE,1,480,3,480,32,5,FALSE,0,2,13,13,1,2,0,1,75,172
28423,30576,Dairy,48,for_profit,43,FALSE,4,882223,3,882223,103423,15,FALSE,0.328,2,13,14,0,0,0,0,102,185
28424,29092,Dairy,80,for_profit,64,FALSE,4,1681659,3,1681659,197142,15,FALSE,0.353,3,15,10,0,2,0,2,68,171
28425,29707,Dairy,32,for_profit,59,FALSE,3,665533,3,665533,55749,10,FALSE,0.563,2,14,13,1,0,0,1,13,310
28426,28961,Dairy,112,for_profit,62,FALSE,2,3073900,3,3073900,257490,10,FALSE,0.527,3,15,9,0,1,0,1,58,144
28427,30175,Dairy,96,for_profit,42,FALSE,3,2808348,3,2808348,188765,5,FALSE,0.715,3,9,13,2,1,2,0,72,121
28428,28825,Forest,80,for_profit,57,FALSE,4,706135,3,706135,47463,0,FALSE,2.796,1,14,10,0,0,0,0,86,198
28429,29137,Forest,64,for_profit,59,FALSE,4,489583,3,280709.0809837442,32908,15,FALSE,0.413,1,12,15,0,0,0,0,24,262
28430,29221,Forest,112,for_profit,70,FALSE,3,944391,3,541479.4420952507,63478,15,FALSE,0.35,1,12,9,0,0,0,0,138,215
28431,29536,Forest,64,for_profit,70,FALSE,4,883426,3,883426,103564,15,FALSE,0.587,2,13,16,0,0,0,0,77,271
28432,29510,SNB,32,pro_environmental,58,TRUE,3,960,3,960,65,0,FALSE,0,1,13,14,1,0,0,0,28,274
28433,29366,Forest,64,for_profit,60,FALSE,2,439893,3,439893,29568,5,FALSE,0.604,2,10,8,0,0,0,0,152,236
28434,29340,Dairy,80,for_profit,66,FALSE,3,3157823,3,3157823,212255,5,FALSE,0.655,3,10,15,0,0,1,1,79,191
28435,29553,Dairy,80,for_profit,51,FALSE,2,3097377,3,3097377,208192,5,FALSE,0.708,1,9,8,1,1,1,0,55,172
28436,29870,Forest,48,for_profit,79,FALSE,2,0,0,0,0,21,TRUE,0,2,11,14,0,0,0,0,130,227
28437,29144,Forest,64,for_profit,45,FALSE,3,1073598,3,1073598,72163,0,FALSE,1.26,2,13,10,1,0,1,0,57,188
28438,30023,Dairy,48,for_profit,68,FALSE,1,803208,3,803208,94160,15,FALSE,0.306,1,13,10,0,0,1,0,68,261
28439,30405,SNB,64,for_profit,52,FALSE,4,181288,3,181288,15186,10,FALSE,0.516,2,12,8,0,0,0,0,148,87
28440,30392,Forest,32,for_profit,69,FALSE,3,305777,3,175321.40751612358,20553,15,FALSE,0.401,1,11,11,0,0,0,0,117,48
28441,28895,Dairy,112,pro_environmental,32,FALSE,3,4924406,3,4924406,330997,5,FALSE,0.732,2,13,20,2,1,0,1,102,168
28442,28940,SNB,80,for_profit,72,FALSE,2,0,0,0,0,21,TRUE,0,1,13,10,0,0,0,0,128,46
28443,29781,Dairy,48,for_profit,60,FALSE,2,1106407,3,1106407,129705,15,FALSE,0.45,2,11,11,1,0,0,0,87,183
28444,30010,Forest,80,pro_environmental,49,FALSE,2,2509610,3,2509610,210221,10,FALSE,0.532,1,8,13,0,0,0,0,47,158
28445,29028,Dairy,64,for_profit,61,FALSE,2,1302018,3,1302018,152636,15,FALSE,0.345,1,12,12,1,0,1,0,43,138
28446,28985,SNB,64,for_profit,80,FALSE,2,0,0,0,0,21,TRUE,0,1,19,11,0,0,0,0,129,59
28447,30558,Dairy,96,pro_environmental,48,FALSE,2,1492848,3,1492848,175007,15,FALSE,0.314,3,11,9,0,1,2,1,131,110
28448,29275,Dairy,64,for_profit,74,TRUE,3,4488,3,3601.2463924143817,376,10,FALSE,0.001,1,16,16,1,1,0,1,106,162
28449,29202,Forest,64,for_profit,60,FALSE,3,452204,3,452204,30395,5,FALSE,0.665,1,13,13,0,0,0,0,61,117
28450,29347,Crop,96,for_profit,76,FALSE,3,1185,3,1185,99,5,FALSE,0,3,12,12,2,0,0,1,115,129
28451,30202,Crop,128,pro_environmental,42,FALSE,2,3620793,3,3620793,243374,5,FALSE,0.671,1,16,11,1,0,0,0,120,49
28452,28929,Crop,96,for_profit,37,FALSE,4,2060894,3,2060894,138524,5,FALSE,0.702,3,11,12,0,1,1,1,132,61
28453,29031,Dairy,80,for_profit,62,FALSE,4,966215,3,966215,113270,15,FALSE,0.302,3,14,10,1,0,0,0,140,207
28454,29639,Dairy,32,for_profit,61,FALSE,3,596511,3,596511,69929,15,FALSE,0.297,2,13,10,0,0,0,0,83,165
28455,30382,Dairy,96,pro_environmental,65,FALSE,2,4800,3,4800,323,5,FALSE,0.001,1,13,10,0,0,1,1,54,261
28456,29595,Forest,32,for_profit,46,FALSE,3,234108,3,234108,15736,5,FALSE,0.689,1,11,10,0,0,0,0,90,109
28457,29186,Forest,64,for_profit,64,FALSE,2,173610,3,99541.65800198908,11669,15,FALSE,0.146,1,13,17,0,0,0,0,38,237
28458,28795,Forest,48,for_profit,68,FALSE,3,503335,3,503335,42163,10,FALSE,0.517,2,12,11,0,0,0,0,123,223
28459,29248,Dairy,80,for_profit,49,FALSE,2,960,3,960,65,0,FALSE,0.127,2,11,11,2,0,2,0,111,46
28460,29620,Forest,32,for_profit,42,FALSE,3,227970,3,130709.70436445742,15323,15,FALSE,0.384,1,10,13,0,0,0,0,122,223
28461,29364,Dairy,112,for_profit,53,FALSE,2,4329332,3,4329332,290999,5,FALSE,0.707,1,11,14,0,0,1,1,73,124
28462,30467,Dairy,80,for_profit,51,FALSE,2,2467119,3,2467119,206662,10,FALSE,0.567,2,13,15,2,0,0,0,52,117
28463,30514,Forest,48,for_profit,31,FALSE,3,391505,3,391505,26315,5,FALSE,0.598,1,11,10,0,0,0,0,60,273
28464,29318,Dairy,96,pro_environmental,64,FALSE,2,1920,3,1920,129,0,FALSE,0.019,2,12,13,0,1,0,1,37,137
28465,29807,Dairy,176,for_profit,59,FALSE,2,5345754,3,5345754,447796,10,FALSE,0.529,2,11,9,0,1,2,1,109,103
28466,28883,Forest,64,pro_environmental,33,FALSE,3,603107,3,603107,40538,5,FALSE,0.69,1,8,11,0,0,0,0,63,244
28467,28846,Forest,48,for_profit,52,FALSE,3,363132,3,208206.6779193497,24408,15,FALSE,0.408,1,14,13,0,0,0,0,134,31
28468,30299,Forest,96,for_profit,51,FALSE,3,1570487,3,1570487,105561,5,FALSE,0.656,2,14,9,0,0,0,0,101,170
28469,29982,Forest,48,pro_environmental,54,FALSE,5,528564,3,528564,44276,10,FALSE,0.568,2,12,10,0,0,0,0,124,61
28470,30539,Forest,64,for_profit,59,FALSE,3,1727709,3,1727709,144724,10,FALSE,0.494,1,9,16,0,0,0,0,47,273
28471,30131,Dairy,48,pro_environmental,63,FALSE,2,902973,3,902973,105856,15,FALSE,0.306,2,11,9,0,0,0,0,101,148
28472,29420,Dairy,32,pro_environmental,60,FALSE,2,476157,3,476157,39886,10,FALSE,0.529,2,12,14,0,0,1,0,140,19
28473,29738,Forest,144,for_profit,61,FALSE,4,1462929,3,1462929,98332,5,FALSE,0.604,3,12,11,0,0,0,0,145,224
28474,29981,Dairy,32,for_profit,62,FALSE,2,0,0,0,0,21,TRUE,0,1,11,15,0,0,0,0,76,153
28475,29481,Dairy,96,for_profit,64,FALSE,2,3200,3,3200,215,0,FALSE,0.13,3,14,11,0,3,0,2,82,143
28476,28879,Dairy,64,for_profit,51,FALSE,4,2248250,3,2248250,151118,5,FALSE,0.596,1,15,14,0,0,0,0,50,226
28477,28752,SNB,96,for_profit,56,FALSE,2,473850,3,473850,31850,5,FALSE,0.658,3,9,11,1,0,2,1,36,247
28478,29933,Dairy,48,for_profit,61,FALSE,2,657309,3,657309,44181,5,FALSE,0.626,3,11,14,0,0,0,0,55,149
28479,28903,Crop,64,for_profit,60,FALSE,2,0,0,0,0,21,TRUE,0,1,13,7,0,0,0,0,70,134
28480,29291,Dairy,80,for_profit,50,FALSE,2,1518833,3,1518833,178054,15,FALSE,0.337,3,11,9,1,2,1,3,130,66
28481,30165,Forest,96,for_profit,63,FALSE,3,1166745,3,359157.082249621,78424,20,FALSE,0.216,2,13,10,0,1,0,0,93,202
28482,28729,SNB,32,for_profit,59,FALSE,3,126608,3,126608,8510,5,FALSE,0.668,1,10,13,0,0,0,0,49,273
28483,30559,Dairy,64,pro_environmental,65,FALSE,2,2388843,3,2388843,160568,5,FALSE,0.642,2,10,11,1,0,0,0,130,137
28484,30375,Dairy,96,for_profit,72,FALSE,1,899,3,276.73760499715814,196,20,FALSE,0,2,8,11,0,0,2,2,130,105
28485,29725,Dairy,48,for_profit,50,FALSE,3,1907887,3,1907887,128240,5,FALSE,0.744,1,13,10,0,0,0,0,97,106
28486,29995,Forest,64,for_profit,50,FALSE,3,421932,3,129882.59304967846,49463,20,FALSE,0.095,2,11,13,0,0,0,0,70,182
28487,30033,Dairy,80,for_profit,61,FALSE,3,3043736,3,3043736,204587,5,FALSE,0.645,1,13,11,0,0,0,0,78,155
28488,29018,Forest,64,for_profit,61,FALSE,3,589167,3,472757.47176461766,39601,10,FALSE,0.541,1,13,11,0,0,0,0,51,272
28489,29245,SNB,64,for_profit,62,FALSE,2,1800269,3,1800269,150802,10,FALSE,0.477,1,9,10,0,0,0,1,112,88
28490,30187,Forest,80,for_profit,79,FALSE,1,0,0,0,0,21,TRUE,0,3,10,11,0,0,1,0,118,222
28491,29466,Dairy,48,for_profit,75,FALSE,2,960,3,770.3200839389052,65,10,FALSE,0,3,11,12,2,0,0,3,90,173
28492,29831,Dairy,96,pro_environmental,69,FALSE,2,1280,3,1280,86,0,FALSE,0.092,3,13,10,0,2,0,0,61,267
28493,29239,Dairy,96,for_profit,67,FALSE,1,0,0,0,0,21,TRUE,0,2,9,10,0,0,1,0,84,88
28494,29610,Dairy,112,for_profit,58,FALSE,1,0,0,0,0,21,TRUE,0,2,11,8,2,0,2,0,82,124
28495,30399,Dairy,64,pro_environmental,45,FALSE,3,1221924,3,1221924,143247,15,FALSE,0.355,2,13,10,0,0,1,0,66,126
28496,29782,Dairy,128,for_profit,71,FALSE,2,1760,3,1760,118,5,FALSE,0,4,10,11,1,0,3,2,87,191
28497,30130,Dairy,80,for_profit,70,FALSE,3,1920,3,1920,129,0,FALSE,0,2,9,12,1,0,0,0,76,125
28498,28902,SNB,80,pro_environmental,77,FALSE,1,1054,3,1054,124,10,FALSE,0.001,3,11,13,1,0,2,0,94,180
28499,28840,SNB,32,for_profit,53,FALSE,3,100808,3,100808,11818,15,FALSE,0.421,2,12,9,0,0,2,0,109,132
28500,28769,Dairy,48,for_profit,49,FALSE,1,1014841,3,1014841,118970,15,FALSE,0.318,1,10,11,0,1,1,0,130,120
28501,30012,Forest,96,for_profit,59,FALSE,4,601632,3,601632,40439,5,FALSE,0.607,2,8,15,1,0,0,0,52,111
28502,29663,Dairy,80,for_profit,52,FALSE,3,0,0,0,0,21,TRUE,0,2,11,9,0,0,0,0,63,173
28503,30306,Dairy,80,pro_environmental,41,FALSE,2,2410039,3,2410039,201881,10,FALSE,0.551,1,15,16,0,0,0,0,70,258
28504,30254,Forest,48,for_profit,70,FALSE,4,258432,3,79552.67267477816,30296,20,FALSE,0.121,1,16,11,0,0,0,0,131,214
28505,30386,SNB,144,pro_environmental,78,FALSE,3,1632,3,1632,110,0,FALSE,0.034,3,11,16,2,0,1,0,138,115
28506,29400,SNB,112,for_profit,53,FALSE,2,332735,3,332735,39007,15,FALSE,0.369,3,11,11,1,0,2,1,103,131
28507,30260,SNB,48,pro_environmental,78,FALSE,2,772,3,442.6367143455767,91,15,FALSE,0.002,2,15,14,2,0,1,0,15,308
28508,29097,Dairy,64,for_profit,78,FALSE,1,1280,3,1280,86,0,FALSE,0,2,16,14,0,1,0,1,111,74
28509,28861,Dairy,64,for_profit,55,FALSE,3,1440,3,1440,97,5,FALSE,0,2,9,8,1,0,0,0,146,217
28510,28831,Forest,80,for_profit,49,FALSE,4,479469,3,479469,32228,5,FALSE,0.627,2,9,10,0,0,1,0,120,202
28511,29208,Dairy,80,for_profit,47,FALSE,6,1777021,3,1777021,119444,5,FALSE,0.631,2,11,9,0,1,1,0,83,122
28512,29929,Forest,48,for_profit,46,FALSE,3,1400345,3,1400345,94125,5,FALSE,0.692,1,18,9,0,0,0,0,61,272
28513,30361,Forest,80,for_profit,71,FALSE,3,838140,3,838140,70208,10,FALSE,0.526,2,16,12,0,0,0,0,102,135
28514,29227,Dairy,128,for_profit,47,FALSE,3,2009589,3,2009589,135076,5,FALSE,0.679,3,10,10,0,1,0,0,158,14
28515,29734,Dairy,64,for_profit,55,FALSE,2,1636290,3,1636290,137066,10,FALSE,0.518,2,9,11,0,0,0,0,99,233
28516,30329,Dairy,112,for_profit,66,FALSE,3,64,3,64,4,0,FALSE,0.102,2,11,11,0,0,2,1,141,104
28517,30309,Dairy,80,for_profit,71,FALSE,2,714555,3,714555,156026,20,FALSE,0.144,2,11,7,0,2,0,0,75,183
28518,29032,Dairy,64,for_profit,71,FALSE,3,1810006,3,1810006,151618,10,FALSE,0.518,1,15,14,0,0,0,0,83,237
28519,29993,Dairy,80,for_profit,44,FALSE,4,2627200,3,2627200,176589,5,FALSE,0.778,3,15,12,0,0,2,2,115,120
28520,29298,Dairy,64,for_profit,43,FALSE,2,564763,3,564763,66207,15,FALSE,0.269,3,13,8,0,2,0,2,71,127
28521,30068,Dairy,128,for_profit,65,FALSE,3,2740593,3,2740593,321281,15,FALSE,0.363,1,14,12,0,0,0,1,85,211
28522,30182,Dairy,48,for_profit,54,FALSE,2,0,0,0,0,21,TRUE,0,1,16,14,1,0,0,0,52,267
28523,29393,Dairy,32,for_profit,54,FALSE,2,1229660,3,1229660,82652,5,FALSE,0.652,1,13,14,0,0,0,0,128,63
28524,29022,Dairy,64,for_profit,64,FALSE,4,1772252,3,1772252,148455,10,FALSE,0.507,1,16,12,0,0,0,0,66,247
28525,30482,Crop,48,for_profit,47,FALSE,2,1557628,3,1557628,104697,5,FALSE,0.769,1,11,14,0,0,0,1,54,177
28526,30573,Forest,48,for_profit,68,FALSE,4,455168,3,455168,30594,5,FALSE,0.695,1,10,11,0,0,0,0,71,283
28527,29461,Dairy,32,pro_environmental,53,FALSE,1,973403,3,973403,81539,10,FALSE,0.516,1,10,10,0,0,0,0,76,163
28528,30296,Dairy,80,for_profit,84,FALSE,1,1524,3,1524,333,15,FALSE,0,4,13,12,3,3,1,3,126,79
28529,30443,Dairy,80,for_profit,44,FALSE,2,1150968,3,1150968,134929,15,FALSE,0.35,3,14,15,1,1,0,1,129,138
28530,28734,Forest,64,for_profit,54,FALSE,2,630216,3,630216,42360,5,FALSE,0.712,1,11,11,0,0,0,0,58,235
28531,29672,Forest,112,for_profit,54,FALSE,3,1199269,3,1199269,80610,5,FALSE,0.657,3,12,14,0,0,1,0,126,91
28532,30448,SNB,48,for_profit,61,FALSE,2,26220,3,26220,5725,20,FALSE,0.135,1,10,10,0,0,0,1,93,98
28533,30546,Forest,32,for_profit,83,FALSE,2,0,0,0,0,21,TRUE,0,1,12,12,0,0,0,0,130,67
28534,29665,Crop,48,for_profit,85,TRUE,1,1600,3,1600,108,5,FALSE,0.001,2,12,17,2,0,0,1,87,187
28535,29558,SNB,48,for_profit,59,FALSE,1,37111,3,37111,8103,20,FALSE,0.146,2,14,14,0,0,2,2,150,231
28536,29374,Dairy,48,for_profit,64,FALSE,1,1667796,3,1667796,112102,5,FALSE,0.645,2,16,15,1,1,0,1,66,130
28537,29088,Dairy,96,for_profit,58,FALSE,3,3680,3,3680,247,5,FALSE,0.001,3,10,15,0,1,0,2,96,192
28538,30517,Forest,32,for_profit,58,FALSE,3,841341,3,841341,70476,10,FALSE,0.603,2,12,11,1,1,0,0,80,181
28539,29027,Dairy,80,for_profit,67,FALSE,4,3022734,3,3022734,253204,10,FALSE,0.625,2,18,12,0,0,0,1,70,167
28540,29792,Dairy,48,for_profit,55,FALSE,3,1533932,3,1533932,128492,10,FALSE,0.542,1,11,9,0,0,0,0,47,233
28541,28933,Forest,64,for_profit,70,FALSE,3,0,0,0,0,21,TRUE,0,1,10,10,0,0,0,0,138,201
28542,28835,Dairy,48,for_profit,49,FALSE,3,1630316,3,1630316,136566,10,FALSE,0.576,1,11,14,1,1,1,0,123,160
28543,29154,Dairy,64,for_profit,59,FALSE,3,1045493,3,1045493,122564,15,FALSE,0.287,2,20,12,0,0,0,0,31,260
28544,29412,Dairy,112,for_profit,42,FALSE,2,3580941,3,3580941,299963,10,FALSE,0.576,2,13,11,1,0,1,0,125,96
28545,30250,Dairy,112,for_profit,48,FALSE,3,3993325,3,3993325,268414,5,FALSE,0.605,1,9,13,0,0,0,0,104,174
28546,28953,Forest,208,for_profit,72,FALSE,2,0,0,0,0,21,TRUE,0,2,9,13,1,0,0,0,144,52
28547,30553,Forest,48,for_profit,39,FALSE,3,427323,3,427323,28723,5,FALSE,0.644,1,18,12,0,0,0,0,57,239
28548,30308,Forest,96,for_profit,70,FALSE,1,0,0,0,0,21,TRUE,0,1,8,8,0,0,0,0,179,40
28549,30393,Forest,48,for_profit,52,FALSE,3,283562,3,283562,19060,5,FALSE,0.69,1,12,11,0,0,0,0,117,81
28550,29325,Dairy,80,for_profit,55,FALSE,3,3255904,3,3255904,218848,5,FALSE,0.717,3,10,9,0,1,0,2,50,224
28551,29017,Dairy,64,for_profit,75,FALSE,2,1664,3,1664,112,0,FALSE,0,3,15,7,0,3,1,1,42,230
28552,29616,SNB,80,for_profit,79,FALSE,3,64,3,64,4,0,FALSE,0,3,11,12,2,0,1,0,128,66
28553,29561,Dairy,128,for_profit,62,FALSE,1,480,3,480,32,0,FALSE,0.134,3,14,15,1,3,0,0,92,117
28554,29000,SNB,64,for_profit,65,FALSE,2,99988,3,99988,11722,15,FALSE,0.346,2,10,16,1,0,0,0,134,54
28555,30006,Forest,80,for_profit,57,FALSE,3,678967,3,678967,45637,5,FALSE,0.614,1,17,9,0,0,0,0,47,146
28556,29888,SNB,64,pro_environmental,52,FALSE,1,597082,3,597082,130376,20,FALSE,0.699,2,11,17,2,0,2,1,104,117
28557,28932,SNB,64,for_profit,57,TRUE,2,0,0,0,0,21,TRUE,0,1,14,10,0,0,0,0,86,85
28558,28874,Dairy,64,for_profit,81,FALSE,1,1920,3,1920,129,5,FALSE,0.001,1,9,10,1,1,1,0,65,272
28559,30002,Crop,48,pro_environmental,43,FALSE,3,1196336,3,1196336,80413,5,FALSE,0.591,1,9,15,0,0,0,0,111,49
28560,30274,Forest,80,for_profit,55,FALSE,2,445115,3,445115,52181,15,FALSE,0.296,2,14,16,0,0,0,0,98,235
28561,30100,Dairy,48,for_profit,64,FALSE,3,881580,3,881580,103348,15,FALSE,0.339,2,12,12,0,0,0,0,66,132
28562,30137,Crop,96,for_profit,62,FALSE,1,2244829,3,2244829,188042,10,FALSE,0.526,3,13,12,1,0,0,1,68,166
28563,29521,Crop,96,for_profit,79,FALSE,1,4000,3,4000,269,5,FALSE,0.001,2,12,17,1,0,1,2,60,250
28564,29504,Forest,48,for_profit,72,FALSE,1,0,0,0,0,21,TRUE,0,1,11,12,0,0,0,0,118,220
28565,29003,Dairy,64,for_profit,45,FALSE,5,2679026,3,2679026,180073,5,FALSE,0.688,2,12,13,0,1,0,0,95,160
28566,29550,Forest,32,for_profit,59,FALSE,4,311437,3,311437,20933,5,FALSE,0.704,1,11,14,0,0,0,0,69,172
28567,30259,Forest,112,for_profit,30,FALSE,3,4525095,3,4525095,304157,5,FALSE,0.765,2,15,11,0,0,0,1,104,250
28568,29292,Forest,80,for_profit,53,FALSE,4,1227231,3,703649.6082681819,82489,15,FALSE,0.341,4,15,15,0,0,0,0,83,184
28569,30433,Dairy,48,for_profit,53,FALSE,2,1472601,3,1472601,123355,10,FALSE,0.6,2,9,9,1,0,0,0,67,168
28570,29365,Forest,112,for_profit,76,FALSE,2,0,0,0,0,21,TRUE,0,1,14,15,0,0,0,0,9,295
28571,30574,Dairy,32,for_profit,53,FALSE,2,588003,3,588003,68932,15,FALSE,0.312,1,10,9,0,0,0,0,70,154
28572,29333,SNB,112,pro_environmental,63,FALSE,2,340572,3,273280.67877837585,22892,10,FALSE,0.329,3,13,9,1,0,0,0,49,122
28573,29957,Forest,64,for_profit,44,FALSE,3,544441,3,544441,36595,0,FALSE,1.3,1,12,11,0,0,0,0,54,269
28574,29082,SNB,64,pro_environmental,62,FALSE,4,373956,3,373956,25136,5,FALSE,0.682,1,15,11,0,0,0,0,98,142
28575,29170,Forest,64,pro_environmental,63,FALSE,3,589928,3,589928,39652,5,FALSE,0.667,1,10,16,0,0,0,0,49,229
28576,29480,Forest,64,pro_environmental,64,FALSE,2,548779,3,440349.46389990463,36887,10,FALSE,0.504,1,12,10,0,0,0,0,90,234
28577,29273,Dairy,80,for_profit,69,FALSE,2,1311293,3,1311293,153724,15,FALSE,0.3,1,9,14,1,1,1,0,58,173
28578,30125,Dairy,64,pro_environmental,59,FALSE,6,2021100,3,2021100,135850,5,FALSE,0.589,2,10,12,0,0,0,0,129,146
28579,30357,Forest,80,for_profit,74,FALSE,4,736301,3,226654.255057856,86317,20,FALSE,0.107,2,13,12,0,0,0,0,125,148
28580,29498,Dairy,48,for_profit,58,FALSE,2,1777128,3,1777128,119451,5,FALSE,0.628,1,12,9,0,0,0,0,104,169
28581,29209,Dairy,64,for_profit,56,FALSE,3,1200050,3,1200050,100524,10,FALSE,0.746,2,10,9,0,0,0,0,126,86
28582,29869,Crop,128,for_profit,52,FALSE,2,1448071,3,1448071,169758,15,FALSE,0.291,2,10,13,2,0,1,0,77,231
28583,29130,Forest,64,for_profit,46,FALSE,2,976542,3,783593.6618852775,65639,10,FALSE,0.487,2,14,9,1,1,0,0,95,202
28584,29014,Dairy,64,for_profit,67,FALSE,4,2632852,3,2632852,220545,10,FALSE,0.619,1,12,16,1,0,0,0,97,145
28585,30556,Forest,32,for_profit,44,FALSE,4,338373,3,338373,22744,5,FALSE,0.785,1,11,11,0,0,0,0,53,113
28586,30007,SNB,64,for_profit,75,FALSE,2,912,3,912,107,10,FALSE,0.002,4,8,15,2,0,1,3,45,124
28587,29765,Dairy,96,pro_environmental,71,FALSE,3,5523,3,3166.687271153653,647,15,FALSE,0.001,2,14,10,1,0,1,1,95,141
28588,29178,Forest,64,for_profit,68,FALSE,2,444438,3,444438,37229,10,FALSE,0.509,1,18,13,0,0,0,0,87,239
28589,30581,SNB,80,for_profit,63,TRUE,4,328459,3,328459,27514,10,FALSE,0.565,2,12,11,0,0,1,0,117,128
28590,28892,Forest,32,for_profit,61,FALSE,3,263088,3,80985.92104949092,17684,20,FALSE,0.185,1,11,9,0,0,0,0,75,238
28591,30127,SNB,32,for_profit,60,FALSE,3,105805,3,105805,7112,5,FALSE,0.71,2,10,11,0,0,2,0,140,231
28592,28931,Dairy,32,pro_environmental,60,FALSE,5,1051714,3,1051714,70692,5,FALSE,0.652,1,11,11,0,0,0,0,105,202
28593,29324,Dairy,96,for_profit,56,FALSE,2,1937560,3,1937560,227141,15,FALSE,0.39,3,11,14,2,0,2,2,133,73
28594,28759,Dairy,32,for_profit,48,FALSE,4,1283136,3,1283136,86247,5,FALSE,0.68,1,14,11,0,0,0,0,109,145
28595,29500,Dairy,128,for_profit,62,FALSE,2,4589414,3,4589414,308481,5,FALSE,0.656,1,13,14,0,1,1,0,58,272
28596,29140,Dairy,32,pro_environmental,59,FALSE,2,1155,3,1155,97,5,FALSE,0.001,1,9,11,1,1,1,0,79,240
28597,30278,Dairy,128,for_profit,60,FALSE,3,3338631,3,3338631,279666,10,FALSE,0.537,3,11,9,0,0,1,0,114,67
28598,29404,SNB,64,pro_environmental,66,FALSE,2,3200,3,3200,215,0,FALSE,0,1,10,10,0,0,0,1,51,214
28599,30265,Forest,80,pro_environmental,52,FALSE,5,741263,3,594801.8503966716,49825,10,FALSE,0.545,1,12,9,0,0,0,0,69,270
28600,28869,Dairy,48,for_profit,48,FALSE,2,2191191,3,2191191,147282,5,FALSE,0.774,1,11,18,0,1,1,1,76,174
28601,28828,Dairy,80,for_profit,45,FALSE,4,2897220,3,2897220,194739,5,FALSE,0.64,2,13,11,2,1,0,0,121,72
28602,30166,Dairy,32,for_profit,64,FALSE,3,1033536,3,1033536,69470,5,FALSE,0.723,2,9,14,0,0,2,0,143,103
28603,29635,Dairy,48,for_profit,56,FALSE,3,1422118,3,1422118,119126,10,FALSE,0.519,2,13,13,0,0,1,0,119,87
28604,29379,Dairy,48,for_profit,70,FALSE,1,1594,3,1279.0523060402238,134,10,FALSE,0,1,10,15,1,1,1,1,82,138
28605,29914,Dairy,64,for_profit,73,FALSE,3,1165057,3,1165057,136580,15,FALSE,0.309,1,12,16,1,0,0,0,77,146
28606,29624,Dairy,64,for_profit,76,FALSE,3,377852,3,377852,82506,20,FALSE,0.132,3,11,10,0,0,0,1,61,120
28607,30079,Dairy,80,for_profit,60,FALSE,4,3052238,3,3052238,205158,5,FALSE,0.698,1,11,11,0,0,0,0,67,254
28608,29395,Forest,112,for_profit,43,FALSE,4,890568,3,714606.6838680239,59860,10,FALSE,0.462,1,12,14,0,0,0,0,99,157
28609,30103,Dairy,64,for_profit,68,FALSE,2,0,0,0,0,21,TRUE,0,2,12,16,1,0,1,0,130,76
28610,29195,Forest,32,for_profit,60,FALSE,3,83082,3,83082,18141,20,FALSE,0.146,1,9,9,0,0,0,0,122,151
28611,29988,Forest,64,for_profit,57,FALSE,2,606396,3,606396,40759,5,FALSE,0.685,1,12,13,0,0,0,0,49,239
28612,29287,Forest,80,pro_environmental,47,FALSE,4,1099799,3,1099799,73924,5,FALSE,0.7,2,15,10,0,0,0,0,53,145
28613,28943,Dairy,48,for_profit,73,FALSE,2,1600,3,1283.8668065648421,108,10,FALSE,0,2,14,14,2,1,2,2,96,157
28614,29999,Forest,48,for_profit,63,FALSE,3,521008,3,521008,43643,10,FALSE,0.515,2,8,10,1,0,1,0,54,246
28615,30066,SNB,64,pro_environmental,59,FALSE,3,960,3,960,65,0,FALSE,0.122,3,11,9,2,0,0,1,143,108
28616,30057,Forest,64,for_profit,67,FALSE,2,0,0,0,0,21,TRUE,0,2,11,13,0,0,0,0,100,166
28617,29897,Forest,64,for_profit,76,FALSE,2,206145,3,63457.25648736281,24166,20,FALSE,0.093,1,10,14,0,0,0,0,101,253
28618,29906,Forest,80,for_profit,75,FALSE,2,340030,3,104670.84296683391,28483,20,FALSE,0.174,2,12,15,0,0,0,0,92,92
28619,30586,Forest,64,for_profit,63,FALSE,4,548368,3,440019.6706139683,36859,10,FALSE,0.504,1,9,15,0,0,0,0,67,142
28620,29815,Dairy,32,for_profit,63,FALSE,3,1325179,3,1325179,89073,5,FALSE,0.66,2,15,16,0,0,0,0,83,183
28621,29687,Dairy,48,for_profit,42,FALSE,3,867175,3,266940.9706489551,101659,20,FALSE,0.104,3,15,13,1,0,0,1,62,270
28622,29798,Dairy,48,for_profit,64,FALSE,3,387116,3,387116,84529,20,FALSE,0.137,1,10,13,0,0,0,0,48,227
28623,29683,Forest,64,for_profit,47,FALSE,3,588015,3,588015,68933,15,FALSE,0.489,2,11,14,0,0,0,0,126,155
28624,30208,Dairy,112,for_profit,53,FALSE,3,946427,3,946427,206657,20,FALSE,0.143,1,10,12,0,0,0,1,72,180
28625,30411,Forest,32,pro_environmental,62,FALSE,2,185299,3,185299,12455,5,FALSE,0.566,2,8,11,0,0,0,0,131,163
28626,29586,Dairy,64,for_profit,43,FALSE,4,2220677,3,2220677,149264,5,FALSE,0.772,2,12,13,1,0,0,1,102,202
28627,29182,Dairy,32,for_profit,68,FALSE,1,0,0,0,0,21,TRUE,0,1,11,13,1,0,0,0,57,224
28628,29880,SNB,96,pro_environmental,53,FALSE,2,327947,3,327947,22043,5,FALSE,0.645,2,14,12,1,0,0,1,148,234
28629,30414,Dairy,96,for_profit,48,FALSE,2,3228329,3,3228329,270426,10,FALSE,0.615,1,14,12,1,0,0,1,83,241
28630,29177,Dairy,48,for_profit,72,FALSE,3,640,3,640,43,5,FALSE,0,3,12,12,0,1,0,0,114,47
28631,30086,Forest,64,for_profit,65,FALSE,3,0,0,0,0,21,TRUE,0,2,11,14,0,0,0,0,115,84
28632,29730,Dairy,32,for_profit,54,FALSE,3,998398,3,998398,83632,10,FALSE,0.584,1,9,14,0,0,0,0,137,229
28633,28826,Forest,32,for_profit,60,FALSE,3,277157,3,222395.42031693246,18629,10,FALSE,0.503,1,10,13,0,0,0,0,67,189
28634,29254,Dairy,64,for_profit,47,FALSE,3,2831597,3,2831597,190328,5,FALSE,0.727,2,11,9,1,1,0,2,64,182
28635,29047,Forest,48,pro_environmental,59,FALSE,4,709896,3,709896,47716,5,FALSE,0.692,2,12,7,0,0,0,0,45,159
28636,30492,Dairy,64,pro_environmental,72,FALSE,2,1920,3,1920,129,0,FALSE,0,2,13,13,0,1,0,1,106,122
28637,29474,Dairy,80,for_profit,74,FALSE,2,1474446,3,1474446,172850,15,FALSE,0.351,2,11,17,0,1,1,1,88,151
28638,29884,Dairy,80,for_profit,67,FALSE,1,506305,3,506305,110554,20,FALSE,0.114,2,9,9,1,1,0,0,127,151
28639,30085,SNB,48,for_profit,53,FALSE,3,209056,3,209056,14052,5,FALSE,0.716,2,8,9,2,0,2,2,107,179
28640,29133,Forest,64,pro_environmental,50,FALSE,5,583604,3,583604,39227,5,FALSE,0.668,1,16,9,0,0,0,0,66,260
28641,29072,Forest,48,for_profit,56,FALSE,2,178325,3,102245.06746849089,14938,15,FALSE,0.154,1,11,12,0,0,0,0,108,151
28642,30149,Dairy,64,for_profit,57,FALSE,2,1705193,3,1705193,142838,10,FALSE,0.577,2,8,10,0,0,1,0,108,107
28643,29451,Dairy,64,for_profit,72,FALSE,2,1161544,3,1161544,136168,15,FALSE,0.36,1,14,12,0,0,0,0,125,207
28644,28868,Forest,48,pro_environmental,67,FALSE,3,411483,3,235929.38229152974,27658,15,FALSE,0.356,1,10,13,0,0,0,0,62,204
28645,30404,Dairy,96,for_profit,64,FALSE,3,1948564,3,1948564,163225,10,FALSE,0.524,3,9,14,1,0,0,0,132,139
28646,29042,Forest,64,for_profit,71,FALSE,4,686394,3,393553.3483245049,57497,15,FALSE,0.32,2,15,13,0,0,0,0,117,52
28647,29664,Forest,64,for_profit,61,FALSE,3,224478,3,224478,26316,15,FALSE,0.312,2,12,14,1,0,0,0,86,88
28648,30290,Forest,64,for_profit,66,FALSE,3,858285,3,688702.2637953159,57690,10,FALSE,0.502,2,13,13,0,0,0,1,108,156
28649,29546,SNB,32,pro_environmental,47,FALSE,3,73744,3,73744,4957,5,FALSE,0.569,1,14,11,0,0,1,0,138,232
28650,29678,SNB,32,for_profit,68,TRUE,3,0,0,0,0,21,TRUE,0,1,8,13,0,0,1,1,88,73
28651,30019,Dairy,80,for_profit,61,FALSE,2,320,3,320,22,0,FALSE,0.118,1,14,18,1,1,1,0,64,274
28652,29067,SNB,48,for_profit,49,FALSE,2,179135,3,179135,15006,10,FALSE,0.619,2,15,15,2,0,2,1,125,161
28653,28904,Dairy,48,for_profit,57,FALSE,3,699567,3,699567,82011,15,FALSE,0.335,1,13,12,0,0,0,0,109,99
28654,29674,SNB,192,for_profit,59,FALSE,3,491356,3,491356,41159,10,FALSE,0.567,2,12,10,0,0,0,0,18,291
28655,30407,Dairy,64,for_profit,77,FALSE,2,128,3,128,9,0,FALSE,0,3,11,16,0,0,2,0,124,58
28656,30468,SNB,32,for_profit,72,FALSE,2,68386,3,68386,8017,15,FALSE,0.361,1,16,10,1,0,0,0,139,101
28657,28880,Crop,64,for_profit,66,FALSE,2,0,0,0,0,21,TRUE,0,2,14,14,0,0,0,1,98,135
28658,29986,Dairy,80,for_profit,56,FALSE,2,1588541,3,1588541,186225,15,FALSE,0.352,2,11,11,2,0,2,0,60,244
28659,29469,Dairy,48,pro_environmental,63,FALSE,2,818446,3,818446,95947,15,FALSE,0.333,2,9,15,1,1,0,0,120,129
28660,29791,Crop,144,for_profit,81,FALSE,1,1920,3,1920,129,0,FALSE,0,2,12,9,2,0,0,0,122,94
28661,29476,Dairy,48,for_profit,66,FALSE,5,900943,3,900943,105618,15,FALSE,0.366,2,8,9,0,0,0,1,66,178
28662,28783,Dairy,48,for_profit,69,FALSE,3,1280,3,1280,86,0,FALSE,0.137,2,9,10,0,1,1,0,101,217
28663,29317,SNB,64,for_profit,64,FALSE,2,3366,3,2700.9347943107864,282,10,FALSE,0.007,2,13,6,1,0,1,1,56,209
28664,29076,Forest,48,for_profit,54,FALSE,5,673438,3,540377.9340496338,45266,10,FALSE,0.527,2,12,10,0,0,0,0,89,172
28665,30342,SNB,64,for_profit,77,TRUE,2,0,0,0,0,21,TRUE,0,2,9,11,0,0,0,1,145,63
28666,29607,Dairy,96,for_profit,59,FALSE,2,3786357,3,3786357,254503,5,FALSE,0.693,3,9,15,0,1,0,1,85,225
28667,28812,SNB,96,for_profit,62,TRUE,2,9685,3,9685,811,10,FALSE,0.021,2,14,15,2,0,2,1,63,127
28668,29269,Forest,32,for_profit,53,FALSE,3,137481,3,137481,16117,15,FALSE,0.315,1,13,15,0,0,0,0,52,114
28669,29058,Dairy,64,pro_environmental,49,FALSE,5,2003337,3,2003337,134656,5,FALSE,0.657,2,9,10,0,0,0,0,126,143
28670,29692,Dairy,64,for_profit,63,FALSE,2,1936323,3,1936323,162199,10,FALSE,0.491,3,11,9,0,2,0,0,90,158
28671,29419,Dairy,32,for_profit,77,FALSE,3,0,0,0,0,21,TRUE,0,1,13,14,1,1,0,0,117,145
28672,30295,Crop,80,for_profit,51,TRUE,3,0,0,0,0,21,TRUE,0,2,9,12,0,0,0,1,119,110
28673,29153,Dairy,48,for_profit,75,FALSE,3,0,0,0,0,21,TRUE,0,1,10,11,0,0,0,0,69,193
28674,29006,SNB,32,for_profit,67,FALSE,2,3101,3,3101,260,10,FALSE,0.016,2,11,13,0,0,1,1,126,106
28675,30297,Dairy,32,for_profit,67,FALSE,1,632504,3,632504,74149,15,FALSE,0.335,1,14,10,1,0,0,0,52,149
28676,30435,SNB,64,for_profit,49,FALSE,1,267490,3,214638.45755501848,17980,10,FALSE,0.52,2,11,13,0,0,0,0,15,298
28677,28777,Dairy,64,for_profit,42,FALSE,2,2293290,3,2293290,154145,5,FALSE,0.656,1,11,16,1,0,0,0,72,248
28678,30292,Dairy,32,for_profit,67,FALSE,2,875873,3,875873,73369,10,FALSE,0.501,1,9,10,0,0,1,1,80,136
28679,29189,Forest,48,for_profit,55,FALSE,4,358523,3,358523,42030,15,FALSE,0.311,2,16,11,0,0,1,0,60,183
28680,30376,Forest,64,for_profit,80,FALSE,2,0,0,0,0,21,TRUE,0,1,17,13,0,0,0,0,54,230
28681,29893,Forest,32,pro_environmental,53,FALSE,3,227082,3,130200.55747023608,19022,15,FALSE,0.383,1,12,10,0,0,0,0,144,239
28682,29820,Dairy,80,for_profit,75,FALSE,1,0,0,0,0,21,TRUE,0,2,15,12,1,0,0,0,121,152
28683,29071,Dairy,32,pro_environmental,38,FALSE,2,904566,3,904566,75772,10,FALSE,0.517,1,15,7,0,0,0,1,69,247
28684,29967,SNB,48,pro_environmental,60,TRUE,2,3266,3,3266,383,15,FALSE,0.017,1,14,13,1,0,1,1,137,232
28685,30110,Forest,32,for_profit,66,FALSE,4,226393,3,69690.16307911192,18964,20,FALSE,0.158,1,13,11,0,0,0,0,108,99
28686,30158,SNB,48,for_profit,45,FALSE,2,125585,3,125585,10520,10,FALSE,0.587,2,12,12,2,0,1,2,107,59
28687,29847,SNB,48,for_profit,65,FALSE,2,81210,3,81210,9520,15,FALSE,0.418,1,14,11,1,0,1,1,66,122
28688,30063,Forest,32,for_profit,68,FALSE,2,0,0,0,0,21,TRUE,0,1,12,13,0,0,0,0,123,108
28689,30162,Dairy,48,for_profit,46,FALSE,2,1629310,3,1629310,109515,5,FALSE,0.647,2,13,7,0,2,1,1,95,107
28690,29041,Forest,32,for_profit,58,FALSE,5,268718,3,268718,18062,5,FALSE,0.615,1,14,12,0,0,0,0,64,265
28691,30422,Dairy,32,for_profit,48,FALSE,3,1013785,3,1013785,68142,5,FALSE,0.58,1,14,8,0,0,0,0,91,240
28692,30424,Forest,48,for_profit,54,FALSE,5,519306,3,416699.83490622614,34906,10,FALSE,0.458,2,13,7,0,0,0,0,110,51
28693,30267,Dairy,80,for_profit,64,FALSE,2,2549667,3,2549667,213577,10,FALSE,0.583,1,11,12,1,0,0,1,64,243
28694,29375,Forest,48,for_profit,60,FALSE,4,418212,3,335580.3155669348,28110,10,FALSE,0.512,1,13,14,0,0,0,0,56,177
28695,29290,Dairy,64,for_profit,45,FALSE,3,2357389,3,2357389,197470,10,FALSE,0.685,3,16,12,1,0,0,0,113,71
28696,30018,Forest,48,for_profit,49,FALSE,4,312984,3,312984,21037,5,FALSE,0.614,1,9,11,0,0,0,0,54,110
28697,30157,Forest,32,for_profit,50,FALSE,2,1160880,3,1160880,78029,5,FALSE,0.664,1,12,15,0,0,0,0,66,275
28698,28763,Dairy,32,for_profit,74,FALSE,2,800,3,641.9334032824211,54,10,FALSE,0,2,11,11,0,0,0,1,131,103
28699,30418,Dairy,48,for_profit,52,FALSE,1,64,3,64,4,0,FALSE,0.123,2,13,10,0,0,2,0,121,143
28700,29074,Forest,48,for_profit,65,FALSE,1,513023,3,294148.7242276047,34483,15,FALSE,0.345,1,13,10,0,0,0,0,120,94
28701,29183,Dairy,48,for_profit,61,FALSE,2,1761391,3,1761391,147546,10,FALSE,0.574,2,10,13,0,0,0,0,70,186
28702,29187,Dairy,80,for_profit,58,FALSE,2,2279652,3,2279652,190959,10,FALSE,0.52,3,15,11,3,0,0,2,108,113
28703,28789,Forest,48,for_profit,50,FALSE,3,645939,3,645939,54108,10,FALSE,0.568,3,18,10,0,0,0,0,127,64
28704,29744,Dairy,32,for_profit,61,FALSE,2,287470,3,287470,62770,20,FALSE,0.143,2,14,12,0,0,0,0,125,114
28705,30040,SNB,32,for_profit,57,FALSE,3,85344,3,85344,7149,10,FALSE,0.506,1,8,7,0,0,0,0,125,163
28706,29606,SNB,32,for_profit,51,FALSE,2,97038,3,97038,8129,10,FALSE,0.58,2,13,9,1,0,0,2,34,255
28707,29502,Forest,80,for_profit,43,FALSE,4,716075,3,716075,48131,5,FALSE,0.613,2,9,16,0,0,0,0,80,183
28708,28966,Dairy,48,for_profit,81,FALSE,2,2434,3,1395.5670501517277,285,15,FALSE,0.001,1,14,11,1,1,1,1,37,268
28709,30109,Dairy,32,for_profit,42,FALSE,4,638392,3,638392,53476,10,FALSE,0.81,2,13,16,0,0,0,1,125,52
28710,29864,Forest,32,for_profit,72,FALSE,5,288085,3,165177.4583578309,19364,15,FALSE,0.378,1,10,11,0,0,0,0,150,225
28711,30240,Crop,32,for_profit,59,TRUE,3,768876,3,440845.52639788814,51681,15,FALSE,0.324,2,8,14,0,0,0,0,80,154
28712,30459,Dairy,48,pro_environmental,63,FALSE,4,1564262,3,1564262,105143,5,FALSE,0.706,2,11,14,0,1,0,0,57,191
28713,29603,Forest,32,pro_environmental,82,FALSE,2,0,0,0,0,21,TRUE,0,1,15,11,0,0,0,0,102,156
28714,30315,Dairy,32,for_profit,64,FALSE,1,0,0,0,0,21,TRUE,0,1,10,13,0,0,0,0,112,114
28715,29543,Dairy,32,pro_environmental,45,FALSE,4,1230465,3,1230465,82707,5,FALSE,0.652,1,12,11,0,0,0,0,57,234
28716,28973,Dairy,32,pro_environmental,69,FALSE,3,168823,3,168823,36863,20,FALSE,0.123,2,10,12,1,0,0,0,107,168
28717,29814,Dairy,32,pro_environmental,45,FALSE,2,941603,3,941603,78875,10,FALSE,0.538,1,13,16,0,0,0,0,47,271
28718,28983,Dairy,32,for_profit,62,FALSE,4,607753,3,187083.54799759493,71247,20,FALSE,0.099,1,13,17,0,0,0,0,121,82
28719,29971,Forest,32,for_profit,53,FALSE,3,255179,3,255179,17152,5,FALSE,0.751,1,8,10,0,0,0,0,18,278
28720,29321,Dairy,32,for_profit,70,FALSE,2,960,3,960,65,5,FALSE,0.001,1,15,10,1,0,1,0,46,262
28721,29487,Dairy,48,for_profit,69,FALSE,1,1440,3,1440,97,5,FALSE,0.001,1,9,14,1,0,1,1,114,95
28722,30152,Dairy,32,for_profit,59,FALSE,4,501091,3,402083.8137302395,33681,10,FALSE,0.534,2,13,15,0,0,0,0,135,21
28723,30275,Dairy,64,for_profit,55,FALSE,2,2303255,3,2303255,154815,5,FALSE,0.673,1,14,14,0,1,1,0,136,83
28724,29370,Forest,48,for_profit,78,FALSE,3,0,0,0,0,21,TRUE,0,2,13,14,0,0,0,0,92,183
28725,30483,Dairy,32,for_profit,63,FALSE,2,1063443,3,1063443,89081,10,FALSE,0.564,1,11,12,0,0,1,0,86,213
28726,29572,Dairy,32,for_profit,66,FALSE,2,1280,3,1280,86,0,FALSE,0.106,1,10,13,0,1,0,0,70,170
