farm_id,farmer_id,farm_type,size_ha,gross_profit,current_profit,current_income,current_costs,ghg_emissions,nitrates,sediment,phosphates,e_coli
28727,27134,SNB,144,22563,22040,202831,180268,137.7,646.2,583.6,35.2,206.4
28728,28341,Forest,80,45827,45827,324439,278612,-967.4,159.9,240,15.9,31.8
28729,28335,Dairy,192,192111,13688,1512128,1320017,1695.7,2905.6,19.9,23,67.8
28730,27883,SNB,80,1372,0,84912,83540,195,803.1,140,18.2,131.4
28731,27912,Dairy,64,134472,133885,721177,586705,624.7,1076.3,15.9,13.1,98.7
28732,28291,Dairy,144,135174,134991,1002419,867245,635,2234,165.2,37.6,164.2
28733,28015,Forest,32,24251,11223,147242,122991,-554.3,63.6,97.5,6.5,12.5
28734,28088,Dairy,144,199771,199706,1342130,1142359,746.9,3876.2,438,87.7,234.5
28735,28444,Dairy,80,104031,103816,767958,663927,753.2,2694.6,108.5,37.4,75.3
28736,27981,SNB,32,-1319,-1319,83112,84431,97.3,139.3,11.3,3.5,20.6
28737,27113,Dairy,80,75259,74990,672206,596947,762.6,1288.6,24.3,18.6,148.4
28738,28388,Dairy,144,227996,164474,1441953,1213957,1520.7,5185.1,537.3,117.7,608.2
28739,28035,SNB,256,-9479,0,279371,288850,573.2,1161.5,107.4,28.3,164.2
28740,27089,Forest,96,60056,11587,420952,360896,-1300.7,192.3,292.8,19.1,38
28741,27314,SNB,272,18784,18031,350381,331597,393.4,1287.8,350.4,52.2,358.6
28742,27736,Dairy,176,162950,95347,1019007,856057,5.4,3959.2,440.5,87.8,340.6
28743,28299,Dairy,80,88228,73682,804346,716118,809.3,1381.1,35.5,20,76.5
28744,27137,Dairy,96,108617,108617,747791,639174,781.8,3463.8,77.1,50.4,268.5
28745,28085,Forest,32,6586,6586,130367,123781,-445.3,64.3,101.2,6.3,12.5
28746,27435,SNB,64,4234,4126,171106,166872,190.1,430.9,214.7,13.2,81.4
28747,28410,Forest,96,74677,57720,571356,496679,-577.9,665.7,222.4,22.1,91
28748,27552,Dairy,64,81790,81747,599066,517276,721.7,2408.7,258.4,54.6,240.3
28749,28264,Dairy,96,64037,35428,843513,779476,928.9,1489.9,33.1,14.7,38.1
28750,28210,Dairy,64,52582,52582,539167,486585,552.9,934.8,32.5,11.6,55.9
28751,28437,Forest,64,63479,52162,351685,288206,-175.3,1388.1,220.6,33.6,156.2
28752,28285,Dairy,64,53984,53975,459921,405937,512.5,2066.4,26.5,22.9,111.2
28753,28682,Dairy,80,145330,145313,879897,734567,808.8,3075.1,95,56.8,321.5
28754,27591,Dairy,192,231536,231192,1629725,1398189,1636.8,3212.9,25.2,28.5,95
28755,28430,SNB,112,-17730,0,287661,305391,328,513.9,38,12,73.2
28756,27664,Dairy,144,149882,37344,1316914,1167032,1344.2,2117.5,49.6,23.6,58.8
28757,27383,Dairy,128,121536,59304,1089478,967942,1138,2077.7,37.9,29.6,235.6
28758,27782,SNB,48,18163,18055,104744,86581,-119.3,192.7,184.7,10.5,57.9
28759,28221,Dairy,80,104877,104877,839405,734528,816.1,1781.9,61.2,21.6,91.8
28760,27163,Forest,96,67716,67716,380238,312522,-1097.8,190.9,283.8,19.2,37.5
28761,27618,Dairy,80,56602,9118,592649,536047,-69.7,756.8,99.3,12.4,30.7
28762,28234,Dairy,80,91984,91782,530595,438611,-60.9,1382.8,115.3,20.8,44.6
28763,27401,SNB,112,703,703,256042,255339,365.3,868.6,893.8,36,287.9
28764,27681,SNB,112,17840,8589,282298,264458,33.8,568.1,385.4,28.8,190.5
28765,27398,SNB,112,-4344,-4344,108445,112789,248.2,473.7,49.3,12.1,73.3
28766,28498,Dairy,80,91099,91099,794030,702931,766.8,1196.5,8.4,9.7,28.6
28767,28558,Dairy,64,117287,117270,589817,472530,612.6,2506.6,77.5,43.5,261.1
28768,27911,SNB,192,63769,47328,584656,520887,545.7,1402.2,306,30.5,152.3
28769,27679,Forest,96,69828,58081,445333,375505,-1058.9,793.5,258.4,25.9,65.6
28770,28042,Dairy,64,50140,50002,480926,430786,554.6,985.9,6.7,7.8,23.4
28771,28043,Crop,96,197347,123830,475596,278249,113.4,1878,97.3,38.5,19.2
28772,28483,Dairy,64,55296,55242,575353,520057,562.5,982,6.8,7.9,46.7
28773,28242,Forest,144,140243,140243,676925,536682,-2062.5,287.3,427.2,28.9,57.9
28774,28198,Dairy,48,62899,62899,460030,397131,510.5,1665.4,191.9,39.7,110.8
28775,27787,Dairy,48,44490,44490,405253,360763,470.1,1612.6,66.2,22.5,41
28776,28664,Dairy,48,35132,0,429669,394537,426.6,1618.4,20.1,18.5,78.4
28777,27569,Dairy,64,71500,20661,484486,412986,466.4,1946.9,61.5,34.6,192.9
28778,27232,SNB,192,14004,13939,184606,170602,427.9,1934.6,338.7,42.2,323.2
28779,28025,Dairy,96,146349,146349,956113,809764,969,1911.5,141.3,35.6,110.9
28780,27621,Dairy,48,71401,71336,457369,385968,450,754.2,19.3,8.6,41.7
28781,27155,Dairy,128,199642,199642,1241425,1041783,1357.3,4976.8,507.4,112.1,576
28782,27115,Dairy,240,338328,267330,2113029,1774701,2236.6,9009.1,288,161.8,954
28783,27948,Crop,64,97713,51877,274908,177195,68.7,1159.9,21.8,15,5.1
28784,27190,SNB,192,-378,0,252888,253266,477,858.6,264,26.7,148.4
28785,28072,Dairy,224,277800,277149,1611223,1333423,1631.5,6462.1,249.3,88.2,169
28786,27473,Dairy,144,142629,106359,1250999,1108370,1250.7,2103.5,15.1,18.3,52.7
28787,28352,Forest,64,50330,50330,297639,247309,-855.8,127.7,188.9,12.7,25
28788,27296,Forest,112,51350,51350,350905,299555,-652.3,634.7,942.5,37,210
28789,27891,Forest,112,50474,40273,392614,342140,-1018.8,273.5,348.9,23.1,63.5
28790,27126,Forest,112,98412,79055,575450,477038,-391,1874.2,211.3,30.6,98.5
28791,27707,Dairy,48,58064,58055,360112,302048,109,1277,87.2,23.8,129.3
28792,28385,Dairy,80,79741,22162,488697,408956,657.8,1369.1,79.7,22.4,161.5
28793,26937,Dairy,48,82431,35517,469599,387168,560.8,1915.2,192.4,40.3,219.6
28794,27203,Dairy,80,77020,77020,769732,692712,817.3,2164.6,23.6,21.8,50.3
28795,27097,Dairy,176,277994,171414,1650429,1372435,1741,6414.8,531.5,123,305.2
28796,27776,Dairy,64,69880,19015,624171,554291,664.1,2183.4,74.2,27.4,106.6
28797,28239,Dairy,112,134994,134974,1078612,943618,1062.1,4241.3,113.3,62.6,342
28798,27629,Dairy,64,93465,93465,490653,397188,673.2,2371.9,255.2,53.6,145.6
28799,28286,Dairy,64,63519,63519,350477,286958,459.2,1942,158.9,40.4,228.8
28800,27767,Dairy,64,66860,9474,480622,413762,535.2,2076.5,152.8,38.4,177.8
28801,27843,Dairy,272,412649,303860,2034046,1621397,2503.4,10459.3,777.1,209.3,775.1
28802,28018,Dairy,112,76209,0,863315,787106,417.9,3187.5,419.8,73.3,344.6
28803,28087,Dairy,112,131463,94320,952381,820918,1039.5,1798.8,33.3,26,97.2
28804,28406,Forest,64,26898,20130,240460,213562,-694.4,129.5,191.4,12.9,24.5
28805,27931,Dairy,80,113615,83112,694808,581193,772.3,1736.4,38.5,24.9,182.4
28806,28697,Dairy,32,28408,18098,269835,241427,297.8,1033.1,13.4,12.5,50.7
28807,28165,Forest,64,56651,47544,298951,242300,-927.2,127,193,12.8,26
28808,28248,Forest,176,83790,32802,682556,598766,-2024.2,349.9,534.4,35.2,69.8
28809,28571,Forest,32,53494,24486,310298,256804,358.4,1285.8,127.1,27.8,140
28810,28230,Dairy,112,101346,101346,1153004,1051658,1193.7,4382.3,175,77.7,465
28811,28499,Forest,32,10046,9992,129176,119130,-151.1,98.6,60.5,5.5,17.1
28812,27624,Dairy,176,183919,73822,1721304,1537385,1668.3,2853.6,36.2,32.1,133.2
28813,28518,Dairy,64,74733,74716,560616,485883,570.4,2367.7,77.3,42.2,262.5
28814,27642,Dairy,176,134419,134220,1154131,1019712,1365.7,2581.4,18.4,22.1,64.1
28815,28653,Forest,48,26108,26108,224680,198572,-704.5,96.8,148.5,9.5,18
28816,26976,Dairy,112,104681,104681,1028561,923880,1090.5,1676,38.9,17.4,93.1
28817,27953,Forest,160,101647,69704,737694,636047,-2260.3,321.1,480.5,31.8,62.7
28818,28206,Dairy,64,94329,94232,552458,458129,658.8,2475.7,252,54.4,152.1
28819,27712,Dairy,64,71238,18454,395502,324264,523.8,1111,19.1,14.8,124
28820,28171,Forest,80,70825,70825,429442,358617,-752.4,800.9,252.8,27,97.1
28821,28149,SNB,64,5315,5315,62339,57024,151.8,623.6,113.9,15,98.8
28822,27892,Dairy,240,313137,155980,2135832,1822695,2276.2,8406.8,387.3,123,524.3
28823,27952,Dairy,32,39486,39421,305782,266296,333.7,1053.7,44.8,15.5,53.2
28824,27516,Forest,144,116172,77284,664528,548356,-2131.9,289,436.6,28.8,58.3
28825,28641,Dairy,48,56997,56997,451310,394313,424.7,807.8,14.4,11.1,83.1
28826,28620,Dairy,32,65242,65144,342427,277185,291.1,487,6.5,6.2,34.9
28827,28303,Dairy,192,195938,195809,1234396,1038458,1635.5,3623,113.8,42.8,102.5
28828,27666,Forest,96,7466,1881,95339,87873,243.2,1050.8,479.9,38.3,331.3
28829,27966,Forest,32,17717,15605,121162,103445,-349.5,63.9,95.6,6.5,13.1
28830,28701,Dairy,48,43163,10927,494897,451734,508,1693.7,57.2,35,151.5
28831,28631,Dairy,64,71781,20331,528083,456302,268.1,1876.3,104.6,34.5,187.8
28832,28365,Forest,160,69215,69215,615411,546196,-1796.9,322.9,480.6,31.6,64.5
28833,27247,Crop,144,225010,159965,622441,397431,154.9,2812.2,149.3,57.7,28.9
28834,27665,Forest,96,126495,54499,729571,603076,862.9,3723.5,384.4,79.7,325.1
28835,28640,Dairy,64,61599,61599,552693,491094,607.6,2150,89.3,28.7,118.8
28836,28297,Dairy,64,66062,65220,580775,514713,563.1,946.3,6.6,8.1,22.5
28837,27313,Dairy,112,116214,11170,1235716,1119502,1174.9,4125.1,441.1,91.5,268
28838,27073,SNB,368,3391,0,490263,486872,897.8,1791.7,270.9,52.2,350.1
28839,27458,Dairy,80,71978,71974,467286,395308,680.3,3068.2,97.5,54,342.8
28840,27281,Dairy,48,71621,71460,392699,321078,445,786.9,47.1,13.8,58.9
28841,28354,Dairy,80,116328,116113,780876,664548,817.9,3008.6,316.6,65.5,175.4
28842,28296,Dairy,32,32379,32379,292290,259911,301.8,476.1,3.3,4.5,24.2
28843,28226,Dairy,368,408903,333253,2342189,1933286,3000.4,6013.4,288,96.7,361.2
28844,27869,Dairy,176,205395,104442,1581380,1375985,1625,2665.8,30.2,24,131.2
28845,27307,Dairy,128,166181,92476,1102966,936785,1291.6,2182.4,127.9,36.5,254
28846,27499,SNB,144,7816,7807,231483,223667,407.5,705.4,159.5,27.7,204.3
28847,27582,Forest,64,47426,39336,294862,247436,-981.4,127.8,194.1,12.7,24.8
28848,28068,Dairy,48,45807,12223,454106,408299,500.2,1845.1,191.5,40,229.9
28849,27358,SNB,256,-9012,-9012,215027,224039,497.6,1108.2,122.1,28.3,168
28850,27085,Dairy,48,31258,31161,444598,413340,505.8,1639.4,66,21.6,40.3
28851,28663,SNB,64,16541,11698,120158,103617,-46.5,516.7,290.8,22.7,178.4
28852,27924,Forest,224,12183,0,228243,216060,561.9,1190.5,1080.6,58.4,380.8
28853,28288,Dairy,96,112839,112839,817811,704972,864.3,1445.4,10,12.5,33.1
28854,28175,SNB,112,16958,3127,162913,145955,328.4,1182.4,577.6,36,257.1
28855,28036,Forest,64,41376,17872,355682,314306,-549.5,748.5,205.2,23.8,95.2
28856,28283,Dairy,64,69495,69478,576294,506799,612.3,966.9,6.7,7.9,45.6
28857,28600,Forest,48,29742,29742,211998,182256,-696.2,95.4,143.5,9.4,19.3
28858,27065,Dairy,192,221623,221193,1058188,836565,1140.3,2759.3,143.6,49.3,268.4
28859,26882,Dairy,256,219734,219056,1618117,1398383,2059.5,5148.1,103.1,74,262.4
28860,28324,Forest,48,89305,55924,493927,404622,541.9,1711,191.5,40.1,225.9
28861,27292,SNB,128,-3016,0,141904,144920,284.2,753.5,202.1,19.4,117
28862,28310,Dairy,32,72936,72850,369561,296625,334.5,1373.7,126.8,24.8,72.2
28863,28030,Dairy,96,83634,83634,853440,769806,893.5,1603.7,28.8,22.7,170.5
28864,27412,Dairy,112,202428,132598,518939,316511,133.4,2301.6,113.9,43.9,22.3
28865,27947,Dairy,128,163163,163163,1132605,969442,1276.4,2140.4,127.1,36.4,128.8
28866,28387,Dairy,64,90929,90779,529521,438592,559.8,1030.1,18.3,9.3,43
28867,28491,Dairy,48,33611,33517,423464,389853,458.2,759.4,5,5.8,27.9
28868,28353,SNB,96,-52,-52,89388,89440,222.3,478.8,117.3,19,134.3
28869,28573,Forest,64,92465,40975,567658,475193,557.2,2413.6,76.4,44.2,259.8
28870,28218,Dairy,64,92505,92505,611889,519384,549.2,938.2,6.7,7.7,23.9
28871,28151,Dairy,64,45569,45569,587763,542194,572,932.8,6.7,8.6,29.8
28872,27537,Dairy,128,159142,158798,808655,649513,1022.8,4720.8,149.4,84.4,260.2
28873,26947,SNB,144,23807,23807,223897,200090,478.4,1475.5,775,38,239.6
28874,27682,Dairy,128,196524,144868,1407647,1211123,1323.9,4955.6,510.1,107.2,566.1
28875,27797,SNB,64,16015,5485,171786,155771,200.6,620.7,190.1,16,105.8
28876,27524,Forest,48,22712,22712,191267,168555,-550.7,95.5,145.6,9.8,18.8
28877,28289,Forest,128,131758,63273,898927,767169,-683.2,2066.3,304.8,48.4,240.7
28878,28429,Dairy,64,76832,76832,408796,331964,513.3,2475.4,258,53.4,299.1
28879,27506,Forest,288,139622,139622,1106879,967257,-3357.8,575.7,869.8,57.4,113.4
28880,28186,Forest,96,72860,72860,453893,381033,-1386.7,192.5,292.5,19.2,38.8
28881,27876,Dairy,64,73579,46665,567131,493552,551.6,1078.5,19.1,14.4,61.1
28882,28580,Dairy,48,73177,73177,450007,376830,448.6,1681.5,20.1,17.3,81.6
28883,27179,SNB,368,21117,7161,254329,233212,871.2,3193.6,3205.4,114.1,806
28884,27131,Dairy,128,77433,77429,1059052,981619,1115.7,1978.4,13.3,16.3,46.7
28885,28114,Dairy,96,132321,132192,958442,826121,981.2,2665.4,101,36,73.6
28886,26914,Dairy,64,54848,54831,533908,479060,592.3,2381.2,75.9,42.3,137.2
28887,27426,Dairy,96,109317,27228,608413,499096,815.9,1461.2,74.1,24.6,82.1
28888,28293,Dairy,96,127574,127305,917374,789800,993.2,1590.3,96.2,26.4,185.1
28889,27214,Forest,128,124871,124871,924150,799279,-627.8,1943.9,427.5,55.6,247.1
28890,27055,Forest,80,64489,35161,368780,304291,-1141.8,160.1,239.8,15.8,31.8
28891,27871,Dairy,272,272662,190629,1661448,1388786,2064.5,4217.9,94.9,42.7,214.6
28892,28551,Dairy,64,60168,59953,459365,399197,595.8,1069.9,52.7,18.3,61
28893,27283,Dairy,192,377447,287681,2053257,1675810,1937.6,6437.4,95.6,73.5,235.2
28894,28360,Forest,96,52235,52235,376307,324072,-1153.8,191.7,288.1,18.9,38
28895,28366,Dairy,64,116610,116593,583295,466685,606.9,2327.9,76.2,44.2,255.2
28896,27208,Dairy,240,308048,308016,2576969,2268921,2412.4,3874.2,101.2,42.4,210.8
28897,27324,Forest,48,11092,11092,185236,174144,-545.9,95.6,141.3,9.3,19.5
28898,27889,Dairy,144,258571,258517,1596372,1337801,1544.2,5194.5,154.6,89.8,550.9
28899,28552,Dairy,80,75195,75066,630015,554820,703.4,1260.8,8.3,10.1,30.8
28900,28686,SNB,48,6625,6593,56458,49833,115.2,504.6,136.2,11.3,86.7
28901,27974,Dairy,80,104784,104784,779543,674759,808.6,3093.8,312.2,68.8,214.8
28902,28574,Dairy,64,116065,75174,717225,601160,697.2,2380.4,255.4,53,282.6
28903,28077,SNB,176,25380,0,281180,255800,501.4,1910.5,803.3,71.6,633.8
28904,28073,Dairy,224,325135,325135,1965643,1640508,2318.8,8861.2,891.1,191.7,990.3
28905,27637,Forest,224,197518,154238,1147683,950165,-992.7,3252.4,701.7,97.5,400
28906,27238,SNB,80,9791,9791,230058,220267,321,897.2,1061.6,40.7,329.6
28907,27669,SNB,96,-18615,0,198483,217098,272.8,442.8,34.8,10.5,63
28908,28008,Forest,96,78832,0,442748,363916,-1448.4,192.1,284.1,19.6,37.2
28909,27738,SNB,64,22487,0,315238,292751,271.1,475.3,19.2,9.2,61.2
28910,28559,Dairy,48,38252,38091,377613,339361,434,674.4,16.7,7,19.5
28911,28544,Dairy,112,149972,63969,935905,785933,1068,3863.9,138.9,69.8,194.5
28912,27609,Dairy,144,145998,145821,1104115,958117,1220,3957.3,121.8,47.9,108.8
28913,27585,Crop,96,134320,134320,403739,269419,100.7,814.2,8.4,11.7,3.5
28914,27430,SNB,128,-2693,-2693,339097,341790,409.2,615.9,125.2,25.3,180.2
28915,26951,Forest,288,149058,116054,970073,821015,-2717.9,971,1528.3,71.5,292.6
28916,27718,Dairy,80,94899,94890,763273,668374,740.3,1236.8,14.8,12.7,48.5
28917,28618,SNB,80,2784,0,71515,68731,163.7,360.9,76.9,13.5,93.5
28918,27268,Dairy,128,155761,155761,1028552,872791,1163.8,4625.1,280.4,79.2,183.8
28919,27462,Dairy,64,104210,86544,575130,470920,674.6,2342.4,256.6,54.3,302.7
28920,28710,Dairy,32,24957,24957,273779,248822,322.2,1059.1,128.5,26.9,77.3
28921,27660,Dairy,48,73984,73887,335623,261639,394.6,1601,20.3,18,72.6
28922,26918,Dairy,112,88900,88900,920052,831152,1048.7,1641.5,39.1,18,93
28923,27254,Dairy,144,190659,70869,1167483,976824,727.5,4200.3,442.6,90.8,458.3
28924,28192,Forest,64,41975,41975,275127,233152,-927.6,127.9,194.4,12.9,25.6
28925,27076,Forest,320,153251,153251,1221080,1067829,-3675.9,641.5,951.1,64.3,127.9
28926,27284,SNB,96,18500,18491,124649,106149,267.8,1036.2,475.9,38.5,361.3
28927,28150,Dairy,80,103248,102528,688026,584778,710.5,2627.8,33,29,68.8
28928,26883,Dairy,96,117163,117163,671088,553925,587.2,1228.5,9.5,12.4,23.9
28929,27946,Crop,96,162692,162423,447382,284690,109.9,909.1,20,18.5,7.9
28930,26881,Dairy,192,229872,229872,1643866,1413994,1843.8,7339.6,230.2,129.6,762.2
28931,27477,Dairy,112,145273,114092,1035302,890029,1102.3,4198.3,221.6,82.1,232.5
28932,28105,SNB,128,-7018,0,140058,147076,282.4,543.1,55.8,14.2,80.9
28933,27708,SNB,192,19086,19064,380705,361619,-127.2,1372.3,871.8,48,290.7
28934,27367,Dairy,128,194072,193813,1021519,827447,1184.8,4720.2,151.5,82.8,264.3
28935,28017,Dairy,160,194953,194949,1214316,1019363,1497.1,2654,134.9,42.6,298.6
28936,28497,SNB,80,16610,0,208127,191517,311.9,861.6,92.7,19.9,119.6
28937,27300,SNB,416,84972,84972,1307073,1222101,1514.8,4668.8,1587.4,166.8,1509.6
28938,26999,Dairy,112,136387,136383,981849,845462,1203.3,4196.2,405.7,90.9,517.5
28939,28245,Dairy,128,147315,56093,1214158,1066843,1265.7,2227.9,53.7,23.7,104.5
28940,28433,Forest,64,49323,49323,248859,199536,-525.5,407.4,163.6,16.1,22.3
28941,27887,Dairy,112,92688,10311,1012408,919720,986.8,1605.8,11.7,13.5,79.3
28942,27221,Dairy,96,113874,112632,645388,531514,814.4,1402.5,33.7,15.2,76.1
28943,27904,Dairy,80,83561,83410,583818,500257,404.7,1981.3,117.5,27.9,97.7
28944,27337,Dairy,112,56756,25092,988074,931318,1044,1725.1,11.8,14,80.9
28945,28509,SNB,64,26258,10595,243111,216853,301.6,1008.3,297.9,26.9,159.3
28946,28173,Dairy,80,90022,89951,662592,572570,733.2,1355.7,23.9,18.9,138.4
28947,28209,Forest,80,50057,50057,364527,314470,-1186.6,159,235.8,16.3,31.9
28948,27556,Forest,128,79740,79740,585138,505398,-1771.8,256,386.2,25.5,49.8
28949,28656,SNB,32,1926,0,52827,50901,83,125.4,10.9,3.5,20.7
28950,28013,SNB,160,27334,27334,281522,254188,533.6,1654.3,2025.6,72.2,576.8
28951,28378,Dairy,96,137631,78057,959246,821615,1037.1,3633.7,380,82.2,294.4
28952,27490,Dairy,272,285493,142453,1850705,1565212,1962.5,4153.8,131.8,51.1,252.7
28953,27133,Dairy,64,27782,27782,506725,478943,594,1000.3,16,13.1,48.1
28954,28254,Dairy,32,23843,0,298187,274344,311.2,470.8,11.3,4.9,24
28955,27804,Dairy,240,283041,92696,2073778,1790737,2254.8,7961.3,333.4,114.5,219.8
28956,27815,Forest,160,100230,100230,588487,488257,-1278.4,711.6,566.8,36.5,132
28957,28375,SNB,32,-791,0,84279,85070,93.1,136,10.4,3.3,20.9
28958,28315,Forest,112,72798,72798,492599,419801,-1556.2,223.7,329.5,22.3,44.8
28959,27449,Dairy,160,171488,120643,1360200,1188712,1492.6,2643,47.8,37.6,284.6
28960,27185,Forest,64,57966,57966,313830,255864,-511.5,685.3,148.1,16.2,30.9
28961,28647,SNB,64,7111,7111,102836,95725,198.4,640.3,223.3,22.9,200.4
28962,28346,SNB,64,-721,-721,55053,55774,120.3,287.9,30.9,7,41.8
28963,27908,Dairy,112,159579,69667,1165465,1005886,1169.8,3484.2,324.8,74.3,207.9
28964,27831,Dairy,64,83610,83593,567956,484346,624.3,2417.9,76.4,42.2,265.9
28965,28101,Dairy,64,75310,63631,457390,382080,556.2,1923.3,41.1,22.6,45.7
28966,28481,Dairy,96,84383,54861,738150,653767,520.9,1440,125.6,25.4,84.4
28967,27410,Forest,80,94572,53628,330197,235625,86.2,1131.6,19.9,15.2,4.9
28968,28046,Dairy,48,65657,20479,391358,325701,429.3,807.6,14.5,11.4,81.2
28969,27443,Dairy,80,99773,99773,731125,631352,775.3,3100.8,95.8,50.6,315.9
28970,27081,Dairy,64,64775,64609,476415,411640,595.6,1446.6,77.9,26,106.6
28971,28579,Dairy,80,128473,128312,772460,643987,786.6,2085.1,52,31.3,103.1
28972,27505,Dairy,80,126706,79092,789121,662415,794.5,3209.4,317.2,65.6,349.8
28973,27380,SNB,112,6582,1786,108774,102192,274.5,1072.9,581.4,29.1,196.9
28974,27998,Dairy,96,144443,144443,976744,832301,895,3156.3,322.1,69.2,375.4
28975,26985,SNB,464,98799,98795,1180182,1081383,-1784,1543.5,827.3,76.1,295.2
28976,28136,Forest,96,84122,31765,462046,377924,-921.7,398.5,243.6,20.1,46.1
28977,28093,Forest,96,67896,26364,425497,357601,-1292.8,193.9,284.2,19.2,38.9
28978,28662,Dairy,48,52363,52195,405471,353108,482.1,1624.5,147.8,32.8,83.5
28979,26948,Dairy,160,144815,0,1193632,1048817,1373.9,2476,16.5,20.4,62
28980,28519,Dairy,80,89956,19665,728234,638278,443.3,2424.5,190.9,42.9,206.7
28981,26884,Dairy,112,128003,127756,1147597,1019594,1109.5,1600.7,39.3,18.1,89.1
28982,28084,Forest,96,100130,44259,532705,432575,-113.7,1236.3,241.1,33.5,120.4
28983,26898,SNB,224,10294,10063,270331,260037,576.2,1505.3,780.8,56,433.6
28984,27711,Dairy,80,103900,103900,705866,601966,766.3,1261.2,70,21.5,141.5
28985,27158,Dairy,128,200607,100772,1012698,812091,154.6,3131.1,461.8,76,196.3
28986,26966,Dairy,64,96233,96018,590788,494555,652.1,1114.4,64.1,18.5,122.1
28987,27213,Dairy,112,106490,106093,913622,807132,1054.9,2829.4,77.5,45.3,253.1
28988,27584,Dairy,176,227794,227794,1388196,1160402,1660.5,4327.2,365.8,85.9,519.6
28989,27809,Forest,96,9488,0,260915,251427,327,475.7,312.1,24.3,152.1
28990,27853,SNB,176,-2489,-2489,284478,286967,456.8,1249.8,176.1,28.1,190.5
28991,28707,Dairy,80,142145,82745,785147,643002,755,1319.5,20.8,17.1,69.3
28992,28141,Forest,48,41582,41582,229333,187751,-693.3,95.4,144.6,9.8,19
28993,27316,Dairy,80,59722,0,573285,513563,92.9,1234.5,192.6,28.8,119.5
28994,27676,Dairy,160,293318,124126,1557938,1264620,1617.9,2709.6,159.4,47,330.4
28995,27373,Dairy,320,390264,390167,1938657,1548393,2406.3,11173,133.5,118.6,519.2
28996,27670,Dairy,160,189496,189258,1088755,899259,1281.9,4876.3,140.1,81.5,485.6
28997,27971,SNB,320,-60772,0,909540,970312,995,2030.2,325.9,55.7,406.8
28998,27014,Dairy,64,95162,95162,723089,627927,665.3,2299.4,77.7,42,257.5
28999,27441,Dairy,64,54231,29543,678717,624486,629.7,1103.4,19.2,14.4,56
29000,28031,Dairy,128,192090,131376,1139999,947909,1296.5,4742.1,153.8,86.1,520
29001,28120,Dairy,32,33593,33593,310860,277267,298.4,710.6,8.3,7.9,19.5
29002,27941,Dairy,64,113486,69577,628346,514860,651.8,2254.4,252.1,54,302.4
29003,27400,Dairy,112,194564,194564,1082627,888063,1093.3,3905.6,155.2,52.2,100.5
29004,28318,Dairy,32,44761,44707,328843,284082,347.8,723.3,28.3,10.1,42
29005,27512,Dairy,128,115902,13150,1047401,931499,581,3548.5,210.8,72.9,419.5
29006,27563,SNB,160,68708,68708,710182,641474,780.1,2193.9,1623.5,80.7,602.3
29007,27161,Dairy,80,81384,81352,716276,634892,734.6,1459.6,13.2,14.1,36.6
29008,28546,SNB,208,16316,16264,197578,181262,447.7,2004.7,597.2,49.2,368.9
29009,28089,Dairy,144,206459,206425,1397707,1191248,1382.9,5462.8,172.8,100.7,579.9
29010,28066,Forest,112,67185,48301,436434,369249,-1344.7,223.7,336.8,22.5,44.8
29011,28597,Dairy,128,161032,160967,978242,817210,1102.7,3385.3,38.3,35.2,142.6
29012,27287,SNB,80,23820,15976,228802,204982,295.1,900.2,1018.6,40.5,309.8
29013,28048,Dairy,80,105925,105796,636573,530648,738.6,2873.2,184.5,58.7,233.4
29014,27186,Dairy,80,179615,179561,874291,694676,919.8,2780.4,275.3,57.9,321.6
29015,28044,Dairy,192,246711,200940,1594600,1347889,1826.9,5750.6,406.2,105.5,511.4
29016,28611,Dairy,64,82876,82661,604794,521918,632.8,1099.5,65,18.5,135.6
29017,28127,Dairy,128,147294,147294,1102014,954720,1148.5,1994,38.3,30,118.3
29018,28097,Dairy,80,117179,117082,749863,632684,812.9,2767.6,193.4,50.7,113.3
29019,27942,SNB,128,3094,0,161993,158899,314.1,580.3,248.8,19.9,129.4
29020,27018,Forest,96,48233,43889,377036,328803,-1131.5,193.7,290.6,19.1,39.4
29021,28527,Forest,32,20993,13070,145906,124913,-479.6,64,96.4,6.7,12.9
29022,27175,Dairy,64,63530,43311,578636,515106,597.5,950.1,9.8,9.4,65.8
29023,27550,SNB,128,24593,8919,367658,343065,489.5,1368.2,510.2,51.7,476.8
29024,27094,Dairy,80,79580,79206,573454,493874,697.2,1271.4,34.2,14.1,65.1
29025,27764,Dairy,144,218535,165037,1390841,1172306,1461.6,4988.8,200.4,67.5,129
29026,26865,Dairy,128,139910,139910,1200569,1060659,1273.1,4764,152.4,83.1,261
29027,28274,SNB,80,53347,40286,363751,310404,445.3,1749.4,736.8,46,324.1
29028,28170,Dairy,96,178446,103948,965912,787466,993.4,3724.8,380.1,78.7,270.8
29029,26968,Dairy,96,102806,69153,798828,696022,920.8,1347.6,34.3,16.1,77.3
29030,27323,SNB,80,1594,1389,133836,132242,213.7,335.6,29.8,9,54.2
29031,28651,Dairy,80,113377,113377,720689,607312,813.3,3157.2,317.7,71,351.5
29032,28344,Forest,144,79250,79250,560991,481741,-1730.3,289.4,434.3,28.5,57.9
29033,27511,Dairy,96,85170,85170,904090,818920,881,3728.7,115.6,64.4,391.1
29034,28596,Forest,32,11115,11115,131585,120470,-452.7,64.3,96.4,6.3,13.8
29035,28595,Forest,128,83422,41429,557035,473613,-1786.5,255.5,385,25.9,51.5
29036,26925,Dairy,96,130216,129743,880047,749831,872.6,2028.1,19.9,19.5,48.1
29037,27157,Dairy,128,212426,212426,1178990,966564,1286.3,4612,457.1,99.4,532.6
29038,27939,Dairy,112,151641,124500,1156257,1004616,1171.4,3921.1,123.6,49.2,121.8
29039,27301,Dairy,64,93946,93946,594402,500456,705.5,2583.1,261.5,54.5,285.7
29040,28130,Forest,96,61969,61965,310402,248433,-681.5,480.2,560.7,27.4,145.1
29041,27246,Forest,128,103495,70477,592127,488632,-1785.2,255.7,380.3,25.6,50.9
29042,26906,SNB,208,16910,16491,207465,190555,523.7,2093.9,1258,58.2,367.3
29043,27224,Dairy,80,53423,11788,717740,664317,725.5,2729.1,33.7,29.3,128.9
29044,27575,Dairy,304,442997,243776,2185031,1742034,2143.4,9846.9,928.4,215.1,575
29045,27405,Forest,80,66545,41698,360019,293474,-1082.6,159.3,243.8,16,32.2
29046,27625,Forest,96,46941,32879,415388,368447,-1297.7,190.8,289.4,19.2,38.6
29047,27409,Forest,208,78125,61814,766977,688852,-2258.7,414.8,625.7,41.8,83.4
29048,27446,Dairy,128,155808,155567,1358943,1203135,1330.5,2218.2,128.3,37.6,243.8
29049,27212,Dairy,144,142179,89827,1298549,1156370,1379.3,2338,121.2,38.8,278.3
29050,27906,Dairy,64,49704,49691,489031,439327,231.8,1897.5,101.6,36.1,99.4
29051,28117,Forest,112,101623,0,583817,482194,-1258.6,814.5,312.2,29.8,111.7
29052,27848,Dairy,48,66300,66300,398309,332009,461.8,1127.2,85.1,20,92.8
29053,27996,Dairy,112,156331,156331,1077210,920879,1083,2791.3,214.2,50.3,204.7
29054,28182,Dairy,112,126512,126351,972771,846259,980.3,1744.9,11.6,13.5,54.2
29055,27945,Dairy,144,160182,159892,1096644,936462,1177.1,3531.5,151.4,46.7,174.9
29056,27785,Dairy,64,57421,57324,567339,509918,631,2216.7,89.4,28.4,114.9
29057,28135,Dairy,32,53975,53975,317250,263275,327.2,1245.6,133.3,26.2,146.7
29058,27278,Forest,96,66225,50432,444148,377923,-1435.4,192.4,282,19.2,37.9
29059,27360,Dairy,96,53424,53402,868181,814757,923.5,1710.9,75.1,23.4,113.3
29060,28562,Crop,96,91931,91931,413534,321603,-697.2,522,148,15.5,21.2
29061,27861,Dairy,96,132957,103290,967257,834300,898.8,2935,79.7,49,136.9
29062,26967,Dairy,256,241650,213427,1590114,1348464,2034.9,3888.4,100,43.4,223.6
29063,28501,Forest,96,60486,60486,398131,337645,-1229.6,190.8,281.7,19.6,40.1
29064,27428,Forest,176,148115,66430,1028098,879983,-1727.5,1483.2,469.4,50.6,123.8
29065,28199,SNB,240,607,0,230190,229583,495,1146.5,183.8,29,181.6
29066,27643,Forest,176,75325,60423,670522,595197,-2035.3,353.4,526.3,34.8,69.6
29067,27756,SNB,224,22928,22733,263280,240352,625.5,2267.7,1196.3,85.5,750.5
29068,28516,Dairy,112,102552,102358,710742,608190,937.1,1662,11.8,13.8,41.5
29069,27862,Dairy,96,93353,93344,671199,577846,53.6,2166.7,202.2,42.3,222.4
29070,27791,SNB,176,-20194,-20194,456458,476652,477.7,734.3,60.7,19.9,115.1
29071,28505,SNB,144,26445,26445,222495,196050,440,1665.9,2154.9,73.2,560.5
29072,26903,Dairy,208,214789,120704,1754426,1539637,1867.6,6977.2,87.4,78.8,344.2
29073,28007,Forest,112,54721,0,502574,447853,-1609.7,222.8,339,22.2,45.5
29074,26971,SNB,144,-20546,-20546,334382,354928,400.7,626.8,63.7,16.1,94.3
29075,28394,Dairy,112,138619,77277,978953,840334,1121.9,1907.4,109.6,32.1,113.1
29076,27663,Dairy,48,50747,50747,400048,349301,436.8,1720.8,66.9,22.6,93.8
29077,27838,Dairy,32,58198,58198,283401,225203,335.3,1205,127.5,26.3,143.3
29078,27170,Dairy,96,115812,115812,1021478,905666,999.7,1987.5,43.4,29.1,206.7
29079,27770,Crop,64,100902,100902,272690,171788,68.8,648,16.2,13.1,6
29080,27826,Forest,160,105209,48491,701219,596010,-2162.1,317,480.6,32.5,63
29081,26997,Dairy,144,160700,87170,1292785,1132085,1194.3,4606.2,557.5,108.1,289.9
29082,28162,Forest,32,31761,21087,142021,110260,-476.6,64.3,98.6,6.4,12.7
29083,27807,SNB,112,21623,0,484576,462953,591.5,913,311.2,27.1,200
29084,27392,Dairy,48,64191,64191,414851,350660,425.9,1888.9,57.5,32.2,200.9
29085,28340,SNB,80,618,521,142248,141630,233.2,725.2,341.2,19.7,126.8
29086,27983,SNB,112,20850,5499,313020,292170,410.4,1250.9,1482.7,56.2,424.8
29087,27546,Dairy,160,182000,141403,990995,808995,1268.8,5420.6,220.2,73,144.6
29088,27166,Dairy,160,161764,4344,1474870,1313106,1477.6,5169.9,66.7,58.2,133.1
29089,27932,Dairy,64,71146,71146,394614,323468,524.5,2396,250.1,51.7,290.9
29090,28371,Dairy,64,97948,97862,470194,372246,573.8,2398.8,120.9,46.2,209.3
29091,28184,Dairy,48,52086,52021,416501,364415,467.8,1580.3,66.4,22.1,79.2
29092,27183,SNB,272,71674,71618,992796,921122,698.5,2838,970.3,104.9,954.7
29093,28679,Dairy,48,74780,57068,493428,418648,491.6,1744.4,57.6,31.6,98.3
29094,27559,Dairy,448,527379,527320,3086918,2559539,3816,15435.1,580,206.3,780.8
29095,28695,Dairy,64,57597,37693,406077,348480,171.5,1123.9,124.2,20.7,102.1
29096,28557,SNB,64,3865,3736,62640,58775,157.8,587.2,381.4,17.5,116.2
29097,27909,Forest,80,23876,5686,328084,304208,-498.8,258.7,236.9,17.3,65.8
29098,27040,Forest,160,130097,130065,757385,627288,-1913.2,888.3,440.1,34.3,80.6
29099,27633,Dairy,112,119254,119254,858486,739232,1013.2,4150.7,177.7,76.2,230
29100,27768,Forest,144,107749,107749,657484,549735,-2088.4,287.7,427.4,28.8,56.7
29101,27658,Dairy,112,117040,116423,785953,668913,1028.5,1856.9,112.4,32.9,225.3
29102,27555,Dairy,48,59148,59148,365472,306324,127.2,1308.7,173.4,29.7,159.6
29103,27963,Crop,112,146526,89118,444649,298123,113.8,951.9,9.9,13.4,3.9
29104,28675,Dairy,32,48045,48045,312140,264095,332.9,1043,44.7,14.8,59.9
29105,28713,Forest,32,37182,37182,159337,122155,-472,63.2,90,6.3,13
29106,28032,SNB,48,-1118,0,55181,56299,106.6,189.9,20,5.4,32.3
29107,27824,Forest,64,31262,31262,248633,217371,-741.5,129.1,192.4,12.7,26
29108,27729,Dairy,192,294275,167506,1774407,1480132,1879.9,3081.1,176.8,53.5,196.1
29109,28079,Dairy,48,67975,29607,406904,338929,89.1,912.8,72,17.4,99.6
29110,27771,Dairy,80,128094,127909,594677,466583,623.4,2625.8,256.9,58.3,177.8
29111,27874,Dairy,64,76916,17936,514727,437811,572.2,1853.2,391.1,47,280.3
29112,27926,Dairy,144,125693,125548,1014892,889199,1227.2,2435.3,64.5,34.7,165.6
29113,28524,Dairy,64,48147,0,532052,483905,630.7,1054.9,64.7,18.7,130
29114,27596,Dairy,80,100286,21500,710255,609969,784,1973,144.8,34.4,162.7
29115,27334,Forest,240,121475,57898,920090,798615,-2874.3,478.7,718.6,48.1,96
29116,27599,Dairy,80,124187,82754,689942,565755,782.6,3145.3,318.1,67.1,186.6
29117,27925,Forest,112,66717,66717,477729,411012,-1452.8,223.2,342.8,22.5,43.7
29118,27005,Crop,160,162654,47722,1641400,1478746,1566.9,2455.5,56,26.2,129.8
29119,28367,SNB,64,7220,0,147911,140691,215.3,301.1,217.2,15.8,106
29120,27347,Dairy,128,186448,111359,1223692,1037244,1275.8,4579.2,506.4,107.4,278.8
29121,26896,Dairy,288,274837,274622,1472619,1197782,-198.3,4185.7,526.1,76.1,227.6
29122,27737,Dairy,32,46019,45901,276517,230498,279.6,525.6,3.4,4.1,12.5
29123,28368,Dairy,80,105198,105068,781572,676374,788.9,3029.4,95.9,56.5,164.2
29124,27644,Forest,160,79814,79814,606551,526737,-1760.2,321.3,479.8,32,63.5
29125,27193,Dairy,208,301198,250813,1372314,1071116,1904.2,7440.1,918.2,158.9,840
29126,28304,Crop,64,88586,88304,283617,195031,74.8,772.6,20.4,11.7,5
29127,27607,Dairy,208,263199,263199,1888139,1624940,1898.9,3239.5,47,40.6,281.2
29128,28521,Dairy,128,91208,91208,1119052,1027844,1215,1862.1,13.2,16.9,47.1
29129,27244,SNB,208,29618,14482,285561,255943,316.8,2155.1,2767.8,94,750.3
29130,27532,Dairy,80,93197,58177,565700,472503,722.5,1193.2,8.4,10.1,60.4
29131,27201,Dairy,160,195874,195874,1315012,1119138,434.3,2363.3,162.6,31.5,103.9
29132,27075,SNB,256,65911,65911,521824,455913,-625.7,1096.4,1145.5,65.4,343.9
29133,27788,SNB,208,-3028,0,252121,255149,479.5,900,101.5,23.4,134.1
29134,28146,Dairy,48,88742,58573,468975,380233,472.9,837.5,48.5,13.7,90.5
29135,27857,Crop,64,72076,34253,251910,179834,69.5,995.7,18.3,13.8,4.7
29136,26929,Forest,160,51600,51382,531881,480281,-1428.1,572.7,435.9,32.6,103.1
29137,28002,Crop,112,144918,144792,476605,331687,122.9,1912.5,35.9,24.2,8.3
29138,27913,Dairy,48,42706,42674,391010,348304,399.9,758.1,8,8,49.4
29139,27601,Dairy,128,94343,93913,1145772,1051429,1165.6,1954.9,13.2,16,47.7
29140,27778,Dairy,48,40073,40073,371008,330935,66.1,577.7,81.8,12.4,68.4
29141,28661,Forest,48,44804,44804,226220,181416,-676.7,95.7,142.1,9.5,18.7
29142,27653,Forest,208,116149,116149,821722,705573,-2341,416.6,627.7,41.4,83.8
29143,27747,Dairy,176,186324,61216,1474437,1288113,1478.8,2602.2,18.1,21.8,66.4
29144,28459,Forest,80,65831,65831,398518,332687,-400.2,595.8,142.3,13.5,43.1
29145,26990,Forest,80,34841,8770,334998,300157,-1072.2,160.1,235,16.1,32.2
29146,27680,Dairy,64,88716,88716,471193,382477,510,1915.6,22,19.7,81.4
29147,27100,Dairy,80,81233,80502,727821,646588,741.2,1202.8,8.4,9.4,29.3
29148,27297,Forest,144,132592,46747,789437,656845,-551.1,1186,259.9,31.3,89
29149,27957,Dairy,80,102897,102897,646041,543144,371.8,2442.5,306,59.9,294.7
29150,28061,Dairy,32,51278,42799,302280,251002,358.4,1247.4,128.1,25.8,70.8
29151,27143,Dairy,208,222786,21432,1860598,1637812,1700.1,3297.9,240.8,58.4,419.1
29152,27638,Dairy,64,77837,50327,431883,354046,497.5,1183.2,11.6,12,35.5
29153,28655,Dairy,64,49615,7239,340877,291262,-218.3,975.5,177.9,25,112
29154,27295,Dairy,240,233097,113971,1470769,1237672,1871.7,3603.4,83.8,37.8,191.1
29155,28570,SNB,112,9770,9770,109405,99635,254.5,1116.2,197.2,24.8,179.8
29156,28267,Forest,48,27157,27157,219192,192035,-695.7,96.1,143.2,9.7,19
29157,27361,Dairy,192,238651,238393,1629346,1390695,1866.1,6277.1,398.4,105.3,359.1
29158,27812,Forest,112,75837,75837,517014,441177,-1600.8,222.7,337.2,22.2,46.4
29159,28457,Forest,64,7075,1363,64533,57458,166,679.4,321.5,25.8,238.8
29160,28364,Dairy,64,70919,70919,592263,521344,538.4,975.6,6.6,8,45.4
29161,28405,Dairy,80,92103,59432,504005,411902,601.9,2922.3,83.4,49.3,277.7
29162,28023,Dairy,80,86400,86400,833231,746831,820.1,2662.6,267.6,57.4,330
29163,27390,SNB,800,-46971,0,2078564,2125535,2456.3,5035.4,944,143,1062.1
29164,28645,Dairy,96,103863,57796,796463,692600,876,1780,78.2,27.2,112.7
29165,27858,Forest,48,43441,21276,229500,186059,-738.8,96,141.2,9.6,19
29166,27915,Dairy,48,59626,18008,479586,419960,478.1,1719.8,33,23.5,122.6
29167,27580,Dairy,160,152507,152507,1339043,1186536,1380,2400.2,16.6,20.3,59.2
29168,27597,SNB,208,20890,20890,303118,282228,576.8,1347.5,1207,56.5,405.6
29169,27147,SNB,176,41190,19940,288948,247758,-75.4,1364.6,878.4,44,259.4
29170,28699,Forest,48,46317,46317,332128,285811,-277.4,657.5,117.9,18,45.6
29171,28054,Forest,64,52158,35209,276778,224620,-797.2,128.1,195.5,12.7,25.3
29172,27433,Dairy,96,144491,70837,941824,797333,1038.8,3769.7,378.5,81.2,212.5
29173,27784,Dairy,64,83124,83124,603781,520657,666,2442.2,255.5,53.2,183.3
29174,27792,SNB,64,-3488,0,101265,104753,188.7,563,130.2,15.3,120.6
29175,27245,Dairy,160,193108,193065,1396798,1203690,1394.8,4804.8,495.8,89.8,263.3
29176,28565,Dairy,64,97339,34323,640682,543343,624.8,1989.7,195.5,44.3,245.8
29177,27852,Forest,144,143223,143223,689806,546583,-2014.4,287.7,435.5,29.2,57.5
29178,27865,Dairy,32,41236,24292,223556,182320,252.6,1169.1,86.1,20.8,46.9
29179,26954,Forest,32,27119,15727,134319,107200,-383.8,63.8,94,6.5,12.9
29180,27078,SNB,176,23913,7826,302638,278725,507.1,1020,207.8,32.7,238.7
29181,28232,Dairy,96,100397,18753,889276,788879,895.7,1646.3,40.2,23.7,175.8
29182,27023,SNB,144,11096,5278,239276,228180,452.5,1420.7,715.2,40.1,260.5
29183,28095,Dairy,80,99775,12604,823779,724004,879.4,1923.1,143.2,33.8,184.7
29184,28566,Crop,32,50037,38221,151213,101176,37,632.6,30.7,13.4,6.4
29185,28143,Dairy,80,102936,102936,547069,444133,698.9,2563.8,111.3,37.4,131.6
29186,26867,Dairy,96,97480,97394,927614,830134,899.6,1391.7,9.9,12.2,35.8
29187,27228,Forest,176,101108,0,780618,679510,-2620.3,351.1,534.5,34.5,72.3
29188,27084,Dairy,128,164157,164028,1156938,992781,1131.1,1923.2,13.4,15.5,47.5
29189,27048,Forest,160,163440,60827,1159171,995731,-696.3,2498.6,403.9,64,223
29190,27783,Dairy,160,166794,69045,1005069,838275,709.9,4801.7,612.2,115.6,521.3
29191,27914,Dairy,64,80811,80639,625401,544590,617.3,2289,76.4,44,130
29192,28092,Dairy,48,58076,30430,449944,391868,453.8,787.2,11.3,9.5,70.1
29193,27375,SNB,128,189530,130070,1247137,1057607,1364.1,4989.7,511.5,107,573.6
29194,27093,Dairy,144,133594,94540,856350,722756,222.6,3864.8,523.4,93.8,445.8
29195,27758,Dairy,96,121219,42282,1002703,881484,926.1,1504.6,10.2,12.1,69.4
29196,27632,SNB,112,10482,10482,196570,186088,356.9,1130.2,558.3,30.5,202.6
29197,27894,Forest,64,34064,15958,232543,198479,314.8,1231.2,143,24.1,150
29198,27930,Forest,32,21783,21783,138494,116711,-405.1,64.3,97.5,6.6,12.3
29199,27121,SNB,128,-27622,-27622,400370,427992,401.5,531.2,42.7,14.3,84.2
29200,27870,Dairy,112,85864,85864,780027,694163,948.8,2799.2,63,40.2,238.6
29201,28628,Forest,96,72140,72140,474965,402825,-595,711.3,203.4,20.4,82.7
29202,26980,Dairy,160,138576,0,983027,844451,1194.8,2386.1,16.8,20.2,82
29203,27336,Dairy,48,38251,21224,266931,228680,83.2,822.3,54,11,38.9
29204,27761,SNB,64,9902,0,113575,103673,185,312.4,228.7,15.6,97.8
29205,28569,Forest,48,52288,29411,292664,240376,-302.4,684.9,165.2,21,83
29206,27452,Dairy,80,55197,36809,624473,569276,732.3,1319.4,21,16,64.6
29207,28099,Forest,272,204840,204840,1140534,935694,-3408.6,541.9,812.2,53.9,110
29208,27077,Dairy,176,139163,38145,1809847,1670684,1803.5,2692.2,60.9,27.7,82.5
29209,27570,Dairy,48,58900,58900,438292,379392,421.2,1645.8,19.9,17.5,37
29210,27095,Forest,176,56550,56528,504146,447596,-1184.6,537.3,316.3,28.1,91.4
29211,27530,Dairy,80,113721,73782,642386,528665,456.2,2542.5,299.8,56.8,307.6
29212,27215,SNB,80,11111,0,190642,179531,285.8,577,88.4,15.9,117.6
29213,27339,Dairy,80,79506,35817,611666,532160,725.6,1242.6,17.8,15.3,114.1
29214,27192,SNB,32,4657,4657,97282,92625,-185.5,112,103.1,7.1,36.1
29215,27497,Dairy,96,138194,63722,956318,818124,983.7,2882,287,60.6,175.2
29216,28271,Dairy,160,172026,171474,1047080,875054,1264.4,2387.2,16.8,20.3,115
29217,27064,SNB,208,2601,0,243504,240903,460.8,919.5,88.1,22.8,138.1
29218,27274,SNB,352,86685,86685,621736,535051,-332.5,3095.5,3969.8,131.7,951.7
29219,27255,Dairy,192,220765,87313,1719092,1498327,1782.2,3195,56.7,44.1,173.3
29220,27279,Dairy,144,158200,158200,875476,717276,1156.9,5223.3,173.5,94.2,578.9
29221,28376,Dairy,112,115747,115747,1020910,905163,1047.8,1753.7,11.8,14.3,80.3
29222,28475,Forest,96,74582,19133,525661,451079,-439.4,1193.3,262.4,32.9,109.1
29223,27976,Dairy,112,101776,38962,828666,726890,881.9,3114,541.5,54.5,203.7
29224,28292,Forest,32,34413,24610,147836,113423,-414.8,63.8,97.4,6.4,12.8
29225,28671,Dairy,32,49687,49579,304614,254927,290.3,504.6,11.1,5.2,13.4
29226,27397,Dairy,240,292281,291582,2209818,1917537,2375.3,3953.4,211.4,66.7,423.8
29227,28280,Dairy,96,108131,60807,942770,834639,894.7,1466.5,13.2,13.7,90.6
29228,28657,Forest,64,53115,33678,360342,307227,-561,676.9,167.4,16.6,48.9
29229,27387,Dairy,32,46299,46299,204888,158589,257.3,1108.6,44.4,15.2,58.9
29230,27875,Dairy,176,190078,190078,1437275,1247197,1682.9,6656.4,697.9,149.1,677.3
29231,28724,Dairy,48,60093,60028,422456,362363,89.8,500,61.6,8.2,31.1
29232,27553,SNB,128,-4717,0,341381,346098,427.5,612.2,418.4,31.9,205.3
29233,28195,Dairy,128,125694,37611,1142186,1016492,880.7,2291.9,100,27.6,94.6
29234,28673,Forest,48,29883,29883,214368,184485,-669.7,94.8,135.3,9.4,20
29235,28351,Dairy,80,83858,83740,706456,622598,781,1374.4,23.7,18.8,96.2
29236,27474,Forest,80,61485,27103,417037,355552,-744.3,745.7,256.8,27.7,61.2
29237,28683,Dairy,32,45498,14846,288483,242985,316.3,1219.8,129.3,27.2,143.7
29238,27381,Dairy,160,193096,193038,1494326,1301230,1502.6,4758,185.4,63.8,252.7
29239,27486,Dairy,80,55723,55562,810538,754815,735,1204.5,8.4,10.2,27.8
29240,27184,Dairy,32,34627,34532,239760,205133,286.9,483.7,6.5,5.7,32.6
29241,27920,SNB,128,27964,27964,221836,193872,-401.8,435.8,276.3,20.7,75.8
29242,27160,Forest,48,13071,13071,182667,169596,-554.9,96.3,145.2,9.6,18.7
29243,28307,Dairy,96,63447,62787,783258,719811,850.9,1542.2,10,12.7,34.8
29244,26998,Dairy,32,45635,45592,192762,147127,232.7,901.4,67.9,15.3,42.3
29245,27207,Dairy,208,194692,194493,1626043,1431351,1886.2,3993,225.8,62.4,325.8
29246,28431,Dairy,64,72325,36249,477938,405613,590.3,2401.9,253.5,56,219.4
29247,28328,Dairy,80,85507,84941,481808,396301,288,1102.3,63.6,15.6,54.7
29248,27854,Dairy,112,147092,146714,1156013,1008921,1123.2,1911,33.5,25.6,200.6
29249,26888,Dairy,112,132784,83438,990633,857849,1047.9,2024.3,80.1,28.9,174.4
29250,28284,SNB,32,-13192,-13192,76856,90048,90.9,135.3,10.2,3.5,20.4
29251,27721,Dairy,192,253101,253067,1348868,1095767,1459.1,6498.7,225.7,106,600.2
29252,27370,Dairy,224,319049,319049,2168578,1849529,2310.8,8610.3,898,194,1000.4
29253,28233,Dairy,80,77188,54149,680920,603732,771.7,3024,96,55.1,315.2
29254,27675,Dairy,80,93532,93274,763874,670342,840.6,2136.8,78.4,28.1,101.9
29255,27394,Forest,320,124114,73492,1123218,999104,-3318.4,799.2,1202.9,68.2,183.8
29256,28109,Forest,96,97304,53592,509332,412028,-576.5,646,225.3,22,58
29257,27206,Dairy,112,149941,96345,892311,742370,966.6,2470.9,139.2,37.9,139.7
29258,27180,SNB,48,8529,0,101720,93191,-132.5,198.3,189.1,10.9,59.1
29259,27698,SNB,48,-7961,-7961,121374,129335,135.4,212.3,16.4,5.2,32.6
29260,27135,Dairy,208,201766,200684,1889309,1687543,1993.3,3106.1,72.4,33.7,83.4
29261,27581,Dairy,64,66753,66753,390142,323389,474.6,966.4,6.7,8.1,23.1
29262,26901,Dairy,128,209194,173998,1172943,963749,830.7,3680.5,95.9,46.2,190.3
29263,27403,Dairy,192,139986,139663,1249301,1109315,-58.3,1951.8,269.4,40.4,221
29264,28718,Forest,32,32535,22789,149397,116862,-457.3,64.6,98.3,6.3,12
29265,27290,Dairy,144,189934,189908,931545,741611,1040.8,4748.4,124.9,75.5,230.5
29266,27291,Forest,128,105618,105618,758627,653009,-1045.9,1337.5,323.9,40.4,155.4
29267,27979,SNB,64,9063,8966,140320,131257,-21.9,511.9,311.9,16,91.5
29268,27240,Forest,112,97698,0,591875,494177,-1188.4,825.1,316.4,25.6,66.4
29269,27901,Forest,96,62326,51757,440473,378147,-1379.5,193,295.8,19.3,38.8
29270,27123,Forest,144,74224,51450,535885,461661,-1606.6,288.2,429.6,29.1,57
29271,27025,Dairy,96,86678,86420,895185,808507,924.3,3231.4,134.5,45.1,87.2
29272,27881,Dairy,96,118101,118101,922163,804062,907.8,3312.4,64.7,43.7,231.7
29273,26969,Dairy,96,84967,84967,814271,729304,773.2,1434,10,12.2,33.8
29274,27646,SNB,128,10856,4807,128299,117443,315.9,1411.3,668.5,52.5,451.5
29275,27602,SNB,96,11398,11398,98645,87247,265.1,1066.1,1553.4,47.8,397.2
29276,28238,Dairy,48,61981,14887,472904,410923,467.2,1718.6,67.9,22.8,88.3
29277,28409,Dairy,64,91055,50965,616096,525041,643.4,2379.1,255.1,54.5,296.3
29278,28313,Dairy,64,63797,63797,542191,478394,629.2,2194.9,89.9,28.3,58.6
29279,28535,SNB,48,825,605,67070,66245,121,222.4,32.9,7.2,41.2
29280,28590,Dairy,32,26079,26079,264398,238319,300.6,1034.2,46.1,14.3,58.4
29281,28317,Dairy,112,121161,121161,834614,713453,597.4,2714.7,147.5,39.2,146.1
29282,28696,SNB,48,3011,2914,46257,43246,115.6,460.7,289.5,13.3,86.6
29283,27968,Dairy,128,110314,110314,608834,498520,-365.6,2539.6,453.9,67.4,313.6
29284,28412,Dairy,48,46191,46191,329751,283560,406,1577.4,67.2,23.3,87.4
29285,28395,Dairy,96,104795,104569,495778,390983,669.2,1456.9,10,12.3,68.3
29286,28338,Forest,48,47786,6773,227351,179565,-708.3,96.1,145.3,9.6,19.4
29287,27050,SNB,208,16798,14065,350186,333388,608.8,1536.6,1154.7,55.2,362.1
29288,27060,Dairy,112,77877,5613,1015611,937734,1034.3,1641.1,11.8,14.3,84.9
29289,28639,SNB,48,-1107,-1107,97104,98211,151.8,390.5,142.6,15.6,114.8
29290,27256,SNB,208,22263,15336,235801,213538,548.3,1920.5,2724.2,86.2,678.4
29291,26923,SNB,192,3874,3259,222513,218639,475.8,949,574.5,33.5,221.6
29292,28480,Dairy,80,85749,85592,643071,557322,315.9,2226,70.3,26.7,109.1
29293,27062,SNB,144,-6223,-6223,233897,240120,375.3,647,56.2,15.3,90.9
29294,28228,Dairy,112,127436,127114,813247,685811,-39,1434,180.4,24.5,69.6
29295,28449,Dairy,64,70528,27836,396461,325933,517.1,2485.4,257.5,56.6,284
29296,27456,Forest,80,56576,56576,352939,296363,-1059.5,161,237.4,16.3,31.5
29297,27567,SNB,160,6994,6933,267622,260628,469.5,866.9,581.5,39.7,267.3
29298,27577,Dairy,80,112453,58605,799369,686916,851.3,3085.9,319.9,67.2,373.5
29299,27576,Dairy,64,57383,57366,592036,534653,649.9,2347.6,77.7,43.4,129.2
29300,26988,Forest,208,132582,75044,940902,808320,-2908.3,415.8,624.8,41.4,83.8
29301,27098,Dairy,192,188024,187777,1131006,942982,56.5,1813.1,285.2,34,111.2
29302,26960,SNB,368,3528,0,473003,469475,883.1,1610.4,409.1,48.2,269.6
29303,27395,Dairy,96,167622,167547,1025813,858191,930.3,2905.7,34.6,32,70.3
29304,27483,Dairy,208,296308,296308,1913271,1616963,2116.1,7979.8,817.5,175.3,672
29305,27216,Dairy,128,170057,170053,881415,711358,1099.9,4123.7,400.2,87.5,454
29306,26873,SNB,656,148676,112789,1309340,1160664,-1606.7,4507.3,3267.1,162.5,843.2
29307,27517,Dairy,64,60046,60046,433505,373459,560.3,1064.3,52.6,16,109.3
29308,28103,Dairy,128,163743,29491,1218165,1054422,1414.7,4946.3,509.4,106,575.7
29309,26991,Dairy,80,128012,68787,700101,572089,789.2,1356.1,79,23.2,160.5
29310,28074,SNB,32,6082,0,89807,83725,-133.2,197.2,112.1,9.5,61.8
29311,27960,SNB,208,29770,29736,266660,236890,564.8,2317.6,1019.2,85.2,739.9
29312,28502,Dairy,80,116753,54904,740759,624006,811.4,2937.5,275.2,61.3,373.3
29313,27414,Dairy,80,103418,103396,739127,635709,828.9,2943.7,96.7,54.6,331.7
29314,28694,Forest,48,29883,29883,208348,178465,-659.5,95.8,144,9.6,18.9
29315,26982,Forest,80,109545,48869,327395,217850,85,1425.1,28,19.7,6.2
29316,28540,Dairy,48,59356,59356,460985,401629,511.2,1833.3,192.3,40.3,215.7
29317,27635,SNB,128,42064,0,368882,326818,523.1,930.8,43.9,17.5,122.7
29318,28327,Dairy,128,153421,153421,1008695,855274,566.3,2703.4,126.8,33.2,77.1
29319,28329,SNB,144,-625,-625,161084,161709,333.6,709.7,137.8,20.7,145.4
29320,28273,Dairy,32,30306,5538,206895,176589,276.7,1062.2,13.3,11.4,42.5
29321,27356,Dairy,80,90216,90055,481255,391039,657.2,2749.9,111.1,37.6,73.7
29322,27972,Forest,96,65743,65743,419654,353911,-1318.8,193,293.4,19.2,37.9
29323,28029,Forest,96,58132,58132,383109,324977,-1113.9,191.8,288.5,19,39.1
29324,27849,Dairy,80,107181,107159,694269,587088,775.2,3191.8,94.7,52.3,163.6
29325,27491,Dairy,96,128403,128080,832555,704152,849.3,1430.8,10.1,11.6,69.9
29326,28517,Forest,80,70265,70265,561561,491296,-366,1390.8,270.9,35,94.5
29327,27027,Dairy,96,146594,90047,847223,700629,568.8,2721.5,161.2,39,151.5
29328,28259,Dairy,96,76152,76152,675464,599312,780.4,1350.4,10.1,12.1,51
29329,27835,Dairy,128,98474,0,1179369,1080895,1194.7,4208.6,128.9,54.8,111
29330,28060,SNB,64,7868,7576,102532,94664,188.4,520.9,244.4,15,93.8
29331,26957,Forest,96,95801,95801,552454,456653,-972,751.7,257.5,23.5,59.4
29332,28050,Crop,80,102570,102570,344536,241966,92.2,1422.2,28.5,18.5,6.3
29333,27759,Dairy,80,96935,96931,683675,586740,845.8,2831.2,259.7,56.7,314.7
29334,27465,Dairy,144,198832,198333,1349848,1151016,1396.9,2264.8,81.6,28.9,133.1
29335,28588,Dairy,64,82639,82622,541036,458397,620.7,2425.5,76.7,43.4,125.9
29336,28567,Dairy,112,145356,92360,863509,718153,969.5,2869.1,107,38.9,131.6
29337,27322,Crop,32,54919,32312,149017,94098,36,621.8,33.6,12.4,6.4
29338,28720,Dairy,32,28222,0,286161,257939,292.1,476,3.3,3.9,22.8
29339,27340,Dairy,176,187395,186995,1285560,1098165,1493.3,6502.8,175.2,104.5,495.1
29340,27652,Dairy,144,157071,6287,1356525,1199454,1420.8,2785.6,100.7,42,189.2
29341,28037,Dairy,80,135643,135589,883837,748194,804.4,2096,75.4,27.8,105.5
29342,28159,Forest,64,56623,37306,297055,240432,-868.7,127.6,187.1,12.9,25.3
29343,28217,SNB,80,3111,0,100214,97103,196,335.6,61.1,9.6,54.4
29344,27561,Dairy,64,48767,48335,623359,574592,596.1,949,6.8,7.9,23.4
29345,27504,Dairy,64,47817,47785,550500,502683,573.9,999.6,24.7,11.2,39
29346,27964,Forest,48,35784,25414,218454,182670,-697.5,95.7,146,9.8,19.5
29347,28278,Dairy,128,170388,170388,1139166,968778,1284.1,4878.3,511.9,110.8,577
29348,26886,Dairy,96,155438,155266,802926,647488,933.1,1603.3,95.9,27.4,100.9
29349,28331,Dairy,96,91081,0,887989,796908,904.4,3223.4,135.8,45.4,169.2
29350,27442,Forest,80,54946,1427,354702,299756,-1158.4,160.2,243.1,16,31.5
29351,27466,Dairy,288,288376,287539,2321549,2033173,1853.3,6070.4,229.7,87.3,358.1
29352,27070,Dairy,192,182822,98580,1126864,944042,1257.4,3246.1,201.5,55.3,289.3
29353,27330,Forest,80,45194,19819,346794,301600,-1077.3,161.6,237.9,16.1,32.9
29354,27176,Forest,192,143049,0,886673,743624,-2710.7,383.6,572.4,38.4,75.6
29355,28200,Dairy,64,90420,90420,613735,523315,624.3,2444.7,76.4,42.9,259.1
29356,28076,SNB,240,-835,0,213244,214079,478.4,1065.8,110.1,26.5,159.7
29357,27799,Dairy,128,140092,21457,1256609,1116517,1271.5,3374.5,229.4,64.9,244.8
29358,27905,Dairy,128,90094,4993,725829,635735,-16.5,1285.1,165.9,21.1,55.3
29359,28164,SNB,80,25443,25389,246090,220647,-10.9,604.8,290.4,18.3,105.9
29360,28520,Dairy,64,89441,30858,569392,479951,574.5,2320.8,90.4,28.5,83.8
29361,28418,Forest,112,44829,44829,432223,387394,-1268.1,225.4,337.6,22.6,45.2
29362,27440,SNB,96,1845,1818,86773,84928,186.1,410.5,43.6,11.1,62.4
29363,27116,Dairy,288,367540,132057,1821838,1454298,2303.2,10881.9,345.6,195.3,1151.9
29364,27588,Dairy,48,61182,14223,417689,356507,510.6,1816.6,191.8,40.7,221.3
29365,28389,Dairy,48,42497,42078,366901,324404,118.7,521.4,54.2,7.1,29.6
29366,28400,Dairy,64,100513,100234,641143,540630,660.1,2177.4,204.7,44.7,129.8
29367,27884,Forest,144,131961,131961,951434,819473,-886.8,1865.8,355.5,42.6,126.6
29368,27700,Dairy,160,239701,82627,1671257,1431556,1614.7,5851,580.3,123,642.4
29369,27612,Dairy,112,105918,47250,947995,842077,330.9,1430.2,143.3,25.8,165.6
29370,27568,Forest,48,12801,0,385801,373000,438.2,774.7,14.3,10.9,89.8
29371,28100,Dairy,80,110199,110179,712089,601890,745.7,3085.3,96.7,54.1,315.5
29372,28563,Dairy,96,78881,28287,817478,738597,868.8,1768.3,15,16.7,83.2
29373,28287,Dairy,80,126036,41463,818429,692393,770.7,1196.1,27.5,12.7,65.9
29374,27320,Forest,64,45944,45944,292373,246429,-970.8,128.5,191.6,12.5,24.8
29375,28386,Dairy,32,75614,75614,374486,298872,343.2,1173,126.9,27,137.1
29376,27028,Dairy,64,47773,14121,540729,492956,595.3,1010.8,19,14.6,76.5
29377,27352,Dairy,64,109652,109652,595005,485353,694.7,1071.9,64.6,18.6,63.1
29378,27850,Dairy,48,74750,74718,387067,312317,377.9,740.6,5,6.2,17.2
29379,27595,Forest,128,84923,52592,550784,465861,-666.1,1295.7,272.8,31.6,110.1
29380,27538,Dairy,64,73761,73752,492748,418987,-78.6,1281.1,134.5,27.1,140.9
29381,27992,Dairy,64,99009,99009,612795,513786,619.8,2062.8,26.8,24.1,52.5
29382,26910,Forest,496,246401,111917,1918184,1671783,-5785.3,990.1,1490,99.1,196.1
29383,26962,SNB,80,13847,2404,159230,145383,-38,700.1,724.2,30.9,241.3
29384,27416,Dairy,80,71940,71940,700083,628143,806.5,1665.2,126.9,32.4,200.3
29385,27146,SNB,224,7034,7034,248331,241297,547.7,2198.8,386.3,49.3,356.6
29386,27763,Dairy,80,79135,9271,701334,622199,773.2,1284.6,27.8,12.5,63
29387,27589,Dairy,48,59936,59936,433962,374026,447.5,1738.5,186.1,38.9,111.9
29388,27690,Dairy,80,72151,33302,772535,700384,748.7,1260.5,14.3,12.7,77
29389,27727,SNB,128,18044,5253,188404,170360,355.9,1348.4,581.5,49.1,437.5
29390,27613,Forest,128,102992,102992,575507,472515,-1705,254.8,384,25.6,52.2
29391,28709,Dairy,32,47613,47570,247843,200230,290.8,551,9.5,7.8,45.6
29392,28180,Dairy,64,123129,122957,633010,509881,612.8,2466.9,74.8,42,126.5
29393,27818,SNB,96,4304,4304,92669,88365,247.5,479,396.7,24.3,157.2
29394,28659,Dairy,48,50656,21843,474553,423897,461.2,1115.9,22.7,14.1,68.3
29395,28633,Forest,32,26456,5877,152761,126305,-483.2,64.3,98.4,6.3,13
29396,27720,Dairy,160,190786,190034,1563298,1372512,1529.5,2611.8,47.5,37.3,236.9
29397,27994,Dairy,64,114585,114585,595299,480714,636.5,2136.5,198,46.3,242.4
29398,27001,Dairy,192,232025,93030,1438564,1206539,1687.4,3534,118.2,54.5,331.4
29399,28599,Forest,80,60553,42633,356890,296337,-1050.7,160.3,238.1,15.8,31.7
29400,27760,Forest,32,21697,12957,139747,118050,-418.6,64.5,97.9,6.3,13
29401,27002,Crop,32,45004,7713,137262,92258,32.7,285.2,2.7,4,1.2
29402,27977,Dairy,80,92262,92262,512363,420101,349.5,2382.7,304.2,58.7,280.3
29403,27539,Dairy,128,131776,131776,1388763,1256987,1398.8,4484,181,59.9,234.8
29404,28207,SNB,176,11174,2295,261246,250072,-109.5,710.1,161.1,22.5,106.7
29405,27744,Dairy,96,64635,64622,393228,328593,563.6,2408.3,726.7,57.6,370.6
29406,26885,Dairy,144,187020,186859,1514892,1327872,1466.1,4212.4,119.9,68.9,222.3
29407,27800,Dairy,128,167868,167158,1133749,965881,1274.8,2045.7,126,37.5,273.5
29408,27813,SNB,128,21896,0,233095,211199,446.7,1391.2,1794.3,63,502.7
29409,27299,Dairy,112,123658,123464,923987,800329,1072.4,3842.2,195.4,57.4,125.3
29410,27234,Dairy,144,181667,181654,1427979,1246312,1394,2793,56.6,40.6,146.6
29411,26894,Dairy,224,264487,135284,1558610,1294123,1922.1,8108.2,206.1,130.1,706.4
29412,27547,SNB,256,55415,55302,705056,649641,-836.1,1506.4,614.3,56.7,342.3
29413,28451,Dairy,128,107966,64367,1053105,945139,1173.5,4554,54.5,47.4,196.6
29414,27751,SNB,96,59856,35145,427974,368118,572.2,1910,971.5,57.3,399.5
29415,27239,Dairy,64,45456,45295,543335,497879,624.8,1399.6,109.8,26.7,116.8
29416,27705,Dairy,80,104450,68297,747488,643038,783,1293.8,79.9,23.8,155.8
29417,28726,Dairy,32,20918,0,317422,296504,291.4,1073.9,13.3,12.1,51.2
29418,27819,Dairy,48,45073,44743,315877,270804,381.9,726.7,5,5.8,17.3
29419,28014,Dairy,192,240459,240416,1871286,1630827,1748.4,2882.8,28.2,25.3,71.9
29420,27630,Forest,80,457,0,74198,73741,164.4,337,36.7,9.1,51
29421,28538,Dairy,32,39591,39547,333583,293992,333.5,1204.7,25.6,16.1,87.7
29422,27017,Dairy,96,95898,20351,786746,690848,931.8,3342.8,173.2,51.7,209.8
29423,26973,Dairy,32,57840,57840,319170,261330,301,562.9,9.6,7.8,58.3
29424,27691,Dairy,128,131436,94971,900468,769032,213,2847.5,252.8,47.3,157.1
29425,26928,SNB,192,33234,13569,275967,242733,603.4,2111.1,2884.2,97.2,779.7
29426,27016,Forest,64,40482,40482,285597,245115,-931.5,128.6,196,12.5,26.3
29427,27590,Dairy,80,84193,84193,627028,542835,683.9,1274.7,17.4,15.3,98.2
29428,27249,Forest,96,78843,52669,428313,349470,-1339.4,192.8,289.9,19.1,36.8
29429,27411,Dairy,112,95201,94785,652733,557532,538.1,3360,146.7,45.7,140.4
29430,27899,Crop,112,96788,86132,363545,266757,213.3,1565.6,256.1,28.4,91.2
29431,27703,Dairy,160,203231,202919,1235641,1032410,1476.3,5691.1,240,82.2,379.8
29432,28554,Forest,64,23808,17953,253350,229542,-778.7,128.8,190.2,12.6,24.8
29433,28064,Dairy,96,146491,146381,883963,737472,834.2,3242.8,322.1,67.3,374.1
29434,28119,Dairy,80,82300,82300,760846,678546,715.1,2692.5,33.8,30.6,130.4
29435,27231,Dairy,240,300695,300695,1584266,1283571,2024.3,9033.3,288.4,160.5,495
29436,27209,Dairy,80,60724,60442,690189,629465,706.8,1196.3,12.5,10.5,30.2
29437,27950,SNB,64,-5189,0,91993,97182,175.8,265.3,65.7,8.6,45.8
29438,27470,Dairy,112,109894,109587,769398,659504,877.6,1732.5,11.7,14.4,69.7
29439,28311,Dairy,32,31934,20302,365415,333481,344.3,564.5,31.7,8.6,34.4
29440,26975,SNB,96,2142,2125,108946,106804,231,810.9,128.8,17.9,120.3
29441,27628,Dairy,160,172253,68529,1182174,1009921,1390.9,2572.8,57.9,31.3,117.1
29442,28272,Forest,64,42572,22416,282644,240072,-861.2,129,187,12.8,25.8
29443,27194,SNB,736,77889,14147,728012,650123,1798.3,7747.5,3662.3,286.9,2579.5
29444,26979,Dairy,288,366453,365585,2754675,2388222,2715.5,8170.1,94.5,86,196.5
29445,27132,Dairy,320,358163,358096,1971613,1613450,2549.8,9666.2,366.8,125.2,490.5
29446,28235,SNB,64,1041,0,77630,76589,153.9,284.8,25.9,7.1,42.1
29447,26974,Dairy,192,145721,19715,1143568,997847,1430,3144.2,431.5,69.3,353.7
29448,28071,Dairy,96,126825,98777,821589,694764,879.5,1666.1,28.7,22.8,176.4
29449,27984,Dairy,256,321369,320993,1927180,1605811,2125.6,4259.6,141,63.7,337.9
29450,28485,Dairy,48,56680,20003,322295,265615,404.6,1554.6,20,17.5,40.4
29451,28179,Dairy,64,65230,64285,543008,477778,561.7,951.1,6.7,7.7,22.9
29452,28055,SNB,64,7953,7953,65993,58040,165.4,700.5,1077.7,31.4,270.1
29453,27656,Dairy,112,130955,18821,1068482,937527,1051.4,3755.1,45.8,41.6,87.9
29454,28626,Dairy,64,79381,79368,503057,423676,537.8,944.8,10.6,8.6,31.4
29455,26899,SNB,32,2688,2688,40157,37469,76.4,222,90.4,6.3,36.4
29456,28111,Dairy,64,87890,49333,489127,401237,231.5,1624.5,112.9,24.9,46.9
29457,27071,Forest,368,175985,80109,1426633,1250648,-4255.6,737.4,1090.9,73.4,147.7
29458,26941,Forest,256,159896,159896,1033180,873284,-3086.1,511.8,777.7,51.1,102.8
29459,27927,Forest,48,35824,35824,213176,177352,-665.4,96.2,147.2,9.5,19.7
29460,27710,Dairy,128,182211,63305,1221125,1038914,1232.6,4702.3,152.6,86.9,264.4
29461,28591,Dairy,32,44800,25338,180689,135889,-59.2,592.7,68.2,14.1,40
29462,27148,Dairy,144,189170,188831,1570859,1381689,1437.6,2220.6,15,18.3,110.3
29463,27598,Dairy,112,160263,51037,991359,831096,1125.5,4233,451.8,92.2,523.3
29464,27888,Dairy,96,141976,89270,621275,479299,753.5,3364.2,114.2,67.5,193.9
29465,27806,Dairy,80,77128,37242,750809,673681,824.9,2587.4,111.1,37.8,145.7
29466,27685,SNB,96,50479,29705,316230,265751,-178.2,639.8,750.6,35,222.3
29467,27099,Dairy,144,156125,30474,996777,840652,1219.1,4942.7,200.9,68.7,261.9
29468,28537,Dairy,96,124126,123842,957676,833550,982.4,3316,88.7,39.6,130.4
29469,27647,Dairy,80,139167,96929,826774,687607,750.1,2677.8,33,29.8,89.6
29470,28333,Forest,144,104078,86890,634126,530048,-1959.6,289.3,433.2,29.1,57.2
29471,28082,Dairy,112,120274,69013,802187,681913,323.1,1659.6,119.5,25.2,64.6
29472,26984,SNB,96,16743,16743,146081,129338,15.6,833.8,516.3,25.8,143.1
29473,27706,Dairy,112,67293,66917,807451,740158,917.9,1499.1,186.7,30.8,216.7
29474,27716,Dairy,48,80664,80664,420856,340192,417.8,1642.6,19.6,18.1,36.3
29475,27742,Dairy,48,38877,38845,435264,396387,447.8,808.2,11.3,9.7,69.5
29476,27762,Dairy,32,23359,23327,188856,165497,282.9,1068.6,69.7,20.3,101.3
29477,28122,Dairy,64,83639,83622,601887,518248,544.4,925.6,6.7,7.7,23
29478,28047,Forest,128,102189,102189,527938,425749,-1450,256.6,380.7,25.9,51.5
29479,27965,Dairy,112,122955,122955,1023341,900386,659.7,3271,88.9,39.4,83.9
29480,26915,Dairy,128,194824,194824,1284376,1089552,1246.3,2201,127.4,38.8,258
29481,27611,Forest,80,64024,59804,321198,257174,-887.2,161.3,240.9,16,32.5
29482,27741,SNB,144,31802,31802,418309,386507,568.7,1610.9,1835,71.6,583.9
29483,27003,Dairy,64,55245,55057,557258,502013,562.6,1286.1,11.8,11.8,52.8
29484,27128,Dairy,96,115299,115130,957395,842096,920.6,1541.8,16.6,15.9,101.4
29485,27000,Dairy,224,263892,263892,2113876,1849984,2317.3,8350,885.9,189.5,504.7
29486,27083,Dairy,144,142372,141917,1329008,1186636,1405.4,2309.3,43.1,32.1,131.5
29487,28263,Dairy,32,21425,21226,286957,265532,327,523.6,11.1,4.9,12.5
29488,26922,Dairy,160,178663,178663,1257978,1079315,1446.3,6112.3,192.2,109.7,649.6
29489,28435,Forest,80,53229,53229,346878,293649,-1083.4,159.2,240.2,15.9,32.6
29490,28477,Forest,96,78724,78724,486050,407326,-479.6,1368.3,320.7,40,165.9
29491,28702,Dairy,80,53593,53377,601477,547884,751.9,1546,41.7,17.5,78.2
29492,27252,Dairy,32,45339,27908,275437,230098,294.9,1056.1,45.2,14.1,60.5
29493,27333,Dairy,64,40192,0,505940,465748,572.3,2201.2,26.8,23.4,104.4
29494,28282,Dairy,112,171414,171414,988357,816943,1119.2,1836,111.3,32.7,229
29495,27051,SNB,160,31124,31085,208300,177176,173,1606,755.9,60.2,509.1
29496,28545,Dairy,112,102589,0,1043505,940916,1132.5,3809.8,157.5,52.4,198.5
29497,27900,SNB,80,-4802,-4802,136572,141374,206.4,448.6,45.1,10.3,67.2
29498,27424,Dairy,160,190566,190566,1157617,967051,1359.5,6160.6,193.7,102.6,633.9
29499,27962,SNB,64,31305,18780,231447,200142,272,855.6,80.2,18.4,103
29500,27423,Dairy,96,103815,19762,833290,729475,883.6,3652.8,116.6,65.9,343.4
29501,28363,Forest,32,25548,20018,140265,114717,-398.7,63.7,93.5,6.4,12.7
29502,28492,Dairy,96,110049,109885,744808,634759,781.2,2298.5,25.2,24.2,59.7
29503,27956,Dairy,32,29734,29734,282613,252879,319.6,830.4,69.1,18.6,48
29504,27732,Dairy,160,203131,202337,1560336,1357205,1525,3017,51.5,38.8,177.4
29505,27829,Dairy,64,114628,114450,576176,461548,571.4,2190.1,26.6,23.7,51.2
29506,27564,SNB,32,5456,722,59044,53588,90.6,138,37.5,4.3,24.5
29507,27182,Forest,160,73826,57327,623388,549562,-1904.3,321.9,475.2,32,65
29508,27195,SNB,432,23187,22342,536748,513561,1070.6,2939,534.5,77.6,564
29509,27107,Forest,208,124526,124526,809922,685396,-2319.9,415.8,615.9,41.9,83.5
29510,26981,Forest,256,234562,234132,1358006,1123444,-651.8,2426.5,509.8,63.2,310
29511,28514,Forest,128,94186,64852,527767,433581,-1572.6,255.5,392.5,25.4,49.7
29512,27165,Forest,48,36380,23686,213327,176947,-750.3,95.9,144.5,9.8,19.6
29513,27830,Dairy,80,112231,56787,664063,551832,541.3,2471.3,87.9,48.1,208.7
29514,28361,Dairy,64,69386,69386,561577,492191,640.8,2506.8,256.8,54.3,291.5
29515,27922,Dairy,96,86665,50985,808294,721629,914.9,3231.4,133.2,43.3,83.1
29516,27074,Dairy,256,318682,123621,1743880,1425198,1995.4,8613.1,634.9,171.2,753.5
29517,28010,Forest,96,129757,34193,919135,789378,895.5,3258.7,40.1,34.9,160.6
29518,28028,Forest,160,103275,103275,662588,559313,-2019.9,320.7,478.8,32,63
29519,28332,Crop,112,143815,143815,466509,322694,117.8,1009.2,9.9,13.9,4
29520,28057,Dairy,96,139721,76154,840675,700954,899.1,3456,116.6,66.9,398.2
29521,28160,Dairy,96,75233,11336,574571,499338,737.5,1382.1,33,15.3,39.6
29522,26952,Dairy,144,179313,179313,999755,820442,1212,5448.6,171.8,97.8,571.2
29523,28220,Dairy,80,124367,61011,779656,655289,844.2,2924.5,319,68.7,180.6
29524,28466,Dairy,64,78815,78815,545697,466882,612.9,2173.4,89.5,31.3,56.4
29525,28672,Dairy,80,88376,22361,842387,754011,845.7,2937.7,95.5,54,335.2
29526,28145,Dairy,112,145606,74858,996127,850521,1171.1,4300.8,365.1,82,414.4
29527,27548,SNB,336,-11456,0,312202,323658,707.8,1467.3,164,37.9,230.7
29528,27366,Dairy,48,47778,7337,450237,402459,449,1589.8,19.8,17.3,37.5
29529,27565,Dairy,80,103519,103250,707392,603873,665.8,1154.6,27.5,12.7,31.9
29530,27743,Dairy,160,146713,146659,1490578,1343865,1537.8,2386.4,55.8,25.3,127.2
29531,27312,Forest,64,25244,18383,181699,156455,-354.9,414.4,662.3,22.1,132.8
29532,28281,Dairy,64,101293,100944,638116,536823,569.3,2204.5,27.2,24.7,98.8
29533,28252,SNB,112,10878,10878,310176,299298,367.7,1154.2,152.7,24.6,182.2
29534,27820,SNB,64,-485,0,96190,96675,160.2,294.6,35.9,8.4,52.4
29535,28487,Forest,80,51786,30186,365846,314060,-1067.3,160.3,237.8,15.8,32.6
29536,27031,Dairy,96,114690,76933,693454,578764,891.8,3207.5,135.9,44.5,183.2
29537,28602,Dairy,32,26722,26718,191447,164725,252,503.4,7.3,4.7,25.9
29538,27753,Dairy,208,208244,208244,1265078,1056834,1496,3020.2,21.7,25.8,75.4
29539,27447,Forest,96,34720,9031,368018,333298,-1077.8,191.9,284,19.2,38.2
29540,27795,Dairy,64,36398,0,566623,530225,614.6,968.8,22,10,26
29541,28102,Dairy,64,110000,110000,621812,511812,699.6,2422.5,256.3,54.5,291.8
29542,27434,Dairy,96,128669,128669,982912,854243,938.6,1668.3,28.9,22.6,147.7
29543,27989,Dairy,80,62431,62407,634929,572498,695.3,1212.5,8.3,10.1,29
29544,28374,SNB,64,29759,19962,284262,254503,334.8,1109.9,232.6,27,208.4
29545,28379,Dairy,64,80159,80159,581663,501504,588.1,1543,45.6,21,54.1
29546,27348,Dairy,64,105710,61091,578772,473062,641.5,2463.4,77.4,44.8,276.4
29547,27958,SNB,128,30833,13583,222474,191641,-214.4,554.4,225.6,25.8,151.9
29548,27617,Crop,128,132895,23731,433076,300181,110.2,1110,11.3,15.1,4.5
29549,26989,SNB,64,1123,1091,94382,93259,178.7,427.3,217.7,13.1,77.9
29550,27106,Dairy,64,75403,75386,561228,485825,627.3,2531.1,76.2,43.5,261.4
29551,28196,Dairy,80,103112,102816,749221,646109,753.7,1134.9,8.3,10.2,28.2
29552,27715,Forest,64,48298,48298,282888,234590,-871.7,127,193.5,12.7,25.3
29553,27127,SNB,608,16296,16296,587190,570894,1407.9,3040.4,944.3,124.9,910.7
29554,27258,SNB,96,5598,5598,264762,259164,328.1,485.2,310.6,23.7,157.9
29555,28630,Dairy,48,73088,29139,361194,288106,410.9,1475.2,86.6,29.2,78.1
29556,27648,Dairy,64,49586,0,451408,401822,-74.9,890.1,162.1,21.5,51.9
29557,27890,Dairy,80,79798,38399,709220,629422,796.4,3068.5,276.8,64.7,341.4
29558,28258,Dairy,64,98616,58085,472543,373927,588.3,2233.3,123.3,43.8,271
29559,27562,Forest,96,75915,9818,423123,347208,-1373.7,194.1,278.8,19,39.6
29560,28627,Dairy,32,18885,18885,288936,270051,275.2,488,3.2,4.1,11
29561,28115,Crop,32,49912,37059,138613,88701,35.2,577.9,10.6,7.9,2.5
29562,28399,Crop,48,94614,94614,230264,135650,50.8,968.1,48.8,19.2,9.6
29563,27500,Dairy,96,115575,115362,747521,631946,504.8,2318,106.4,33.2,103.2
29564,27364,Dairy,64,82996,55065,442113,359117,532.8,2211.7,58,27.5,69.6
29565,28510,Forest,80,33368,33368,274475,241107,-770.4,186.3,210,15.1,37.2
29566,28458,Dairy,48,43849,345,373558,329709,426.3,1695.5,58.5,29.4,77.9
29567,27949,SNB,144,43031,19197,332384,289353,-382,1053.6,1768.2,57.3,415.1
29568,27438,Dairy,48,67648,67648,425498,357850,474.9,1932.1,192.5,42.4,202.9
29569,27273,Dairy,80,87741,87612,660937,573196,800.9,2913,320.1,67,180.4
29570,27181,Dairy,80,62630,62617,560480,497850,664.9,2694.3,33.1,29.1,64.8
29571,27521,SNB,144,2355,2355,237060,234705,393,619.1,55.2,15.8,93.2
29572,27859,Dairy,192,276603,276564,1792114,1515511,1503.1,6645,259.7,121.6,430.8
29573,27455,Dairy,128,105197,104984,1079009,973812,1137.1,1932.8,61.3,23.9,70.8
29574,28438,Dairy,48,76807,76688,426249,349442,435.2,1591,20.5,17,75.9
29575,28581,Dairy,64,57717,13417,437730,380013,-215.6,496.5,101,10.2,24.7
29576,27379,Forest,80,53224,5448,391337,338113,-597.2,376.3,186.2,15,37.1
29577,27429,Dairy,96,122160,25651,885055,762895,940.9,3603.5,113.8,65.8,233
29578,27341,Forest,48,66740,26498,457825,391085,489.3,1684.8,56,33.9,195.8
29579,28240,Dairy,80,111233,111233,819079,707846,773.1,1205.6,8.2,10.4,43.9
29580,28211,Dairy,96,115870,115870,659894,544024,876.4,3776,382.5,77.5,224.2
29581,27634,Dairy,240,326758,326726,1540823,1214065,1936.4,8682.2,270.2,154.8,469.1
29582,27038,SNB,176,6665,6665,179230,172565,435.4,839.8,685.1,41.8,263.3
29583,28302,Dairy,64,127814,91122,685257,557443,672.3,2567.2,254,53.5,139.6
29584,28513,Forest,80,97381,35042,481914,384533,-771.6,391.8,199.7,15.6,31.3
29585,28343,Dairy,128,135267,78740,863825,728558,1084.5,2320.4,90.5,29.7,140.7
29586,27229,Forest,112,97869,51386,620656,522787,-375.3,1883.3,383.3,55.7,241.2
29587,26879,Dairy,128,107397,107059,1060190,952793,1129.5,1992.3,13.3,16.2,48.8
29588,28706,SNB,32,10742,7861,108186,97444,-152.8,214.4,111.2,9.5,66.8
29589,26887,SNB,320,7202,0,345529,338327,752.3,1526,447.9,62.5,444.5
29590,28543,Dairy,64,57958,0,541830,483872,563.5,975.9,6.6,8.3,23.2
29591,27735,Forest,128,110315,0,699731,589416,-486,2075.8,251.1,48.4,124.4
29592,28052,Forest,32,9075,370,122199,113124,-388.9,63.7,93.9,6.4,13
29593,28392,Dairy,96,141637,141572,1000647,859010,993.3,2620.2,215.1,48.4,142
29594,28370,Dairy,64,97161,97161,570548,473387,654.3,2362.1,257.5,54.4,280.3
29595,27036,Forest,112,39468,28448,307429,267961,-743.1,346.4,242.6,20.7,81.4
29596,28541,SNB,64,3769,3769,63037,59268,145.5,313.9,288.8,16.5,105.7
29597,28678,Dairy,32,26847,26847,265791,238944,262.1,505.2,3.3,4.2,23.4
29598,28407,Forest,48,24359,24359,216131,191772,-708.1,96,143.3,9.6,18.9
29599,26956,Forest,784,404458,301957,3124340,2719882,-9526.9,1568.2,2352.3,156.6,314.3
29600,28704,Dairy,32,41897,41787,333417,291520,348.2,893.8,71.5,16.6,87.6
29601,27903,Dairy,464,552543,172243,3073678,2521135,3986,13295.3,506.1,181.6,677.9
29602,27104,Forest,96,18180,18180,238225,220045,-501,538.5,443.6,23.2,112.6
29603,28443,Dairy,48,89892,89838,524334,434442,524.5,1554.4,132.5,28.4,141.9
29604,26921,SNB,352,12361,12361,356765,344404,835.4,1703.6,451.6,70,504.6
29605,28197,Forest,96,77599,77599,422685,345086,-1227.5,192.1,278.2,19.6,38.3
29606,28450,Crop,96,115340,115340,394250,278910,96.1,869.8,8.1,11.6,3.6
29607,27374,Dairy,32,25392,25360,283021,257629,307.5,881.3,67.1,15.4,84.3
29608,27044,Crop,64,96433,76521,287330,190897,75.1,1115,50,22.1,10.2
29609,27518,Dairy,96,97587,19703,669087,571500,409.3,1236,72,14.6,66.9
29610,27790,Forest,80,60098,22095,460355,400257,-773.6,381.6,191,14.9,31.6
29611,27704,Dairy,48,39116,39116,406831,367715,525.9,1632.5,66.8,22.6,45.4
29612,27063,Dairy,80,60708,60708,637970,577262,746.8,1213.9,27.9,13.6,60
29613,26912,Forest,48,28012,28012,199371,171359,-667,96.8,139.2,9.3,19.2
29614,27918,Dairy,256,298237,298181,1684567,1386330,1920,8330,141.9,97.3,203.2
29615,27125,Dairy,112,85249,0,716531,631282,671.3,3648,173.4,60.7,261.3
29616,28005,Dairy,80,86571,59205,685071,598500,700.8,1265.9,24.2,19.4,150.5
29617,27886,Dairy,96,109152,36495,636071,526919,720.1,1723.1,15.2,16.3,55.3
29618,28203,Dairy,32,49558,42276,205534,155976,248.3,1154.6,45.1,15.2,58.3
29619,28383,Dairy,64,79149,79149,553404,474255,608.8,1131.4,63.9,18.4,65.2
29620,28330,Dairy,80,71196,18849,504819,433623,323.6,2431.1,124.9,46.5,259.2
29621,28532,SNB,48,4239,4078,47273,43034,109.8,232.8,60.9,9.3,67.3
29622,28725,Forest,32,32430,32430,150742,118312,-467.2,64.7,92.6,6.3,12.9
29623,27033,Dairy,112,87433,87272,656910,569477,312,1244.9,108.2,16.5,42.4
29624,27801,SNB,96,16351,9029,183990,167639,81.6,692.3,409.4,23.7,132.4
29625,27463,Dairy,64,95845,95684,431825,335980,554.8,1347.7,113.1,27.4,175.8
29626,28112,Dairy,112,156712,156712,1062838,906126,1053.6,1732.3,11.8,13.9,84.7
29627,27668,Dairy,96,86157,86157,773467,687310,888.5,1722.1,92.4,27.2,141
29628,28241,SNB,64,821,821,97211,96390,184.6,397.9,352,16.2,103.1
29629,26963,Dairy,336,393791,393737,2443772,2049981,2864.4,8742.9,116.6,93.4,389.6
29630,27276,SNB,192,-2658,0,214015,216673,452.8,842.7,224.7,25.1,134.2
29631,28613,Dairy,48,67875,67875,498012,430137,517.2,788.7,48.4,13.3,102.4
29632,28462,Dairy,80,103724,103720,646371,542647,711.8,1287.2,65.2,19.4,140.1
29633,27541,SNB,160,-7129,0,233095,240224,383,695.3,62.4,18.1,105.3
29634,27167,Crop,64,89247,55442,342201,252954,198.9,1374.2,39,18.2,17.1
29635,27413,Dairy,656,712922,712922,5004601,4291679,5826,22104.6,320.7,246.8,698.4
29636,28482,Forest,32,10426,4411,130574,120148,-461.9,65.2,98,6.5,12.8
29637,28000,SNB,80,10084,9912,130858,120774,231.6,383.7,227,18,121.7
29638,27173,Dairy,48,67044,29298,465569,398525,490.1,1704.8,68.2,22.8,86.1
29639,27757,Forest,192,95457,79434,746886,651429,-2251,385.9,581,38.6,77.8
29640,28161,Forest,80,58208,31223,344832,286624,-1073.8,158.7,237.7,15.6,33.4
29641,27993,Forest,240,103904,82161,839681,735777,-1984.7,607.7,607,44.9,121.4
29642,27419,Forest,96,50548,22360,421805,371257,-1384.2,192.2,290.3,19.2,39.6
29643,27593,Dairy,80,67230,21830,669189,601959,694.5,1200.6,8.4,9.9,59.6
29644,28152,Dairy,80,96100,95853,848797,752697,775.9,1359.8,20.9,16.9,117.2
29645,28125,Forest,128,122332,67663,716227,593895,-1050.4,1410.8,331.3,42.5,172.4
29646,28247,Dairy,96,110907,110907,973410,862503,866.4,3186.6,39.7,37,152.5
29647,27204,Dairy,224,198392,198231,1364304,1165912,480.2,3189.1,263.5,52.3,252.3
29648,28201,SNB,80,7575,7575,169627,162052,294.3,867.4,330,33.4,283.2
29649,27626,Forest,592,312499,217986,2278357,1965858,-6732.6,1186.4,1782.7,118.6,235.6
29650,27544,Dairy,192,168022,167692,1399634,1231612,1664.6,2867.1,20.2,24.7,139.4
29651,27696,Forest,64,41298,0,281461,240163,-904.3,125.8,193.6,12.7,25
29652,27709,Dairy,96,97391,97359,838352,740961,897.6,1554.6,25.8,20.8,156.6
29653,28134,Dairy,160,175940,64619,976033,800093,685.2,4200.9,240.3,82.6,424.5
29654,28345,Dairy,80,144215,144172,779470,635255,801.1,1368.9,80.8,22.9,142.1
29655,27488,Dairy,112,120470,120358,1073048,952578,1146,4036.5,118.2,69.2,375.1
29656,28601,Dairy,80,60476,60472,655532,595056,732.7,2691.3,33.1,30.7,122.5
29657,28593,Dairy,96,70387,69857,816713,746326,905.2,1396.3,39.8,16.7,72.2
29658,27402,Dairy,112,156513,156513,1092249,935736,1147.3,4211.2,134.1,76.2,454.6
29659,28167,Dairy,112,158420,158420,1086169,927749,1183.4,4435.7,445.4,91.3,254
29660,27620,Forest,128,91555,56430,557172,465617,-1795.3,257,382.7,25.5,50.7
29661,27605,Dairy,80,48984,0,686027,637043,744,2833.8,33.6,30.7,104.3
29662,27377,Forest,144,131816,84259,710966,579150,-634.8,2054.2,472.4,59,256.1
29663,27271,Dairy,464,501856,355342,2864023,2362167,3836.9,12986.9,1068.8,255.1,896.2
29664,28256,Forest,96,68472,68472,427121,358649,-1359.1,191.6,283.1,19.7,38.9
29665,27136,SNB,96,3325,3325,340516,337191,346.3,458.5,297.6,24.3,153.3
29666,27476,Forest,64,34976,21635,284911,249935,-843.9,127.2,195.3,13.1,24.5
29667,27346,Dairy,112,103482,103303,683067,579585,818.4,1714.3,14.6,16.2,64.6
29668,28183,Crop,48,80242,53793,207254,127012,51.8,455.1,12,9.4,4.4
29669,28377,SNB,64,20630,20626,186661,166031,240.9,771.4,28.7,10.9,55.7
29670,27021,Dairy,384,394678,152372,3287750,2893072,3610.4,6519.6,114,87.9,339.1
29671,28528,Dairy,80,82099,81921,599090,516991,742,2884.6,89,38.4,132.3
29672,28249,SNB,64,23274,23086,197825,174551,-351.8,211.7,110.8,9.9,32.9
29673,28063,SNB,32,2770,589,30962,28192,78.9,146.2,51.7,4.4,22.4
29674,27489,Dairy,96,104309,28123,563392,459083,752.8,3467.9,173.3,49.5,121.1
29675,28041,Dairy,48,50119,49958,510414,460295,485.3,736.1,16.7,7.8,39
29676,28215,Dairy,64,53225,53225,594618,541393,611.7,988.9,18.4,9.7,45.6
29677,28486,Dairy,64,59368,59314,605006,545638,613.6,1007.3,22.2,10.3,51.2
29678,26950,Dairy,64,67886,15233,427117,359231,543.5,1916.9,21.6,19.7,74.5
29679,27558,Dairy,112,136219,136219,770988,634769,1033.2,3734.9,159,51.1,198.6
29680,26961,Dairy,288,330193,143983,1781999,1451806,860.3,8002.4,1071,193.8,960.4
29681,27037,Forest,176,104739,104739,1073887,969148,-650.4,2936,325.5,49.8,104
29682,27825,Dairy,112,114680,65219,1038577,923897,825,1669,144,31.7,206.5
29683,26972,SNB,432,-9344,-9344,379191,388535,849.9,1854.8,194.4,47.7,278.8
29684,27978,Forest,96,51693,30119,370085,318392,-1013.3,193.3,287.2,19,38.2
29685,28582,SNB,128,69978,69978,396130,326152,-653.2,804,517.5,29.9,140.4
29686,28716,Forest,32,18048,0,218995,200947,-91.3,627.6,54.2,9.4,28.8
29687,28592,Forest,32,18297,18297,128131,109834,-380.5,62.8,93,6.5,12.5
29688,28425,Dairy,32,31991,31926,237038,205047,282.2,996.2,13.1,11.1,26.5
29689,27053,Dairy,96,97359,97176,700672,603313,802.9,2484,195.5,47.2,128.8
29690,28454,Dairy,32,33444,33444,233694,200250,-70.9,576.8,68.1,10.2,22
29691,28113,Crop,80,87361,87253,283906,196545,69.3,701.4,7.2,9.8,2.9
29692,27432,Forest,240,121844,121844,901662,779818,-2680.1,479,722.5,48.1,97.2
29693,27149,Crop,48,51245,47971,194243,142998,52,433.9,4.2,5.7,1.8
29694,27821,SNB,144,21461,7810,221561,200100,419.1,1244.9,1234,53.5,432.7
29695,28676,SNB,64,16947,16947,118948,102001,-96.6,481.3,340.6,16.7,89.9
29696,28276,SNB,64,7072,7072,71036,63964,156.5,597.3,108.6,14.1,107.6
29697,28419,Dairy,32,42827,42827,207161,164334,262.9,523.1,31.1,8.9,30
29698,28208,Forest,32,18336,0,144545,126209,-454.1,62.5,97.8,6.5,12.4
29699,26916,Dairy,80,111041,34556,673973,562932,748.7,2739.5,194.8,48.2,118.7
29700,28147,Dairy,96,136486,95130,915028,778542,1023.5,3709.4,382.5,80.3,447.1
29701,27845,Forest,80,61222,50987,366624,305402,-1089.4,160.1,243.7,16.2,31.4
29702,27722,Dairy,144,152189,96896,1362054,1209865,1408.3,2403.8,43.6,32.8,265.6
29703,28440,Forest,32,27759,8215,144416,116657,-445.4,63.8,99.6,6.5,12.7
29704,28187,Forest,64,39278,39278,294571,255293,-960.8,128.1,195,12.9,26.1
29705,27603,Dairy,80,95687,31796,752305,656618,769.2,1119.9,28.5,12.7,63.4
29706,28722,Forest,32,16024,7983,126978,110954,-364.4,62.4,95.7,6.4,13.2
29707,27480,Forest,112,87617,71678,497591,409974,-1540.8,223.3,330,22.4,44.9
29708,27910,Forest,96,93716,22961,543766,450050,-241.8,1874.6,277.1,42.9,187.8
29709,27510,Dairy,128,106537,28868,1047113,940576,1068.7,1931.1,13.3,16.4,48.4
29710,28269,Dairy,176,237177,237001,1495289,1258112,1502,6112.9,168.7,75.2,235.6
29711,26931,Dairy,160,184038,183555,1446614,1262576,1453.7,2672.7,80,30.9,151.9
29712,27479,Dairy,176,149467,149467,1491069,1341602,1671.6,2618,61.1,27.3,70.8
29713,26935,SNB,128,17021,2580,146389,129368,329.2,1374.7,545.9,45.3,382.9
29714,27551,Dairy,80,130638,103755,818819,688181,805.4,2961.6,95.4,54.3,265.2
29715,27054,Dairy,64,65116,64818,579321,514205,581.6,1360.9,24.2,16.6,90.2
29716,28556,Dairy,64,59238,59238,510989,451751,573.7,953.1,6.8,8.1,50.5
29717,26992,SNB,80,-5098,0,271902,277000,242.6,355,25.8,8.8,49.8
29718,27508,Forest,416,206911,101222,1658294,1451383,-4967.3,829.4,1258,83.7,167.2
29719,27096,Dairy,64,64690,64405,540729,476039,556.9,957.6,6.7,8.4,48.3
29720,28698,Forest,32,20993,20993,137415,116422,-427.7,63.9,98.8,6.5,12.9
29721,27501,Dairy,64,70382,31281,551549,481167,615.9,2157.1,88.4,28.3,58.7
29722,28337,Dairy,64,76844,76844,597679,520835,611.3,972.4,6.7,7.9,22.9
29723,28158,Dairy,96,122553,122553,651553,529000,486.3,2360.4,251.3,51,243
29724,27719,Dairy,176,210296,210253,1348923,1138627,1590.8,5723.5,68.3,61.7,256.2
29725,28658,Dairy,80,110372,110372,735939,625567,792.8,2927.4,237.1,56.1,262
29726,28137,Dairy,128,121917,78462,1190846,1068929,1254.3,2221.6,37.9,28.4,121.9
29727,27592,Dairy,80,83694,83586,601518,517824,754.5,2317,201.5,44,229.3
29728,27066,Dairy,272,284091,283392,2398921,2114830,2393.3,5236.7,112,56.3,191.1
29729,27699,Dairy,256,392209,392144,2381201,1988992,2158.9,9155.3,336.5,165.1,481.1
29730,28578,Dairy,64,46027,46027,494719,448692,531.1,964,10.3,9,23.9
29731,28306,Forest,64,35076,25255,271769,236693,-800.3,128.5,188.5,12.6,24.6
29732,27495,SNB,96,14066,13869,142514,128448,-37,392,82.8,12.5,59.1
29733,27702,Dairy,64,60584,60412,586977,526393,611.5,2215.4,26.4,23.7,49.7
29734,28225,Dairy,64,101082,101082,592007,490925,669.2,2453.7,256.6,51.6,289.1
29735,27030,SNB,128,8517,8517,121356,112839,295.8,981.6,346.7,32.3,288.8
29736,26897,Dairy,112,158132,157633,1015819,857687,772.9,3172.2,181.2,47.2,93.3
29737,27734,Dairy,112,128060,127834,878025,749965,946.3,1675.4,11.7,14.3,52.1
29738,28687,SNB,48,3673,1033,45351,41678,106.8,219.4,73.9,6.3,33.1
29739,27917,Dairy,144,169065,169065,996420,827355,1128.8,3223.9,43.5,37.7,129.2
29740,27058,Forest,96,54122,54122,452377,398255,-980.7,790.6,309,29.2,107
29741,27583,Dairy,112,152065,106515,877534,725469,1000.3,1785.7,30.3,23.9,183.6
29742,27828,Forest,64,57436,28638,345168,287732,-430.5,707.6,207.9,23.4,90.1
29743,28667,SNB,96,-6898,-6898,120095,126993,235.9,619.3,222.2,15.7,101.1
29744,27122,Dairy,48,52919,52833,446263,393344,513.9,844.6,47.3,13.9,67.8
29745,27713,Forest,160,87417,42879,631154,543737,-1893,319.8,490.6,32.2,64.2
29746,28236,Dairy,80,78704,58702,545750,467046,375.7,2497.6,306,59.7,291.8
29747,27250,Dairy,64,112643,52306,736929,624286,639.8,1108,19.1,14.8,121
29748,27935,Dairy,144,128068,128068,1318961,1190893,1350,2207.7,15,18,104
29749,28547,Dairy,48,69157,54680,450545,381388,452.5,1583.6,67.4,23,84.8
29750,26938,SNB,240,-2405,0,659050,661455,795.1,1145.5,764.2,60,377.5
29751,28372,Forest,64,55451,55451,392210,336759,-511.5,355.1,153.1,12.3,26
29752,28038,Dairy,64,63499,9747,435138,371639,580.5,2099.6,62.6,37.9,139.6
29753,26870,Forest,928,478305,412721,3557340,3079035,-10568.8,1851.1,2790,186.3,373.8
29754,26895,Dairy,64,94144,67645,578785,484641,625,2435.7,257.8,56.8,272.1
29755,27937,Dairy,64,49835,49663,527820,477985,612.4,2205.1,89.5,28.5,58
29756,27973,Dairy,32,39927,39707,292424,252497,280.6,467.5,3.3,3.7,22.3
29757,28126,SNB,144,175075,71510,1257498,1082423,1427.3,5435.9,574.8,124.7,649.6
29758,28666,SNB,96,3332,0,312917,309585,22.3,841.1,145.8,20.1,134
29759,26902,Dairy,64,77781,17107,606610,528829,679.5,2480.9,258,54.5,147.2
29760,26874,Forest,32,35690,35690,147078,111388,-435.3,63.8,98.3,6.6,12.6
29761,27774,Forest,80,65549,39070,372693,307144,-1127,158.6,230.1,15.8,33.1
29762,27929,Dairy,80,74692,21408,678231,603539,742.8,2787.2,46.4,34.1,134.2
29763,26890,Forest,1120,643022,643022,4470314,3827292,-13452.4,2242.5,3361.9,223.9,448
29764,28024,Dairy,64,134476,134476,674735,540259,663.6,1049.6,19.2,15.5,56.6
29765,28253,Forest,64,23037,11668,169808,146771,-313.6,442,262.8,19,122.8
29766,27101,SNB,80,795,0,84859,84064,193.7,382.8,95.2,15.7,118.1
29767,27746,Dairy,64,65281,65281,546206,480925,627.9,1036.5,19.6,14.3,120.1
29768,28128,Forest,64,39904,39904,250502,210598,-738.6,129.2,190.5,12.9,25.4
29769,28339,Dairy,128,113193,113193,721801,608608,48.2,1473.2,220.2,32.8,154.2
29770,28549,Dairy,48,102168,102168,557686,455518,534.3,1919.1,190.3,41.7,233.6
29771,28615,SNB,64,465,0,55032,54567,128.7,274.6,27.5,7.1,38.4
29772,27218,Dairy,128,140422,82147,878195,737773,1072,2106.4,127,36.8,130.1
29773,28531,Dairy,112,147673,66821,982514,834841,1047.7,3694.6,140,49.4,112.1
29774,27980,Crop,64,84824,43307,266653,181829,68.2,1177.2,22.3,15.4,5.1
29775,27610,Dairy,80,98454,17298,696849,598395,789,3137.3,316.6,67.1,182.1
29776,28432,Forest,32,-1485,0,54339,55824,95,321.2,47.7,7.3,51.1
29777,28016,SNB,112,-7540,0,217535,225075,313.6,494.5,83.7,18.4,125.1
29778,28279,Dairy,64,80770,30499,395502,314732,525.3,944.8,32.3,12.3,36.1
29779,27614,Dairy,80,94356,94356,861823,767467,850.1,3083.4,317.8,67.1,362.7
29780,27827,Dairy,80,67806,67802,502766,434960,609.9,2702.6,280.7,52.2,299.3
29781,27169,Dairy,32,61596,46750,371934,310338,318.1,580.7,32.4,9.2,58.8
29782,26955,Forest,128,98066,98053,631090,533024,-513.7,866.2,249.2,22.3,50.3
29783,27814,Dairy,80,119446,61623,765229,645783,773.4,3040.8,95.1,54.6,157.2
29784,27353,Dairy,32,26792,26788,315087,288295,303.9,480.1,20,8.3,32.6
29785,27168,Forest,176,82909,82909,689451,606542,-1991.8,351.5,527.8,34.7,70.4
29786,27775,Crop,208,233327,233273,803246,569919,214.5,2366.6,34.4,32.4,10.3
29787,28576,Dairy,64,75830,75615,545136,469306,557.7,1138.2,19.1,14.4,114.9
29788,27999,Forest,80,73741,61141,360264,286523,-1043.6,161,235.8,16.1,31
29789,26891,Dairy,48,66677,18179,448833,382156,464.1,1585.7,20,17.9,39.1
29790,27088,Forest,96,44161,44161,402953,358792,-1320.6,190.8,284,19.1,38.1
29791,27622,Forest,240,235808,160237,1505240,1269432,-1209.5,4038,821,112.6,494.3
29792,28712,SNB,48,-1056,0,109813,110869,132.8,209.5,18.1,5.4,30.2
29793,28402,Dairy,144,178234,177750,1363282,1185048,1348.1,2463.3,43.5,32.4,264.4
29794,28421,Dairy,96,152878,78361,866210,713332,905.1,3589.1,385.2,78.5,437.9
29795,27117,SNB,112,8498,0,180763,172265,331,821.7,402.4,29.5,255.5
29796,27944,Dairy,80,93106,93016,571093,477987,637.2,2799.9,32.9,28.9,66
29797,27523,Dairy,176,192615,47384,1206123,1013508,607.2,4019.4,472.7,90,397.6
29798,28619,Dairy,64,59237,59065,534450,475213,551.4,2201.3,26.6,22.5,52.5
29799,27542,SNB,192,-397,-397,216814,217211,443.6,1207.2,154.9,28,185.3
29800,27877,Dairy,176,269329,138174,1579558,1310229,1746.6,6820.9,705.6,148.9,822.8
29801,28623,Dairy,64,70198,70133,438812,368614,533.2,982.6,35,12.9,43.5
29802,27103,Dairy,144,73537,11230,1180998,1107461,998.5,1986.6,89.3,22.6,64.7
29803,27997,Dairy,96,75572,19067,800356,724784,868.4,1398.7,10.1,12,33.7
29804,27654,SNB,128,-3470,0,175428,178898,341.2,572.2,123.8,22.5,159.1
29805,27748,Dairy,80,104585,46597,743095,638510,809.3,2631.7,111.2,38,145.5
29806,27572,Dairy,80,87249,87045,534823,447574,653.5,1925,52.3,32.8,105.9
29807,27365,Dairy,80,101682,101682,693349,591667,757,2823.4,113.3,36.4,140.9
29808,28479,SNB,64,20238,20238,125823,105585,224.9,685.8,929.9,32.1,245.6
29809,27514,Forest,32,25991,25991,127594,101603,-356.3,64,95.6,6.3,12.2
29810,27399,Forest,96,52254,43436,384337,332083,-1147.7,192.1,287.6,19,39.4
29811,27326,Forest,80,48848,32732,360501,311653,-1092.4,159.6,239.4,15.9,32.4
29812,27210,Dairy,64,90736,70948,567482,476746,624.8,2240.2,89.2,28.4,58.4
29813,27808,Forest,80,47511,47511,356531,309020,-1135,159.3,243.7,16.2,30.8
29814,27837,Dairy,144,163254,13996,1347140,1183886,1436,5110.7,201.5,67.4,260.9
29815,27574,Forest,96,65481,65481,421297,355816,-1356.8,192.9,291.1,19.1,38.2
29816,27895,Dairy,128,151722,17391,1259247,1107525,1209.4,3048.6,65.2,43.9,228.2
29817,27866,Dairy,80,96567,96567,591004,494437,555.6,2097.7,134.2,30.9,182.8
29818,28508,Dairy,64,92245,61657,536390,444145,591.1,1575.1,56.4,20,42.4
29819,28690,Dairy,32,22084,9697,250202,228118,301.9,474,3.3,4.1,11.1
29820,27493,Dairy,128,149992,149217,1020411,870419,1137.9,1813.7,25,17.7,48.8
29821,27986,Dairy,128,139591,24083,1081016,941425,1213.8,2156.4,128.9,35.8,262.1
29822,28194,Dairy,64,65680,65437,632868,567188,615.4,957.4,14.4,9,24.6
29823,28692,Dairy,48,74619,74576,311715,237096,397.6,1906.4,191.2,39.6,109.6
29824,27020,Dairy,128,123388,123352,836880,713492,737.9,4215.5,182.1,78.6,440.3
29825,27836,Forest,128,114228,114228,594788,480560,-1937.5,255.2,383.7,25.6,51.7
29826,28648,Dairy,64,86995,54574,538908,451913,259,1886.4,238.9,45.6,223.1
29827,28660,Crop,144,160255,85184,607061,446806,-630.4,1723.6,269.3,46.6,40.6
29828,27750,Dairy,64,83479,77030,543894,460415,538.2,917.5,6.7,8.2,48.8
29829,28583,Forest,64,62629,62629,297257,234628,-933.4,127.3,193.7,13,25.7
29830,27304,Dairy,64,41694,41694,510379,468685,257.7,890.1,63.1,14,96.3
29831,28529,Dairy,80,116647,47308,734508,617861,796,2826.6,116.1,45.6,194.2
29832,28674,Forest,32,18551,18519,232204,213653,-8.4,601.5,72.1,11,39.9
29833,28634,Dairy,64,37983,0,604846,566863,612,2308,88.2,31,69.9
29834,27475,Dairy,80,78087,77921,731560,653473,802.1,2890.7,214.4,57.1,149.3
29835,28391,Forest,176,180282,40956,999143,818861,-1342.1,2013,572.2,67.9,163.7
29836,28511,Dairy,80,102950,102821,630797,527847,709.8,2962.9,316.5,66.2,176.1
29837,28536,Dairy,48,51749,20332,361379,309630,425.5,1660.6,57.3,31,123.6
29838,27102,Dairy,96,139769,139439,858077,718308,915.7,2423.1,83.6,30.7,105.5
29839,27226,Dairy,32,36674,12965,202154,165480,293.2,874.7,20.8,13,83.2
29840,27533,Dairy,224,303117,201815,2017061,1713944,2191.7,8312.5,888.2,188.1,501.6
29841,27481,Forest,240,187222,187222,1270748,1083526,-613.9,4270.7,510.9,95.3,466.8
29842,28009,Dairy,64,79307,79264,404606,325299,554.7,2473.6,75.1,43.4,128.7
29843,27793,Dairy,160,158171,158132,942877,784706,887.1,4927.8,112.4,55.5,125
29844,27689,SNB,112,4634,0,177852,173218,328.1,1079.6,178,24.4,184.6
29845,28270,Dairy,128,211991,211991,1238470,1026479,1307.3,4744,468.8,102.9,516.6
29846,28719,SNB,32,6177,4963,34338,28161,83.6,352.9,543.3,16.8,123.6
29847,28166,Dairy,192,254957,186611,2065198,1810241,2022.7,6807.6,707.1,150.1,395.3
29848,27437,Dairy,64,97311,97139,560334,463023,590.1,1038.8,63.7,18.6,62.3
29849,28266,Crop,80,101974,23076,308615,206641,83.1,1538.3,28.1,18.5,6.4
29850,27540,Dairy,80,61077,28198,723297,662220,719.8,1248.9,38.6,14.8,79.6
29851,28156,Dairy,256,227593,227324,1662631,1435038,2089.8,3910.2,142.7,51.8,301.1
29852,28390,Forest,160,86966,86966,618277,531311,-1914.9,318.1,481,32,63.4
29853,27261,Crop,112,189379,121967,516633,327254,128.6,2201.8,111.3,44,22.6
29854,27385,Forest,176,105566,105566,762731,657165,-2366.7,350.8,536.1,35,71.8
29855,27991,Dairy,176,212936,128443,1352647,1139711,1505.3,4107,52.3,42.8,181.6
29856,26919,Dairy,80,97584,97423,750064,652480,373.9,1104.8,66.2,17.5,120.6
29857,27498,Forest,176,126893,126893,792901,666008,-2477.2,351.6,529.4,35.2,71.1
29858,28621,Dairy,48,81257,81253,399875,318618,411.1,1494.7,85.7,26.2,72.8
29859,27833,SNB,208,-7370,0,223692,231062,475.1,893.4,161.6,25.4,153.4
29860,28106,SNB,80,9406,9406,116166,106760,-64.7,303.1,76.8,10,47.6
29861,26866,SNB,96,17571,17571,175691,158120,307.6,924.9,477.6,26.5,178.1
29862,28705,SNB,32,283,0,49152,48869,82,125.3,41.9,4.3,23
29863,27369,Dairy,160,176496,176012,1316929,1140433,1115.2,2249.9,100.7,26.3,124.4
29864,28091,Forest,80,58208,43662,321292,263084,-1009.8,159.4,244.7,16.3,32.9
29865,28006,Forest,96,75045,58487,452749,377704,-1395.8,195,292.6,18.6,38.1
29866,28039,Dairy,64,53095,52751,586700,533605,657.6,2128.3,88.9,30.1,54
29867,27079,Dairy,128,122632,20834,1022461,899829,811.8,1924.4,81.8,28.6,215
29868,27525,Dairy,112,106533,106503,956890,850357,1082.5,4176.6,132.4,75.3,459
29869,27662,Dairy,160,148512,147986,1436289,1287777,1517.5,2581,44.8,35.1,135
29870,26889,Dairy,224,264976,264976,1442621,1177645,459.2,5309.3,662.4,118,555.7
29871,27717,Dairy,112,99446,99235,770762,671316,599.7,1526.9,57.3,15.5,52.3
29872,27253,SNB,128,8854,8850,179062,170208,69.5,620,146.4,19.9,125.5
29873,28506,Dairy,112,82600,82518,1060231,977631,1062,1680.4,25.6,17.3,52.3
29874,26880,SNB,624,48388,47186,654357,605969,1596.8,6214.9,3935.8,181.1,1207.2
29875,27056,Forest,32,19442,15981,140247,120805,-428.9,64.2,93.8,6.5,13.5
29876,27202,Dairy,128,123506,61332,992470,868964,1168.2,4244.5,178,59.4,130.4
29877,28142,SNB,64,7222,6027,200269,193047,231.5,288.9,147.2,14.8,81.1
29878,27739,Dairy,368,459847,459847,3446996,2987149,3587.6,12928.6,154.2,135.8,607.9
29879,28568,Dairy,80,99461,85728,792688,693227,787.2,1962,43.2,27.8,156.1
29880,27309,Dairy,80,80957,40032,605686,524729,680.2,2573.1,110.2,37.1,73.1
29881,28417,Forest,128,81379,81379,576122,494743,-1829.6,258.2,386.8,26,52.4
29882,28693,Forest,80,57297,30026,345017,287720,-1080.3,161.8,241.5,15.5,31
29883,26964,Dairy,128,146544,146215,913170,766626,1100.2,2916.6,28.3,28.9,78.9
29884,28652,SNB,48,-4704,0,108369,113073,137.8,215.6,40.1,8.3,59.3
29885,28001,Dairy,32,41390,28136,292473,251083,278.3,1120.3,13.3,12.1,57.1
29886,26943,Dairy,656,758723,756680,4049882,3291159,5403,10981.2,656.6,186.7,1353.7
29887,27586,Dairy,64,65995,38141,602824,536829,276.7,1904.9,201.2,38.5,181.4
29888,27471,Forest,144,145230,93922,851855,706625,-261.4,2579,486.2,73.6,322.5
29889,27110,Dairy,112,125281,125281,1075040,949759,1227.1,4478.1,450.9,95,495.9
29890,28021,Dairy,96,120651,120608,632697,512046,815,3299.4,325.5,71.4,378.8
29891,27897,Forest,176,189759,189759,1110296,920537,-834.6,1260,402.3,40.6,179.5
29892,27954,Dairy,112,205314,205314,1125906,920592,1188.4,4315.9,134.8,77.2,433.6
29893,27311,Forest,96,78486,41814,418208,339722,-1260.6,191.1,295.5,19,39.2
29894,27266,Dairy,48,60756,46831,448652,387896,485.7,1646.7,66.2,23.1,46.5
29895,28669,Dairy,64,73710,49452,576256,502546,590.2,1413.4,34,21.8,110.2
29896,27879,Crop,48,71304,71207,204777,133473,46.4,841.7,16.7,11.4,3.7
29897,28243,Dairy,128,181241,181237,1289924,1108683,1228.9,4368.1,53.2,48.1,143.4
29898,27616,Dairy,192,280950,215458,1845418,1564468,1985.9,7328.4,763.6,163.2,433.2
29899,28083,Dairy,80,123379,122695,881978,758599,861.2,1307.4,79.1,23.4,79.5
29900,28500,Crop,48,87619,76156,232902,145283,57.9,946.2,47.3,19.1,9.6
29901,27114,SNB,160,7272,7272,318345,311073,468,843.6,182.3,32.4,227
29902,28408,Dairy,80,90436,90436,756606,666170,743.9,3001.1,96.2,57.2,335.4
29903,27191,Forest,64,34980,34980,289757,254777,-863,128.4,191.9,12.7,26.4
29904,28347,Dairy,48,73198,73093,452215,379017,476.2,1690.9,67.3,22.3,85.8
29905,28445,Dairy,64,78378,78378,604426,526048,663.4,2409.9,254.9,54.3,282.1
29906,28493,Forest,96,27841,13799,293640,265799,-662.9,284.7,312.4,20.4,77.1
29907,27898,Forest,144,184936,126041,1228033,1043097,1310.7,5448,173.1,100.1,613.3
29908,27345,Dairy,96,133332,52746,973795,840463,989.4,2573.5,198,46.5,229.2
29909,27916,Crop,128,150558,150195,458114,307556,191.5,1283.6,340.1,31.1,104.4
29910,27047,SNB,352,48741,25492,365594,316853,986.7,4002.9,5886.5,172.8,1411.9
29911,27156,Forest,160,111053,59436,695817,584764,-2212.3,321.9,475.5,31.8,64.8
29912,28163,Dairy,80,97257,97257,750295,653038,776.6,3212,95.9,55.4,326.7
29913,27789,Dairy,160,192415,192249,953639,761224,1285.4,5769,426.3,109,367.9
29914,27302,Dairy,80,99606,40608,706891,607285,755.6,2766.8,111.5,39,143.6
29915,28011,Dairy,64,75899,75770,456191,380292,581.3,1703.4,71.2,30.8,190.8
29916,28453,Dairy,80,75205,75196,593640,518435,695.2,1825,26.2,19.9,89.3
29917,27350,Dairy,48,89533,89533,450354,360821,455,1838.7,191.2,39.2,211.8
29918,27343,Dairy,240,364622,221173,2149536,1784914,2353.7,8240.2,610.6,152.3,713.1
29919,27217,Dairy,96,101705,101382,810835,709130,887.4,1433.4,33.6,15.4,72
29920,27382,Forest,48,30365,1948,208844,178479,-475.4,217.6,95.5,8.2,12.9
29921,27072,SNB,288,16923,0,273105,256182,658.7,1367.7,990,61.4,363
29922,27011,Dairy,208,215669,215637,1469306,1253637,1872.7,7431.1,217,102.6,491.4
29923,27197,Forest,96,78091,78091,445330,367239,-1329,190.9,288.5,19.2,38.5
29924,26871,Dairy,144,149795,54525,1093668,943873,316.6,2329.1,335.3,56.6,285.9
29925,27534,Forest,176,122847,83359,709945,587098,-2055.3,349.4,537.7,34.8,70.9
29926,28468,Dairy,96,148723,116582,863193,714470,225.6,2677.8,352.4,60.5,310.2
29927,27606,Dairy,96,155449,155148,882970,727521,985.6,3518.2,342.6,75,188.1
29928,27282,Dairy,80,91155,43343,751705,660550,845.8,1319.2,80.8,23.3,160.9
29929,27092,Dairy,64,37893,9602,407072,369179,-169.8,539.2,100.9,10.3,23.8
29930,28108,SNB,112,3658,3432,103744,100086,266,499.4,157.8,15.7,79.2
29931,27587,Dairy,64,25003,24718,562566,537563,621.2,1022.5,18.8,14.7,52.9
29932,27816,Dairy,96,56291,56097,801067,744776,898.3,3250.8,132.5,44.5,87.6
29933,28168,Dairy,96,80913,43483,844538,763625,917.2,1500.6,21.7,13.9,75.9
29934,28598,Dairy,64,64566,26733,388201,323635,493.4,912.3,22.5,10.3,52.9
29935,27328,Dairy,48,65076,39718,350318,285242,45.9,1326.5,88.1,26.8,142.9
29936,27344,Dairy,144,221531,221531,1276737,1055206,1361.1,3155,241.1,59.5,360.2
29937,28169,SNB,64,2972,0,64163,61191,168.6,311.5,281.9,16.3,101.2
29938,28463,Forest,48,29723,12043,208075,178352,-687.4,94.9,144.8,9.6,19.3
29939,27615,Dairy,160,213729,213729,1199132,985403,581.4,4464.4,592.5,104.4,542
29940,28526,Dairy,48,28347,28186,386773,358426,394.2,717.1,4.9,6.3,17.1
29941,28019,Dairy,80,71959,21653,464976,393017,330.7,2315.6,171.2,50,267
29942,28714,Forest,32,24351,13871,141622,117271,-482.8,63.5,94.6,6.4,12.8
29943,28488,Crop,64,109451,109451,280604,171153,69.5,638.2,16.5,12.8,5.8
29944,28401,Forest,48,39041,26550,217864,178823,-666.7,96,145.3,9.6,18.5
29945,27308,Forest,64,45483,45483,279802,234319,-849.1,127,188.7,12.7,25.7
29946,27012,Dairy,160,216150,134045,1395545,1179395,1534.1,6200.2,640.5,134.6,735.5
29947,28637,Dairy,80,109374,85562,782942,673568,763.6,2823.8,90.5,37.8,115.8
29948,27129,Dairy,80,117649,73333,588858,471209,695.5,2675.6,112.2,36,114.9
29949,28489,Crop,64,104312,32342,291733,187421,68.6,647.6,16.2,12.8,5.8
29950,27856,SNB,128,2066,2066,154669,152603,293.3,573.8,174.7,17.7,93.5
29951,27839,Dairy,80,105279,46012,705077,599798,756.7,3131.8,96.7,53.6,321.8
29952,26868,SNB,80,4170,0,78883,74713,173.8,339.1,118.6,10.8,55.7
29953,26953,Dairy,96,76151,76142,679325,603174,819.2,1567.4,44.7,19.6,133.7
29954,27520,Dairy,160,200346,200161,1527994,1327648,1514,5428.9,67.6,60,230.8
29955,27641,Crop,80,94972,30193,344972,250000,-153.4,1193,71.8,18.7,11.3
29956,28635,Dairy,48,57724,43380,384986,327262,74.7,1086.7,62.6,15.2,63.8
29957,27052,SNB,112,29699,15932,203327,173628,-208.5,421.9,215.9,17.6,72.1
29958,27068,SNB,96,28206,5836,203537,175331,-211.2,827.3,1174,38,269.8
29959,28625,Forest,32,27040,27040,126466,99426,-355.6,63.6,98.7,6.4,11.9
29960,27415,Dairy,64,88751,88751,594868,506117,255,762.8,49.9,9.4,25.9
29961,27319,Dairy,112,151639,151531,1163682,1012043,1088.4,1666,38.8,17.7,45.6
29962,27464,Dairy,144,220937,162578,1276287,1055350,1334.5,3032.2,174.6,48.4,147.4
29963,27034,Dairy,32,37478,17331,201408,163930,224.3,1093.2,13.3,10.8,27.4
29964,27220,SNB,96,9667,9667,154225,144558,285.1,1038.2,755,42.1,380.8
29965,27318,Dairy,304,345790,156098,1898464,1552674,1176.6,6739.3,446,100.8,455.1
29966,28250,Dairy,192,251062,107926,1200559,949497,1521.2,6672,269,89.3,340.8
29967,28322,Dairy,48,44676,15557,445943,401267,428.5,1005.4,26.4,11,53.4
29968,27303,Dairy,192,164022,49932,1957023,1793001,1919.3,2900.6,65.8,30.1,78.4
29969,26911,Forest,1264,625988,625988,4825697,4199709,-14168.6,2529.3,3772.4,252.4,506
29970,27623,Forest,80,41921,41921,346447,304526,-1086.3,160.4,240.3,16.2,32
29971,27693,Forest,192,103457,81922,789847,686390,-1992.8,986.6,551.8,46.1,103.2
29972,28305,SNB,64,30731,30731,247246,216515,303.6,1054,264,25.2,147.1
29973,27444,Forest,112,75639,75639,493829,418190,-1494.5,225.3,338.6,22.2,44.8
29974,27306,Dairy,160,233684,233675,1570964,1337280,1581.2,5562.3,91.4,71.9,340
29975,26913,Dairy,64,82115,18028,591172,509057,660.9,2441.8,256.1,51.3,149.4
29976,27509,Forest,80,66791,22952,361891,295100,-1146.9,159.3,242.6,16.1,32.7
29977,27310,SNB,96,18368,3514,183534,165166,-23.6,493.9,327.1,19.9,116.9
29978,26939,Dairy,80,84693,84371,838955,754262,811.3,1154.3,27.7,12.5,33.9
29979,28515,Dairy,64,72573,72573,528934,456361,262.2,740.3,67.1,10.6,43.2
29980,27019,Dairy,96,103284,102794,757723,654439,469.5,1369.4,71.3,21,150.5
29981,27082,Dairy,32,49572,27959,205004,155432,264.4,1294.8,129,26,154.9
29982,26878,Dairy,192,176710,176710,1747751,1571041,1702.1,2725.2,20.4,24.4,139
29983,27329,Dairy,80,165152,164937,748297,583145,831.4,3065.8,318.1,69,185.9
29984,27298,Dairy,128,76075,75170,901190,825115,1029.9,1927.6,13.2,16.5,47.8
29985,27695,SNB,176,5835,5777,180375,174540,410.1,861.6,208.4,33.8,242.8
29986,28058,Forest,64,70111,70107,311137,241026,-527.1,641.3,155.5,15.9,43.8
29987,28542,Dairy,48,64172,30635,447648,383476,498.3,1974.8,193,40.4,106
29988,28441,Dairy,112,190321,101136,1112593,922272,1108.5,4267.5,133.2,76.1,453.3
29989,28495,Dairy,64,79678,79607,457830,378152,552.5,923.5,6.7,7.7,23.1
29990,27396,SNB,272,-9946,0,240456,250402,563.5,1181.6,120.1,29.6,174.8
29991,28382,Forest,176,168899,168899,792176,623277,-1916.3,1115.7,401.8,37.7,56.1
29992,28604,Dairy,48,58538,9694,411330,352792,445.2,781.7,14.1,10.7,88.4
29993,27417,SNB,96,7053,7053,95240,88187,234.3,465,414.9,24.6,147.7
29994,27270,SNB,112,7010,7010,105172,98162,237.8,915.8,164,20.7,154.1
29995,28132,Dairy,64,76082,76082,399688,323606,508.2,1078.7,19.2,15.6,112.1
29996,26949,Dairy,176,272080,272080,1981322,1709242,1958,6800.6,709.8,141.7,777.7
29997,28081,Dairy,80,104556,104459,816004,711448,759.9,2622.9,81.4,34.4,137.2
29998,27119,Dairy,128,120803,0,776656,655853,381.7,3193.6,135.8,43.6,167.8
29999,28034,Crop,80,119046,46473,351954,232908,-137.1,658.5,63.7,15.2,11.6
30000,27817,Dairy,64,77463,49762,589857,512394,308.6,1894.2,241.7,45.7,220.7
30001,28275,Forest,96,84263,84263,452597,368334,-1334.8,193,287,18.7,39.6
30002,27657,Forest,64,30608,30608,242270,211662,-607,178.3,161.3,12.5,42.4
30003,28373,Dairy,128,204885,204885,1248267,1043382,1320.8,4865.3,510.1,110.8,288.4
30004,27755,Dairy,64,78046,78046,632892,554846,681.5,2074.4,88.9,30.1,109.2
30005,28646,Dairy,64,75971,24923,444597,368626,558.8,884.1,22.4,9.9,50.4
30006,27529,Dairy,32,44983,37468,324983,280000,304.7,1145.3,13.2,12.7,25.3
30007,28523,Dairy,32,19677,0,296119,276442,334.4,1179.5,38.7,21.2,134.6
30008,27686,Forest,48,45969,34413,216575,170606,-225.5,634.6,166.8,21,85.6
30009,27388,Dairy,128,160039,159221,1197400,1037361,1220.6,2131.6,38,29.7,114.3
30010,28439,SNB,64,9770,9770,65829,56059,168.9,709.2,1098.1,32,261.7
30011,27427,SNB,112,19878,19741,211892,192014,389.3,1131.5,1273,48,391.6
30012,28065,SNB,96,9349,9349,148959,139610,301.8,989,1411.4,46.9,362.8
30013,27943,Forest,80,22093,22093,234681,212588,-423.1,467.4,620.5,26.6,154.4
30014,28691,Crop,32,45515,45515,130132,84617,28.8,289,2.6,4,1.1
30015,26904,Dairy,80,77610,77438,812345,734735,775.3,1146.1,27.3,12.4,40.7
30016,27450,Dairy,112,117247,52765,929786,812539,1006.9,3949.6,47.2,42.7,174.7
30017,28422,Forest,64,48031,11080,366534,318503,-556,706,159.4,20.4,48.1
30018,28703,Dairy,48,51191,51159,361685,310494,63.6,818.2,87.4,15.8,66.3
30019,28398,Forest,32,35490,29385,161211,125721,-448.1,63.2,97.5,6.3,12.5
30020,27459,Dairy,112,182933,182929,1066713,883780,1112.9,3772.4,385.1,85.1,237.6
30021,28110,Dairy,80,86695,86630,651504,564809,682.9,1340.3,51.5,18,58.5
30022,28086,Dairy,64,66419,66419,546507,480088,623,1021.2,19.2,13.8,120.4
30023,28369,Dairy,80,122544,122329,770397,647853,822.4,1348.9,79.8,23,83.1
30024,28026,Dairy,64,55123,54878,517186,462063,247.2,831.7,75.2,15.2,94
30025,28638,Forest,80,89016,15786,432880,343864,-430.6,1169.2,158.8,22.9,67.3
30026,28608,Forest,112,76266,55965,508387,432121,-1556.4,223,323.2,22.3,45.2
30027,27893,SNB,256,34328,28978,333663,299335,163.4,1239.7,601.6,40.5,227.1
30028,28616,Crop,64,93184,73241,397103,303919,185.2,1643.6,66.5,30.1,38.9
30029,27013,SNB,352,53806,53712,525993,472187,147.6,1523.3,1375.1,83.6,491.4
30030,27543,Dairy,80,86581,86572,772377,685796,784.3,1257.5,34.7,18.4,75.6
30031,27389,SNB,96,9252,8769,122194,112942,265.2,465.5,381.6,23.9,156.7
30032,28564,Forest,48,38787,26725,198023,159236,-594,96.2,140.1,9.8,19
30033,27371,SNB,160,34327,12395,355322,320995,568.2,1749.2,1955.7,78.4,629.9
30034,27749,Forest,80,47151,47151,378784,331633,-724,775.7,258.4,27.6,100.9
30035,28548,Forest,96,57876,57876,401489,343613,-1194,191.5,279.7,19,37.5
30036,28176,Dairy,80,113879,82542,692432,578553,804,1565.9,106.3,31,156.5
30037,27600,Forest,64,56909,26677,320248,263339,-489.3,647.6,163.1,16.7,47.9
30038,27227,Dairy,672,773376,213614,4839515,4066139,5308.6,24242.9,1057.7,444.5,2105.2
30039,28465,Dairy,176,243145,241842,1573043,1329898,1582.4,2551.6,45.1,25.6,68.6
30040,28668,Dairy,32,27476,0,262124,234648,311.5,557,9.5,7.7,31.5
30041,28255,Dairy,96,114949,114949,814346,699397,827.3,1447.9,10.1,12.4,35.4
30042,28185,SNB,112,11878,0,240666,228788,357.7,1016.5,477.1,28.8,184.2
30043,27451,Dairy,128,175290,97554,1304604,1129314,1279.3,2101.8,28.8,24.5,91.7
30044,28355,Crop,96,122687,35996,390989,268302,102.5,877.7,8.4,11.4,3.4
30045,27779,Dairy,96,111575,111199,628863,517288,762.4,1530.1,16.5,15.3,104.5
30046,28350,Dairy,96,125039,124716,611099,486060,816.1,1555.4,95.2,26.1,199.7
30047,28424,Dairy,80,134085,134047,790951,656866,759.9,2801.3,139.3,41.7,171.6
30048,28427,Dairy,96,82057,4865,610852,528795,474.4,1176.6,74.8,15.5,39.9
30049,28177,Dairy,64,61109,23796,449711,388602,559.9,2296.9,169.5,42,104
30050,28321,Crop,64,108186,33818,405937,297751,219.6,1617.2,109.2,31.8,46.5
30051,28326,Dairy,48,38665,38665,414442,375777,445.3,1858.2,58,33,192.2
30052,28178,Dairy,128,187057,117870,1210325,1023268,1247.2,4347.7,53.5,47.8,108.2
30053,27725,Forest,240,210611,67404,1135112,924501,-1819.3,1856.9,714.4,65.9,155.6
30054,27961,Dairy,80,75663,75663,722617,646954,717.5,1167.2,8.3,9.8,28.4
30055,27188,Dairy,160,165904,165711,1101391,935487,1383,5726.6,596.6,127.8,654
30056,27733,Dairy,80,46203,45967,615091,568888,690.4,1157.9,8.3,9.9,29
30057,27288,Dairy,80,89716,89359,692478,602762,729,1341.4,23.9,18.8,145.2
30058,27545,SNB,160,-6179,0,258673,264852,433.2,704.9,201.2,22.3,113.2
30059,28205,Forest,144,80869,80869,582143,501274,-1618.9,417.3,584,33.7,111.9
30060,27988,Dairy,96,106836,106832,888016,781180,956.2,1571.2,83.7,26.6,198
30061,28056,Dairy,128,107725,27484,1134287,1026562,1287.3,4023.4,158.8,54.9,201.3
30062,28681,Forest,32,20098,43,124291,104193,-385.3,64.4,96.4,6.5,13.1
30063,28478,Dairy,48,46640,46523,468055,421415,498.9,768.7,14.4,10.8,55
30064,27142,Dairy,336,321277,29145,2243985,1922708,2629.8,5682.2,73.2,60.7,181
30065,27692,Dairy,160,95218,94788,1345846,1250628,1382.2,2378.2,16.6,20.5,57.9
30066,27494,Dairy,144,210025,159454,1065908,855883,1448.5,5494.6,564.1,122.5,324.3
30067,28323,SNB,64,1201,0,101640,100439,168.2,274.4,24.8,7,40.4
30068,27872,Forest,240,290294,158398,1793122,1502828,-683.4,4491.9,831.8,120.3,557.7
30069,27928,Dairy,80,94449,94449,707762,613313,740.5,2931.8,96.5,56.4,339.3
30070,27368,Forest,64,108303,63540,295892,187589,75.1,617.2,15.9,12.7,5.6
30071,27091,Dairy,64,56381,56150,637910,581529,654.4,1087.9,63.3,18.6,67.7
30072,27560,Dairy,64,53443,53003,580257,526814,570.9,962.1,6.7,8.3,24.4
30073,26965,Dairy,336,403479,403479,2169087,1765608,2344.2,11838.6,1310.7,265.6,1398.6
30074,27457,Forest,96,68442,68442,397173,328731,-946.8,224.2,259.8,18,42
30075,27251,Dairy,448,476535,159557,2779728,2303193,3601.5,6586.9,156.4,71.7,370.5
30076,28359,Dairy,112,130620,40991,849511,718891,980.7,3276.2,259.5,60.7,307.4
30077,27846,Dairy,80,88384,88384,702255,613871,802.4,2943.4,323,68.2,358.8
30078,27448,SNB,64,850,689,111067,110217,-106.6,236.9,119.1,10.2,42.8
30079,28448,Dairy,64,22155,0,564687,542532,554.2,931.8,6.7,8.3,47.8
30080,27262,Forest,48,27695,27695,187999,160304,-584.1,96,145.8,9.6,18.9
30081,27305,SNB,48,-5606,-5606,104407,110013,-107.6,163.2,59.9,7,26.6
30082,27867,Forest,128,101096,25759,690335,589239,-1406.3,810.4,403.5,34.9,118
30083,27777,Dairy,80,129078,129078,770721,641643,772.3,2959.8,95.4,55.8,318.2
30084,28456,Forest,32,24816,24816,127549,102733,-398.6,63.8,93.5,6.4,13.1
30085,28188,Dairy,48,25937,25779,449954,424017,416.7,693.2,5,5.8,21.8
30086,27959,Dairy,112,79021,0,918378,839357,1056.5,1717,39.2,17.8,91.6
30087,28070,Dairy,64,47165,47049,450654,403489,547.6,1016.8,40.7,15.9,61.6
30088,27557,Dairy,112,164538,78227,855053,690515,844.8,3701.6,347.6,77.7,381.2
30089,27289,Dairy,128,166964,166899,1227034,1060070,1228.2,1960.3,21.2,17.2,94.7
30090,28357,SNB,64,-1415,-1415,59039,60454,131.5,293.1,28.5,6.9,42.8
30091,28094,Dairy,80,108553,108553,756296,647743,850.6,3151.1,321.2,67.2,368.3
30092,27688,Dairy,96,113176,113176,821806,708630,835.2,1441.1,10,12.1,71.5
30093,27285,SNB,80,6283,6283,108183,101900,197.2,447.1,258.6,15.5,101.7
30094,28069,Dairy,80,130761,78688,793531,662770,822.3,3016.6,323.4,67.8,367.7
30095,28090,Dairy,48,52678,52669,284970,232292,53.5,1098.9,63.4,14.3,55.6
30096,27351,Dairy,96,109721,39964,797073,687352,880.9,1490,10.2,12.2,73.1
30097,27404,Dairy,176,195495,119382,1156910,961415,1586.2,5657.2,556.9,120.5,631.4
30098,26944,Dairy,144,170834,170834,1095817,924983,1190.2,3009.3,43.7,36.4,232.8
30099,28670,Dairy,64,79417,79417,646042,566625,635,1930.8,21.6,20.2,80.9
30100,27987,SNB,128,22837,9303,430112,407275,445,1071.6,992.3,45.4,346.2
30101,27111,Forest,80,62627,62627,350199,287572,-1154.5,158.1,237.4,16.1,31.9
30102,27461,Dairy,64,87802,87789,641867,554065,586.4,2272.3,42.6,25.5,108.3
30103,27105,Dairy,80,111464,44181,630995,519531,724.9,2159.1,83.6,29.8,140.9
30104,27868,Dairy,48,91039,64481,431206,340167,497.7,1796.1,192.7,40.9,201
30105,28189,SNB,80,-3933,0,255419,259352,263.7,798.7,332.6,22.6,169.8
30106,26908,Forest,64,67380,47688,298714,231334,-830,128,187.6,12.7,25.2
30107,27026,Forest,800,447642,447642,3196656,2749014,-9721.1,1601.9,2394.5,159.3,319.7
30108,26987,Dairy,96,145447,109313,847351,701904,990,3575.9,375.7,78.7,220.3
30109,28607,Dairy,80,71119,70475,647411,576292,665.3,1177.4,8.3,9.9,28.6
30110,27321,Forest,80,62779,47299,371442,308663,-1117.6,159.4,244.7,15.9,32.9
30111,27406,Dairy,128,134724,134724,1123578,988854,1177.9,2074.8,35.1,27.5,109.6
30112,27187,Forest,48,35368,0,223035,187667,-720.1,95.6,143.5,9.6,19.5
30113,28260,Forest,64,61472,48454,306491,245019,-407.6,739.9,207.1,22.4,91
30114,27671,SNB,304,7239,0,364358,357119,712.5,1314.7,306.8,38.3,206.5
30115,28246,Dairy,48,80942,80829,521406,440464,471.3,1632.4,19.7,17.7,38.2
30116,27043,Dairy,256,243897,243445,1565465,1321568,2050.7,3851.7,80.6,39.9,100
30117,27487,SNB,368,11068,11014,919345,908277,1171.2,3228.4,1318.7,86.8,562.6
30118,27349,Dairy,48,63730,30988,414032,350302,435.7,1621.5,20,18.1,40.9
30119,28589,Dairy,80,106412,106412,822995,716583,834.8,3172.8,319,69,276.7
30120,27578,SNB,80,970,0,132211,131241,231.3,731.9,114.7,17.7,127.4
30121,28428,Dairy,80,69388,69388,733897,664509,798.9,2620,33.2,29.1,66.9
30122,26995,Forest,112,77721,22445,681201,603480,-443.6,1865,211.4,30.7,64.2
30123,26933,Dairy,64,86329,52969,613974,527645,630.2,1065.8,63,19,65.2
30124,27439,Dairy,96,95578,95578,864780,769202,936.7,3157.9,329,69.9,367.1
30125,27418,SNB,208,-430,0,190203,190633,446.6,875.1,92.8,22.9,136
30126,28216,Dairy,96,94633,94375,818566,723933,808.5,3115.8,39.8,35.1,78.8
30127,28617,Forest,64,45580,45580,260707,215127,-724.9,129.9,194.3,12.5,25.9
30128,27907,Forest,32,34101,7812,162779,128678,-67.2,342.8,53,6.7,33.3
30129,27535,Dairy,112,174469,174404,1154635,980166,1149.3,3951.9,199.8,61.4,243.6
30130,28504,Forest,48,33357,17479,206940,173583,-684.9,96,143.4,9.5,19.7
30131,27701,Dairy,80,62277,33077,656589,594312,679.5,2350,93.7,32.5,83.2
30132,27325,Dairy,176,181293,181134,1346826,1165533,1445.9,2873.6,31,26.7,73
30133,27780,Forest,272,157277,110628,1100051,942774,-3249.4,545.7,806.4,54,109.3
30134,27233,Forest,272,102773,78007,734332,631559,-1504.7,1002.6,850.8,59.8,277.1
30135,28244,Dairy,112,115991,115991,887372,771381,1081.9,3483.9,157.4,51.4,94.9
30136,28049,Crop,48,59919,59865,201330,141411,53.2,716.3,11.5,10.2,3.1
30137,27045,SNB,272,-4669,0,311980,316649,646,1755.1,242.3,40.4,272.6
30138,28436,Forest,48,23955,23955,193518,169563,-547.8,97,139.4,9.8,19.4
30139,27124,SNB,96,33279,33279,239695,206416,377.7,1417.1,758.3,35.9,248.1
30140,27425,SNB,128,22923,22923,240779,217856,432,1342.7,1780.5,62.8,511
30141,27503,Dairy,224,221666,220967,1947179,1725513,1698,3149.4,70.7,29.6,161
30142,28212,Forest,96,35629,16217,329025,293396,-843.4,340.4,471.5,24,101.9
30143,27507,Dairy,192,189396,189353,1206554,1017158,890.6,2716,119.2,30.3,97.6
30144,27035,Dairy,240,262201,261195,2279327,2017126,1799,3551.2,303.7,67.8,406.6
30145,28685,Dairy,32,34369,34369,298190,263821,319,1181.9,38.9,21.3,67.3
30146,28294,Forest,112,95280,56058,502786,407506,-1485.9,222.4,330.8,22.3,44.6
30147,27080,Crop,256,247278,247278,1094672,847394,-1233.5,1639.1,302.8,38.1,44
30148,27172,Forest,96,89109,89109,569167,480058,-633.6,602.7,198.3,20.3,57.1
30149,26945,Forest,176,129028,95218,724192,595164,-2126.9,352.5,535.1,34.9,71.2
30150,28649,Forest,32,23080,14369,130313,107233,-389.7,64.1,95.2,6.3,13.5
30151,27902,SNB,48,5273,5273,83610,78337,147.4,479,243.2,13.4,89.3
30152,27378,Crop,128,223648,184635,586696,363048,146.7,2598.7,127.7,53.1,25.6
30153,28606,Forest,64,32197,32143,291481,259284,-491.8,348.2,151.5,11.9,31.5
30154,28384,Forest,64,59827,51534,291400,231573,-885.2,128.1,193,13,25.2
30155,27951,Dairy,128,115667,115667,1021351,905684,1089.1,1893.6,13.3,16.8,47.4
30156,28191,Dairy,96,92369,92369,903973,811604,922.8,3427.3,213.4,56.4,129
30157,27408,Dairy,64,127153,127153,559563,432410,534.5,2132.5,211.7,46.3,221.9
30158,28700,Forest,48,35395,35395,225558,190163,-739.9,95,147.1,9.6,19.2
30159,28470,Forest,64,52075,40364,287807,235732,-861.2,128.6,188.5,12.8,26.2
30160,27673,Dairy,112,109721,53571,1039663,929942,1041,1725.6,11.8,14.9,83.3
30161,28213,Dairy,128,119851,119851,774281,654430,1026.4,2117,127.1,36.7,269.4
30162,27237,Forest,48,48522,37019,247740,199218,-307.8,319,96.7,10.1,42.7
30163,27049,Dairy,64,81671,41177,531131,449460,287,792.4,95,17.6,100.1
30164,27015,Dairy,112,79976,79922,1115408,1035432,1057.5,1552.1,11.6,14.3,41.2
30165,27840,Dairy,48,50750,50750,356963,306213,115.2,554.5,77,12.1,54.8
30166,28251,Dairy,64,82715,25562,496422,413707,574.3,2128.9,27.1,21.9,103.2
30167,27863,Forest,48,73043,41616,340384,267341,447.2,1728.5,190.8,40.4,113.2
30168,28585,Dairy,32,35388,35388,220935,185547,287.6,543.2,9.4,7.3,56.5
30169,28644,Forest,48,28251,28251,207292,179041,-736.4,95.5,142.3,9.6,18.8
30170,28262,Dairy,128,171867,171867,1118859,946992,1222.4,4141.4,174.6,59,116.6
30171,28204,Dairy,80,77767,77638,686715,608948,705.9,1308.8,11.5,12.2,76.6
30172,27873,Dairy,144,274530,192088,1615306,1340776,1533.5,5491.9,520.8,117.2,323.1
30173,27513,Dairy,80,62681,62399,598063,535382,662.4,1251.6,8.3,10.6,29.7
30174,27726,Dairy,80,82187,82187,711307,629120,756.6,2779.4,33.8,30.6,130.1
30175,27554,Forest,32,27778,26301,128039,100261,-360.5,64.4,94.1,6.4,12.7
30176,27317,Dairy,96,127896,127896,915334,787438,1004,3585.8,381.4,80.5,215
30177,28446,Forest,64,35030,24064,266297,231267,-790.7,128.8,194.6,12.9,24.7
30178,28003,Dairy,48,95598,95380,518885,423287,456.1,1608.7,77,25.1,119
30179,27851,Dairy,128,145901,93230,890460,744559,1137.4,3124.3,226.8,56.7,272.4
30180,28614,Dairy,48,60489,60427,399529,339040,464.5,1504.4,53.9,25.1,77.5
30181,28222,SNB,176,28000,27996,180362,152362,464.4,1796.9,2387.7,75.3,594.3
30182,28098,Forest,64,41760,41760,285976,244216,-885.2,128.1,186.6,12.9,25.3
30183,27421,SNB,304,-17584,-17584,541304,558888,855.5,1330.2,306.4,39.6,212.3
30184,28040,SNB,64,29651,4239,421768,392117,449.6,1492.2,437,31,157.1
30185,28107,Crop,48,49233,32019,188883,139650,51.5,438.5,4.3,5.6,1.7
30186,27661,Dairy,112,169073,169073,1002994,833921,1102.5,4377.1,444.1,95.8,257.8
30187,28577,SNB,80,5011,4715,143566,138555,247.8,383.8,83.8,15.8,114.2
30188,27357,Dairy,64,84811,84811,569096,484285,636.5,2305.7,51.6,34.9,161.1
30189,28157,SNB,96,4327,4140,141958,137631,269.2,772,402.9,23.8,145.5
30190,27672,SNB,128,-7614,-7614,222628,230242,360.1,573.1,45.7,14.1,82
30191,28472,SNB,32,21204,21204,117787,96583,186.4,787.7,160.9,17.6,96.1
30192,27061,Forest,128,63410,63410,459756,396346,-1223.2,429.7,625.9,30.1,106.9
30193,28452,SNB,96,9033,9020,144467,135434,278.9,744.8,243.8,29.1,249.5
30194,28434,Dairy,80,101470,101429,781670,680200,760.1,1296.9,20.7,16.8,134.5
30195,27955,Dairy,128,170730,108418,939331,768601,820.7,3127.2,351.2,71.4,189
30196,26905,Dairy,96,49235,14342,952596,903361,903.4,1704.7,27.2,20.5,60.1
30197,26942,Dairy,192,176158,33808,1272877,1096719,583.6,5720.2,404.2,112.4,319.7
30198,28300,Crop,96,177329,177329,447272,269943,110.3,1922.4,97,37,19.3
30199,27811,Dairy,80,101755,57303,744478,642723,796.1,2665.7,151.2,42.3,93
30200,27678,Crop,448,590258,590258,1734692,1144434,732.7,4567.1,1775.9,121.5,468.9
30201,27723,Dairy,80,82632,82600,595360,512728,677.7,1185.5,8.3,10.6,34.8
30202,27655,Forest,80,76446,54130,590247,513801,-370.7,1220.5,176.9,31.4,134.9
30203,26924,Dairy,112,131823,94011,953798,821975,1014.3,3903.6,157.8,53.1,204.8
30204,28413,Dairy,48,72033,43455,448553,376520,449.5,1629,65.7,23.9,44
30205,27108,Dairy,96,125412,72007,768876,643464,718,2958.5,39.5,32.9,130.4
30206,28075,Forest,64,43395,43395,294560,251165,-970.7,127.9,195.6,12.8,26.5
30207,27649,Dairy,128,130572,130572,1101126,970554,1183.9,1960.6,44.5,19.7,99.5
30208,27263,Dairy,80,95460,95413,704062,608602,719.9,1217,20.3,11.9,56.8
30209,27236,Forest,384,234311,144616,1794460,1560149,-4054.4,2493,1282.6,104.9,390.7
30210,27631,Forest,48,28436,28436,284643,256207,-284.7,287.7,102.7,9.3,26.8
30211,28689,Dairy,48,70264,70221,323021,252757,401.9,1801.4,57.6,30.8,150.4
30212,28118,Dairy,64,45173,45173,575313,530140,673.1,2391,254.1,54.3,285.9
30213,27112,Dairy,128,127563,126741,765660,638097,986.2,4212,54.1,47.9,194.8
30214,28325,Dairy,80,120367,80792,698799,578432,704.2,2818.2,33.2,30.1,127.5
30215,26940,SNB,64,32822,24153,313604,280782,336.7,1117.8,285.3,27.4,152.4
30216,27242,Forest,128,112614,16839,1084756,972142,1274.9,2176.4,125.8,36.7,129.9
30217,28476,Dairy,64,72087,72070,592994,520907,578,935.2,6.6,8.1,24.4
30218,27823,Dairy,112,131019,131019,675838,544819,811.1,3753.6,352.6,79.4,354.4
30219,28362,Forest,48,21185,21185,203488,182303,-711.2,95.7,145.4,9.5,19.3
30220,26920,Forest,640,373398,373398,2525664,2152266,-7511.2,1279.1,1914.2,128.2,255
30221,28411,Forest,48,44347,29401,228444,184097,-669.8,97,146.5,9.6,19
30222,26936,Dairy,80,100937,100937,693420,592483,738.6,3072.2,94.8,56.6,322.7
30223,27222,Forest,48,3444,0,86183,82739,151,219.2,159.2,11.4,79.2
30224,27724,Dairy,96,188307,141670,911182,722875,957.4,3664,383.8,81.3,427.9
30225,28257,SNB,96,8590,8429,216554,207964,320.1,714.3,702,29.4,222
30226,28636,Dairy,64,60696,60696,572622,511926,624,1055,19,14.7,61.3
30227,27651,Forest,80,47424,4950,365734,318310,-1231.7,159,241,16.1,32.2
30228,27522,Forest,64,45240,45240,277875,232635,-835.8,129.2,199.9,12.8,26.1
30229,27802,SNB,240,-19040,-19040,618550,637590,751,1134.7,453.6,39.4,224.6
30230,27975,Dairy,80,110765,110765,549802,439037,726,1229,27.8,12.6,65.8
30231,28298,Forest,112,113806,39764,1035624,921818,1106.2,1890.9,33.5,25.3,208
30232,28320,Forest,48,33035,33035,197681,164646,-559.4,95.9,143.5,9.6,19
30233,27145,Dairy,48,109197,109197,481283,372086,524.7,1801.6,193.6,40.1,220
30234,27141,SNB,160,9598,9576,293278,283680,464.7,1562.8,361.1,37.8,279.3
30235,27882,Forest,240,114053,66723,805180,691127,-2107,1108.5,630.6,50.2,195.8
30236,27677,Dairy,32,37399,37399,266331,228932,273.2,540.3,31.5,9.5,67.7
30237,28336,Dairy,32,31815,31815,272962,241147,282.6,542.3,9.6,7.5,30
30238,27684,Forest,128,52118,20834,491871,439753,-1484.7,254.8,385.2,25,50.7
30239,27492,Forest,80,42824,42824,329989,287165,-996.3,160.1,245.6,16,31.9
30240,28494,Dairy,112,144434,144408,926958,782524,1054.3,4288,121.6,71.9,413.3
30241,27120,Dairy,160,180878,85097,881219,700341,-46.2,3577.8,579.3,95.4,458.3
30242,27199,Forest,64,69659,14884,536973,467314,541.2,940.7,6.8,8.2,46.5
30243,27765,Forest,320,155835,155835,1191957,1036122,-3607.1,639.8,955.8,64,129.3
30244,27636,Dairy,96,126187,90933,848493,722306,1038.3,3523.7,385.1,86.1,435.4
30245,28455,Forest,96,89217,6191,446082,356865,-1267.9,191.4,287.1,19.2,37.9
30246,28605,SNB,64,7797,7582,176382,168585,206.3,311.9,207.3,15.5,106.3
30247,27151,Dairy,528,581722,580879,3143198,2561476,4155.1,17634.2,324.9,230.8,598.4
30248,28123,Crop,80,126494,64128,345230,218736,81.8,1655.9,83,32.9,15.3
30249,28172,Crop,112,144427,144051,465827,321400,116.8,1021.4,9.6,13.2,4
30250,28190,Forest,48,17254,17254,204373,187119,-697.7,95.7,146.2,9.6,18.7
30251,27223,SNB,80,-1920,0,182970,184890,252.1,569.2,144.8,17.9,150.5
30252,27009,SNB,96,4474,4331,87841,83367,200.1,768.7,130.7,17.6,120.4
30253,27697,Forest,144,61334,48343,502114,440780,-945.1,597.6,742.3,38,189.5
30254,28460,Dairy,32,37729,37729,203982,166253,266.4,1139.6,44.9,15.6,61.3
30255,28124,Dairy,80,113634,80987,518074,404440,650.9,2799.9,110.8,38.3,145.1
30256,27264,Forest,736,438339,438339,2859427,2421088,-8448,1472.1,2214,147.1,292.6
30257,28467,SNB,48,34963,27741,189495,154532,-580.5,95.3,152.4,9.8,19.3
30258,26893,Dairy,160,278582,217073,1672886,1394304,1667.4,4969.5,451.4,103.4,336.4
30259,26872,Forest,224,112471,112471,862739,750268,-2673.9,446.4,678.9,45.2,90.1
30260,27594,Dairy,64,51572,0,613159,561587,637.9,1428.3,33.2,21.9,163.6
30261,27243,Dairy,208,286434,166760,1862254,1575820,1685.2,7343.8,320.7,137.6,785.5
30262,27235,Dairy,80,100728,100724,754456,653728,738.8,2638.3,33.7,30,77.5
30263,28474,Dairy,32,-1862,0,274024,275886,305.2,462.9,3.3,4.2,10.7
30264,27140,Forest,32,23557,916,173568,150011,-79.3,284.4,46.6,5.1,18
30265,27549,Dairy,48,47544,47286,511542,463998,522.3,1669.8,67.4,22.5,45.4
30266,26958,Dairy,512,484410,89699,4344150,3859740,4478.1,8599.9,287.5,101.6,274.4
30267,28461,Forest,112,91480,52615,491248,399768,-1522,223.8,332.5,22.3,45.4
30268,28484,Dairy,96,137243,137028,836807,699564,602.2,2895,145.9,56.7,174.3
30269,28067,SNB,624,118059,118059,985695,867636,22.3,5974.9,9067.6,281.9,2100.8
30270,27260,Dairy,96,87125,2777,787135,700010,807,1593.8,28.8,21.5,160.1
30271,27639,Forest,256,109903,90054,713975,604072,-1054.2,1664.5,2352.6,89.8,571.5
30272,27536,Dairy,48,46310,46310,409089,362779,485.2,1694.6,188.1,40.3,218.9
30273,28214,SNB,96,13906,13906,233001,219095,296.4,965.8,139.6,21,158.6
30274,27196,Forest,224,106177,106123,887005,780828,-2260.9,790.9,1032.3,53,210.3
30275,28380,Crop,64,82591,43971,250669,168078,64.7,531.5,5.7,7.6,2.3
30276,27754,Dairy,144,136095,6314,1215170,1079075,1068.6,3590.2,177.2,47.2,167.9
30277,27667,Forest,64,34685,34685,244476,209791,-700.6,127.6,194.2,12.8,25.7
30278,27938,Dairy,128,148094,148094,1194005,1045911,589.3,3586.8,480.3,91.4,439
30279,27354,SNB,240,68327,33817,455356,387029,-384.7,1986.3,3163.5,101.7,740.6
30280,26934,Dairy,208,294374,227147,2349694,2055320,2154,3419.9,204.5,60.3,211.7
30281,28642,Dairy,64,63533,23304,487874,424341,217.6,819.7,61.3,14.2,52.8
30282,27969,Dairy,64,105669,54303,414308,308639,222.9,1655.2,69.3,20.3,88.3
30283,28447,Dairy,96,98106,98074,731146,633040,874.7,2112.3,20.1,20.2,73.4
30284,28062,Dairy,128,154168,153910,1109612,955444,1190.4,4509.3,179.6,59.4,240.3
30285,28381,Forest,80,71418,51010,402569,331151,-360,1379.9,276.6,35.8,156.9
30286,27714,Dairy,208,299272,298035,2157114,1857842,1919.8,5550,61.3,58.7,139.4
30287,26909,SNB,240,34877,7479,302718,267841,412.6,2477.2,3846.8,116,873.8
30288,27393,Dairy,96,129728,129417,704974,575246,593.6,2002.1,219.3,44.2,125.2
30289,27847,Dairy,128,134115,134115,880066,745951,199.2,2802.9,258.6,47.3,161.5
30290,27967,Dairy,48,67753,20950,529813,462060,488.6,778.5,47.1,14,49.6
30291,27990,Forest,48,13997,13903,153205,139208,-326.1,134.8,102.9,8.1,21.7
30292,26876,SNB,464,20304,20167,446631,426327,1061,3331.6,2516.9,113.6,830.9
30293,28349,Dairy,112,130903,79089,946200,815297,1121.8,4262.5,442.2,98.2,485.2
30294,28309,Forest,32,22834,0,137861,115027,-412,64,96.9,6.5,12.8
30295,27794,SNB,32,852,704,51045,50193,84.6,148.3,23.8,5,34.5
30296,27067,Dairy,80,75738,75738,676072,600334,748.6,2558.5,111.5,36.1,75.4
30297,28624,Dairy,112,169693,169693,1060114,890421,1042.9,1670,39.4,17.7,96.2
30298,28231,SNB,80,49075,49062,419181,370106,459,1604.4,116.4,26,137.6
30299,28533,Dairy,32,58330,58330,315085,256755,331.9,1204.3,128.2,25.6,130.3
30300,27619,Dairy,80,71291,70741,739915,668624,774.6,1354.2,23.5,18.6,68.7
30301,27280,Dairy,176,166617,166617,1153016,986399,1429.5,6154.1,85.8,70.8,314.4
30302,27057,Forest,80,44140,44140,320172,276032,-962.1,160.8,240.7,16,32.1
30303,27842,Dairy,48,45888,45875,322912,277024,406.3,1625.4,20.2,18.5,76
30304,28229,SNB,80,20077,19838,204188,184111,-316.7,308.6,150.7,16.3,79.6
30305,27468,SNB,304,62227,12646,474397,412170,932.6,3246.7,4408.1,149.4,1170.7
30306,28572,Forest,112,120282,120282,642914,522632,-620.7,1427.9,366.6,43.8,189.1
30307,27659,Dairy,64,99356,71247,534772,435416,626.8,2154.7,89.3,29.4,100.1
30308,27885,Forest,128,100508,0,562068,461560,-1800.4,257.7,388.1,25.7,51.8
30309,28464,Forest,96,101509,42102,671974,570465,-141,1978.2,333.6,51.8,245.3
30310,27225,Dairy,272,277473,71086,2072690,1795217,2413.3,9408.9,422.5,141.5,549
30311,27864,Dairy,96,53805,0,869389,815584,896.6,1427,10.2,12,69.7
30312,26864,Dairy,64,121801,68797,589037,467236,604.5,2326.3,256.4,54.9,263.7
30313,27109,Dairy,208,237001,236904,1503823,1266822,929.2,5906.4,659.1,125.2,623.4
30314,28155,Dairy,64,45744,7425,568962,523218,560.3,976.1,6.7,7.9,23.9
30315,27150,Forest,384,240017,149761,1506789,1266772,-4307.2,766.6,1154.1,77.2,150
30316,26959,Forest,112,91759,32860,645682,553923,-333,900.3,226.9,25.9,116.8
30317,27878,Dairy,96,104946,104903,722012,617066,883.9,3752.6,384.4,82.1,374.6
30318,28319,Dairy,144,151002,151002,893355,742353,976.9,3843.5,379.1,78.4,539
30319,27640,Dairy,144,229019,229019,1399544,1170525,1501.9,5236.3,571,119.8,633
30320,27384,Forest,80,73103,0,510303,437200,-288.6,1312.2,178.1,31.2,86.6
30321,26994,Dairy,48,13575,13575,386758,373183,414,714.6,5,5.9,33.7
30322,28512,Forest,48,59044,34832,409625,350581,471.4,1827.7,56.5,32.7,197
30323,27936,Dairy,144,172602,172215,1372559,1199957,1412.5,4774.6,60.3,53.1,117.2
30324,28219,Dairy,352,371424,371370,2135889,1764465,1761,6784.5,416.2,109.2,569.8
30325,27482,Dairy,112,172625,172612,1108986,936361,1093.9,1887.6,43.7,26.4,103.9
30326,28078,Dairy,64,78232,78124,578506,500274,551.2,1548,16.7,16.6,38.9
30327,27335,Crop,144,190482,190256,603929,413447,159.7,2546.4,50.7,33.9,11.7
30328,26926,Dairy,96,96529,96206,814809,718280,906.7,1594.3,95.6,26.8,198.9
30329,27496,Dairy,48,49149,6870,429334,380185,400.7,1685.6,32.3,23.3,57.3
30330,28277,Dairy,48,67041,66944,455385,388344,479.1,1637.5,67.4,23.1,88.4
30331,27810,Forest,64,57409,37978,289683,232274,-810.8,128.8,188.6,12.8,24.6
30332,28129,Forest,160,163760,63154,1159299,995539,-676,2695.6,544.9,72.8,337.1
30333,27241,Dairy,64,97961,97961,613549,515588,658.2,1062.5,65,18.4,136.6
30334,26946,Dairy,64,90282,90282,626550,536268,665.5,2451.8,252.9,55.7,282.4
30335,28356,Forest,32,15636,0,133726,118090,-428,65,90.5,6.4,13.4
30336,27627,Dairy,48,47878,47749,517316,469438,504.7,718.1,16.6,7.7,18
30337,27162,Dairy,64,35539,0,662690,627151,581.7,2140.2,27,23.5,62.7
30338,27174,Forest,80,53104,53104,350177,297073,-1061.1,160.2,237.5,15.8,31.7
30339,27472,Dairy,160,178156,131997,1435280,1257124,1507,2591.7,38.5,32.1,239.5
30340,27391,Dairy,80,64499,64428,661050,596551,708.3,1154.5,8.3,10,57.3
30341,26900,SNB,176,28294,28294,319054,290760,592.6,1971.2,735,69.9,631.1
30342,27604,SNB,128,23635,23635,369985,346350,483.2,1442.6,1658.4,65,534.9
30343,26978,Dairy,48,52972,52806,428805,375833,417.7,1617.3,32.2,21.4,84.4
30344,27090,Dairy,96,148067,101853,874339,726272,959.7,3651.7,375.8,82.5,255.4
30345,27687,Dairy,128,126705,119572,997247,870542,1143.4,1990.2,41.5,20,88.6
30346,28539,Dairy,80,85846,85631,752459,666613,767.2,1721.3,38.1,26.1,89.3
30347,28154,Dairy,64,106030,105869,693096,587066,618.3,1395,33.3,20.1,148.1
30348,27042,Dairy,64,77542,77477,519353,441811,550.6,1519.6,16.5,15.7,36.1
30349,27230,Dairy,128,124227,123904,1116931,992704,1243.5,2719.7,160.2,42.7,231.5
30350,28665,SNB,64,23947,23947,305542,281595,373.7,631.1,62.1,9.6,49
30351,27008,SNB,272,17051,6033,270372,253321,668.7,2788.3,536.8,60.4,441.4
30352,27294,SNB,32,-2174,-2174,84171,86345,104.5,149.4,112.9,7.9,53.9
30353,27007,Dairy,32,39929,39875,280198,240269,307.9,485.6,32.1,9.3,63.6
30354,27041,Dairy,144,166958,166490,1211587,1044629,1299.9,4475.2,137.2,77,242
30355,28268,Forest,64,54639,41910,294307,239668,-921.3,127.3,191.4,13,25.2
30356,28586,SNB,64,878,0,164668,163790,212.3,648.5,250.5,17.1,118.6
30357,27363,Dairy,80,111429,59451,763102,651673,730.6,2558.2,33.5,30.6,133.4
30358,27834,SNB,64,20,20,80481,80461,152.5,309.8,160.2,11.7,70.5
30359,27198,Dairy,96,116560,116219,864213,747653,880.4,1605.9,22.4,17.9,67.2
30360,27728,SNB,64,13974,13970,220889,206915,-345.8,300.8,123,11.6,49.7
30361,28715,Forest,32,18759,18759,142135,123376,-458.9,64.9,95.6,6.5,13.3
30362,28301,SNB,64,3652,3523,63406,59754,164.3,635.9,387.8,17.8,116.1
30363,27267,Forest,272,120617,0,1106810,986193,-2784,768.5,779.7,56.2,118
30364,28423,Dairy,48,54547,54504,436443,381896,438.8,1832.9,56.8,32.4,161.2
30365,28603,Forest,48,42761,26064,215975,173214,-625.9,95.8,140.7,9.6,19.2
30366,28420,Dairy,96,186090,186090,883684,697594,971.3,3682.8,346.9,78.8,382
30367,27327,Dairy,128,97102,41017,1109627,1012525,1162.2,2195.5,38.4,29.2,235.5
30368,28140,SNB,128,20620,1309,301808,281188,-388.1,756.5,883.7,39.3,255.8
30369,27144,Dairy,112,97105,77407,783258,686153,959.2,3892.6,94.3,46.2,145.7
30370,28471,Dairy,48,68657,68657,482532,413875,515.5,1771.2,102.8,34.4,196
30371,27004,Forest,208,140769,113026,865444,724675,-2449.8,548.4,865.4,46.5,140.5
30372,28022,Dairy,64,55232,55232,496362,441130,558.1,1316.1,24.8,17.1,54.6
30373,27130,Forest,96,104911,53997,882425,777514,599.2,1687.8,174.2,35.7,196.7
30374,28033,Dairy,64,64837,64708,591174,526337,655.9,1072.3,63.7,16.9,61.4
30375,28643,Dairy,64,69708,25895,398032,328324,528,2457.9,76.7,42.2,253.8
30376,28308,Forest,64,11247,7269,182805,171558,-245.1,290.1,142.2,11.9,48.6
30377,27386,Forest,208,112086,87345,913965,801879,-3039.1,417.7,622.5,41.6,84.9
30378,28012,Dairy,48,51485,51485,315053,263568,427.9,738.7,16.8,7.7,40.1
30379,28584,Dairy,64,74613,74441,689560,614947,682,2142.8,87.6,29.1,57
30380,27940,SNB,96,3250,0,154099,150849,277.2,625.7,470.8,22.2,169.8
30381,26869,SNB,240,24018,0,380489,356471,691.5,1547,1482,64.6,478.3
30382,28550,Dairy,80,94498,94498,666851,572353,710.2,2547.3,41.4,31.1,152.9
30383,28688,Dairy,32,52372,38528,361229,308857,327.6,1125.4,38.1,21.1,123.9
30384,27445,Dairy,64,102079,60118,564997,462918,557.5,2456,75.5,42.9,124.4
30385,28416,Dairy,80,90997,90993,613814,522817,689.2,1199.4,23.3,13.7,55.1
30386,27248,Dairy,64,134608,134452,657038,522430,633.6,2352,76.4,43.5,169.8
30387,27478,Dairy,144,188079,129642,1262638,1074559,1374.5,2618.2,101.5,46,270.3
30388,27436,SNB,304,-12689,-12689,441473,454162,753.7,1312.8,118.4,33.8,196.7
30389,27841,Dairy,160,190477,190477,1507122,1316645,1612.2,5123.4,201.6,68.4,132.9
30390,27786,Forest,80,67795,0,729790,661995,749.8,1199.8,8.4,10,29.3
30391,28053,Dairy,64,50080,49994,401439,351359,508.5,900.1,6.6,8,24.8
30392,26986,Forest,112,80788,12243,543822,463034,-783.2,1277.4,283.5,30.5,58.6
30393,27431,Dairy,96,114595,79091,827249,712654,919.6,3562.7,387.6,78.6,406.3
30394,28342,Dairy,80,119265,72023,783936,664671,772.1,2821.3,96.2,52.6,156
30395,26917,Dairy,80,69969,69969,463281,393312,42.1,1924.9,153.6,38,203.2
30396,28396,Dairy,48,46188,22911,469649,423461,418.8,709.5,5,6.3,35.2
30397,27022,Dairy,384,593998,593895,3680163,3086165,3828.5,14676.9,458.1,258.8,780.3
30398,28490,SNB,80,6887,6833,76885,69998,204.4,789.3,1167.7,34.5,277.2
30399,27372,Dairy,304,375663,375663,2155640,1779977,2689.5,5066.5,91.3,70.7,555.8
30400,27069,SNB,112,11425,11393,130643,119218,302.3,947.4,1309.1,42.9,304.5
30401,27010,SNB,96,28683,0,158778,130095,16.4,951.3,439.6,35.6,283.5
30402,27860,SNB,208,14131,14099,218971,204840,517.6,993.5,833.3,51.3,322.4
30403,28469,Dairy,48,54501,54458,301998,247497,415.8,991.3,25.2,11.2,51.3
30404,26875,Dairy,176,224915,59019,1701168,1476253,1691,2631.9,82.4,31.5,133
30405,28295,Dairy,160,204288,204189,1014414,810126,1263.3,2654.3,41.9,32.2,124.1
30406,27683,Dairy,112,142613,142613,881518,738905,1007.1,2907.7,95,37.3,150.7
30407,28610,Forest,32,40454,40454,157341,116887,-470.2,64,101.1,6.4,13
30408,27277,SNB,320,-3400,0,445062,448462,768.1,1375.6,309,41.4,242.8
30409,27528,Forest,112,46231,38948,430629,384398,-1318.6,222.5,337.9,22.3,44
30410,27803,Dairy,144,150886,150776,1386875,1235989,1345.1,2381,37,29.8,230.5
30411,28045,Dairy,128,199700,137701,1415287,1215587,1356.8,4913,514.3,108.2,589.7
30412,28503,Dairy,80,106270,34324,704651,598381,765,2970.7,318.6,66.9,371
30413,28096,Forest,80,47192,30299,345328,298136,-1073,159.8,239.4,16.1,32.2
30414,28717,Dairy,32,28898,13054,275424,246526,266.3,472.2,3.5,4.1,22.2
30415,27259,Dairy,176,176592,30430,1092378,915786,1430,5953.3,241.6,86,347.6
30416,28334,SNB,48,10364,5548,90362,79998,175.8,547.4,668.1,23.6,185.8
30417,27046,SNB,64,4138,4121,100167,96029,180.7,311.2,74.6,13.1,90.8
30418,28473,Dairy,144,123591,123266,926417,802826,1148.6,3081.6,157.3,50,305.4
30419,27362,Forest,96,76421,48973,407322,330901,-1260,191.7,287.6,19.4,39.2
30420,27293,SNB,144,15380,15341,140803,125423,343,1431.1,259.9,32.5,228.8
30421,28358,Dairy,112,158504,158504,984200,825696,1056.6,3889.1,156.1,53.9,203.1
30422,27059,Dairy,144,224816,224816,1408731,1183915,1577.7,5644.1,578,124.3,657.2
30423,28051,Dairy,32,29850,29850,282099,252249,327,1180.2,130,27.6,144.2
30424,28174,SNB,32,3723,122,57464,53741,107.6,154.1,118.4,8.4,50.6
30425,28612,Forest,80,126106,47459,630192,504086,731.5,3010,277.8,59.4,161.2
30426,27923,SNB,96,-2525,0,111822,114347,231.1,446.7,75.9,14.6,103.2
30427,28181,Dairy,80,122099,122095,676552,554453,696.6,2998.9,261.3,61.7,151.2
30428,28224,Dairy,176,147785,4483,1444695,1296910,1533.8,2653.9,18.5,21.8,130.4
30429,28004,Forest,272,139658,139658,1045645,905987,-3075.8,544.4,815.8,54.5,108.6
30430,27086,SNB,240,33727,14212,249231,215504,657.8,2619.8,4040.4,122.6,962.6
30431,26970,Dairy,208,246021,214664,1432211,1186190,1801.2,6935.6,425.6,118.3,519.6
30432,28654,SNB,192,-2895,0,206592,209487,439.8,853.8,80.5,20.9,121.4
30433,28415,Dairy,80,95971,58655,690924,594953,784.3,1348.4,78.1,23.4,79
30434,27769,Dairy,144,141578,140703,904956,763378,1131.5,4003.2,45.1,43,96.2
30435,27219,Forest,96,66466,66466,433683,367217,-1432,191.5,285.2,19.3,39.6
30436,27772,SNB,64,16857,12319,115531,98674,-51,571.9,892.2,26.8,196.8
30437,27177,Dairy,112,159283,47662,986090,826807,1078.6,3787.6,156.7,52.2,216.5
30438,26892,Forest,80,45654,45654,316101,270447,-988.5,160.5,243.6,16.3,32.4
30439,28575,Dairy,64,80554,80537,578132,497578,566.3,962.2,6.7,7.9,23.8
30440,27211,SNB,240,215579,99086,2061184,1845605,2208.5,3960.7,71.5,55.9,217.4
30441,27153,Dairy,160,149014,149014,1301720,1152706,1452.3,2425.2,55.3,25.1,66.6
30442,27272,Dairy,208,374392,374392,2036010,1661618,1759.5,7113,685.6,150.4,732.8
30443,28680,Dairy,64,17419,16591,569968,552549,584.6,900.7,22.4,10.1,25.7
30444,28553,Dairy,128,134312,38969,950057,815745,1081.7,2171,38.5,29.4,168.9
30445,27265,Dairy,128,124196,30136,1288333,1164137,1278.5,1931.8,44.7,20.1,99.3
30446,28721,Dairy,48,39388,39388,440468,401080,448.3,721.3,17,7.7,39.4
30447,27138,SNB,64,6941,0,140760,133819,214.2,677.5,934.8,31.4,252.7
30448,27032,SNB,64,-6079,0,81499,87578,153.4,289.8,42.7,7.6,44.8
30449,27029,Dairy,128,123363,123009,1024051,900688,815.8,1734.9,86.8,20.8,79.9
30450,28507,SNB,48,11348,4999,115113,103765,-112.9,334.7,97.3,10.8,61.7
30451,28414,Dairy,32,14343,14339,219524,205181,278,1219,82.2,23.9,129.2
30452,28522,Forest,48,40830,33968,217102,176272,-600.1,96.3,142.8,9.6,19.9
30453,27731,Dairy,112,143323,143323,732987,589664,923.6,3867.6,92.4,46.5,90.4
30454,27332,SNB,464,37580,37576,486596,449016,1130.7,4284,2408.8,118.4,749.9
30455,27359,Forest,48,54745,54745,235108,180363,-712.7,96.5,142.6,9.7,18.4
30456,27571,Dairy,384,380391,379885,2608828,2228437,3133.3,6329.6,114.8,88.9,566.2
30457,27805,SNB,64,-2488,0,151563,154051,205.8,288.9,74.4,9.2,47.3
30458,28711,Dairy,32,58061,47685,337782,279721,294.5,1063.2,13.1,11.7,25.6
30459,27934,Dairy,64,94191,94191,449895,355704,585.2,2466.4,76.7,44,259.3
30460,27139,Dairy,80,79517,63898,596507,516990,699.9,1802.4,46.8,29.8,103.6
30461,28237,Dairy,64,42238,42098,480552,438314,537.6,958.1,9.8,10.1,49.3
30462,27331,SNB,224,43512,43074,515064,471552,-901.3,1039.4,670.4,43.5,184
30463,28116,SNB,112,19294,12745,156615,137321,78.9,940.9,1378.6,46.1,327.4
30464,27315,Forest,64,60131,60131,295685,235554,-830.7,127.4,192.6,12.9,26.7
30465,27796,Forest,96,67568,67568,427514,359946,-1334,191.7,285.6,19.2,37.8
30466,28530,SNB,64,-12726,0,159261,171987,168.9,283.7,22,6.9,41.7
30467,27822,Dairy,96,94053,66373,719755,625702,848.4,2016.3,111.5,31.3,141
30468,27933,Dairy,80,113274,113274,701538,588264,746.6,2589.5,33.8,28.3,135.4
30469,28290,Dairy,96,97727,97710,767044,669317,114.3,2443.8,173.9,50.3,298
30470,28059,Forest,48,50138,50134,243429,193291,-313.9,735.2,116,17.1,81.5
30471,27896,Dairy,64,74350,22686,445677,371327,559.2,2197.2,90.4,29.4,117.1
30472,28397,SNB,80,10117,10117,82949,72832,227.3,886.6,1282.2,41.2,325.8
30473,27376,Dairy,80,125830,99054,732342,606512,811.1,3152.9,95.6,51.5,321.5
30474,27674,Dairy,80,65268,65214,478676,413408,636.5,1323.8,24.3,17.8,139
30475,26996,Dairy,32,24455,24455,296771,272316,262.8,1155,13.3,12.5,26
30476,28265,Dairy,48,94391,94294,543665,449274,495.7,1726.4,65.9,23.9,85.8
30477,28193,Dairy,64,62300,62214,482913,420613,621.4,2422,254.8,53.4,143.2
30478,27752,Forest,64,46924,36150,286513,239589,-856.3,127.7,189.6,12.9,25.8
30479,27422,Dairy,224,305225,304623,2128007,1822782,2374.6,8648,891.5,190.2,509.6
30480,28133,Dairy,80,62915,62741,657508,594593,772,2887.8,147,46.6,202.3
30481,27645,Dairy,144,57612,57128,1287752,1230140,1357.2,2128.9,15.1,18.6,106.8
30482,28261,Dairy,80,87912,40558,677206,589294,694.1,1200.3,8.4,10.2,29.8
30483,28629,Dairy,96,109634,77472,842193,732559,904.5,3267,134.3,46,170.9
30484,27178,Dairy,64,67625,67625,407821,340196,496.8,1855.6,68.3,24.3,48.5
30485,28139,Forest,64,33889,0,255399,221510,-714.7,129.3,193.5,12.9,25.9
30486,27773,Dairy,64,103281,63425,623852,520571,633.8,2409.2,78,43.8,269.8
30487,28131,Dairy,80,103259,103119,493453,390194,58.6,869.7,123.5,16,62.1
30488,28027,SNB,80,7613,0,212193,204580,255.2,357.6,84.8,11.1,58.9
30489,28708,Dairy,48,55043,13062,409326,354283,414.5,785.1,14.4,10.9,83.1
30490,28403,Forest,96,76404,67421,432462,356058,-1376.5,191.5,280.2,19.3,37.4
30491,28426,Dairy,112,117462,117462,740910,623448,980.2,4262.6,406.2,96.1,509.7
30492,28080,Forest,112,67020,47136,436180,369160,-1292.3,223,337,22.5,45.7
30493,27460,Dairy,80,86869,86869,684954,598085,791.6,1328.6,80.2,23.4,169
30494,28138,Dairy,112,111849,57950,953225,841376,974.1,1670.8,11.6,14,41
30495,26877,Crop,48,62276,62179,196661,134385,43.6,418.5,4.3,5.8,1.8
30496,27006,Forest,112,84557,84557,515301,430744,-1642,224,334.9,22.1,44.2
30497,27087,SNB,384,-23555,0,478803,502358,916,1750.8,277.6,56.4,361.2
30498,27519,Dairy,64,70792,70792,595337,524545,653.9,2278.4,89.3,27.9,113.2
30499,27970,Dairy,128,194009,194009,1119339,925330,1129.6,4338.9,53.5,49.5,101.8
30500,28525,Dairy,48,64880,64880,416682,351802,421.4,1784.3,57,33.8,93.9
30501,28496,SNB,128,75524,13433,826722,751198,863.4,2411.4,226.6,51.8,204.7
30502,28104,Dairy,128,205261,155316,1023819,818558,1237.8,4908.6,507.6,107.1,579.2
30503,27484,Dairy,224,364805,219258,2170198,1805393,2397.5,8248.8,894.7,189.5,1022.1
30504,27573,Dairy,176,304462,304462,1955936,1651474,1866.3,6106.7,245.9,80.6,316.8
30505,26930,Forest,240,10715,0,233007,222292,553.2,1149.1,310.1,49,337.9
30506,28144,Dairy,32,27986,27986,298975,270989,316,1180.1,130.9,28.3,154.4
30507,27650,Crop,240,209973,35232,1058123,848150,-1180.2,1468.7,299.1,36.9,43.8
30508,27118,Dairy,64,47432,47423,610219,562787,610.8,971.2,6.6,8.3,35.6
30509,28622,Dairy,48,62366,62366,448870,386504,523,1819.3,192.1,39.6,207.8
30510,28594,Dairy,32,44376,44376,306354,261978,333.4,1248.4,127.5,26.1,147.8
30511,27745,Forest,80,55551,21080,406368,350817,-269.2,1368.2,272.3,36.4,161.9
30512,27995,Dairy,48,90394,90394,436141,345747,496.4,1893.6,189.9,43.2,213.9
30513,27985,Forest,256,5782,0,441847,436065,821,1260.8,871.7,62.7,411.6
30514,27154,Dairy,96,110748,110449,667402,556654,800.4,2836.9,30.4,27.6,129.4
30515,28609,Dairy,64,74228,74228,397811,323583,191.1,818.2,59.4,13.7,52.2
30516,28560,Dairy,80,116008,115976,726230,610222,775,2476.3,93.9,33,117.2
30517,28348,Dairy,80,101729,101729,681314,579585,756.2,2907.3,260.1,61.9,309.8
30518,27694,Forest,80,45935,39485,331594,285659,-898.7,160.6,242.6,15.9,32.4
30519,27566,SNB,192,21921,21832,254295,232374,559.2,2020.9,2025.5,81.5,677.5
30520,27420,Dairy,128,120734,84314,923639,802905,1053.1,1873.3,13.2,16.5,51.5
30521,27919,Dairy,32,43678,16365,333677,289999,349,1185.3,130.3,27.7,147.6
30522,27024,Forest,80,40913,23493,344600,303687,-1080.2,161.1,239.6,16.1,32.2
30523,27527,Forest,192,95794,95794,738242,642448,-2131.2,384.3,566.3,38.6,76
30524,27740,Dairy,192,225114,152212,1880027,1654913,1893.2,5045.6,172.4,63.8,263.2
30525,27469,Dairy,64,70610,70610,599186,528576,605.6,2553.5,76.4,46.4,263.8
30526,27526,Dairy,160,185849,108426,1021538,835689,1315.8,5765,417.7,115,625.7
30527,27832,Dairy,48,44781,44781,290939,246158,368.1,1873.1,56.6,33.1,198.2
30528,28223,Dairy,64,32631,32631,574994,542363,576.1,971.6,6.8,8.2,44.9
30529,27781,Dairy,96,92794,92768,810565,717771,873.4,1450.6,10.2,12.5,68.5
30530,26907,Forest,1280,681034,520407,5010973,4329939,-14911.2,2553.5,3844.4,256,512.6
30531,28121,SNB,112,8527,0,113544,105017,302.1,1212.1,1872.1,55.9,447.9
30532,28020,Dairy,96,138173,88504,754053,615880,933.9,2987.8,264.1,61.2,173
30533,28202,Dairy,96,161309,161309,898107,736798,994.6,3764.7,383.2,83.2,431
30534,27579,Dairy,64,96395,96395,447488,351093,536.8,2375.2,76,43.4,258.8
30535,27880,Dairy,96,93604,93421,843863,750259,498.1,1245.9,57,12.8,64.7
30536,27608,Crop,32,59163,59163,148635,89472,34.4,500,10.9,7.4,2.6
30537,28153,SNB,144,19716,14203,231324,211608,405,1526.7,619.8,52.3,446.4
30538,27453,Dairy,96,116501,116475,882930,766429,981.2,1559.5,28.3,22.5,84.9
30539,28723,Dairy,64,81637,81422,446888,365251,578.8,1103,64,18.5,132.8
30540,27844,Dairy,176,211821,211541,1546981,1335160,1601.3,2590.3,51.4,29.3,85.7
30541,27275,Forest,64,85789,34229,566090,480301,614.9,2296.4,87.4,31,114.3
30542,27531,SNB,240,85537,31861,693654,608117,-440.2,1632.4,1887.1,84.5,568.9
30543,27286,Dairy,192,261424,167230,1440076,1178652,1856.7,6898.6,659,144.2,753.2
30544,27039,Forest,144,80083,0,768602,688519,-1314.2,1353.4,378.3,44.3,178
30545,28632,Dairy,32,42792,27308,223922,181130,317.8,1212.1,128.7,26.7,72.5
30546,28314,Dairy,160,153053,32771,1439362,1286309,1491.6,2756,72.4,30.2,69.5
30547,27269,Dairy,112,137088,61528,979847,842759,1079.1,4200,134.3,77.3,455.4
30548,27159,Dairy,64,58963,58814,599920,540957,667.8,1032.5,19.1,14.7,73.1
30549,26977,Forest,112,44050,0,375920,331870,-729.6,637.1,890.8,36.8,212.3
30550,28316,Dairy,64,81139,81139,598675,517536,630.3,2187.3,253.4,52.7,155.7
30551,27798,SNB,48,8335,4556,85025,76690,134.8,496.6,330.7,16.2,117.6
30552,27164,Dairy,96,125533,66000,905914,780381,916.2,3315.7,40.3,35.4,155
30553,28312,Dairy,64,74372,74372,529815,455443,203.4,1855.1,110.4,34.4,207
30554,27257,Dairy,80,104076,81885,712429,608353,812.4,3036,322.8,70.2,354.1
30555,27766,Forest,288,151878,115331,1116889,965011,-3332.7,574.7,871.9,57.3,117.1
30556,27355,Forest,64,51855,51855,298840,246985,-914.1,128.1,194,12.9,25.2
30557,28534,Forest,48,36477,28821,284228,247751,-289.9,638.7,158.5,19.8,50.3
30558,26932,Dairy,48,59872,4992,409938,350066,89.2,1293.4,137.9,23.6,99.8
30559,28227,Forest,112,147821,51280,1056860,909039,1016.7,1705,38.9,18.3,44.5
30560,27171,Dairy,112,99339,0,1043036,943697,1031.7,1819.6,14.9,15.7,100.8
30561,27152,Forest,64,56113,56113,291684,235571,-918.8,126.9,197.8,12.9,25
30562,27454,Forest,80,4649,0,88359,83710,206.4,467.1,396.1,18.3,119.4
30563,27730,Dairy,48,54346,54094,419148,364802,425.4,715.6,5,6.1,16.6
30564,27855,Dairy,80,75228,75067,742966,667738,761.4,2761.1,113,36.7,155.1
30565,26983,Dairy,160,264636,104196,1513079,1248443,1534.3,5383.7,190.1,70.1,138.7
30566,28650,SNB,32,955,797,29814,28859,76.2,304.4,183.6,8.2,58.9
30567,27467,Dairy,128,168459,168459,1222477,1054018,1182.6,1958.3,16.7,18.1,54.1
30568,28555,Dairy,80,117910,117910,765816,647906,840.3,3239,320.2,68.7,378.7
30569,28148,Forest,64,38785,25267,267744,228959,-852.2,127.5,191.2,12.9,25.2
30570,28393,SNB,112,7054,2541,111241,104187,270,544.9,463.8,28.1,181.3
30571,27338,SNB,256,6067,6035,265527,259460,630.4,2581.2,450.2,56.4,402.2
30572,27982,Dairy,112,196832,109226,1123091,926259,1132.5,4315.5,446.9,94.6,402.4
30573,27200,SNB,160,30749,10089,400210,369461,-237.7,820.1,703.9,41.1,262.5
30574,27485,SNB,192,7054,0,323451,316397,302.7,1389.1,1369.7,53.7,422.4
30575,28561,Crop,48,53553,29410,182894,129341,52.6,618.7,17.8,10,4.3
30576,27515,Dairy,176,184080,184080,1278695,1094615,1461.3,4407.9,115.3,73.2,394.4
30577,28684,SNB,48,1124,1111,45358,44234,107.4,494.8,79.7,10.7,77.9
30578,26927,Dairy,112,171359,122813,1122946,951587,1183.8,4207.7,405.3,93.4,475.4
30579,27502,SNB,80,4142,4142,205790,201648,260.6,382.3,274.5,19.2,128
30580,28442,Forest,80,56500,49106,327397,270897,-899.4,159.7,242.7,16,32.2
30581,28587,Dairy,96,107008,106954,821356,714348,905.3,1531.3,95.5,27.5,97.3
30582,27189,Dairy,64,86602,86285,596406,509804,593.2,996.8,19,14.5,59
30583,28677,Forest,64,42433,0,283960,241527,-847.9,128.4,195.3,12.8,25.1
30584,27407,Dairy,48,59681,27720,440763,381082,459.2,1421.8,43.1,25.7,144.7
30585,27205,SNB,80,23032,22924,199259,176227,-291.7,375.5,136.7,13.1,58.9
30586,26993,Forest,144,104504,81724,670315,565811,-1753.6,545.6,390.7,28.2,64.8
30587,28404,Dairy,80,69718,69718,794026,724308,776.1,1229.9,8.3,9.6,29.2
30588,27342,SNB,240,18712,18228,227809,209097,579.5,2400.1,1487.9,65.2,428.5
30589,27921,Dairy,96,120767,53594,967305,846538,935.3,1682.9,28.9,22.2,91.2
