farm_id,farmer_id,farm_type,size_ha,gross_profit,current_profit,current_income,current_costs,ghg_emissions,nitrates,sediment,phosphates,e_coli
28727,28029,Dairy,96,125066,0,602343,477277,820.1,3563.6,385.3,83.1,436.1
28728,27973,Forest,32,28679,9978,142188,113509,-458.1,63.8,98.2,6.5,12.4
28729,28482,SNB,32,7794,0,59856,52062,114.2,348.2,446.7,15.9,131
28730,27066,Dairy,272,368722,0,2435931,2067209,2763.3,10590.5,1095.1,228.4,1177.1
28731,27200,Dairy,160,184020,0,1140106,956086,478.3,4111.5,487.5,93.7,479.2
28732,28010,Forest,96,72501,17009,437491,364990,-1344.9,192,281.3,18.9,38.2
28733,27493,Dairy,128,166021,0,1045463,879442,1274.4,4870.1,511,111.5,596.9
28734,28530,Forest,64,50436,8076,294603,244167,-874.2,126.8,192.4,13,26.6
28735,27246,Dairy,128,150259,0,1203543,1053284,1286.8,4905.9,515.7,111.5,570.5
28736,27937,Forest,64,39491,21449,281916,242425,-861.7,128.5,191.8,12.8,25.9
28737,27758,Forest,96,65135,3663,524414,459279,-1056.5,834.7,257.3,27.1,99.9
28738,28034,Dairy,80,121618,0,687167,565549,486.9,1065.6,112.3,21.3,134.7
28739,26952,Dairy,144,158562,0,962411,803849,1183,2173.8,48.6,24.8,146.6
28740,26972,Forest,432,205287,36544,1653780,1448493,-4882.7,862.4,1301.6,86.6,174.3
28741,27866,Dairy,80,119620,0,789377,669757,838.4,2780.5,192.5,47.9,191.4
28742,27626,SNB,592,47747,47693,577262,529515,1448.8,6068.1,5476.3,209.2,1624.1
28743,27250,Dairy,64,108291,0,738952,630661,666.9,2329.7,251.6,53.4,146.9
28744,27466,Dairy,288,294266,0,2372052,2077786,2427.1,10207.9,481.8,180.3,974.3
28745,27371,SNB,160,12872,0,339162,326290,518.5,1436,652.2,56.5,494.6
28746,26882,Dairy,256,311406,0,1665638,1354232,1973,8508.5,137.3,98.4,266.4
28747,27164,Crop,96,113871,0,394724,280853,99.1,1760.6,34.1,22.6,7.7
28748,27607,Dairy,208,262266,0,1693198,1430932,1812.7,6941.7,229.6,114.3,694
28749,28385,Dairy,80,105315,0,516724,411409,669.2,3137.4,96.9,57.9,323.9
28750,27601,Forest,128,95915,33590,579448,483533,-1820.3,256.5,383.5,25.6,51.1
28751,27132,Forest,320,192944,192944,1302979,1110035,-3529,1112.2,931.7,69.2,151.8
28752,28477,SNB,96,35774,3924,215061,179287,-244.6,660.3,363,27,203
28753,27788,Dairy,208,197840,0,1351707,1153867,1742.1,7398.6,948.8,167.4,596.2
28754,27659,Crop,64,78045,0,244653,166608,66.4,1168.4,23.7,15.3,5.2
28755,27917,Forest,144,177021,0,904684,727663,551.2,4349.7,534.6,100.3,474.7
28756,27149,Dairy,48,91483,0,460115,368632,505.2,791.8,47.7,14.1,94.2
28757,28316,Dairy,64,83309,0,592559,509250,638,2245.1,89,29.2,120
28758,28203,Forest,32,19440,4645,130228,110788,-373.8,63.3,100,6.5,13.3
28759,28594,Dairy,32,64294,0,314853,250559,321.5,1141.8,128.7,28.1,133.7
28760,27546,SNB,160,15151,15151,159637,144486,386.7,1621.6,957.8,43.5,290.1
28761,28224,Dairy,176,215703,0,1549187,1333484,1786.2,6664.9,706.8,151.4,801
28762,27432,Forest,240,149733,44450,915517,765784,-2677.2,482.2,722,48.1,94.5
28763,28698,Dairy,32,29781,29727,289558,259777,313.9,889.2,80.1,18,98
28764,27439,Dairy,96,100732,0,830432,729700,603.4,3054.5,365,70.1,366
28765,27413,Dairy,656,857194,0,5118182,4260988,6234.2,22790.8,1365.5,375.2,1265.5
28766,28164,SNB,80,19930,0,200356,180426,270.8,779.1,798.6,32.5,236
28767,28357,SNB,64,3594,0,59273,55679,145.3,285.3,99.3,9,42.5
28768,27061,Forest,128,53027,1080,458186,405159,-1225.7,301.7,405.2,26.2,70.5
28769,28500,Dairy,48,90728,0,549463,458735,514.6,1815.5,58.4,32.6,100.2
28770,27986,Dairy,128,144855,0,1113915,969060,1278.5,4786.7,511.6,110.6,554
28771,26967,SNB,256,37841,0,279149,241308,725.1,2809.9,4120.6,124.5,988.7
28772,27174,Dairy,80,108084,0,703741,595657,757.9,2697.8,111.6,36.4,141
28773,28134,Dairy,160,140925,140906,1024077,883152,785.5,4928,425.7,106.3,549.1
28774,27906,Dairy,64,58244,0,585059,526815,574.1,1917.3,21.7,20.1,81
28775,27044,Dairy,64,76953,0,677645,600692,654.8,2457.5,257.3,52.3,285.5
28776,27134,SNB,144,7242,7242,149135,141893,370.4,1455.7,858.7,40,246
28777,28677,Dairy,64,67874,0,548689,480815,572.9,2117.8,89.3,31.2,120.1
28778,27141,Forest,160,181851,0,1035762,853911,-254.1,2908,513.4,74.9,354
28779,28322,Dairy,48,49605,0,432016,382411,465.6,1825.6,55.5,34.1,157.6
28780,27201,Dairy,160,215107,0,1458267,1243160,1618.3,6024.5,640.8,135.9,695.2
28781,27789,Dairy,160,163300,0,933221,769921,1347.5,6005.4,560.8,125.3,635.9
28782,28182,Dairy,112,92406,0,945843,853437,1077.2,3889,239.9,66.6,293.6
28783,28662,Dairy,48,58201,0,417811,359610,509.5,1811.3,102.8,35.1,202.1
28784,28257,SNB,96,2293,0,215989,213696,317.5,969.6,759.2,35.2,272.4
28785,28284,SNB,32,8718,8718,95997,87279,111.9,380.7,408.5,16.3,140
28786,27879,Crop,48,77134,77134,216603,139469,55.6,1003.8,49.5,19,9.6
28787,27691,Dairy,128,124612,0,964597,839985,1144.6,3086.9,81.5,49.9,163.6
28788,27697,Forest,144,102094,31154,599077,496983,-1923,287.8,434.4,28.7,57.1
28789,28703,Forest,48,43195,0,209154,165959,-406.9,195.8,96,8.5,13.4
28790,27385,Dairy,176,219053,219053,1506183,1287130,1703.7,6765.8,208.9,120.6,703.1
28791,28420,Dairy,96,134918,0,777785,642867,505.8,2702.2,162.1,39.8,154.6
28792,28372,Forest,64,94531,0,636260,541729,666.8,2031.3,209.3,44.5,223.3
28793,27620,Dairy,128,123366,0,1057719,934353,1211,1935.4,45.1,20.7,103.6
28794,27860,SNB,208,12311,12311,212906,200595,501.9,1098.9,441.6,47.1,346.4
28795,28458,Forest,48,40723,0,241134,200411,-312.5,604,161.9,19,80.4
28796,27417,SNB,96,10022,10022,97077,87055,265,1042.7,1585.7,49.2,395
28797,27030,SNB,128,786,571,115847,115061,274.5,538.6,192.8,17.8,92.5
28798,26976,Forest,112,80933,7911,513631,432698,-1654.6,222.7,327.8,22.3,45.8
28799,27931,Forest,80,60771,11022,397627,336856,-775.3,767.4,211.7,24.8,92
28800,27287,Dairy,80,135713,0,774359,638646,827.3,3047.8,96.2,53.8,316.1
28801,26936,Forest,80,46049,0,344948,298899,-1071.9,160.2,239.8,16.2,32.1
28802,27387,Forest,32,10968,0,117806,106838,-354.3,64.3,94.8,6.5,12.6
28803,28174,SNB,32,2718,2718,59335,56617,114.2,341.6,460,16.1,129.3
28804,26873,Dairy,656,790359,790359,3834833,3044474,5358.6,24469.6,2626.4,548.3,2944.1
28805,27677,Forest,32,21216,0,133985,112769,-407.9,64.4,98,6.3,12
28806,28263,Dairy,32,31592,0,285457,253865,335,1196.9,126.2,27.6,143.7
28807,27551,Dairy,80,93528,93528,803451,709923,829.2,2394.8,224.1,51.4,279.7
28808,28156,SNB,256,-12527,0,278855,291382,556.7,1124.7,108,28.5,168.8
28809,27771,Dairy,80,74595,0,661803,587208,724.5,1719.1,38.3,25.6,186.2
28810,27424,Dairy,160,234656,0,1191548,956892,1399.3,6192.8,371.9,117.2,670.2
28811,28202,Forest,96,39413,0,413276,373863,-1285.9,193.3,285.7,19,36.9
28812,28667,SNB,96,-6791,0,122959,129750,225.1,561.3,81.8,13.9,93.2
28813,28283,Forest,64,56205,18912,303772,247567,-941.3,127.6,193.2,12.7,25
28814,26926,Forest,96,66058,3961,417264,351206,-1313.2,192,290.9,19.4,38.5
28815,27695,SNB,176,11945,0,182283,170338,437.1,1794.1,482.4,44.6,329.4
28816,28379,Dairy,64,61719,0,562918,501199,629.6,1528.5,76.9,23.7,123.2
28817,28199,SNB,240,24953,0,271189,246236,524.3,2353.4,394.9,51.6,363.7
28818,26939,Dairy,80,111331,110972,852145,740814,804.8,2715.9,48.9,31.7,83.2
28819,27179,SNB,368,46338,46338,275430,229092,853.9,3865,3411.9,152.4,1292.4
28820,27014,Forest,64,54190,9026,302519,248329,-930.1,128.6,190.2,12.7,25.2
28821,28180,Dairy,64,60166,0,602505,542339,573,2198.3,26.9,23.7,107.5
28822,27586,Dairy,64,78408,0,687167,608759,724.6,2505.9,255.7,54.1,137.6
28823,27406,Dairy,128,157388,0,1157930,1000542,1321.5,4438.3,300.2,77.2,285.5
28824,27871,SNB,272,42169,0,282975,240806,740.4,3068.4,4705.9,137.4,1080.4
28825,28428,Forest,80,69300,0,377508,308208,-1083.2,159.8,234.6,16.1,32.2
28826,28633,Forest,32,30495,11866,141410,110915,-466.1,64.2,94.5,6.5,13.1
28827,27636,Dairy,96,111910,0,833930,722020,873.4,3396.1,132.5,44.6,85.5
28828,28601,Dairy,80,112582,0,688680,576098,755.8,2812.5,109.4,36.4,87.8
28829,27739,Dairy,368,440307,0,3482502,3042195,3561.5,6162.2,110.8,85.7,667.2
28830,28344,Forest,144,73744,2149,557824,484080,-1626.2,288.3,439.5,28.8,57.6
28831,28510,Forest,80,39704,7476,275924,236220,-690.1,280.5,259.8,19.4,79.9
28832,27443,Forest,80,62398,11601,365427,303029,-1175.3,159.4,238.7,15.8,32.5
28833,28342,Dairy,80,135349,0,784312,648963,864.5,3007.1,322.3,68,381.9
28834,28313,Forest,64,47219,5368,287622,240403,-831.4,127.3,193.5,12.7,24.8
28835,28542,Dairy,48,50469,0,442006,391537,447.6,1570,20,16.7,37.8
28836,28293,Dairy,96,110800,110671,905978,795178,920.6,3250.1,113.9,47.7,204.2
28837,27648,Dairy,64,109531,109484,607174,497643,642,2338.9,210.8,50,181
28838,27658,Dairy,112,145349,0,806647,661298,924.5,1636.4,39.2,17.9,92.1
28839,27313,Dairy,112,148198,0,1250849,1102651,1043.1,3819.2,46.9,43.1,180.3
28840,28499,SNB,32,9286,0,106408,97122,109.1,328.8,117.2,12.9,114.4
28841,27718,Dairy,80,142988,0,818525,675537,731.5,3075.8,95.4,55.8,264.8
28842,28024,Dairy,64,75214,0,661127,585913,679.1,1716.9,157.7,35,174.2
28843,27324,Dairy,48,58548,0,335333,276785,440.2,1865,192.9,41.9,224.8
28844,28366,Dairy,64,70109,0,551176,481067,599.3,1081.7,19.1,15.1,117.4
28845,27185,SNB,64,16510,0,190704,174194,338,1158,773.1,37.6,258.5
28846,28467,Forest,48,25641,1233,187680,162039,-563.6,94.6,147.5,9.8,20
28847,28290,Dairy,96,142225,0,731511,589286,661.1,1657.9,30.2,21.8,120.8
28848,28360,Dairy,96,116104,115781,587920,471816,720.8,1451.5,33.4,14.9,39.7
28849,27547,Dairy,256,316514,315952,2052213,1735699,2336.5,9780.8,306,174.7,552.4
28850,27486,Dairy,80,83150,83085,803987,720837,818.5,2287,192.3,43.8,218
28851,27798,SNB,48,17444,961,128190,110746,-102.2,292.7,348.3,14.1,92.3
28852,27300,Crop,416,488123,0,4124468,3636345,4139.6,6466.2,238.7,84.4,502.9
28853,28242,Dairy,144,199044,0,1384645,1185601,1477.6,5406.9,574.8,122,325.7
28854,28375,SNB,32,-4495,0,80548,85043,89.2,140.3,10.3,3.5,21.2
28855,28135,Dairy,32,67305,0,330246,262941,304.5,1223.2,126.6,28.1,141.9
28856,26957,Dairy,96,117518,0,840959,723441,572.4,1369.8,72,22,158.1
28857,27096,Dairy,64,62800,0,520991,458191,620,2148.6,90,30.8,114.4
28858,27206,Dairy,112,129481,0,877817,748336,988.8,3792.7,155.1,55.3,97.9
28859,27943,SNB,80,13384,0,103749,90365,212.5,901,1278.5,39.5,319.3
28860,28339,Dairy,128,137621,0,839486,701865,409.7,3528.9,350.5,68.4,307.2
28861,28509,Dairy,64,73495,73398,564042,490547,661.1,2234.5,129.6,34.5,154.3
28862,27624,Dairy,176,243527,0,1772618,1529091,1837.6,6768.1,657.2,145.1,574.7
28863,27561,Dairy,64,46253,46253,481624,435371,-145.3,562.7,107.9,11.6,36.6
28864,28304,Dairy,64,54148,0,659206,605058,653.3,1067.3,62.7,17.3,78.5
28865,27337,Dairy,112,97684,0,1018307,920623,1089.4,1706.1,38.9,17.2,45
28866,27820,SNB,64,-4175,-4175,99701,103876,162.4,357.5,41.5,8.6,55.1
28867,27616,Forest,192,121505,12020,854339,732834,-2692.6,382.3,578.1,38.2,77.4
28868,28644,Forest,48,43471,15813,217471,174000,-697.3,95.5,147.9,9.6,19.5
28869,28600,Dairy,48,56779,0,454002,397223,444.5,780.8,14.2,10.9,43.2
28870,28000,Dairy,80,97348,0,610821,513473,674.4,1289.6,17.8,15.2,54.8
28871,26999,Forest,112,100919,0,539408,438489,-1158.3,827,355.5,31.8,108.4
28872,28184,Forest,48,23874,0,185689,161815,-383.8,243.6,289.8,14.8,76.4
28873,27057,Dairy,80,83645,0,467106,383461,322.8,2455.1,302.4,57.1,151.7
28874,28558,Dairy,64,61094,60965,542375,481281,562.8,2138.2,26.6,22,52.5
28875,26982,Dairy,80,92626,0,736733,644107,770.8,1333.3,81,22.3,160.7
28876,27972,SNB,96,15198,15172,170908,155710,314.4,1050.9,417.5,38.1,328.7
28877,28318,Dairy,32,38796,0,233498,194702,-80.8,288.6,64.6,7.7,37
28878,27567,SNB,160,72117,32377,486589,414472,-760.8,817.2,974.8,46.1,273
28879,28476,Dairy,64,71785,0,602431,530646,693.5,2434.3,256,56.1,291.6
28880,28657,Crop,64,102793,102793,301558,198765,-179.3,494.3,60.6,12.9,10.8
28881,27526,Dairy,160,192886,192671,1088170,895284,1440.9,4388.3,399.9,92,522.9
28882,27373,Forest,320,196964,9311,1303509,1106545,-2824,2161.8,896.7,76.8,198.3
28883,28466,Forest,64,24652,0,279385,254733,-834.1,129.1,194,12.8,25.8
28884,27108,Dairy,96,139034,0,875954,736920,864,1557.2,25.6,19.5,160.4
28885,28187,Forest,64,46974,12481,296130,249156,-972.4,129.2,193.1,12.9,25.7
28886,28062,Dairy,128,156614,156614,1131822,975208,1249,4780,515.3,107.4,586.6
28887,28016,SNB,112,-3439,0,220413,223852,307,849.7,115.3,19.2,142
28888,27772,SNB,64,5606,5593,71658,66052,168.6,693.1,310.2,18.6,136
28889,27359,Dairy,48,55328,0,509427,454099,483.1,1638.1,66,21.7,85.1
28890,28123,Dairy,80,90688,0,679347,588659,721.4,2793.4,33.9,32.3,134.1
28891,27276,SNB,192,20038,0,230021,209983,556.8,1908.4,2676.1,88.8,702.3
28892,28590,Forest,32,25635,7951,137360,111725,-443.3,64.4,96.4,6.4,12.3
28893,28227,Forest,112,85705,17465,507274,421569,-1531.4,223.9,338.9,22.5,45.8
28894,27732,Dairy,160,220807,0,1575916,1355109,1716.9,6132.1,644,138.4,691.1
28895,28441,Dairy,112,125504,0,1061398,935894,1102.5,1956.8,55.6,23.1,65.5
28896,27153,Dairy,160,175032,0,1333473,1158441,1436.7,2827.4,34.1,29.7,175.1
28897,27414,Forest,80,132655,0,361866,229211,92.6,1632.6,82.2,32.2,16.1
28898,27172,Forest,96,101764,0,593419,491655,-644.9,1354.1,232.5,33.6,141.5
28899,27011,Dairy,208,218737,0,1239021,1020284,411.7,5509.1,589.6,124.2,635.7
28900,27837,Dairy,144,197656,0,1391986,1194330,1418,5371.3,170.2,95.8,303.1
28901,27698,SNB,48,19812,19812,149320,129508,186.8,514.3,618.9,23.5,198.8
28902,28498,SNB,80,52468,52367,498967,446499,504.8,1744.3,305.4,40.1,238.9
28903,28479,Crop,64,112258,112258,282385,170127,69,1228.4,61.1,25.5,12.8
28904,28653,Dairy,48,85578,0,219258,133680,54.4,919.6,50.7,20.2,9.5
28905,27962,Dairy,64,101655,0,516241,414586,237,1866.1,104.1,37.4,200.7
28906,27468,Forest,304,170469,16557,1133595,963126,-3128,1029.2,1651.9,75,297
28907,27083,Forest,144,100278,10936,651446,551168,-2067.4,287.6,429,28.9,58.3
28908,28285,Dairy,64,65436,0,413113,347677,531.4,2055.8,458.6,48.4,272.9
28909,28042,Dairy,64,76530,76453,485591,409061,588.5,1058.9,19.5,15,114.9
28910,27508,Forest,416,209646,0,1655573,1445927,-4955.7,834,1246.1,82.4,167.4
28911,27267,Dairy,272,299602,298675,1634087,1334485,1855.9,9445.3,353.2,179.7,541.8
28912,27846,Crop,80,144766,0,356437,211671,84.2,824.6,20.1,15.5,7.3
28913,27654,Forest,128,52759,52750,363625,310866,-602.5,810,785.6,36.7,214.4
28914,26891,Dairy,48,61453,61453,449919,388466,502.2,1891.2,190.3,41.5,197.8
28915,27127,Forest,608,322105,62769,2432282,2110177,-6593.6,1723,1837.3,132.4,311.8
28916,27031,Dairy,96,81306,0,678042,596736,860.2,1449.4,43.7,17.2,95.8
28917,27049,Dairy,64,93873,93873,626302,532429,664.5,2377.6,257,56,246.6
28918,26955,Dairy,128,155895,0,840969,685074,1072,4777.4,91,63.9,316.5
28919,27813,Forest,128,91712,91712,567032,475320,-1653.4,255.5,388.6,25.6,50.6
28920,27717,Dairy,112,122591,0,814216,691625,630.7,1908.9,139.1,35.3,224.5
28921,27234,Dairy,144,220065,0,1455031,1234966,1472,3963.8,334.4,73.1,386
28922,27274,Dairy,352,394898,394898,2173946,1779048,2998.8,9934.2,961.4,209.7,1180.1
28923,26904,Dairy,80,107042,107042,828435,721393,834.3,3012.9,275.2,66,274.9
28924,27666,SNB,96,669,669,89788,89119,209.1,420.9,140.2,13.2,69.6
28925,27335,Forest,144,60239,0,625433,565194,-1444.1,523.7,466.8,31,105.1
28926,27142,Dairy,336,470746,0,2316384,1845638,2949.4,12471.2,1168.5,256.5,1029.9
28927,27709,Dairy,96,114996,0,802564,687568,547.6,2643.6,80.4,32.5,141.2
28928,27194,SNB,736,38911,38104,700692,661781,1691.7,5369,2889.4,156.1,958.6
28929,28452,Crop,96,127623,0,447158,319535,-159.2,1299,145.5,28.6,36.3
28930,28214,Forest,96,138291,0,901317,763026,976,3820.8,294.1,74.3,402.3
28931,28592,Dairy,32,43092,0,201295,158203,255.5,1249.9,128.2,27.5,143.1
28932,28557,SNB,64,9742,9742,67710,57968,175.4,706.7,1096.6,31.9,263.8
28933,28541,Forest,64,39469,39469,257721,218252,-802.9,127.1,192.1,12.8,25.8
28934,26922,Dairy,160,196718,0,1272832,1076114,1505.9,5957.5,191.2,109.4,361.7
28935,28163,Dairy,80,114620,0,764771,650151,839.7,2934.8,316.5,66.3,362.2
28936,28207,Forest,176,102012,0,801428,699416,-1363.2,828.7,444.9,36,86.1
28937,26947,SNB,144,10019,0,152452,142433,399.1,1453.4,2189,65.5,528.6
28938,27923,SNB,96,17486,17486,131549,114063,283.5,1068,1561.9,47.6,396.4
28939,28015,Dairy,32,59754,0,374450,314696,346.7,1220.9,125.4,28.6,140.8
28940,28442,SNB,80,14900,14900,85194,70294,219.2,876.9,1372.3,39.1,328.6
28941,27589,Dairy,48,64125,0,367723,303598,113.7,1343,88.4,24.9,126.1
28942,28147,Forest,96,65944,7709,439401,373457,-1289.4,192.5,285.3,19.1,38.9
28943,28613,Dairy,48,47318,47210,462590,415272,426.4,723.9,5,5.9,28
28944,27729,Dairy,192,280450,0,1797011,1516561,1875.7,6834.9,249.6,112.2,566.3
28945,27288,Forest,80,68242,0,667686,599444,671.7,1203.7,8.3,9.9,29.2
28946,27988,Dairy,96,117340,117340,893495,776155,943.7,3705.1,115.8,66.8,392.8
28947,26927,Forest,112,103324,26540,623415,520091,-1206.7,854.1,355.5,33.2,77.3
28948,26867,Dairy,96,186724,0,951767,765043,810.9,3574.8,336.2,75.6,367.8
28949,26901,Dairy,128,147180,0,1126951,979771,828.1,3886.1,203.8,55.9,217.7
28950,26945,Forest,176,98303,12514,709870,611567,-2155.3,352.3,529.2,35.2,69.8
28951,27075,Forest,256,222293,0,1331220,1108927,-585.5,4459.3,863,121.5,556.9
28952,27692,Forest,160,106747,3533,710955,604208,-2204.8,320,483.5,31.8,63.4
28953,28546,Forest,208,87460,87460,738499,651039,-2037.6,544.5,665.3,43.4,110.3
28954,28230,Dairy,112,219567,0,1177456,957889,1180.5,4307,441.2,92.2,299.3
28955,27637,Forest,224,216268,38355,1134041,917773,-871.6,3415.5,757.2,97.1,398
28956,27473,Dairy,144,229132,0,1326999,1097867,1477.9,5544.2,583.1,122,635.7
28957,27550,Forest,128,92154,17115,582068,489914,-1807,258.6,382.7,25.6,50.8
28958,26934,Dairy,208,375614,0,2364084,1988470,2184.8,7945.6,250.8,142.5,843.6
28959,27213,Dairy,112,120767,120767,870671,749904,421.5,2503.4,231.1,52,223.6
28960,27915,Dairy,48,61079,0,471290,410211,503.5,1848.1,102.2,34.9,128.4
28961,28426,Dairy,112,125922,0,768063,642141,943.3,2683.5,209.2,48.4,224.5
28962,27808,Dairy,80,82308,0,728786,646478,754.6,1225.9,8.3,10.1,28.2
28963,27450,Forest,112,87414,22827,494910,407496,-1575.7,223,338.1,22.5,44.5
28964,28161,Dairy,80,108205,108205,721259,613054,791.1,3156.6,325.8,66.8,356.2
28965,27760,Dairy,32,38924,0,279412,240488,314.6,1197.9,125.1,27.2,141
28966,28708,Dairy,48,25904,25619,392164,366260,388.7,713.5,5,6.3,16.8
28967,27655,Dairy,80,123311,123182,822520,699209,833.2,2955.5,320.1,66.8,186
28968,27619,Dairy,80,93992,93992,761455,667463,829.9,3037.6,323.9,69.9,362.2
28969,27530,Dairy,80,116166,116166,671966,555800,732.9,2954.6,315.5,69.6,346.5
28970,28204,Dairy,80,111351,0,745517,634166,748.7,2972.2,96.4,55.9,289.4
28971,27167,Dairy,64,104441,104344,585867,481426,630.8,1327.5,80.7,22.5,108.5
28972,27730,Forest,48,42017,0,285070,243053,-266.6,635.6,158,19.1,82.6
28973,28716,Dairy,32,21164,0,218267,197103,-102.4,607.3,72.6,10.6,38.4
28974,28373,Forest,128,121201,46351,600235,479034,-1817.5,255.9,388.9,25.6,49.9
28975,27078,SNB,176,4830,4292,198958,194128,444.7,970.4,269.8,37.7,292.8
28976,27463,Dairy,64,80422,0,436469,356047,555.4,2476.2,256.4,50.7,304
28977,27263,Dairy,80,131635,0,610522,478887,442.9,2444.5,306,55.6,282.5
28978,27563,Dairy,160,286392,286392,1804032,1517640,1821.2,6117.3,634.5,131.3,691.8
28979,27471,Dairy,144,164625,0,1006329,841704,1339.3,4068.1,369.5,84.5,473.3
28980,27594,Dairy,64,70099,0,618672,548573,675.5,2455.4,76.6,43.4,252.6
28981,27719,Dairy,176,248420,248050,1393875,1145455,1574.7,3846.6,92.2,59.7,297
28982,27122,Forest,48,44611,0,286849,242238,-311.3,602.4,158,20.4,88.1
28983,28718,Dairy,32,75460,4213,323368,247908,353,1185.2,130.2,26.9,148.7
28984,27280,Dairy,176,184216,0,1094058,909842,1222.7,4228.4,389.6,83.7,223.4
28985,28446,SNB,64,3997,3997,103051,99054,208.1,735.6,919.7,30.8,240.2
28986,27183,Dairy,272,395566,0,2855998,2460432,2572.6,9885.8,966.5,215.1,609.8
28987,28250,SNB,192,95657,19245,766308,670651,-2302.1,382.1,583.3,38.2,78
28988,28280,Dairy,96,148758,0,980785,832027,983.3,3575.4,291.2,75.9,243.5
28989,27262,Forest,48,36809,16728,193052,156243,-509.5,96.4,140.5,9.6,19.4
28990,27227,SNB,672,32374,0,1102912,1070538,1926.3,5680.7,3670.2,222.5,1831.9
28991,28211,Dairy,96,137774,0,665906,528132,891.8,3543.9,382,83.6,411.5
28992,27191,Forest,64,38429,38429,288187,249758,-871.4,128.4,198.7,12.9,25.7
28993,27071,Dairy,368,440085,0,2169644,1729559,2920.5,13226.8,1871.9,300,1662.3
28994,27162,Dairy,64,53179,0,653071,599892,648.6,950.3,22.1,10.7,26.1
28995,26892,SNB,80,4388,4366,73950,69562,182.2,783,144.2,17.4,126.5
28996,27021,Forest,384,252019,3072,1677846,1425827,-5161,765.7,1156.6,77.2,153.2
28997,27472,Dairy,160,187626,187626,1424313,1236687,1646,6144.6,637.7,134.7,752.5
28998,28370,Dairy,64,80680,80680,550725,470045,649.8,2529.9,256.1,55.2,138.4
28999,28294,Dairy,112,108314,0,968660,860346,1176.7,4276.5,447.1,97.9,528.4
29000,28554,SNB,64,8000,0,77529,69529,180.3,682.4,882.6,26.8,224.7
29001,27926,Dairy,144,156813,0,1020601,863788,1277.9,3163.9,72.4,49.6,348.7
29002,27728,Dairy,64,40800,0,478568,437768,239.6,1733.9,115.6,26.1,90.1
29003,28565,Dairy,64,125051,0,667669,542618,675.4,2417.5,253.6,54.4,184.8
29004,27647,Dairy,80,107675,0,804686,697011,847.1,2975.4,320.9,67.8,352.6
29005,27151,Dairy,528,666914,666860,3236269,2569355,4406,19751.2,2056,438.6,2319.1
29006,28674,SNB,32,-2405,0,67511,69916,93.3,254.4,293.2,11.5,91.5
29007,27509,Dairy,80,100362,0,722363,622001,799.8,3026.7,321.9,68.5,362.6
29008,27686,Dairy,48,43494,43485,276225,232731,363.9,1832.6,57.9,29.5,132.2
29009,27633,Dairy,112,129894,129765,874774,744880,999.9,4143.2,178.2,75,233.5
29010,27872,Dairy,240,248663,248502,2014622,1765959,1934.3,3429.8,49.7,43,283
29011,26889,Dairy,224,262894,262581,1683021,1420127,2108.4,8553.9,665.2,174.2,474
29012,28374,Dairy,64,73013,0,595238,522225,631.4,1643.2,144.5,34.4,195.1
29013,27325,Dairy,176,221482,0,1383538,1162056,1609.7,6633.8,544,131.2,656.5
29014,28584,Dairy,64,108557,0,716228,607671,674.4,2206.3,89.4,30.3,108.9
29015,27541,Dairy,160,124903,0,976029,851126,-1.3,2383.8,363.2,58.9,291.8
29016,27754,Dairy,144,170129,0,1217453,1047324,1425.1,2348.9,142,40.5,146.5
29017,28551,Dairy,64,89626,89626,468337,378711,606.6,2362.4,256.1,55.1,141
29018,28488,Forest,64,49952,10351,293331,243379,-840.3,127.8,195,12.9,24.6
29019,27681,SNB,112,32920,32888,350804,317884,444.9,966.1,628.8,33.6,240.8
29020,28331,Forest,96,67387,67387,434365,366978,-1371,190.8,289,19.5,38.6
29021,27155,Forest,128,186982,0,1236778,1049796,1352.3,4896.8,513.9,104.7,606.7
29022,28524,Dairy,64,71903,0,557719,485816,614.5,2322.2,254.8,54.1,297.1
29023,27682,Dairy,128,161392,0,1366144,1204752,1331.2,2214.9,49.9,30.2,232.2
29024,27399,SNB,96,4354,0,95015,90661,228.8,922.2,580.2,27.2,169.6
29025,27611,SNB,80,5481,0,79837,74356,196.5,367.8,348.2,19.6,129.6
29026,27113,Forest,80,62588,62588,340364,277776,-1039.9,162.4,238.9,16.3,32.2
29027,28539,Dairy,80,118296,0,801570,683274,796.7,1716,127.8,31.4,199.8
29028,28445,Dairy,64,75684,0,594597,518913,615.5,2344.3,26.8,24.3,101.4
29029,28071,Forest,96,61371,5069,422471,361100,-1271.7,192,285.3,19.2,38.8
29030,27224,Forest,80,68646,68646,382448,313802,-1217.5,159.4,241.3,15.8,32.9
29031,28453,Dairy,80,116952,0,581702,464750,141.9,1723.9,206.9,36.9,141
29032,28518,Dairy,64,66262,0,562176,495914,633.2,2373.1,254.1,53.2,275.1
29033,28104,Forest,128,97041,0,654944,557903,-786.8,922.4,243.4,22.1,68.6
29034,28195,Dairy,128,193248,0,1071575,878327,1001.2,3643.5,188.4,66.9,347.5
29035,27459,Dairy,112,110740,110740,988895,878155,724,1927.9,138.1,29.1,142.2
29036,27947,Forest,128,131243,131135,748388,617145,-971.9,730,316.5,28.4,100.5
29037,28175,SNB,112,18390,18390,165052,146662,352.7,1232.5,1308,51.6,435.7
29038,27827,Forest,80,73765,0,502254,428489,-283.8,973.3,219.7,28.4,130.8
29039,27062,Forest,144,97604,97604,628844,531240,-1968.6,290,432.6,28.7,57.5
29040,27052,SNB,112,3952,3887,106938,102986,257.2,544.6,368.2,24.5,144
29041,28690,Forest,32,14981,0,137307,122326,-436.5,64.1,94.5,6.5,12.9
29042,28646,Forest,64,72319,14822,357023,284704,-465.9,711.8,208,24.2,90.7
29043,28264,Dairy,96,83225,83225,821652,738427,517.5,1399.4,130.9,27.3,173.1
29044,27944,Forest,80,80053,13690,479731,399678,-205.9,1347.7,266.9,38.5,94.6
29045,28073,SNB,224,31757,0,404653,372896,723.7,2480.6,950,89.8,798.6
29046,28085,Dairy,32,40249,0,274202,233953,315.5,1074.1,43.3,15.5,30.6
29047,28635,Forest,48,41814,0,291352,249538,-310,651.9,156.4,20,84.3
29048,28419,SNB,32,13078,0,124991,111913,-368.2,64.8,95.8,6.3,12.5
29049,27701,Dairy,80,90701,0,689157,598456,377.1,1351.2,113.9,22.6,95.9
29050,28228,Dairy,112,129153,0,938009,808856,829.2,3555.3,428.5,85.9,439.8
29051,27479,Forest,176,158921,55773,801487,642566,-2384.1,350.4,523.4,35.6,69
29052,28399,Forest,48,39049,7515,226036,186987,-736.8,95.4,144.5,9.6,19.5
29053,27079,Dairy,128,138208,0,1006518,868310,826.8,4284.8,451,97.5,522.2
29054,27374,Dairy,32,16401,0,272858,256457,312.3,1204.4,86.6,19.9,78.8
29055,28396,Dairy,48,56507,0,486001,429494,515.9,1794.2,104.7,35,141.5
29056,27453,Crop,96,181620,181620,452950,271330,113.7,1870.2,97.6,37.9,19.5
29057,27600,Dairy,64,94460,0,534660,440200,569.6,2227.4,63.3,34.7,224.5
29058,28669,Dairy,64,87762,0,515337,427575,239.3,1893.7,238.6,43.6,213.2
29059,27527,Forest,192,155954,0,946182,790228,-27.8,2064,355.5,48,210.7
29060,27340,SNB,176,2191,0,251748,249557,453.7,1623.3,263.7,37.4,259.7
29061,27558,Forest,112,82623,30628,473213,390590,-1450.1,224.7,337.1,22.5,44.7
29062,28292,SNB,32,2732,2732,58717,55985,109.3,355.7,124.8,12.9,123.8
29063,28059,Crop,48,54959,0,193521,138562,-129.2,575.2,59.2,11.2,9.2
29064,26989,Forest,64,27871,27871,181766,153895,-324.7,430.4,453.6,19.2,106.1
29065,27139,Dairy,80,90265,0,555876,465611,57,1923.1,251.5,42.5,170.4
29066,27022,Dairy,384,559652,0,3694665,3135013,4032.4,14986,1528.3,332.2,1736.1
29067,28652,SNB,48,-4709,0,105712,110421,139.3,406,52.2,8.5,65.2
29068,27317,Crop,96,168506,168506,441649,273143,107.1,1958.9,97.2,39.8,19.6
29069,26997,Dairy,144,165467,0,1292891,1127424,1407.2,4919.1,698.4,116.5,649
29070,28133,Forest,80,68051,0,436020,367969,-410.1,661.9,176.2,18.5,83.1
29071,28683,Dairy,32,53394,0,285557,232163,298.7,529.4,32.4,8.7,72.6
29072,28641,Forest,48,49732,34794,227406,177674,-703.9,95,141.7,9.5,19.2
29073,28378,Crop,96,119457,0,571969,452512,-118,1903.5,261.6,46.3,171.4
29074,28700,Forest,48,35848,1365,219752,183904,-723.1,95.8,145.2,9.6,20.1
29075,27559,Dairy,448,527961,0,3104006,2576045,3724,10187.1,340.2,125.4,321
29076,28664,Forest,48,65298,20032,297067,231769,-314.7,650.8,158.9,20.3,84.7
29077,28165,Dairy,64,102306,102306,616145,513839,685,2393.3,257.4,52,296
29078,27290,Dairy,144,141865,0,702890,561025,1018.4,4667.9,858.6,109.6,639.1
29079,26887,SNB,320,24741,0,360676,335935,805.1,1639.9,1515.2,84.8,550.5
29080,27978,SNB,96,8811,0,93178,84367,226.9,942.6,558.3,26.8,174.6
29081,27829,Forest,64,65847,0,295005,229158,-850.4,128,189.6,12.4,26.2
29082,28574,SNB,64,20688,0,244559,223871,270.4,735.9,738.3,31.9,258
29083,28176,Dairy,80,91258,0,676885,585627,685.2,1530.1,36.7,16.3,72
29084,27215,SNB,80,747,0,85169,84422,191,365.8,90.8,11.1,64.3
29085,28040,Dairy,64,71362,0,632486,561124,661.9,2492.4,75.8,42.7,130.1
29086,27817,Dairy,64,84113,0,663471,579358,615,1439.2,33.7,22.1,157.5
29087,27135,Forest,208,161429,161429,975641,814212,-2839.6,416,628,41.8,85.5
29088,28537,Dairy,96,141478,141231,894699,753221,600.2,1316.2,129.6,25.6,142.9
29089,28019,SNB,80,51009,50932,328800,277791,401.7,1588.6,230.3,32.1,238.1
29090,27131,Forest,128,100941,10779,648437,547496,-1238.7,789.3,354.8,30.4,74.2
29091,27013,Dairy,352,444270,0,2252192,1807922,2863.9,12391,413.4,154,615.2
29092,28424,Dairy,80,91545,0,760991,669446,825.5,2392.2,222.4,49.8,158.4
29093,27873,Dairy,144,196652,0,1538322,1341670,1465.1,2350.9,66.4,27.6,67.6
29094,27903,Forest,464,364223,0,2169435,1805212,-3379.8,4835.9,1325.8,155.7,618
29095,27393,Dairy,96,133976,0,730060,596084,858.4,2661.9,225.7,51.2,287
29096,27635,Dairy,128,125034,124519,1023048,898014,1203.3,4270,179.4,58,113
29097,28508,Dairy,64,100930,100930,538964,438034,626.7,1718.5,160.5,36.2,196.8
29098,27348,Forest,64,32691,0,287037,254346,-855.4,126.8,193.1,12.8,25.5
29099,27548,SNB,336,29009,0,343039,314030,832.3,1644.6,1430.6,82.3,543.5
29100,27859,Dairy,192,288798,0,1869340,1580542,1517.5,6888.8,255.9,122.5,365.8
29101,28044,Dairy,192,196503,196287,1575138,1378635,1677,5666.3,135.5,73,338.7
29102,27232,SNB,192,33139,0,281360,248221,59.4,1868.7,915.7,70.3,575.4
29103,27199,Forest,64,58321,17396,290813,232492,-850.3,129.7,184.4,12.9,25.6
29104,27870,Dairy,112,127748,0,618437,490689,-120.4,1816,214.2,42,212.3
29105,27618,Forest,80,104886,22437,588730,483844,-286.5,1267.9,269.7,37.3,174
29106,27377,Dairy,144,158390,0,901348,742958,1147.1,2200.6,51,23.3,120.7
29107,27685,SNB,96,7582,0,214630,207048,298.1,697.3,657.7,31.2,230.2
29108,28110,Dairy,80,114918,0,635606,520688,787.5,2268.7,224.8,50.4,282.8
29109,27157,Dairy,128,160634,0,1085757,925123,860.1,1712.5,89.2,20.8,102.7
29110,27564,SNB,32,7197,156,59038,51841,110.5,342.8,461.6,15.3,130.9
29111,27823,Dairy,112,150396,0,851427,701031,1043.5,2719.1,209.9,57.1,325.2
29112,27797,SNB,64,30566,422,261911,231345,-293.7,421.3,498.3,22.8,144
29113,28391,Crop,176,281444,136786,1001001,719557,605.2,4507.2,184,85.2,218.1
29114,26986,Dairy,112,161745,0,860424,698679,1041.7,3810.9,393.5,80.3,439.3
29115,27489,Dairy,96,106866,0,563877,457011,720.8,2529.1,98.6,33.8,157.9
29116,27407,Dairy,48,83470,0,443338,359868,450.9,1605.4,67.3,22,88.2
29117,28221,Forest,80,64653,0,572180,507527,-408.5,598.5,162.4,14.8,46.2
29118,27881,Dairy,96,82890,0,909982,827092,1009,2354.9,191.9,46.5,261.1
29119,27012,Forest,160,130475,49082,714520,584045,-2236.3,320.5,479.5,32.3,63.4
29120,27304,Dairy,64,50866,0,581233,530367,603.7,2436.4,63.4,40,214.2
29121,27847,Dairy,128,171838,0,1080788,908950,1268.9,4886.3,515.9,110.9,578.2
29122,27593,Forest,80,45451,762,342875,297424,-1108.7,159.7,233.4,16.2,32.1
29123,28415,SNB,80,21946,1905,155001,133055,283.5,868,1132.2,39.6,321.8
29124,27483,Dairy,208,261184,0,1905378,1644194,2106.3,7846.2,830.7,178,916.4
29125,27302,Forest,80,47202,0,355609,308407,-1094.9,159.1,241.4,15.7,31.5
29126,28069,Dairy,80,132883,0,785215,652332,857,2988.2,323.8,69.9,356.5
29127,27596,Forest,80,155683,0,755629,599946,773.2,2874.7,235.5,55.7,281.2
29128,27912,Dairy,64,90586,0,680645,590059,661.9,2079.7,207.7,42.8,115.3
29129,27606,Forest,96,65027,0,386982,321955,-1105.7,316.9,346.1,20.6,59.3
29130,28583,Forest,64,71991,6352,440561,368570,-147.7,1068.1,139.6,21.9,42.2
29131,27578,SNB,80,8872,0,140101,131229,263.6,808.2,405.3,21.6,145.1
29132,27354,Dairy,240,307291,0,1560819,1253528,2035.4,8081.4,806.8,176.9,475.1
29133,28640,Forest,64,38946,0,274430,235484,-839,126.6,197.1,12.6,25.6
29134,28003,Dairy,48,27028,0,462234,435206,528.2,1141.9,73.5,20.1,124.6
29135,27946,Dairy,96,149141,149141,1023124,873983,994.4,3174,98.2,42.2,204.2
29136,27920,Dairy,128,89287,89002,677513,588226,964.5,1891.9,44.8,20,100.8
29137,28429,Forest,64,39059,6151,253916,214857,-750.3,128.3,193,12.7,25.5
29138,27696,Dairy,64,88676,0,570623,481947,638,2585.3,253.5,53.5,144.3
29139,28260,Dairy,64,86611,86611,413216,326605,503.8,2413.7,256.3,51.6,180.8
29140,28596,Dairy,32,41948,41862,278092,236144,310.7,966.8,45.3,14.5,26.8
29141,28018,Dairy,112,101286,0,871030,769744,363.6,2907.1,210.5,45.1,160.9
29142,28328,Dairy,80,119172,119129,612925,493753,694.9,3059.4,317.7,68.8,215.6
29143,27498,Dairy,176,261530,0,1658768,1397238,1640.7,6015.7,73,64.2,287.1
29144,28437,Forest,64,41671,0,409311,367640,-85.3,1086.4,108.6,17.6,67.6
29145,26971,SNB,144,6064,0,362080,356016,510.9,1556.5,730.3,58.7,510.2
29146,26968,Crop,96,154944,3681,409208,254264,99.6,2024.8,95.2,38.3,19
29147,26931,Dairy,160,251685,251685,1497057,1245372,1557.4,6309.5,643.7,133.3,737.6
29148,26868,Forest,80,55769,11270,318032,262263,-933.8,159.5,240.7,16.2,32.5
29149,27422,Dairy,224,349028,0,2151480,1802452,2390.3,8310.4,897.3,190.2,988.7
29150,28271,Dairy,160,261647,0,1108434,846787,1486.5,6198,636.6,136.9,450.4
29151,28208,Dairy,32,22346,0,303527,281181,349.8,554.7,32.1,9.4,67.2
29152,27015,Dairy,112,144621,0,1194362,1049741,1157.2,1976.8,95.4,29.3,151.7
29153,28673,Dairy,48,88972,88972,475348,386376,482.7,1924.3,191.6,40.2,205.9
29154,28543,Dairy,64,109952,0,571432,461480,672.3,2516,255.5,55.6,283.7
29155,27662,Crop,160,195011,195011,694414,499403,253.2,1504.7,17.2,20.9,37.3
29156,28417,Dairy,128,159891,159891,1212151,1052260,1277.1,2194.8,127.4,37.8,265.3
29157,27356,Forest,80,36405,36405,308089,271684,-956.4,160.6,237.7,16.1,31.9
29158,28026,Dairy,64,69840,0,584508,514668,602,1976.3,150.5,35.6,89.3
29159,27408,Dairy,64,78506,0,538198,459692,226.9,1634.9,113.5,25.4,46.3
29160,26866,Dairy,96,120608,0,845477,724869,933.6,3548.4,385.4,81.8,434.3
29161,27444,Dairy,112,176996,0,999949,822953,1110.9,4265.6,444.3,95.3,251.1
29162,28243,Dairy,128,172823,0,1096853,924030,482.4,3683.2,212.2,72.8,404
29163,28149,Forest,64,34310,21312,247178,212868,-713.7,128.8,199.3,13.1,25
29164,28299,Dairy,80,86648,86519,755159,668511,458.9,2305.7,138.7,32.7,129.5
29165,27544,Dairy,192,169527,169398,1277487,1107960,153.5,3920.3,438.5,75.4,278.7
29166,26917,Dairy,80,79786,0,468839,389053,16.5,1544.4,247.7,39.3,197.1
29167,27936,Dairy,144,184750,0,1326769,1142019,1300.3,2187.5,15.1,17.7,54.1
29168,27542,Forest,192,147432,0,940347,792915,-876.9,1320.8,411.5,40.8,169.8
29169,27427,SNB,112,10076,0,196923,186847,343.1,1005.9,187.6,25.2,200.8
29170,28575,Forest,64,33023,0,284582,251559,-907.4,127.6,188.3,12.8,25.1
29171,27035,Dairy,240,367457,0,2458112,2090655,2384,7134.2,584.4,149.6,813.5
29172,27806,Forest,80,43221,0,349575,306354,-1077.7,159.8,243.2,16.2,32.1
29173,28387,Forest,64,43863,15671,277047,233184,-820.3,127.6,192.6,13.1,25
29174,27281,Dairy,48,70778,0,405158,334380,475.2,1708.3,143.9,37.8,178.9
29175,28013,SNB,160,38759,422,297593,258834,577.2,1751.5,2329.5,79.7,639.7
29176,28023,Dairy,80,111709,111705,843853,732144,807.5,1270.9,66.3,20.4,145.9
29177,28630,Dairy,48,50130,50087,286266,236136,75.1,1223.2,178.3,30.9,117.5
29178,28588,Forest,64,30980,0,273478,242498,-844.2,127.1,196.7,12.8,26.3
29179,27351,Dairy,96,119704,0,790214,670510,544.2,3116.9,143.3,58.6,326.2
29180,27146,SNB,224,69651,0,589406,519755,858.8,1650.9,790.4,56.1,375.4
29181,27642,Forest,176,225242,0,1220669,995427,1545.1,6467.2,585.8,128.3,672.3
29182,28627,Dairy,32,33894,33894,317693,283799,335.9,1166.4,44.3,13.9,57.2
29183,28701,Dairy,48,72984,0,529024,456040,508,1863.1,148.8,38,220.4
29184,27707,Dairy,48,54813,0,358758,303945,91.8,1272.7,83.9,25.2,135.2
29185,27409,Dairy,208,209381,0,1052963,843582,1489.5,3091.7,73,32,167.4
29186,28457,Forest,64,34791,23122,250815,216024,-735.9,127.5,193.9,12.9,26.7
29187,28702,Dairy,80,98811,0,625810,526999,730.8,2010.1,79.3,27.8,113.1
29188,27598,Forest,112,68060,0,495907,427847,-1502.7,223.8,335.8,22.4,44.1
29189,28679,Forest,48,48080,0,326447,278367,-285,643.9,116.1,16.8,74.5
29190,28416,Dairy,80,82147,0,615872,533725,738.8,3036.1,95.5,53.9,333.8
29191,27876,Dairy,64,59229,0,531413,472184,567,973.1,22.2,9.9,53.2
29192,27716,Forest,48,30672,30672,207764,177092,-638.5,96.5,139.6,9.6,19.5
29193,28124,Dairy,80,96617,96617,432305,335688,592.7,2386.6,471.1,60.9,351.8
29194,27536,SNB,48,6531,0,89043,82512,169.2,549.6,646.6,24.1,194.6
29195,28610,Forest,32,19018,0,144486,125468,-510.5,64.2,95.7,6.3,12.5
29196,27349,Forest,48,44124,13979,216852,172728,-629.4,95.8,144.9,9.7,19.6
29197,28382,Crop,176,335411,0,851351,515940,206.8,3529.9,175.1,71.5,35.4
29198,26970,Dairy,208,215891,215642,1346433,1130542,1260.8,5314.6,609.7,117.5,527.8
29199,27785,Forest,64,25709,0,277653,251944,345.2,1021.6,611.5,31.9,209.1
29200,27822,Dairy,96,81432,81260,717411,635979,578.2,2805.2,199,47,99.2
29201,27298,SNB,128,70939,0,535888,464949,658.7,2548.7,543.3,43.8,228.3
29202,28449,Forest,64,27073,0,248315,221242,-732.5,128.7,194.8,12.7,25.3
29203,27460,Forest,80,40829,0,347771,306942,-1095.7,159.8,236.5,16.1,31.8
29204,27630,SNB,80,10295,0,80112,69817,197.1,808.2,487.2,22.1,149.8
29205,26911,Forest,1264,643017,643017,4847741,4204724,-14324.8,2522.3,3802.4,253.9,509.1
29206,27763,Dairy,80,79957,0,587286,507329,62,1856.8,290.3,46.7,230.4
29207,27569,Forest,64,44130,0,357831,313701,-558.1,366,156.3,13.8,50.1
29208,28511,Dairy,80,77188,0,470728,393540,551.4,2090.5,349.8,52.3,221.9
29209,28581,Dairy,64,58700,0,426144,367444,-153.1,1234.8,226.8,32.9,164.3
29210,27462,SNB,64,19750,3236,119001,99251,211.2,674.6,970.1,32.1,247.6
29211,27346,Dairy,112,129283,0,702411,573128,897.7,2545.2,63.7,40.4,283.4
29212,28057,Dairy,96,105449,105126,821466,716017,907.4,1631,95.3,28.2,194.9
29213,27277,SNB,320,-32776,0,427545,460321,765.7,1655.6,470.9,45.6,266.5
29214,27609,Dairy,144,151360,151360,910898,759538,-192.4,2839.4,464.6,72.4,313.3
29215,27058,Dairy,96,103877,0,798356,694479,964,3756.5,335.3,80.7,391.3
29216,27652,Dairy,144,168706,0,1268294,1099588,1025.9,4383.5,229.5,62.6,236.5
29217,27154,Dairy,96,106726,0,663808,557082,822.5,1483.4,36.4,21.5,92.3
29218,27513,Dairy,80,94132,0,642691,548559,742.3,1983.5,146.4,33.6,187.7
29219,28289,Dairy,128,134357,0,1263009,1128652,1332.5,3147.2,215.2,59.4,361
29220,26881,Forest,192,103942,0,811192,707250,-2628.1,386.1,576.6,38,79.3
29221,28430,Forest,112,64631,1153,501301,436670,-1605.1,223,331.2,22.5,44.7
29222,28020,Dairy,96,93945,0,728781,634836,879.9,2923.7,85.4,49,313.3
29223,27330,Dairy,80,120257,0,715963,595706,707.4,1330,23.2,18.7,70.2
29224,28107,Forest,48,34601,3223,226867,192266,-672.5,95.4,143.1,9.7,19.7
29225,28363,Forest,32,19691,0,131890,112199,-429.3,63.8,93.2,6.4,12.7
29226,28091,Forest,80,43617,43617,274498,230881,-722,303.8,499.3,20.5,89.1
29227,28514,Dairy,128,147695,12619,718611,570916,-86.5,2535.3,446.6,65.2,170.2
29228,27098,Dairy,192,213988,0,1322907,1108919,1720.7,5589.7,202,97.2,352
29229,27148,Dairy,144,274196,0,1679120,1404924,1539.8,5352.3,563.5,120.2,326
29230,27392,Forest,48,25294,0,199024,173730,-667.9,96.7,144.4,9.5,19.3
29231,27755,Dairy,64,103389,0,640582,537193,686.9,1345.2,64.8,22.9,87.6
29232,28154,Forest,64,37698,0,350107,312409,-590.3,341.4,158,14,52.5
29233,27592,Dairy,80,92226,92217,623242,531016,792.8,3089.8,231.2,64.9,337.3
29234,27163,Dairy,96,140081,0,617002,476921,766.3,3536.5,112.8,64.7,196.6
29235,28252,Forest,112,82103,82103,514267,432164,-1605.9,225.9,337.2,22.3,44.9
29236,28266,Forest,80,56656,10863,357524,300868,-1080.2,159,242.6,16.2,32.5
29237,26954,Forest,32,37518,0,181125,143607,-56.5,613.3,113.4,17.2,75.9
29238,27733,Dairy,80,79909,0,638274,558365,741.8,3064.4,230.2,63,173.2
29239,28493,Dairy,96,100862,100862,612246,511384,840.4,3675.1,298.3,79.3,424.5
29240,27418,SNB,208,12431,0,201893,189462,498.4,2085.6,371.9,45.3,337.8
29241,27661,Forest,112,89892,24598,493727,403835,-1612.8,224.7,330.2,22.5,44.7
29242,27646,SNB,128,6548,6118,125650,119102,322.7,616.8,542.2,31.9,208.8
29243,28383,SNB,64,16759,0,121016,104257,219.3,703.5,898.4,31.3,247.6
29244,27744,Dairy,96,95957,0,696929,600972,883.3,3299.7,132.6,44,174.7
29245,28489,SNB,64,108359,0,615911,507552,628.9,1032.3,62.8,18,63.9
29246,27065,Dairy,192,233309,233309,1358665,1125356,1723.2,7285.9,771.6,159.1,860
29247,28048,SNB,80,9276,0,132105,122829,256.8,899,641.3,35.5,310.9
29248,28459,Dairy,80,88741,0,607215,518474,697.8,2786,58.6,39.6,200.7
29249,27534,Dairy,176,222508,0,1104079,881571,1450.4,6715.6,703.8,149.8,815.4
29250,28362,Dairy,48,43781,43781,448006,404225,474.1,1545.9,66.8,22.2,84.4
29251,28273,Dairy,32,27161,0,167434,140273,-100.7,262.9,50.2,5.1,11.6
29252,28412,Dairy,48,68087,0,338042,269955,470.7,1825.5,194,41.8,213.8
29253,27861,Dairy,96,68509,68492,933957,865448,956.5,3241.2,71.2,37.7,77.6
29254,28634,Dairy,64,73554,0,623326,549772,639,1019,33,12.5,50.8
29255,28137,Dairy,128,181603,0,1214936,1033333,1270,4953.2,153.5,89.2,528.8
29256,27888,Dairy,96,141299,0,617646,476347,847.9,3557.7,386.9,78.7,452.2
29257,27291,Dairy,128,203266,0,1371164,1167898,1355.7,3969.6,351.4,82.8,409.5
29258,27333,Dairy,64,70232,0,519630,449398,589.1,2345.8,172.8,43.1,206.7
29259,27465,Dairy,144,158653,0,1337420,1178767,1354.2,4985.2,60.5,54.5,238.1
29260,28129,Forest,160,166721,0,1136949,970228,-704.2,1134.7,290.2,27.6,83.7
29261,28327,Forest,128,114571,114571,794249,679678,-331.4,2585.4,442.3,66,241.2
29262,28235,SNB,64,29303,29303,169167,139864,-373,421.9,667.1,22.6,145.7
29263,28004,Dairy,272,330961,0,1576449,1245488,2229.9,10525.5,1087.7,228,1217.1
29264,26965,SNB,336,19890,19769,423644,403754,869.7,3374.5,1695.5,100.4,771.5
29265,28408,SNB,80,-16211,0,200476,216687,219.3,361.8,27.4,8.9,52.5
29266,27982,Forest,112,100691,28504,515359,414668,-1580.7,223.8,331.9,22.4,44.6
29267,27993,SNB,240,2692,0,266336,263644,533.9,1023.5,104.2,26.3,155.6
29268,27169,Forest,32,39789,17026,159698,119909,-521.9,63.1,94.6,6.3,12.8
29269,28668,Forest,32,12768,0,142830,130062,-421.7,64.3,94.2,6.4,13
29270,27257,Forest,80,34537,0,331473,296936,-1080.6,159.2,240.2,16.3,31.8
29271,27270,SNB,112,7245,0,106348,99103,264.2,950.6,488.1,25.8,173.8
29272,27372,Dairy,304,294992,0,1921217,1626225,1617.2,3909.4,235.4,50.1,121.9
29273,28577,Dairy,80,76184,0,672570,596386,676.3,2859.7,33.4,29.7,61.4
29274,28254,Crop,32,51189,0,146212,95023,35.5,634.1,32.3,13.2,6.6
29275,28448,Dairy,64,81768,81392,603522,521754,606.7,1018.9,22.1,10.2,25.5
29276,28118,Forest,64,47469,8610,287829,240360,-915.9,128.4,188.8,12.7,24.8
29277,28395,Dairy,96,92283,92257,481742,389459,682.3,3328,39.9,34.2,150
29278,27400,Dairy,112,169898,169868,1094675,924777,1085.6,4213.3,136.3,72.6,455.2
29279,27082,Dairy,32,42210,42210,197958,155748,252.6,1175.1,128.5,27.4,147
29280,28361,Dairy,64,53488,0,537274,483786,630.5,1011.4,63.5,18.1,59
29281,27786,Forest,80,43699,0,349405,305706,-1084.1,157.4,244.8,15.9,32.2
29282,27670,Dairy,160,194300,0,1104834,910534,1420.6,3631.3,303.4,75.1,447.2
29283,28167,Dairy,112,198323,198291,1109726,911403,1172.9,3843.5,156.4,52.1,201.6
29284,27447,Forest,96,60991,24460,386519,325528,-1138.2,191.6,285.4,19.2,38.7
29285,28346,Forest,64,28742,7669,205027,176285,-452,278.1,409,16.9,76
29286,27565,Dairy,80,102308,0,679100,576792,732.8,1290.5,23.8,17.8,72.8
29287,28612,Forest,80,45532,0,431937,386405,-670.6,739.9,260.2,25.3,102.4
29288,28220,Dairy,80,106435,106166,757530,651095,817.4,1394.4,79.1,23.4,158.7
29289,28140,SNB,128,8713,8713,185711,176998,344,992.1,290.1,24.7,172
29290,28695,Dairy,64,63317,0,512914,449597,597.3,2409.6,212.2,49.3,250.7
29291,28480,Dairy,80,98581,0,724404,625823,770.4,1320.7,64.5,20.7,118.4
29292,28568,Forest,80,89087,6598,556476,467389,-370.6,1434.5,273.8,37.5,179.6
29293,28335,Dairy,192,207190,0,1502661,1295471,1762.8,3122.8,114.3,43.4,272.2
29294,27119,Forest,128,102989,102989,544780,441791,-1159.3,850.3,314.3,32.2,44.7
29295,27629,Dairy,64,56936,0,378774,321838,513.6,1783.8,137.2,27.3,72.5
29296,27577,Dairy,80,124935,0,798689,673754,875,3055.5,319.9,66.9,320.3
29297,27643,Forest,176,82078,4309,674130,592052,-1997,349.7,526.9,35,72.3
29298,28520,Dairy,64,51638,0,348169,296531,424.2,1039.3,192.3,27.9,99.7
29299,26902,Dairy,64,55570,55285,591136,535566,614.7,1016.3,19.3,14.5,114.3
29300,27332,Forest,464,282750,82148,1820481,1537731,-5262.4,1065.2,1632.9,97.6,240
29301,28238,Dairy,48,61816,61628,454516,392700,456.1,755.1,27.1,10.1,45.8
29302,27704,Dairy,48,42566,0,413242,370676,480.8,1844.7,192.3,42.1,213.5
29303,28103,Dairy,128,197311,0,1268807,1071496,1413.1,4788.4,511.6,109.3,564.5
29304,28142,SNB,64,4339,0,200965,196626,219.4,299.4,195.4,16,100.7
29305,27042,Dairy,64,69499,0,501394,431895,592.3,1046.6,35.7,13.2,74.8
29306,27512,Dairy,128,180958,0,1199385,1018427,1316.2,4812.4,515.2,109,577.1
29307,28188,Dairy,48,68679,0,497489,428810,462.9,1750.9,77.4,24.9,116.5
29308,28308,SNB,64,4059,0,131863,127804,-91.8,416.7,107,12.2,66.4
29309,27069,Dairy,112,94948,0,593072,498124,549.1,2934.9,158.3,42.4,159.4
29310,28401,Dairy,48,35424,0,391016,355592,461.9,728.5,17,7.2,37.8
29311,28298,Forest,112,51955,0,490953,438998,-1544.8,225.2,332.7,22.4,45.2
29312,27316,SNB,80,10662,0,187167,176505,269.4,728.5,618.8,28.2,208.2
29313,28151,Dairy,64,107030,0,589881,482851,624.8,1088.5,63.1,18,67.2
29314,27805,Dairy,64,67353,0,572302,504949,621.7,1339.3,27.6,13.3,46.4
29315,27844,Dairy,176,239463,239454,1443295,1203832,994.3,5390.5,557.2,113.6,533.4
29316,27046,Forest,64,9190,0,102724,93534,195.2,710.8,294.1,25.8,227.3
29317,28663,SNB,64,12299,12017,112206,99907,-95.4,255.3,69.1,8.6,37.1
29318,28464,Dairy,96,82809,32913,633322,550513,-257.8,919.7,190.2,23.2,107.3
29319,27040,Dairy,160,228016,0,1519324,1291308,1679.8,6055.3,641.9,134.8,700.4
29320,28112,Forest,112,68260,0,515930,447670,-1534.6,225.3,339.1,21.8,44.7
29321,28720,Dairy,32,37074,37009,307639,270565,317.4,1141.2,13.5,12.5,49.7
29322,28307,Forest,96,62987,10583,426120,363133,-1291.6,191.1,289.4,19.3,38.2
29323,27410,Dairy,80,124679,0,858813,734134,859.7,3128.7,319.1,67.8,370.1
29324,28593,Dairy,96,106150,0,812683,706533,517.9,1192.4,58,13.6,63.9
29325,28550,Dairy,80,129904,0,683284,553380,762,1605.9,127.1,32.2,154.8
29326,27245,Dairy,160,165286,0,1572207,1406921,1650.1,4658.2,268.5,89,508
29327,26950,Forest,64,59479,11032,311001,251522,-471.5,723.5,208.7,22.5,84.7
29328,27221,SNB,96,17943,0,156769,138826,320.7,1064.9,1471.2,47.5,391.9
29329,27945,Dairy,144,155144,0,1144674,989530,1323.7,2334.3,28.1,23.4,123.2
29330,27605,Dairy,80,85358,0,627188,541830,342.4,1708.5,126.8,27.5,133.9
29331,27750,Forest,64,29974,0,273647,243673,-863.3,128.9,191.4,12.8,25.8
29332,27669,SNB,96,16134,0,290383,274249,-232.4,348.4,203.6,17.3,74.1
29333,28572,SNB,112,29035,6143,272594,243559,-169.6,894,826.7,35.7,225.7
29334,28201,Dairy,80,107689,0,730803,623114,871.2,2635.9,273,59.4,311.7
29335,27101,SNB,80,26813,0,170117,143304,292.2,1177,181.4,27.2,171.2
29336,27865,Forest,32,29540,29540,192293,162753,-19.7,265.6,63.4,8.4,39.1
29337,28349,Dairy,112,104164,0,895056,790892,728.5,3680.6,165.8,68.5,395.1
29338,27467,Dairy,128,183321,183289,1232336,1049015,1220.3,4352.6,69.9,47.9,109.3
29339,28053,Forest,64,41187,0,330940,289753,-150.2,1213.2,222.9,34.1,86.8
29340,28434,Dairy,80,101575,0,755917,654342,874.6,2781.8,264,57.3,331.7
29341,28421,Forest,96,67943,12192,429487,361544,-1266.3,193.2,284.9,19,38
29342,27961,Forest,80,109084,0,760708,651624,821.5,3055.2,274.9,66.2,334.2
29343,27419,Dairy,96,189699,0,935710,746011,919.9,3190.5,132.8,42.9,164.8
29344,27216,Dairy,128,147011,0,860598,713587,1016.9,2301.5,61.6,25.2,120.2
29345,27308,Dairy,64,74069,0,554317,480248,656.1,2397.8,252.6,52.4,133.2
29346,28012,Dairy,48,56925,0,321133,264208,407.6,1557.6,68.5,21.9,45.2
29347,28450,Crop,96,144467,144435,423073,278606,111,1768.3,42.5,24.9,9.6
29348,27743,Forest,160,102666,0,709468,606802,-2005.5,427.4,429.6,31,58
29349,27644,SNB,160,16596,0,151593,134997,372.3,1789.4,854.7,62.7,557.4
29350,28081,Dairy,80,110841,0,847510,736669,848.9,2825.6,149.2,43.4,199.5
29351,28320,Forest,48,30490,10332,194956,164466,-557.1,96.4,147,9.9,19.2
29352,27080,Dairy,256,466512,0,2735481,2268969,2561.6,9706.8,305.3,171.8,506.3
29353,27580,Forest,160,109971,13876,696721,586750,-2244.3,318.7,481.8,32.3,65.3
29354,28046,Forest,48,38682,10534,205756,167074,-662,96,141.7,9.8,19.2
29355,27791,SNB,176,-3953,0,462269,466222,565.5,1719.9,234.8,37.7,283.5
29356,27001,Dairy,192,180468,0,1444180,1263712,1724.4,6810,92.1,77.9,345.4
29357,27494,Dairy,144,187178,186843,1015989,828811,1218.8,2514.4,120.3,35.3,131.2
29358,28210,Dairy,64,56929,56925,525963,469034,605,2103.1,74.3,29,55.8
29359,27334,Forest,240,132937,23684,943835,810898,-2870.9,477.6,720.9,47.9,96.6
29360,28169,Forest,64,38645,8996,253859,215214,-717.4,127.8,189.2,12.8,25.9
29361,27496,Dairy,48,56397,56388,427368,370971,513.6,1800.3,100.9,37.6,196.4
29362,27434,Dairy,96,130333,0,858481,728148,202,2331.8,185.7,35.9,128.6
29363,27880,Dairy,96,156279,0,959974,803695,918.7,2938.5,112.4,39,75.4
29364,28461,Dairy,112,126101,0,947632,821531,1054.3,1919.8,33.8,26.3,207.8
29365,28570,Forest,112,56429,56429,443115,386686,-1329.1,222.5,336,22.3,44.2
29366,28433,Forest,64,29509,0,253113,223604,-718.4,129.2,187.2,12.6,25.2
29367,27641,Forest,80,89895,0,561925,472030,-388.5,954,224.8,27.2,113.6
29368,27103,Dairy,144,148514,0,1312475,1163961,1370.7,4522.3,130.8,76.7,457.5
29369,28377,Dairy,64,56591,56591,428558,371967,539.3,1407.6,112.8,26.4,165.8
29370,28724,Forest,48,43682,43682,298686,255004,-305.4,634.2,161.6,19.8,93.6
29371,27295,Dairy,240,342958,0,1505927,1162969,1743.6,8199.3,943.5,191,1042.4
29372,28055,Forest,64,47251,0,385662,338411,515.3,1065.5,62.8,18.3,68.7
29373,26987,SNB,96,10371,10048,173085,162714,298.1,451,342.2,24.7,149.5
29374,28536,Dairy,48,31740,0,347034,315294,434.1,1104.8,77.4,18.1,82.1
29375,28694,Forest,48,30947,2837,215761,184814,-659.4,96.3,145.9,9.7,19.6
29376,27273,Forest,80,99730,33921,445452,345722,-397.5,1374,269.4,36.8,166
29377,27143,Dairy,208,248757,0,1853456,1604699,1763.9,3215.2,239.7,59,387.3
29378,27137,Dairy,96,77845,0,508854,431009,-302.9,891.3,158.6,20.8,104.7
29379,28604,Dairy,48,57734,57600,410275,352541,421.3,719.3,5.1,6,17.3
29380,27482,Dairy,112,165074,165009,1030602,865528,1021.6,2555.4,417.8,56.9,293.7
29381,27816,Forest,96,72340,15987,420266,347926,-1299.5,193.5,288.6,19.4,38.1
29382,27370,Forest,224,156123,26953,1022144,866021,-3207.9,445.1,683.4,44.8,89.6
29383,28394,Forest,112,67140,372,491271,424131,-1447.7,222,337,22.2,43.3
29384,28345,Dairy,80,84575,0,666936,582361,423.9,2012,134.5,32.2,127.5
29385,28323,Dairy,64,96395,0,571499,475104,557,2121.9,27.5,25.2,108.2
29386,28244,Dairy,112,130353,0,771919,641566,333.3,2318.9,321,57.3,295.6
29387,28185,Forest,112,51771,0,440649,388878,-1027.2,503.6,664.4,30.7,168.9
29388,26864,Crop,64,79884,0,252594,172710,64.4,580.4,5.6,7.4,2.2
29389,27331,SNB,224,50237,0,517703,467466,-802.8,798.1,710.6,48.7,230.2
29390,26900,Forest,176,125932,18603,765948,640016,-2386.2,351.5,534.3,34.8,69.7
29391,28157,SNB,96,6259,6259,142218,135959,284,475.2,376.7,23.1,151.3
29392,28183,Dairy,48,40055,0,410702,370647,468.2,788.2,47.2,13.8,90.9
29393,28523,Dairy,32,54053,0,312520,258467,320.9,1162.6,128,25.8,134.7
29394,27653,Forest,208,109085,75389,811352,702267,-2440.7,415,622.1,41.6,81.7
29395,28608,Forest,112,69004,9144,509293,440289,-1556.7,223.9,333.5,22.4,44.7
29396,28390,SNB,160,6010,6010,155469,149459,396.2,789.9,670.2,39.8,251.2
29397,27258,Dairy,96,131083,0,937386,806303,908.5,3563.8,115.9,64.1,187
29398,28279,Dairy,64,67237,0,389491,322254,525.1,2301.8,96.3,37,164.2
29399,28172,Dairy,112,188379,0,1090984,902605,1182.5,4287.7,450,96.2,500.4
29400,28506,SNB,112,22896,0,366667,343771,59.9,655.8,192.7,23.1,175.7
29401,27367,Dairy,128,114245,0,932676,818431,813.7,4305.3,160.2,69.8,378.8
29402,28286,Dairy,64,77703,0,464152,386449,619.5,2044,205.5,45.5,128.7
29403,28317,Dairy,112,109149,109149,707484,598335,842.2,3337.2,512,79.6,426.1
29404,28598,SNB,64,10278,10278,66269,55991,174.2,700.2,1094.9,31.4,230.7
29405,27560,Forest,64,47519,5409,301841,254322,-925.2,128.2,189.6,12.7,26.4
29406,28009,Dairy,64,50186,50186,393477,343291,536.1,1099.5,18.7,15,119.6
29407,27446,Forest,128,146904,146904,844037,697133,-715.2,1578.1,382.1,46.2,185.2
29408,27102,Dairy,96,172356,0,902411,730055,946.1,3692,380.7,82.6,321.5
29409,27904,Dairy,80,101679,0,615800,514121,701.7,2597.1,456.8,62.2,197.6
29410,28072,Dairy,224,314325,0,1857851,1543526,2049.8,4825.4,356.2,89.7,463.3
29411,27109,Forest,208,173449,0,1103423,929974,-690.8,3894.6,723.3,107.4,480.3
29412,28544,Dairy,112,154745,0,940392,785647,1048.7,4123.6,330.6,82.7,422.1
29413,27668,Forest,96,55974,0,447625,391651,-897,414,261.3,20.6,45.9
29414,27229,Dairy,112,83775,0,571568,487793,781.9,2763.9,1050.4,81.3,447.4
29415,27085,Dairy,48,50381,0,449067,398686,542.9,1873.6,191.8,41.4,219.1
29416,27959,Dairy,112,110773,0,950972,840199,1135.9,1815.5,111.2,32.8,222.3
29417,27048,Dairy,160,214212,0,1337417,1123205,499.3,4489.6,548.2,99.6,517.2
29418,28014,Forest,192,178563,9158,1090168,911605,-1934.6,1492.6,610.4,58,203
29419,28671,Dairy,32,43770,43770,292167,248397,308,1114.7,44.7,15.9,29.2
29420,28472,Dairy,32,17936,0,106095,88159,171.1,828.6,147.2,20,127.3
29421,28106,SNB,80,23382,23373,170524,147142,-269.5,539.5,260.9,18.5,91.5
29422,27608,Forest,32,30360,10525,154074,123714,-465.9,63.6,96.2,6.3,13.6
29423,27342,SNB,240,8709,0,223720,215011,554.7,1865.5,768.2,71.1,603.6
29424,26929,SNB,160,36379,0,263977,227598,-62.6,1503.3,2297.6,68.9,518.9
29425,27799,Forest,128,150002,0,975742,825740,-251.6,2575.2,271.6,54,291.6
29426,27722,Dairy,144,146315,0,1323984,1177669,1327,2182.6,15,18.4,101.3
29427,27211,Dairy,240,330739,0,2104896,1774157,2233,9260.9,289.2,165.8,945.6
29428,26992,Forest,80,50375,0,364907,314532,-1192.8,161.1,239,16.2,32.8
29429,27338,SNB,256,10915,0,269543,258628,541.4,1111.6,114.3,28.1,165.9
29430,28190,Dairy,48,87689,0,480444,392755,513.6,770.4,48.3,13.8,95.9
29431,27800,Dairy,128,161349,0,1111781,950432,1212.4,4268.4,179.5,58.3,237.1
29432,26943,Forest,656,390262,390165,2646544,2256282,-6646.4,2854.2,1843.3,140,318.2
29433,28039,Forest,64,100365,0,630409,530044,656.2,1051,63.4,18.4,58.8
29434,27259,Forest,176,115777,0,737382,621605,-1731.6,952.8,557.8,45.6,137.8
29435,27484,Forest,224,188713,188713,1053451,864738,-3235,447.6,673.6,45,89.6
29436,28130,SNB,96,17395,0,135847,118452,271.1,900.6,1048.7,38.8,306.3
29437,26951,Forest,288,162729,162729,995674,832945,-2631.4,1014.8,1561.9,72.6,275.8
29438,28160,Forest,96,71464,24953,388297,316833,-1118.6,192,288.6,19.2,37.6
29439,28074,SNB,32,19262,19230,87589,68327,-188.3,97.8,53.7,5.1,16.7
29440,27737,Forest,32,26673,5178,143550,116877,-504.6,65.3,100.2,6.4,12.9
29441,28179,Forest,64,45335,5733,285777,240442,-877,128.1,193.8,12.7,26
29442,27089,Dairy,96,120948,120647,906209,785261,1005.9,2348.5,191.6,47.6,201.2
29443,27503,Dairy,224,281919,281919,2081585,1799666,2214.1,7721.5,313.4,106.1,396.4
29444,26870,Forest,928,506886,74343,3563521,3056635,-10638.3,1857.4,2778.7,185.2,373.7
29445,27638,Dairy,64,75419,0,439321,363902,548.3,1077.9,49.3,14.6,107.6
29446,27047,Forest,352,183997,183997,1369365,1185368,-4142,708.9,1056,70.8,142.9
29447,27241,Forest,64,50909,50909,291842,240933,-929.9,129.3,190.5,12.9,25.7
29448,27562,Dairy,96,110524,0,832620,722096,923.4,3737.7,113.9,68.3,380
29449,27188,SNB,160,5138,5138,202738,197600,409,1060.3,792.9,38.8,272.2
29450,27087,Dairy,384,473901,0,2638981,2165080,3461.2,14620.1,1082.4,295.4,1185.5
29451,28643,Dairy,64,67451,0,402974,335523,532,2554.4,260.4,56.1,267.6
29452,27128,Forest,96,122506,26160,662365,539859,-532.5,1351.2,317.4,40,178.6
29453,28305,Dairy,64,104436,104253,566821,462385,615,2031,62.8,34.9,112.3
29454,28355,Dairy,96,128559,0,934504,805945,1002.7,3678.7,385,81.3,413.7
29455,27476,Forest,64,31911,0,276163,244252,-876.1,128,193.8,12.7,25.2
29456,26923,SNB,192,112515,9169,646979,534464,-110.8,2852,1470.2,87.3,514.5
29457,27878,Dairy,96,78737,0,610045,531308,464.5,3061.1,190.2,60.7,340.7
29458,27766,Forest,288,169891,169891,1129914,960023,-3355.3,575.5,864.4,57.7,116.5
29459,27790,Dairy,80,152367,0,802203,649836,829.9,2711.9,272.9,59.4,162.7
29460,26919,Dairy,80,108967,0,824629,715662,805.7,2734,45.8,34.1,171.4
29461,28527,Dairy,32,34612,0,293707,259095,355.1,1241.7,128.7,25.9,144.4
29462,27390,SNB,800,-62882,0,2090391,2153273,2396.1,3684.4,575.4,133.1,899.3
29463,28336,Crop,32,43043,43043,129714,86671,33.2,294.4,7.9,5.6,3
29464,28400,Dairy,64,106347,0,651997,545650,691,2421,257.6,54.4,284.7
29465,27747,SNB,176,35393,0,330160,294767,611.1,1924.7,2488.3,86.8,707.9
29466,28491,Dairy,48,67475,67410,448557,381082,454.3,773.6,27.2,9.5,60
29467,28229,SNB,80,1546,0,117631,116085,214.7,347.8,157.6,14.5,86.3
29468,27121,Forest,128,149861,53242,770620,620759,-1075.3,1440.6,417.7,45.1,178.4
29469,28659,Dairy,48,47469,0,427509,380040,163.6,1063.5,93.3,17.9,33.7
29470,27497,Dairy,96,117832,117617,958109,840277,879.5,2124,20.2,19.9,72.4
29471,27106,Forest,64,37265,37265,276303,239038,-895.7,130,190.2,12.9,26
29472,27634,Dairy,240,332107,332107,1516824,1184717,1738.9,8320.2,945.3,193.8,1007.9
29473,27322,Forest,32,33342,0,150495,117153,-506.9,63.6,97.4,6.2,12.8
29474,28637,Dairy,80,88013,0,691784,603771,372.4,1103,66.4,17.9,66.6
29475,28108,Forest,112,41378,0,423738,382360,-1248,225.2,342.2,22.4,44.8
29476,28661,Dairy,48,65774,0,441362,375588,109.7,591.5,80.2,12.9,69.6
29477,27336,Dairy,48,61874,0,315706,253832,390.6,1891.4,188.5,39.6,208.9
29478,28050,SNB,80,24009,0,312041,288032,311.4,865.6,987.4,40.6,323.8
29479,27203,Dairy,80,135528,0,826003,690475,874.5,2914.2,236.8,55.7,262.5
29480,28576,Forest,64,43690,6803,288001,244311,-843.1,126.9,185.4,12.7,25.2
29481,28475,Dairy,96,112831,0,678678,565847,876.3,1830.3,146.1,34.4,217.4
29482,27942,SNB,128,19425,0,177005,157580,373,1416.8,2081.5,65,522.8
29483,28197,Forest,96,63136,4745,421578,358442,-1309.2,193.2,291.9,19.2,37.7
29484,27054,Dairy,64,93075,0,582659,489584,628.8,2271,84.1,32,151.5
29485,27321,Forest,80,57843,8788,363460,305617,-1173.4,160.6,238.7,15.8,32.7
29486,27518,Dairy,96,79550,0,727169,647619,874,3384.1,218.1,58.5,262.6
29487,28721,Dairy,48,47229,47132,453189,405960,448.5,716.8,5.1,5.9,36
29488,27708,SNB,192,34223,0,456121,421898,-697.6,852.1,613.9,44,250.6
29489,28092,Dairy,48,94612,0,486853,392241,511.5,1612.1,108.7,29.9,62.7
29490,27727,Forest,128,90646,90646,530706,440060,-1556.3,258,385.5,25.8,51.1
29491,26978,Dairy,48,71245,0,450873,379628,436.7,1712.4,33.3,21.4,54
29492,27761,Dairy,64,64792,64577,560330,495538,600.4,1000.4,63.7,18,63.9
29493,28281,Dairy,64,55886,0,613818,557932,590,2219.2,26.6,24.6,90.7
29494,28365,Forest,160,33696,0,461782,428086,-1195,778.5,1182.6,46.5,236.8
29495,28291,Dairy,144,192520,0,1013792,821272,1225.3,4718.7,687.5,104.8,513.8
29496,28262,SNB,128,-1401,-1401,222777,224178,409.1,1164.5,643.8,35.3,225.5
29497,27177,Dairy,112,126067,0,961818,835751,1037.2,4211.3,132.6,77.3,222.4
29498,28580,Dairy,48,75785,0,470963,395178,494.4,1822.5,194,40.3,233.7
29499,26953,Dairy,96,97387,0,622472,525085,447.4,2044.7,189.5,38.9,198.6
29500,28595,Dairy,128,130734,0,1101533,970799,1200.9,4616.2,153.7,87.9,257.4
29501,26984,SNB,96,3803,0,100599,96796,240.4,859.7,488.1,23.7,156.9
29502,28707,Forest,80,66687,18556,376154,309467,-1135.6,160.9,240.6,16.1,32.6
29503,27710,Dairy,128,119496,0,1176168,1056672,1290.4,2263.2,127.7,35.7,266
29504,28564,Forest,48,18087,18087,183447,165360,-570.1,95.9,140.4,9.6,19.2
29505,28256,Forest,96,71832,14104,438151,366319,-1356.5,192.2,290.4,19.4,37.9
29506,27792,SNB,64,-11927,0,96730,108657,176.1,302.3,134.4,11.4,72.1
29507,27067,Dairy,80,67299,67138,662743,595444,733,1190.1,8.3,10.3,62.4
29508,27957,Dairy,80,109187,0,640544,531357,405.4,2363.9,305.3,59.2,283.8
29509,28274,Dairy,80,133354,0,637395,504041,790.9,3205,320.6,70.2,384
29510,28432,SNB,32,10131,10131,63293,53162,109.6,310.1,437.3,16.1,133.4
29511,28255,Forest,96,78803,78803,427944,349141,-1260.4,190.9,295.7,19.5,38.2
29512,28097,Dairy,80,130580,0,749489,618909,706,2391.6,200.5,46,238.1
29513,28143,Dairy,80,86315,0,517895,431580,699.7,2711.2,110.5,38,82.2
29514,27445,Forest,64,47005,14372,286835,239830,-874.1,126.7,193.9,12.5,26.3
29515,28138,Forest,112,70497,9980,489814,419317,-1572.4,224,333.9,22.6,44.4
29516,27209,Forest,80,65468,65468,438362,372894,-629.6,702,258.4,27.3,102.2
29517,27587,Forest,64,85163,0,609935,524772,584.5,1968.6,26.6,24.1,103.7
29518,28222,SNB,176,16387,0,208067,191680,240.3,1558.1,935.6,44.7,275.6
29519,27830,Dairy,80,104573,0,818629,714056,799.5,1325.2,59.3,19.7,125.9
29520,28153,SNB,144,24771,0,253177,228406,-222,555.1,263,22.1,91.9
29521,28563,Crop,96,118943,118674,377386,258443,130.2,851.2,25.4,18.4,16.4
29522,27000,Forest,224,183411,59157,1037398,853987,-3323.9,448.4,674,45.9,89.8
29523,27384,Dairy,80,103220,0,471226,368006,455.9,1059.6,55.9,19.7,98.4
29524,26974,Dairy,192,238156,0,1549390,1311234,1779.7,4101.9,146.2,69.9,385
29525,26878,Forest,192,127636,8916,865601,737965,-2777.1,383.2,576,38.6,76.2
29526,28404,Dairy,80,125195,0,821499,696304,859.9,1308.9,57.4,21.1,150.5
29527,28084,Dairy,96,127545,0,633544,505999,867.3,3455.9,388.2,83.6,442.4
29528,27549,Dairy,48,57030,57030,535591,478561,478,1863.1,57.6,32.4,194.8
29529,27205,SNB,80,7903,0,127623,119720,253.9,526.4,631.5,28.6,195.4
29530,27929,Forest,80,70931,9393,440094,369163,-723.5,683.1,210.8,23.7,92.6
29531,27236,Forest,384,290576,0,1846958,1556382,-4332.2,1473.2,1011.6,78.1,223.4
29532,27714,Dairy,208,202962,202543,1723813,1520851,225.7,2677.6,419.1,62.4,182
29533,27516,Dairy,144,210733,0,1362838,1152105,1491.6,2336.4,145,41.2,290.2
29534,27480,Dairy,112,184901,0,1004758,819857,1110,4252.9,441.5,90.9,249.9
29535,28326,Dairy,48,44792,0,413443,368651,432.2,1721.3,67.2,23,40.5
29536,28431,Forest,64,76842,0,409145,332303,-10.8,1254.8,221.6,35.1,153.7
29537,27849,Forest,80,41902,0,348773,306871,-1033.7,159.9,242.2,15.8,32.6
29538,28162,Dairy,32,32513,0,259213,226700,268.2,1060.1,13.8,12.2,53.2
29539,27898,Forest,144,64919,0,614624,549705,-1970.8,288.9,434.7,28.9,57.7
29540,27895,Dairy,128,167917,167689,1274016,1106099,1290,3776.4,137.1,50.8,139.1
29541,28189,SNB,80,9385,0,281219,271834,-41.5,421.8,127.4,14.8,93.2
29542,27736,Dairy,176,168722,0,1300427,1131705,518.7,3412.3,298.7,60.6,303.4
29543,28715,Dairy,32,67798,0,323012,255214,338.7,1220.1,130.4,27.7,152.7
29544,27889,Forest,144,115025,115025,747446,632421,-1757,488.3,378.3,27.3,64.1
29545,26890,Forest,1120,625954,128892,4495056,3869102,-13475.6,2237.2,3393.1,224.1,450.2
29546,28649,SNB,32,4681,0,33490,28809,84,346.2,164.2,13.2,112.7
29547,27394,Forest,320,147499,8515,1202515,1055016,-3633.9,644.5,950.8,63.7,128.3
29548,28052,Forest,32,16395,16395,130880,114485,-342.5,64.5,96.9,6.4,13.1
29549,27602,Forest,96,59921,23752,379964,320043,-1147.6,192.7,289.4,19.1,39.6
29550,28566,Forest,32,28366,7433,155299,126933,-431.3,65,97.3,6.2,12.4
29551,26946,Forest,64,35855,0,288639,252784,-913.3,128.2,192.3,12.7,24.3
29552,27725,SNB,240,17556,0,262386,244830,612.6,2148.7,1187.6,58.4,401.7
29553,28435,Dairy,80,50353,0,649579,599226,699.1,2684.3,33.5,28.4,63.4
29554,27968,SNB,128,10286,0,170896,160610,328.6,876.7,492.2,26.1,163.8
29555,28058,Forest,64,47916,0,294712,246796,-545.5,646.4,168.1,20.3,82.3
29556,27886,Dairy,96,119537,119311,637053,517516,482.2,3087.1,369.3,72.8,190.2
29557,28251,Dairy,64,80863,0,499141,418278,600.4,1716.9,163.1,38.3,201.2
29558,28535,SNB,48,-1889,0,67968,69857,130.5,231.2,55.3,9.8,68.2
29559,27095,Forest,176,177908,6702,959302,781394,-625.7,3283.1,604.5,88.7,387.3
29560,27092,Forest,64,50641,0,408488,357847,-203.8,1084.1,111.2,18.5,69.7
29561,28553,Dairy,128,206343,0,1018189,811846,1177.4,4706,502.9,107.2,280
29562,27922,Forest,96,125535,0,821360,695825,868.5,3340.2,39.6,35.1,79.1
29563,27531,SNB,240,36871,0,620939,584068,799.2,2501.6,1787.6,85.1,640.7
29564,28380,Crop,64,84321,0,247496,163175,67.9,1152,22.6,14.8,5.1
29565,27451,Dairy,128,147858,0,1112269,964411,69,2793.3,175.3,39.7,150.3
29566,26940,Forest,64,47086,47086,399427,352341,-525.7,672.3,162.4,16.7,49.3
29567,28212,Forest,96,53738,0,416765,363027,-741.4,407.9,242,18.7,45.3
29568,27429,Forest,96,74060,0,480055,405995,-1070.5,820.8,258.3,26.4,97.7
29569,27924,SNB,224,34477,0,243148,208671,615.8,2392.2,3612.8,106.4,868.4
29570,27867,Forest,128,89265,1908,581410,492145,-1846.5,255.2,379.8,25.8,51.8
29571,27540,Dairy,80,101824,0,747379,645555,791.4,2738.1,269.2,58.7,301.7
29572,28726,Dairy,32,48838,0,356414,307576,329.1,1281.5,125,28,140.8
29573,27673,Dairy,112,160235,0,1044045,883810,1169.6,1895,112,31.2,235.2
29574,27059,Dairy,144,231877,0,1412791,1180914,1467.4,5277,570.8,120.2,666.6
29575,26903,Dairy,208,265160,0,1824201,1559041,2073.8,7848.9,834.1,175.1,882.1
29576,27060,Forest,112,71805,3197,502682,430877,-1569,225.9,335.9,22.2,45.2
29577,27665,Dairy,96,75635,75635,592056,516421,-95,1656.9,205,32.2,106.8
29578,28011,Forest,64,59270,0,368385,309115,-112.5,1267.1,223,33.4,80.9
29579,27801,Dairy,96,135705,0,676750,541045,853.4,3355.1,325.4,69.9,368.7
29580,27455,Dairy,128,235973,0,1167031,931058,1348.6,4796.5,507.2,104.9,545.4
29581,28045,Forest,128,124991,25239,595803,470812,-1878.8,254.7,387.7,25.3,50.9
29582,28158,Dairy,96,95973,0,722574,626601,815.9,3479.4,384.5,84.7,377.6
29583,28351,Crop,80,104165,198,341246,237081,-433.7,505.6,107.1,15.5,17
29584,27699,Dairy,256,440560,439802,2410351,1969791,2099.1,9319,333.7,165.5,502.5
29585,27997,Forest,96,117790,0,384407,266617,98.4,874.1,8.1,11,3.5
29586,28626,Dairy,64,41281,0,461339,420058,289.8,703.9,66.6,11,43.5
29587,28094,Forest,80,61668,13778,371812,310144,-1131.6,159.3,238.9,15.6,31.6
29588,26977,Dairy,112,168178,168178,1048542,880364,1137.9,4386.1,451,94.9,493
29589,28036,Crop,64,93412,0,353389,259977,222,1020.8,66.7,18.4,38.5
29590,28136,Dairy,96,115242,0,817745,702503,892,2935.6,117.1,39.7,155.2
29591,27126,Dairy,112,151925,0,749362,597437,973.9,3848.2,275.7,70.9,276.1
29592,27105,Dairy,80,56766,0,584975,528209,704.4,1637.6,116.8,33.4,209.3
29593,27741,Dairy,144,160368,0,1320265,1159897,1252.4,2104.1,15.1,18.1,53
29594,27326,Dairy,80,117944,117944,760930,642986,848,2913,314,72.7,179.3
29595,28456,Forest,32,12704,0,125418,112714,-350.4,62.5,98.5,6.3,13.2
29596,27168,Forest,176,111558,111558,685967,574409,-2058.5,351.8,534,35.2,70
29597,27401,Dairy,112,73515,0,785657,712142,47.9,2253,232.1,40,134.7
29598,28364,Dairy,64,99864,0,611908,512044,649.5,2454.2,77.4,42.4,238.8
29599,27063,Dairy,80,77294,0,590932,513638,40.1,776.1,118.5,13.7,53.8
29600,27090,Dairy,96,82023,0,835198,753175,1021.2,3535.5,376.1,82.8,257.7
29601,28128,SNB,64,8384,0,66842,58458,179.5,672.6,1061.9,31.7,250.2
29602,27583,Dairy,112,118639,118639,787323,668684,110,2410.7,267.8,53.7,143.6
29603,28713,Forest,32,22139,22139,141838,119699,-386.7,63.3,98.4,6.3,12.2
29604,27781,Dairy,96,112450,0,832646,720196,973.2,1493.7,94.9,28.1,187.3
29605,28087,Forest,112,66045,0,482219,416174,-1588.4,224,339.8,22.1,45
29606,28706,SNB,32,1928,0,60125,58197,95.9,146.1,71.1,6,38.5
29607,28666,Dairy,96,58494,0,885192,826698,633.9,2612.4,324.1,61.8,322.4
29608,27517,Dairy,64,62178,0,376873,314695,158.5,1878,238,43.6,109
29609,27226,Dairy,32,31801,0,203490,171689,265.5,774.4,69.2,16.1,39.4
29610,28494,Dairy,112,127333,127333,926100,798767,998.4,3855.4,47,40.2,174.1
29611,26995,Dairy,112,157126,0,1046738,889612,1180.9,4161.7,447.6,95.9,402
29612,27525,Dairy,112,113379,0,960342,846963,1069,4380.5,135,75.6,455.6
29613,27275,Forest,64,36290,2278,274381,238091,-874.5,127.9,191.4,12.7,25.9
29614,27478,Dairy,144,150072,0,1276308,1126236,1463.8,5326.3,516,113.2,585.6
29615,28269,SNB,176,36959,36959,345849,308890,588.8,1872.8,1467,79.5,674.1
29616,28552,SNB,80,17729,17729,231970,214241,-205.8,531.5,325.7,20,99.6
29617,27825,Forest,112,118917,0,738636,619719,-537.5,1192.9,218.6,31.9,141.9
29618,28171,Dairy,80,124973,0,755923,630950,759.1,2662.4,111.8,38.5,129
29619,28232,SNB,96,39439,0,304155,264716,301.1,1160.3,1126.5,47.2,334.2
29620,28460,Forest,32,24842,9519,130689,105847,-400.1,64.1,98.4,6.2,12.8
29621,27129,Dairy,80,115791,0,590481,474690,713.6,3009.8,184.5,59.7,338.5
29622,27184,Dairy,32,30301,0,245987,215686,293,1190.9,45.2,14.9,62.1
29623,27914,Crop,64,79687,0,262889,183202,69.3,1168.4,23.3,15.5,5
29624,28606,Dairy,64,73158,0,454878,381720,306.7,1433.1,191.4,34.9,177.8
29625,27403,Dairy,192,207685,0,1060210,852525,-498.9,3746.5,401.1,82,405.5
29626,27003,Dairy,64,97863,97863,530741,432878,238.8,1871,236.2,43.8,178.8
29627,27420,SNB,128,8377,8377,175528,167151,337.6,879.6,302.7,32.7,266.9
29628,27992,Dairy,64,40510,0,582173,541663,612.7,969.6,22.5,9.8,54.1
29629,27980,Dairy,64,107254,0,623646,516392,673.2,1062.5,62.8,18,64.5
29630,26874,Dairy,32,48620,0,275544,226924,327.1,1109.7,128.4,26.3,150.2
29631,27916,SNB,128,28747,28643,263767,235020,189.4,1114.3,1386.7,52.8,409.3
29632,27278,Dairy,96,118322,0,902530,784208,936.4,1606.8,94.7,28.4,94.9
29633,26994,Dairy,48,50731,0,402912,352181,463.6,1890.5,57.7,34.4,93.7
29634,26875,Dairy,176,173595,0,1671410,1497815,1668.3,6552.6,186.4,107.8,611.1
29635,28603,Dairy,48,73182,0,416074,342892,482.5,1878.4,148.9,38.3,213.5
29636,27572,Dairy,80,79984,0,447208,367224,326.4,1467.5,125.9,24.6,58.9
29637,27495,SNB,96,24128,2418,154490,130362,54,914.6,1401.1,42.6,342.9
29638,27269,Forest,112,78605,11298,485757,407152,-1472.2,223.6,331.7,22.4,45.8
29639,28454,Dairy,32,50528,0,327553,277025,382.9,1181.1,129.2,26.7,142
29640,26942,Dairy,192,212975,0,1383247,1170272,1657.3,4764.4,216,80.7,411.4
29641,28007,Forest,112,70185,3497,503285,433100,-1608.4,223.9,340,22.3,46
29642,27376,Dairy,80,44357,44357,546576,502219,0.4,897.3,139.7,19.9,62.4
29643,27939,Dairy,112,129877,129673,739989,610112,12.4,2154.3,125.2,31.6,90
29644,27519,Dairy,64,73856,0,612015,538159,582.4,942.9,6.7,7.9,22.2
29645,27363,Dairy,80,67450,67428,743419,675969,822,2969,95.2,53.9,323
29646,27027,Crop,96,98164,97895,389707,291543,-130,758.8,54.4,12.9,9.6
29647,27570,Forest,48,1564,0,132109,130545,182.3,556.4,190.1,18.2,177.6
29648,26896,Dairy,288,297035,0,1734020,1436985,2397.2,4780.8,229.2,78.5,281.8
29649,27679,Dairy,96,155784,0,844800,689016,607.6,2720.4,159.6,40.7,155
29650,28276,SNB,64,2443,2346,68572,66129,164,608,361.4,16.7,115.5
29651,27874,Dairy,64,71046,0,537022,465976,271.9,1879.9,241.2,46.2,211.9
29652,28120,Dairy,32,51182,0,328979,277797,336.3,1194.5,84.3,24,128.4
29653,27074,Dairy,256,346530,0,1783036,1436506,2279.9,9553.1,686.5,173.1,725.6
29654,27839,SNB,80,1707,453,133301,131594,216.2,350.9,28,8.7,50.4
29655,27186,Dairy,80,80070,0,766533,686463,425.3,2440.5,123.3,47.2,273.7
29656,27009,SNB,96,19852,19852,180970,161118,-177.6,793.9,454,31.7,245.8
29657,28008,Dairy,96,65344,0,861648,796304,933.3,3251.4,40.4,36,151.9
29658,27017,Dairy,96,128406,0,715814,587408,752,3125.2,612.1,76.4,429.8
29659,27953,SNB,160,33611,0,459025,425414,575,1766.4,629,64.6,574.1
29660,28032,Forest,48,45860,11462,267800,221940,-213.4,687,166.1,20.5,75.7
29661,27595,Dairy,128,100003,0,674873,574870,36.9,2261.8,184.3,40,107.1
29662,27279,Dairy,144,184351,0,916440,732089,1229.2,5250.4,577.4,121.1,647.3
29663,28502,Dairy,80,93319,93319,767559,674240,844.6,3058.4,319,72.5,359.8
29664,28647,Forest,64,31929,0,222753,190824,-639.5,234.9,238,13.6,50.1
29665,28534,Crop,48,61372,61264,199157,137785,49.5,568.4,8.6,7.7,2.5
29666,27963,Forest,112,83680,20776,493331,409651,-1557,221.5,331.4,22.6,45.9
29667,28200,Forest,64,48409,8241,290696,242287,-974.8,128.6,192.8,12.8,25.1
29668,27492,SNB,80,21531,0,213770,192239,-279.9,395.2,331.9,20.4,120.4
29669,27842,Forest,48,40697,12786,206514,165817,-600.2,95.9,139.9,9.6,19.7
29670,26893,Dairy,160,193626,0,1697051,1503425,1647.3,5959.4,626.2,131.8,549.3
29671,28267,Forest,48,35419,6088,218288,182869,-685.3,96.5,142.5,9.5,19.2
29672,28531,Forest,112,76902,0,505943,429041,-1189.4,857,315,29.6,100.7
29673,28343,Dairy,128,144676,0,890640,745964,1193.2,4503,179.2,60.7,244.6
29674,28654,SNB,192,28428,0,237840,209412,550.9,2110.4,3091.7,95.1,757.4
29675,27145,Dairy,48,61037,0,455912,394875,490.8,1728.9,191.2,42.7,218.5
29676,28086,Dairy,64,88710,0,578001,489291,618.3,2157.6,89,29.6,115.5
29677,28198,Forest,48,26151,1337,219763,193612,-688.6,95,141.7,9.8,19.3
29678,28650,SNB,32,-51,-51,30666,30717,81.9,162.1,42,6.8,45.6
29679,27989,Dairy,80,155918,0,713242,557324,774.5,2859.4,323.7,69.9,372.2
29680,26912,Dairy,48,30737,0,417446,386709,415.4,1612.7,20.4,18.5,78.1
29681,28418,Forest,112,38040,0,409637,371597,-1247.7,222.3,330.9,22.3,45.2
29682,27056,Forest,32,22699,1617,143621,120922,-443.7,64.2,91.8,6.3,13.1
29683,28623,Forest,64,63034,0,304196,241162,-171.8,1322.9,230,33.5,156.2
29684,27613,Forest,128,88415,88415,563853,475438,-1767.9,252.5,384.5,25.6,51.1
29685,28139,Dairy,64,90468,0,407783,317315,545.6,2301.6,249.5,51.8,148.9
29686,27769,Forest,144,113461,10424,698166,584705,-704.2,1936,471.5,58.8,251.6
29687,28621,Dairy,48,109136,7477,404617,295481,458.4,1437.3,104.3,26.5,130.6
29688,28216,Dairy,96,110914,0,840392,729478,979.8,3383.8,385.2,80.3,222.5
29689,27166,Dairy,160,186679,0,1480501,1293822,1617.4,6182.9,191.8,109.9,655.7
29690,28066,SNB,112,20056,32,117519,97463,315.2,1213.6,2013.2,55.4,455.1
29691,27309,Dairy,80,98189,0,619303,521114,649,2115.8,23.7,22.3,106.2
29692,28670,Dairy,64,81239,0,647380,566141,679,2394.3,255.7,53.5,174.8
29693,28196,Forest,80,62166,12550,363353,301187,-1171.3,160.6,237.8,16.2,30.6
29694,27623,Crop,80,85425,0,674250,588825,701.9,2823.3,33.7,29.4,132.8
29695,28239,Dairy,112,87091,0,1048862,961771,1155.7,4368.7,447,90.9,399.2
29696,28209,SNB,80,1102,0,219353,218251,270.6,793,367.9,22,146.2
29697,27863,Dairy,48,65798,0,327627,261829,455,1876.8,191.5,39.9,227.5
29698,26920,Forest,640,385024,60420,2516766,2131742,-7496.2,1278.3,1909.2,127.8,260.7
29699,28096,Forest,80,49637,3669,350384,300747,-1086,160.3,236.8,16,32.1
29700,28225,Forest,64,35567,0,273726,238159,-868.6,128.3,197.6,12.9,25.4
29701,27938,Dairy,128,204252,0,1265332,1061080,506.9,3497.1,483.3,87.6,449.9
29702,28315,SNB,112,14198,14168,204494,190296,367.7,1215.5,461.6,45.7,414.6
29703,26930,SNB,240,-641,-641,217530,218171,535.7,1050,357.6,33.8,170.9
29704,28247,Dairy,96,100342,0,957128,856786,958.4,2624.4,72.9,45,284.8
29705,26885,Dairy,144,252325,0,1567952,1315627,1580,5405.5,575,127,546.4
29706,27383,Dairy,128,179931,0,1119577,939646,1300.7,4709.6,509.3,106,575.7
29707,28425,Dairy,32,25752,0,175822,150070,-95.5,291.1,54.7,5.8,20.8
29708,27836,Forest,128,69852,0,583721,513869,-1850.8,256.5,386.7,25.9,51.2
29709,28245,Dairy,128,128427,0,1206679,1078252,1143.6,2248.8,53,24.3,114.8
29710,27773,Dairy,64,75380,0,599542,524162,652.2,2505.2,254.2,55.3,291.6
29711,27841,Dairy,160,252726,0,723449,470723,182.4,3203.2,146.4,61.3,29.8
29712,27138,Dairy,64,44000,0,500803,456803,625.6,1672.2,137.7,32.7,160.6
29713,28166,Dairy,192,248555,0,1996327,1747772,1965.5,3186.4,125.7,40.6,217
29714,27266,Forest,48,51906,19970,224313,172407,-667.1,95.1,144.2,9.5,18.9
29715,27990,SNB,48,19012,4079,103326,84314,-130.1,377.7,537.7,19.2,137.7
29716,27072,SNB,288,64035,64035,554891,490856,-562.3,2373.7,3609.7,116.2,805.3
29717,27994,Dairy,64,86108,0,577291,491183,610.7,2309.8,253.2,54.1,189.8
29718,27289,SNB,128,45684,45684,417735,372051,463.4,1467.2,1644.6,64.1,510.6
29719,27985,Forest,256,207793,45320,1143464,935671,-3528.2,510.7,762.1,50.9,102.9
29720,27093,Dairy,144,212408,0,1125729,913321,1370.7,5232.3,416.9,104.9,551.3
29721,27314,Dairy,272,296566,0,1620053,1323487,1703.7,8429.4,173.8,100,403.4
29722,27490,Dairy,272,276742,0,1801141,1524399,1435.9,6930.8,800.4,154.4,759.1
29723,27574,Dairy,96,122119,0,819171,697052,866.5,1456.9,10.1,12.1,67.5
29724,26906,SNB,208,22493,22493,213359,190866,550.8,2278.8,3468.2,101.9,836.2
29725,28485,Dairy,48,74403,0,343889,269486,470,1861.5,192.3,40,208.1
29726,27180,SNB,48,10599,10599,101977,91378,-150,182.8,185.5,11.3,60.1
29727,28386,Forest,32,33032,8892,155178,122146,-481.4,63.8,94.7,6.3,12.9
29728,27070,Dairy,192,140497,0,825009,684512,1247.1,2806.6,437.9,60.1,400.3
29729,28037,Forest,80,84201,0,549231,465030,-344.1,1408.5,276.3,37.6,158
29730,28632,Dairy,32,35397,0,220832,185435,293.8,1239.9,126,29.4,140.5
29731,27425,SNB,128,31232,0,242090,210858,436.4,1405.7,1820.5,63.2,498.4
29732,28186,Dairy,96,146585,145997,936918,790333,912,1591.7,28.8,23.1,172.6
29733,27073,SNB,368,59605,0,525590,465985,1115.7,4044.3,5249.5,172.9,1354.3
29734,28515,Dairy,64,74824,0,519963,445139,279.8,1815.7,240.2,46.4,207.3
29735,27402,Dairy,112,153346,0,1063603,910257,1044.3,1975.8,33.7,25.8,203.3
29736,27778,Dairy,48,69704,0,371500,301796,318.8,1525,52.9,27.1,60.9
29737,27323,Forest,80,50517,3232,347697,297180,-1114.8,160.9,243.4,15.8,31
29738,28473,Forest,144,122407,24075,749719,627312,-934.9,1412.5,469.6,48.3,185.1
29739,27793,Forest,160,106086,15377,713154,607068,-1461,591.7,455.4,33.9,87.5
29740,27415,Dairy,64,77389,0,660133,582744,679.3,2114.4,200,43,226.7
29741,27292,SNB,128,10433,0,153403,142970,336.3,816.8,256.6,31.1,244.6
29742,27055,Dairy,80,131551,0,783619,652068,827.8,2943.6,322.1,69.9,364.7
29743,28126,Forest,144,108184,108184,638950,530766,-1912,289.7,429.6,28.4,58.8
29744,28704,Dairy,32,43148,0,328741,285593,357.8,1194.6,127.3,25.8,150.2
29745,26932,SNB,48,13677,0,174604,160927,-142,412.6,171.2,15.9,113.2
29746,27412,Crop,112,198004,128550,517526,319522,128.7,2239.1,109.8,44.5,22.6
29747,27877,Dairy,176,275955,0,1581096,1305141,1763.3,6768.1,690.6,151.2,389.5
29748,26944,Dairy,144,167485,0,1113309,945824,1350,5593.4,225.5,92.8,511.6
29749,28338,Dairy,48,30234,0,448210,417976,450.8,1690.2,67.2,22.7,43.4
29750,27357,SNB,64,54363,0,414257,359894,429.1,717.4,156.3,17.4,82.8
29751,27345,Dairy,96,165096,0,998059,832963,1016.6,3482.6,247.4,72.9,353.6
29752,27487,SNB,368,98176,0,1132714,1034538,218,3439.1,3947.6,161.6,1214.6
29753,27905,Dairy,128,117804,0,911612,793808,854.3,4069.8,324.6,74.5,339.4
29754,27242,Forest,128,136578,0,1103067,966489,1216.6,4813.7,153.1,87.7,516.4
29755,27352,Dairy,64,97474,0,601240,503766,660,2482.2,257.3,53.7,285.6
29756,27243,SNB,208,86421,0,717529,631108,930.7,3097,2356,109.7,821.2
29757,28259,Dairy,96,134852,0,701233,566381,539.3,3414.4,369.3,69,279
29758,27529,Dairy,32,55991,0,336024,280033,330.5,824.6,24.4,13.1,72.4
29759,27885,Forest,128,84945,8784,570198,485253,-1733.4,254.7,381.2,25.3,50.7
29760,28282,Forest,112,157958,0,968571,810613,1041.2,4274.7,135.9,78.1,460.1
29761,27404,Dairy,176,214657,0,1176765,962108,1544.1,6847,346,129.5,754.3
29762,27779,Dairy,96,118234,118234,639915,521681,864.7,3784.9,385.5,85.3,408.5
29763,28350,Dairy,96,127903,0,623225,495322,811,1597.8,96.5,27.7,187
29764,27010,SNB,96,15600,15331,150631,135031,-30.8,417,398.9,23.7,136.8
29765,28587,Dairy,96,51775,51128,725420,673645,438.5,1160.8,58.6,13.6,64.9
29766,27193,SNB,208,13438,0,299407,285969,563.2,1739.6,355.2,42.6,296.9
29767,27767,Dairy,64,111113,0,474876,363763,304.9,1674.6,156.1,31,71
29768,26960,SNB,368,226079,225605,1632565,1406486,2073.2,7282.7,1236.4,190.6,1105.6
29769,28060,Dairy,64,77593,0,524394,446801,593.9,1998,26.8,22.7,48.3
29770,27834,Dairy,64,14009,14000,233964,219955,351,723.7,56.8,12.7,98
29771,28329,Dairy,144,152430,0,901349,748919,1231.6,5131.9,323.2,86.3,347.6
29772,27260,Dairy,96,133929,0,828245,694316,946,1598.1,83.6,24.6,86.1
29773,27240,Dairy,112,69608,0,1000032,930424,1111.1,2171.6,159.1,41.1,263.8
29774,27621,Forest,48,34020,0,225644,191624,-740.2,95,147.6,9.7,19.6
29775,27909,Forest,80,25941,25932,325482,299541,-563.5,405.9,182.7,16.6,67.9
29776,27136,Dairy,96,136761,136761,1068430,931669,926.2,3188.3,39.9,33.8,80.6
29777,27329,Dairy,80,120409,0,731067,610658,819.7,3274,321,67.5,358.7
29778,27006,SNB,112,62493,62493,432353,369860,505.6,1281.6,1224.5,53.6,419.3
29779,27582,Forest,64,46429,12471,291759,245330,-902.3,127.9,191.7,12.5,25
29780,28403,SNB,96,30870,1098,283287,252417,344.4,1061.6,1217.3,47.6,400.6
29781,28443,Dairy,48,60866,0,435245,374379,107,1130.6,93.5,16.3,65.2
29782,28496,Dairy,128,91066,90948,1214080,1123014,916.6,3247.4,132.9,55.2,312.4
29783,28287,Dairy,80,55226,0,766345,711119,841.2,1380.2,81.1,24.1,161.9
29784,26990,Forest,80,65879,26648,359675,293796,-1120.3,159.4,238.4,15.9,32.4
29785,27819,Dairy,48,55569,0,324904,269335,413.5,1717.7,67.2,22.5,83.5
29786,26925,Dairy,96,133413,0,883136,749723,951.4,3035.8,72,39.6,160.4
29787,26993,Forest,144,87920,0,686238,598318,-1687.7,868.2,392.6,31.2,64.5
29788,28005,Forest,80,59477,12044,354492,295015,-1103.4,160.2,239.6,16.2,31.8
29789,28356,Dairy,32,42689,0,282297,239608,318.6,1076.3,45.1,14.2,53.6
29790,27501,Dairy,64,73681,0,558915,485234,644.9,1069.4,62.7,18.1,62.8
29791,28660,Crop,144,180045,180045,553182,373137,144.5,2699.1,94.4,45.7,19.1
29792,28540,Dairy,48,75821,0,463881,388060,497.6,1684.1,195.8,40.3,209.3
29793,28099,SNB,272,138466,69262,1053795,915329,542.2,4238.7,1093.3,87.5,431.8
29794,27748,Forest,80,42745,552,365553,322808,-1133.9,161,241.8,16,31.9
29795,28028,Forest,160,125560,35936,687579,562019,-1981.5,323,475.6,32.1,64
29796,28192,Dairy,64,59224,0,593829,534605,634.2,2387.6,76.9,43.7,258.4
29797,27255,Dairy,192,250176,250176,1715937,1465761,1950.2,7150.8,761.3,162,430.1
29798,28622,Dairy,48,54896,0,452048,397152,535.1,1882.4,192.7,40.1,218.5
29799,27768,Dairy,144,176335,0,1363929,1187594,1413.2,2335.1,143.4,41.9,149.8
29800,27703,Dairy,160,203185,0,1201630,998445,1510.9,5626.5,307.6,85.6,377.7
29801,28217,SNB,80,9583,9583,109014,99431,244.9,898.2,1264.5,38.9,333.4
29802,28277,Dairy,48,62258,0,457187,394929,466.8,1811.2,56.1,30.5,91.1
29803,27228,Forest,176,120573,120573,804359,683786,-2571.7,351.5,532.6,35.2,70.2
29804,27522,Forest,64,45251,4136,270742,225491,-848.1,128.8,191.4,12.7,26
29805,26908,Dairy,64,57478,57478,538476,480998,630.9,2360.3,253.2,51.4,142.5
29806,26980,SNB,160,46268,0,356385,310117,-584.5,1079.7,362.5,34.2,181.7
29807,28465,Dairy,176,219962,0,1619298,1399336,1710.5,5223.6,154.5,89.1,507.2
29808,28301,SNB,64,6994,0,65222,58228,155.5,302.8,83.8,12.9,95.9
29809,27556,Dairy,128,138785,0,1185316,1046531,1232.4,2121.5,37.9,29.4,118.5
29810,28332,Dairy,112,77888,0,993111,915223,1005.2,1711.6,11.9,14.4,81.8
29811,28063,Forest,32,4637,0,32992,28355,73.6,151.8,144.2,8.1,48.9
29812,27584,Dairy,176,168679,0,1355286,1186607,1721.2,6607.3,527.9,139.3,635
29813,27510,Dairy,128,159775,159775,1122492,962717,1285.9,5025.3,509.3,106.4,554.1
29814,28717,Dairy,32,43547,0,288274,244727,322.3,1164.5,127.9,29.2,137.8
29815,28620,Dairy,32,45003,0,330959,285956,320.9,1213.8,131.9,27.3,133.7
29816,27428,Dairy,176,275269,0,1769782,1494513,1778.9,6626.4,303.5,123.8,718.6
29817,27858,Forest,48,91678,6774,241696,150018,57.6,938.9,49.2,18.7,9.2
29818,28064,Forest,96,73019,0,696295,623276,-218.2,1926,286.2,48.5,119.2
29819,27004,Dairy,208,257374,0,1749311,1491937,1805.6,7362.3,810.5,166.9,898.9
29820,28682,Dairy,80,96384,96384,755988,659604,464.3,2156.3,136.8,32.3,119.9
29821,27019,Forest,96,89261,4293,511771,422510,-950.4,681.2,308,30.5,97
29822,28341,Forest,80,49002,9054,314126,265124,-942.1,160.6,239.6,16.2,32
29823,27464,Dairy,144,189315,0,1260960,1071645,1343.8,4692.3,137.8,79.9,483.6
29824,27355,Dairy,64,92778,0,626341,533563,718.4,2518.1,252.4,52.1,289.3
29825,27892,Dairy,240,351183,0,2119390,1768207,1589.4,7709.8,319.9,144,765.3
29826,27382,Crop,48,56348,0,212652,156304,-241.6,322.7,51.4,6.9,7.7
29827,27176,Dairy,192,215660,0,1790580,1574920,1816.7,6662.8,80.1,70.3,305.3
29828,28148,SNB,64,3993,3864,101001,97008,186.7,639.3,314.7,17.6,113.8
29829,28268,Dairy,64,62114,0,578358,516244,653.1,1147.3,64.8,18.9,133.5
29830,28025,Dairy,96,127574,0,935299,807725,1019.6,3655.4,322.5,71.5,366.5
29831,28492,Dairy,96,146287,0,787874,641587,893.6,3496.9,385,81.2,325.8
29832,27008,SNB,272,10582,0,273720,263138,681.5,1354.9,1132,66.3,424.4
29833,28116,SNB,112,12741,12741,115059,102318,298.6,1184.6,1730.6,53.5,414.8
29834,27343,Dairy,240,308627,0,2118111,1809484,2418.2,4411.2,289.6,80.9,542.5
29835,27640,Dairy,144,200026,0,1383459,1183433,1441.7,5348,568.7,117.8,633.3
29836,27365,Crop,80,146907,0,352837,205930,86.2,1692.4,79.5,31.7,16.1
29837,27347,Dairy,128,128201,0,1165476,1037275,1296.3,4479.4,180,58,234
29838,28311,Dairy,32,65157,0,377811,312654,351.7,1181.4,37.9,21.1,124.4
29839,26877,Forest,48,17610,0,205439,187829,-676.6,96.8,145.3,9.5,18.7
29840,28078,Dairy,64,75188,0,437489,362301,-108.5,1174.4,222.9,32.7,146.3
29841,27219,Dairy,96,109274,109274,908027,798753,1020.4,3670.3,383.4,84.1,427.3
29842,28359,SNB,112,5759,0,153060,147301,300.2,796.2,267.9,27.2,213.5
29843,27312,SNB,64,20558,8019,132416,111858,204.1,669.3,609.3,25.9,179.8
29844,27481,SNB,240,15042,0,299506,284464,614.1,1808.1,2002.5,75,577.4
29845,27999,Dairy,80,92358,92197,682565,590207,726.2,2828,33.6,28.8,132.8
29846,27893,SNB,256,10824,0,239765,228941,586.4,2514.4,688.1,58.2,424
29847,28687,SNB,48,-610,0,43741,44351,103.2,204.1,20.5,5,30.5
29848,27499,SNB,144,28018,0,243505,215487,461.3,1358.1,1728.8,59.8,479.1
29849,26981,Forest,256,119178,72067,689785,570607,-1353.2,1656.1,2575.2,88.6,559.9
29850,27156,Dairy,160,178125,0,1386321,1208196,1508.2,5805.4,194.4,112,648
29851,26928,Forest,192,171153,0,1023533,852380,-456.4,3974.2,669.9,97.4,469.2
29852,28178,Dairy,128,79396,0,1140068,1060672,1196.3,1860.1,17.2,16.9,92.4
29853,27521,Forest,144,121144,28516,650351,529207,-1933.6,288.9,431.1,28.9,56.4
29854,27723,Dairy,80,57412,0,394576,337164,465.7,907.9,43.7,13.4,86.2
29855,27979,Dairy,64,67763,0,341966,274203,470.6,912.2,148.8,18.3,78.8
29856,27537,Dairy,128,133609,0,782952,649343,1105.9,5033.9,503.3,109.4,565.8
29857,27310,SNB,96,15362,15362,179718,164356,-35.9,711,169.7,19.9,125.1
29858,27029,Crop,128,161410,0,778580,617170,619.3,3561.6,120,51.7,191.8
29859,27933,SNB,80,17993,0,147606,129613,276.2,919.4,343.8,31.8,282.2
29860,27826,Dairy,160,137249,0,1332660,1195411,1489.3,5261.9,222.1,75.5,145.4
29861,27751,Forest,96,105917,105917,608036,502119,-495.1,1312.2,232.5,34.8,88.3
29862,26969,Dairy,96,55521,55022,775515,719994,868.7,3246,132.6,45.4,81.9
29863,27794,Forest,32,11951,11919,93807,81856,-193,101.3,53.5,5.2,17.2
29864,28710,Forest,32,23026,3662,147020,123994,-413.7,63.5,93.7,6.5,12.7
29865,27441,Forest,64,59093,11712,298565,239472,-914,126.2,191.2,12.5,25.6
29866,26975,SNB,96,8449,8449,115535,107086,255.2,642.8,554.6,25.8,170
29867,28121,SNB,112,17232,17232,117810,100578,310.1,1294.9,1922.5,54.3,441.4
29868,27230,Dairy,128,136432,0,1144726,1008294,1224,4866.5,508.3,110.6,288.4
29869,28582,Crop,128,131418,0,656813,525395,611.8,3431.5,48.6,39.4,108.4
29870,28436,Forest,48,26296,26296,155580,129284,-313.3,253,361.4,14.4,74.8
29871,28409,Dairy,64,107538,0,609690,502152,701.3,2419.1,254.4,55.7,276
29872,27296,Dairy,112,152912,0,874207,721295,995.3,2873.4,76.7,47.6,305.9
29873,27752,Dairy,64,99493,99364,607132,507639,622.8,2092.1,90.8,29.7,105.2
29874,27803,Dairy,144,142038,0,1376250,1234212,1354.7,4297.7,167,58.3,225.8
29875,27485,SNB,192,136869,136869,757770,620901,730.3,2382.1,1303,69.8,550.4
29876,27477,Dairy,112,106900,0,999620,892720,1030.8,3298.7,60.9,44,116.5
29877,28065,SNB,96,-2728,0,141373,144101,253.9,412.7,122,13.4,69.1
29878,27197,Dairy,96,126446,126446,908422,781976,947.9,3677.1,116.3,62.4,403.5
29879,28278,Dairy,128,144925,0,1117665,972740,1256.6,2092.5,126.5,37.8,251.8
29880,28628,SNB,96,7833,0,140452,132619,284.2,616.4,608.6,25.7,171.6
29881,27897,Forest,176,123923,18846,785065,661142,-2543.3,352.9,533.4,35.1,69.7
29882,27828,Dairy,64,103427,0,462785,359358,538.5,2388.9,254.2,53.6,290.8
29883,26905,Forest,96,90034,2341,518230,428196,-1068.8,731.8,301.2,30.8,91.9
29884,28638,Dairy,80,92150,0,655314,563164,696.9,2796.5,192.5,51.2,199.2
29885,28132,Dairy,64,70899,0,410342,339443,558.3,2431.1,254.1,53.5,149.6
29886,28384,Forest,64,33825,0,277529,243704,-893.5,127.9,192.8,12.9,25.5
29887,27457,SNB,96,-2002,-2002,164724,166726,270.2,569.9,265.1,23.4,184.2
29888,28556,SNB,64,36264,0,198711,162447,267.1,698.8,73.4,12.4,86.9
29889,28226,Dairy,368,387384,0,2237440,1850056,2075.9,10865.9,470.9,198.1,1152.3
29890,27539,Forest,128,89728,0,584612,494884,-1937.4,255.1,386.8,25.6,50.3
29891,28206,Dairy,64,86790,0,550941,464151,642.7,2395.9,258.9,53.6,306.5
29892,28115,Forest,32,25613,6407,144210,118597,-517.6,63.5,95.5,6.4,12.4
29893,28681,Forest,32,19121,99,123851,104730,-342.1,64.4,97.3,6.4,12
29894,27117,SNB,112,8150,0,187491,179341,356.4,683.1,495.5,31.5,207.3
29895,27339,SNB,80,15355,0,168482,153127,245.4,684.8,246.7,24.9,215.8
29896,27848,Dairy,48,25545,0,351961,326416,88.6,1272.7,177,30.8,81
29897,28617,Forest,64,46105,21939,256828,210723,-757.4,127.7,193,12.5,25.9
29898,27674,Forest,80,50161,0,357657,307496,-603.3,676.5,252,25.3,92.4
29899,27585,Crop,96,100348,0,417130,316782,-413.6,658.4,102.9,13.8,15.4
29900,27726,Dairy,80,78002,0,716524,638522,837.6,2989.2,323.5,67.2,184.1
29901,28288,Dairy,96,145654,0,845135,699481,917.7,1602.3,96,26.4,192.8
29902,27524,Forest,48,14584,14584,179710,165126,-574.5,97,148.2,9.5,18.5
29903,27025,Dairy,96,88217,88217,867551,779334,885.8,3190.2,39.9,34.8,79
29904,28117,Forest,112,135768,0,1043505,907737,1187.3,4101.7,406.9,85.6,503.4
29905,27738,Dairy,64,89689,0,609751,520062,316.5,1990,104.4,35.6,202.4
29906,28618,Forest,80,38122,9639,221813,183691,-442.3,420.7,715,25.2,145.6
29907,27705,Dairy,80,133001,0,773342,640341,772.7,3016.2,95.8,56.6,332.6
29908,27610,Dairy,80,117176,0,712784,595608,726.8,1285.6,79.8,23.9,158.2
29909,28054,Dairy,64,82090,0,440731,358641,638.5,2428,257.2,55.9,285.1
29910,26979,Crop,288,372430,0,1651835,1279405,1032.2,6047.8,140.4,86.5,230.1
29911,28077,Forest,176,123958,37580,759697,635739,-2231.2,353.2,523.6,34.7,69.9
29912,27869,Dairy,176,148578,0,1405121,1256543,676.6,4922.9,294.3,96.8,539.9
29913,26879,Dairy,128,185678,185442,1135641,949963,1311.1,4913.5,508.1,109,421
29914,28605,Dairy,64,80107,0,601398,521291,644.4,2177.4,89.4,28.4,116.4
29915,28159,Forest,64,19797,0,261360,241563,-867,126.5,193.4,12.8,25.1
29916,27195,SNB,432,35297,35007,547253,511956,1113.3,3808,1483.5,130.1,1146.2
29917,26956,Forest,784,502818,116350,3197764,2694946,-9345.4,1565.6,2346.6,156.4,315.2
29918,27045,SNB,272,39433,39356,356698,317265,800.6,2947.3,3963.3,123.8,1028
29919,27431,Dairy,96,144623,0,870533,725910,921.8,3546.2,380.1,82.8,207.2
29920,27807,Forest,112,86718,0,704551,617833,-740.8,1398.9,372.5,43.5,102.3
29921,27650,Dairy,240,406966,406966,2588138,2181172,2539,9276.4,962.9,211.1,1092.2
29922,27711,Dairy,80,71010,71010,691940,620930,730.5,1665.7,82.4,28.2,200.4
29923,27182,Forest,160,92309,18926,626012,533703,-1934.7,320.5,476,31.8,63.7
29924,27688,Crop,96,175418,175418,434524,259106,104.5,1952.9,98.6,37.4,19.4
29925,27178,Dairy,64,86456,0,424690,338234,499.8,1061.8,19.3,15,112.8
29926,28253,Forest,64,16972,1135,175149,158177,-301.6,426.1,618.3,23.7,133
29927,28079,Dairy,48,48218,0,455742,407524,499,842.4,35.8,13.3,79.6
29928,27237,SNB,48,1607,0,68985,67378,125.4,323.7,87.2,9.9,82.4
29929,28512,Forest,48,70238,0,202734,132496,53.3,1006.4,48.7,19.5,9.6
29930,27081,Dairy,64,81918,81918,454727,372809,259.3,1480.2,196,35.1,187.6
29931,27023,SNB,144,15506,0,279022,263516,179.2,1314.5,238.8,32,212.9
29932,27474,Dairy,80,72792,72788,624984,552192,731.7,1253.2,139.7,24.4,187.6
29933,28478,Dairy,48,50963,6782,297642,246679,-27.6,705.6,300.8,24.4,150
29934,28122,Dairy,64,86990,0,610916,523926,674.6,1159,63.6,17.9,135.2
29935,28413,Dairy,48,46940,46940,432529,385589,519.3,1774.1,190.6,38.9,209.7
29936,28246,Crop,48,55025,54928,203991,148966,52.1,402.2,4.3,5.8,1.7
29937,26985,SNB,464,15803,15711,570570,554767,1138.4,2153.1,1014,84.6,527.2
29938,27965,Dairy,112,146712,0,1151275,1004563,1150,2962.3,121.4,51.3,265.4
29939,27693,SNB,192,15053,15053,199686,184633,469.1,935.6,763.2,47.4,301.4
29940,28101,Dairy,64,44504,0,363371,318867,489.5,993.5,293,21.2,123.9
29941,28125,Forest,128,105484,0,713194,607710,-1116.3,1396.3,325.4,39.2,103.4
29942,27776,Dairy,64,48832,0,598150,549318,613,961.1,6.7,8.3,47.6
29943,27212,Dairy,144,195769,0,1328942,1133173,1393,2329.5,76.8,36.5,268.9
29944,27690,Forest,80,92762,0,797062,704300,843.5,2951.6,320.3,69.1,247.1
29945,27207,Dairy,208,215189,0,1621917,1406728,1777,3460.6,108.6,46.8,227.6
29946,27851,SNB,128,7294,0,188958,181664,372.6,989.9,750.1,37.2,254.6
29947,28067,Forest,624,269490,269490,2160085,1890595,-5558.2,2164.8,1787.4,130.2,416.8
29948,28114,Dairy,96,125345,0,968679,843334,1002.4,3515.3,378.2,82.2,288.5
29949,27721,Dairy,192,200190,0,1341613,1141423,1471.4,2897.9,191.4,48.5,308.7
29950,27416,Dairy,80,98524,0,707639,609115,702.2,2724,89.7,37.4,173.3
29951,27173,Dairy,48,81410,0,453561,372151,475.2,830.1,48.5,13.6,95.5
29952,27144,Dairy,112,134660,0,806402,671742,958.1,3607.3,139.8,43.6,184.3
29953,27811,Dairy,80,59896,59617,719895,659999,796.4,2445.6,95.5,31.8,120.3
29954,27995,Forest,48,23599,0,205923,182324,-674.7,96.4,139.7,9.6,19.2
29955,27514,Dairy,32,30140,30054,196547,166407,245.6,1057.1,45.2,14,29.1
29956,27297,SNB,144,30353,0,257624,227271,481,1561.6,1378.7,65.8,568.1
29957,28573,Forest,64,41825,0,280519,238694,-895.7,126.8,188.4,12.9,25.7
29958,27809,Forest,96,87922,25066,445508,357586,-1386.9,192.6,287,18.9,36.8
29959,27165,Forest,48,39869,4032,231934,192065,-746,97.2,145.9,9.9,19.7
29960,28021,Dairy,96,105671,0,577465,471794,423.4,3073.6,143.5,57.9,327.1
29961,28056,Dairy,128,169632,0,1209685,1040053,1254.6,4955.4,196.6,91.3,303.7
29962,26938,Dairy,240,288895,0,2230964,1942069,2269.4,8203.2,101,90.7,401.8
29963,28113,Forest,80,78795,78795,328021,249226,-485.3,796.4,172.9,22.6,24.7
29964,28319,Dairy,144,158634,0,1178405,1019771,1314,2104.7,50.5,22.8,114
29965,27405,Dairy,80,73442,0,688277,614835,721.1,1383.5,24.2,17.6,149
29966,27687,Dairy,128,150625,0,996655,846030,918.7,2647.5,259.3,55.7,258.9
29967,28684,SNB,48,-1598,0,43302,44900,97.2,214,21.2,5.4,31
29968,27749,Dairy,80,62661,62661,626698,564037,780.1,3097.1,319.4,66.1,371
29969,27810,Forest,64,47393,6462,282960,235567,-906.9,126.8,194.9,12.9,25.8
29970,27645,Dairy,144,171426,0,1356505,1185079,1425.9,2487,145.2,40.8,296.8
29971,28719,Forest,32,23490,6338,127553,104063,-387.1,64,95.8,6.5,11.9
29972,28296,Dairy,32,47756,47756,298657,250901,291.9,1036.6,13.3,11.1,48
29973,27890,Dairy,80,65005,0,685894,620889,789.9,2906.8,140.2,58.4,323
29974,28334,Forest,48,27177,27177,200879,173702,-652.1,95.2,141.8,9.8,19.5
29975,27757,Forest,192,103461,103461,758169,654708,-2237.8,385.7,573.3,38.2,75.6
29976,27158,Dairy,128,195304,0,1289016,1093712,1313.7,2469,107.5,42.5,282.3
29977,27020,Dairy,128,154387,154344,921571,767184,1140.5,4611.3,264.2,72.9,297.5
29978,27588,Forest,48,35296,4484,210492,175196,-639,96.6,145.2,9.6,19
29979,27368,SNB,64,8108,0,176339,168231,203.1,628.5,83.3,14.2,93.4
29980,27603,Dairy,80,116808,0,692949,576141,62.5,807.3,113.9,13.8,33.6
29981,28474,Dairy,32,54775,54775,315305,260530,331.5,1283.7,125.6,27.9,147.5
29982,28469,Forest,48,27094,0,213569,186475,-290.2,749.6,157.7,21.6,78.6
29983,28119,Dairy,80,92991,92776,735295,642304,807.4,3017.6,318.6,66.1,184.9
29984,27235,Dairy,80,110883,0,761140,650257,775.2,1582.8,44.6,17.2,55.1
29985,28406,SNB,64,4944,4944,59034,54090,147.8,601.5,411.1,17.7,115.1
29986,28658,Dairy,80,76952,0,709277,632325,726.7,2813.9,33.5,28.9,128
29987,28321,Dairy,64,61634,61500,615164,553530,611,974,19.1,13.8,72.9
29988,28611,Forest,64,62736,21977,293451,230715,-942.5,127.7,194,12.8,26.6
29989,27283,Dairy,192,262671,0,1892366,1629695,1576.3,2784,169.9,44.2,137.1
29990,28098,Dairy,64,106851,0,564396,457545,647.6,1083.6,63.5,18.6,125
29991,27955,Dairy,128,134337,0,976763,842426,1220.4,4778.1,507.7,108.8,582
29992,26916,Dairy,80,76362,0,636603,560241,724.4,2263.4,61,36.5,206.1
29993,28519,Dairy,80,53922,0,571932,518010,619.6,1140.6,151.6,26.1,211.6
29994,28248,Forest,176,100329,100329,691856,591527,-2053.3,351.5,532.8,35,69.8
29995,28486,Forest,64,79045,29582,395412,316367,-468.2,663.7,206.1,22.8,85
29996,27840,Dairy,48,60504,0,355915,295411,117,1165.8,132.7,22.5,90.4
29997,28001,Forest,32,45377,0,284075,238698,342.4,558,31.1,9.7,66.7
29998,27225,Dairy,272,370298,0,2143674,1773376,2528.1,8805.8,555.2,147.4,606.3
29999,28614,Forest,48,22337,0,241231,218894,-326,556.2,102.5,12.2,37.4
30000,27862,Dairy,96,88561,0,861435,772874,970.4,2479.3,227.9,52.7,285.5
30001,28068,Dairy,48,31886,5006,210648,178762,-671.5,96.8,143.9,9.7,19
30002,28559,Crop,48,81258,845,215118,133860,51.6,1038.2,43,19.8,9.5
30003,27190,SNB,192,-4060,0,255625,259685,471.9,872.3,133.3,28.1,192.4
30004,27969,Dairy,64,115206,0,502933,387727,604.9,2106.1,210.5,42.7,259.4
30005,28330,SNB,80,7623,0,118159,110536,230,913.9,359.6,32.2,287.3
30006,28555,Forest,80,57061,11424,364554,307493,-1138.3,160.1,244.6,16.2,32.4
30007,28586,SNB,64,6471,6372,167350,160879,221.3,495,433,21.1,152.1
30008,27901,Dairy,96,123423,123423,923849,800426,1062.7,3546,382.2,81,207.6
30009,27161,Dairy,80,82111,0,745667,663556,793.4,2800,255.9,57,294.2
30010,28444,Forest,80,112065,0,747682,635617,791.7,1322.1,79.8,22.7,160.2
30011,28043,Forest,96,79365,8585,450056,370691,-1378,191.6,289.6,19.1,39.9
30012,28501,Forest,96,49693,9254,302827,253134,-779.4,446.4,380.4,21.3,86.1
30013,26998,Dairy,32,39429,0,184440,145011,262.3,928.7,81,18.9,95.9
30014,27244,SNB,208,22912,0,236683,213771,541.6,1497.5,1814.7,72.1,518.9
30015,27770,SNB,64,5118,0,107594,102476,188.8,616,91.8,13.8,103.2
30016,27845,Forest,80,65612,17718,374313,308701,-1156.1,160.1,240.5,15.6,32.2
30017,28031,Dairy,128,160920,0,1131796,970876,1236.9,4736.9,423.5,105.6,566.5
30018,28696,Forest,48,30232,9195,184901,154669,-575.9,96.7,137.2,9.8,19.7
30019,28651,Dairy,80,109524,0,697117,587593,730.1,2833.8,110.8,36.7,75.5
30020,28393,SNB,112,-3439,0,99640,103079,232.4,488.3,50.1,12.4,67.6
30021,27919,Dairy,32,42146,42146,322791,280645,315,1259.8,126.8,28.1,140.2
30022,27256,SNB,208,22734,22587,235474,212740,561.1,2015,2827.8,90.7,682.4
30023,28438,Dairy,48,66697,0,422698,356001,438.7,1828.8,57.7,33,189.2
30024,26888,Dairy,112,132212,0,1001141,868929,1093.9,4140.6,365.6,82.5,395.2
30025,27311,Forest,96,70331,0,489247,418916,-312,829.4,161.4,17.3,59.4
30026,28181,Forest,80,60932,0,395059,334127,-676.5,769.8,253.6,26.8,98.9
30027,27124,SNB,96,-2637,0,119478,122115,249.4,424.4,120.9,13.5,80.5
30028,27852,Dairy,144,245396,0,1420654,1175258,1545.3,5461.3,570.2,119.2,332.5
30029,28353,SNB,96,4747,0,93678,88931,242,942,564,26.4,171.7
30030,27411,Dairy,112,108908,0,702314,593406,574.3,3150.4,164.5,43.3,164
30031,27454,SNB,80,11672,11488,127144,115472,-59.3,293.2,75.6,10.5,47.8
30032,27068,Forest,96,47553,0,389770,342217,-1205.7,192.8,283.6,19,37.1
30033,28487,Dairy,80,100590,0,752078,651488,818.2,3107.6,319.4,66.2,368.6
30034,28258,Dairy,64,84432,84419,376932,292500,392.4,2133.3,74,39.3,193.5
30035,28389,Dairy,48,49196,0,365598,316402,70.7,550.3,57.4,8.2,31.3
30036,27315,SNB,64,-188,0,105795,105983,210.3,695,270.9,25.6,222.5
30037,27233,Dairy,272,222426,0,1318441,1096015,1956.6,7939.9,2225.9,188.9,1127
30038,27239,Forest,64,52511,1427,366985,314474,-481.2,352,150.2,13,32.9
30039,27192,SNB,32,8865,2272,76312,67447,115.6,350.4,474.8,16.1,127.5
30040,28705,SNB,32,4538,0,53836,49298,107.7,368.8,486.9,16.4,126.9
30041,27954,Dairy,112,147906,0,1095061,947155,1168.1,4401.2,444.4,95.2,496.5
30042,27294,Forest,32,21154,21154,142027,120873,-463.8,64.1,96.6,6.5,12.9
30043,28352,Forest,64,57331,10791,299810,242479,-924.7,127,188.1,12.8,26.8
30044,27977,Dairy,80,78988,78811,577906,498918,759.3,3034.6,274.7,65.1,170.9
30045,27528,Forest,112,54485,3172,443410,388925,-1333,223.9,330.7,22.4,45.8
30046,26941,Forest,256,223581,11582,1231478,1007897,-1184.4,3998.4,780.3,98.2,270.9
30047,27306,Dairy,160,264056,0,1577933,1313877,1672.4,6187,629.9,137.9,729.5
30048,27430,SNB,128,19592,0,363939,344347,503,1402.8,1668.1,63.1,522.2
30049,28348,Dairy,80,113323,0,680410,567087,765.7,3174,139.8,55.6,171
30050,27660,Forest,48,33228,2607,201644,168416,-623.9,96.1,143.5,9.6,19.4
30051,28272,Dairy,64,95003,94874,624316,529313,635.7,2305.1,90.2,28.6,113.6
30052,27130,Dairy,96,122197,0,979934,857737,988.8,3218.4,52.9,39.2,195.1
30053,27672,Dairy,128,163761,0,1116916,953155,1239.6,2107.4,128.2,37.7,255.7
30054,27908,Dairy,112,185277,0,1187887,1002610,1143,4094,364.9,82.9,414.6
30055,27782,SNB,48,7115,7111,61419,54304,130.9,555.2,225.9,19.9,172.2
30056,27599,Dairy,80,65204,65204,593398,528194,60.9,1681.9,164.4,29.1,100.3
30057,28616,Forest,64,76291,76291,409939,333648,-529.4,742.2,208.6,23.4,91.6
30058,28095,SNB,80,23212,0,264718,241506,267.7,567.6,421.1,25.9,189.6
30059,27231,Dairy,240,257188,0,1542100,1284912,2045.8,3746,97,44.2,274.1
30060,27099,Dairy,144,146712,0,973079,826367,1223.3,4952.1,197.4,67.4,134.6
30061,27366,Forest,48,75899,0,450351,374452,515.2,1774.4,188.2,39.8,227
30062,28049,Crop,48,63763,63763,200217,136454,53.5,855.9,17.4,11.6,3.9
30063,28688,Forest,32,35013,35013,156518,121505,-495.1,63.9,95.8,6.4,12.9
30064,28333,Forest,144,163865,0,1227840,1063975,1267.2,2195.1,50.3,22.9,115.6
30065,28219,SNB,352,50403,0,396397,345994,1000.6,3592.3,4850.2,161.1,1353.7
30066,28615,SNB,64,8802,0,114264,105462,-53.8,325.3,269.4,14.7,92.4
30067,27925,Forest,112,69041,1963,465773,396732,-1386.9,223.9,332.3,22.4,44.6
30068,28521,Dairy,128,179374,0,1215639,1036265,1308.7,2115.6,128.5,37.1,253.4
30069,27777,Forest,80,66082,16286,373061,306979,-1151.3,159.6,240.4,15.9,32.2
30070,27579,Dairy,64,83273,0,453032,369759,615.9,2454.5,253.2,53.2,283.9
30071,27511,Dairy,96,140027,0,939405,799378,1031.1,1605,96.4,26.8,191.8
30072,27617,Crop,128,143189,143135,431821,288632,120.1,2151.1,41.5,29.1,9.7
30073,28249,Dairy,64,70286,0,589500,519214,642.4,2348.7,77.2,43.3,252.7
30074,27299,Forest,112,78211,25476,437023,358812,-1209,367.6,534.7,27.7,104.9
30075,27535,SNB,112,60107,0,665102,604995,658,1349.7,100.6,20.9,98
30076,28177,SNB,64,924,0,89716,88792,156.4,281.8,89.2,9.3,55.7
30077,26918,Dairy,112,124749,0,954739,829990,986.8,1921.7,33.3,25.5,98.1
30078,26991,Forest,80,56014,4901,354482,298468,-1087.9,161.8,239.7,16.3,31.4
30079,28607,Dairy,80,111987,0,725614,613627,833.4,3111,320.3,69.5,358.2
30080,27821,Dairy,144,159170,0,1012596,853426,1320.8,2997.4,216.7,55.8,354.8
30081,26886,Dairy,96,144992,0,781789,636797,944.2,3677.1,379.1,81.6,293.5
30082,27305,SNB,48,1556,0,67631,66075,137,489.4,261.2,13.2,89.5
30083,27765,Forest,320,136828,0,1193655,1056827,-3490.9,638.4,958.6,64.1,128.7
30084,27731,Dairy,112,125741,0,741601,615860,1046.2,4165.3,308.8,87.1,490.2
30085,28639,SNB,48,-5906,0,93356,99262,131.6,210,15.5,5.2,33.1
30086,28631,Forest,64,65991,65991,344091,278100,-552.1,678.9,209.8,22.2,99.6
30087,27282,Dairy,80,119699,0,764266,644567,821.4,3061.9,323.7,68.5,382.6
30088,27930,Forest,32,16879,0,136300,119421,-404.8,64.1,95.6,6.4,13.2
30089,27369,Forest,160,109094,0,733199,624105,-1829.8,887.9,497.6,42.6,136.7
30090,28191,Dairy,96,133285,133165,916875,783590,957.1,1914.4,81.4,27.6,179.7
30091,26915,Dairy,128,183537,0,1082735,899198,487.1,3621.1,473.7,87.2,430
30092,28422,Dairy,64,109191,109159,700653,591462,646.3,2076.9,196.3,43.3,115.1
30093,27590,Dairy,80,130602,0,662459,531857,755.7,3041.6,94.8,54.3,158.5
30094,27120,Forest,160,171781,31932,841246,669465,-611.8,2670.8,549.2,75.9,330.1
30095,27319,Forest,112,136334,0,1169166,1032832,1124.9,3842.5,236.8,63.5,143
30096,26880,SNB,624,42905,0,647517,604612,1496.1,3341,1029.8,133.9,975.5
30097,27996,Dairy,112,130776,0,883910,753134,343.8,1439,179.7,30.4,175.7
30098,27735,Dairy,128,177172,0,1128183,951011,1134.8,4666.7,294.4,83.7,434.6
30099,27111,Dairy,80,102913,0,731013,628100,782.6,3049.8,316.7,65,345.9
30100,28561,Dairy,48,70285,0,402354,332069,462.2,1862.9,191.1,40.4,196
30101,28398,Forest,32,27655,0,148410,120755,-490.4,63.7,95.9,6.6,12.8
30102,28223,Forest,64,46940,5407,296068,249128,-943.7,129,192.1,13.1,26.1
30103,28609,Dairy,64,74845,74845,415161,340316,175.3,1664.8,69.4,21.8,82.5
30104,27002,Forest,32,21044,1586,145410,124366,-418.2,64.4,98,6.4,12.7
30105,27253,SNB,128,16781,0,138573,121792,327.5,1329.2,599.1,46.8,421.8
30106,27571,Dairy,384,508966,0,2514826,2005860,2301.2,13084.6,1489.4,293.8,1558.3
30107,27532,Forest,80,59835,0,418685,358850,-640,376.5,211.8,17.7,59.5
30108,27272,Dairy,208,322039,322039,2090103,1768064,1073.8,6075,778,141.8,731.5
30109,28709,Dairy,32,38157,0,183424,145267,-58.3,251.6,63.1,7.6,36.2
30110,28685,Forest,32,27356,8392,152903,125547,-500.3,64.7,91.3,6.2,12.6
30111,27160,Forest,48,24901,24901,188800,163899,-573.7,96.5,147.8,9.6,19.4
30112,28371,Dairy,64,58656,0,381544,322888,220,1698.1,155.6,31.2,101.9
30113,26937,Dairy,48,75224,75224,471525,396301,501.9,1828.1,190.8,40.8,213.6
30114,28218,Dairy,64,84446,0,617773,533327,656.5,997.2,64.7,18.2,128.5
30115,27506,Forest,288,160467,160467,1129530,969063,-3287.2,576,871.1,57.5,115.9
30116,27591,Dairy,192,245599,0,1637268,1391669,1711.9,3556.6,147.8,56,332.5
30117,27159,Dairy,64,89628,0,620440,530812,653.3,2162,74.3,27.2,113.5
30118,27975,Forest,80,57357,12827,337015,279658,-1073.8,158.4,239.1,15.6,31.4
30119,28155,Crop,64,99613,0,611482,511869,646.9,2517.7,257.2,55,297.4
30120,27353,Dairy,32,27958,0,254795,226837,-29.7,708.6,111,16.4,76.6
30121,27981,SNB,32,-3294,0,82178,85472,111.5,142.9,93.3,7.9,51.8
30122,28397,Forest,80,41185,4728,314690,273505,-947.5,159,237.9,15.9,32.6
30123,27964,SNB,48,-4820,0,128558,133378,146.3,212.8,17,5.3,29.5
30124,27552,Dairy,64,91756,0,631115,539359,662.8,2358.8,259,51.9,279.5
30125,28578,Dairy,64,66836,0,532732,465896,641.2,2447.8,259.8,53.1,305.8
30126,27064,SNB,208,38887,0,281290,242403,605.7,2276.7,3334.1,103.7,851
30127,28591,SNB,32,2844,0,41735,38891,87.6,376.8,158.5,12.2,120.9
30128,27746,Dairy,64,79376,79376,544623,465247,670,2499.8,252.4,55,286.7
30129,26865,Dairy,128,183951,0,1214652,1030701,1325.2,4651.9,501.1,108.8,286.3
30130,28497,Dairy,80,75014,75014,434662,359648,581.4,2712.6,481.6,62.8,352.5
30131,28471,Dairy,48,80145,0,499897,419752,486.1,1866.9,192.3,40.9,200.3
30132,27217,Crop,96,153566,0,425045,271479,-157.2,1637.9,123.3,35.6,22.3
30133,28303,Dairy,192,209675,0,1251986,1042311,1709.2,5461.3,227.6,75.8,327.9
30134,27956,Dairy,32,40541,0,291596,251055,330.6,1176.6,85.6,22.3,96.8
30135,28145,Dairy,112,113887,0,768705,654818,279.6,2782.4,209,43.8,155.4
30136,28131,Dairy,80,87006,0,492728,405722,347.3,1779,186,37,189.3
30137,28562,Crop,96,171097,0,446800,275703,114.9,1714.6,80.4,33.9,16.4
30138,27438,Dairy,48,28316,0,403378,375062,427.7,746.6,16.8,8,37.7
30139,27170,Dairy,96,121126,121061,1006081,884955,1028.2,3324,56,38.1,135.4
30140,26924,Dairy,112,102837,0,964305,861468,1165.7,4143.2,450.6,100.6,500
30141,27423,Dairy,96,145265,0,856655,711390,1003.3,3709.4,381.8,84.6,451
30142,28411,Forest,48,27587,0,215387,187800,-660,95.8,142.3,9.6,18.2
30143,27902,Dairy,48,51315,51315,406050,354735,444.6,1839.6,57.6,31.4,205.6
30144,27875,Dairy,176,195378,195270,1427149,1231771,1678.7,2997.4,175.4,49.9,270.3
30145,27657,SNB,64,21888,0,140566,118678,144.4,368.5,63.2,8.4,33.9
30146,27032,Forest,64,3665,0,92678,89013,161.6,308.7,243,16.3,102.9
30147,27171,Dairy,112,143633,143633,993907,850274,753,3687.6,434.3,86.5,441.3
30148,28030,Dairy,96,105240,105240,844937,739697,585.6,3130.5,368.2,71.6,371.3
30149,28642,Dairy,64,64899,0,486151,421252,265.4,1746.3,105.4,36.8,205.3
30150,28237,Dairy,64,15976,0,492897,476921,585.6,2314.6,212.2,48.8,135.3
30151,27140,Dairy,32,29955,0,247840,217885,270.2,1149.1,25.6,16.9,74.2
30152,28722,Dairy,32,39428,5747,175025,135597,-85.2,637.8,114.5,17.3,86
30153,27557,Dairy,112,159828,0,998661,838833,1105.7,3845.4,239.9,64.9,273.6
30154,28414,Forest,32,15363,0,202260,186897,-13.8,614.7,68.1,14.2,41.8
30155,27238,SNB,80,-3977,0,209338,213315,243.2,372.7,95.4,11,53.4
30156,28080,Forest,112,58101,0,428654,370553,-1349.7,224.3,338.7,22.4,44.5
30157,28697,Forest,32,25464,0,263457,237993,294.3,1006.8,13.4,12.8,49.3
30158,28686,SNB,48,-800,0,52514,53314,106.4,191.1,34.4,5.7,32.8
30159,28325,Forest,80,56476,2209,349464,292988,-1087.8,159.6,242.5,16.3,31.9
30160,27796,Dairy,96,114409,62552,839413,725004,921.1,3693.9,387.6,80.4,429
30161,27301,Dairy,64,69842,0,583627,513785,588.9,2112.4,27,24.1,50
30162,28689,Dairy,48,35618,0,306321,270703,433.8,1445,130.8,32,87.8
30163,27488,Dairy,112,180873,180738,1108271,927398,1092.4,3778.9,126,50.2,130.4
30164,27622,SNB,240,65805,0,936316,870511,-831,879.2,721.2,54.7,273.7
30165,28481,Forest,96,84807,6383,471132,386325,-880.2,744,308,29.1,68
30166,28602,Dairy,32,22589,0,180294,157705,263.5,1158.6,38.4,20,129
30167,27350,Dairy,48,61087,0,423252,362165,459,842.4,47.6,13.4,103.7
30168,27379,Forest,80,54398,15350,331599,277201,-930,160.4,242.6,16,32
30169,27018,SNB,96,5252,0,91002,85750,233.2,940.8,573,27.5,174.1
30170,26895,Forest,64,45246,3948,280087,234841,-904.1,127,187.1,12.9,25.2
30171,28168,Dairy,96,75251,0,861391,786140,886.1,2582.7,76.8,33.8,134.8
30172,27024,Forest,80,60781,18434,354460,293679,-1039.3,162.2,236.3,15.9,33
30173,28407,SNB,48,1624,0,133924,132300,178.5,516.3,186.6,19.1,167
30174,27783,Dairy,160,174183,0,1157395,983212,1495.5,5829.2,374.1,114.5,419.5
30175,28427,Dairy,96,99497,0,556786,457289,69.8,2177.5,126.6,31.2,77.9
30176,27784,Forest,64,44888,0,355517,310629,-513.5,361,160.7,14.3,53.8
30177,27507,Dairy,192,188978,0,1216778,1027800,906.4,3946.9,319.5,72.5,325.8
30178,28152,Dairy,80,90071,0,769930,679859,378.7,980.2,58,10.9,54.4
30179,28150,Dairy,80,117060,0,712447,595387,804.6,2906.6,325.1,67.7,365.8
30180,27775,Dairy,208,214791,0,1689255,1474464,1824.4,3437.2,58.9,45.2,232.8
30181,27220,Dairy,96,157067,0,719525,562458,859.4,3455.2,299.6,67.9,342.3
30182,28522,Dairy,48,32124,32124,403502,371378,463.8,1730.8,65.7,22.4,86.3
30183,27104,Forest,96,32036,0,262808,230772,-405.1,632.1,366.3,28.5,194.5
30184,27667,SNB,64,3068,2939,55979,52911,132,670.4,122.2,13.6,104.1
30185,27934,Forest,64,43393,6783,272265,228872,-785,128.4,192.1,13.1,26.5
30186,27575,Dairy,304,427433,0,2782342,2354909,3136.9,11415.1,1147.5,246.2,1059.9
30187,28490,Forest,80,57224,57224,306143,248919,-122.8,1373.1,389.6,36.5,196.8
30188,26869,SNB,240,75360,26533,560341,484981,-277.2,2025.9,885.8,77.6,616
30189,27091,Dairy,64,61912,0,499243,437331,-77.2,1245.2,224.1,32.6,154.3
30190,27838,Forest,32,15472,0,130946,115474,-406,63.1,93.1,6.5,13.2
30191,27649,Forest,128,91134,0,561000,469866,-1681.8,255.4,377.3,25.9,50.7
30192,26963,Dairy,336,428917,0,2559947,2131030,3111.9,10445.6,1000.3,218.2,870.8
30193,27328,Dairy,48,39867,0,342696,302829,95.8,514.4,59.7,8.3,33.5
30194,28146,Dairy,48,90715,0,464889,374174,493.4,1828.8,57.9,33.3,200.5
30195,27545,SNB,160,12598,0,269929,257331,479.1,780.3,452.8,37.3,244
30196,28270,Dairy,128,135841,135841,1191874,1056033,1325.2,4891.4,197.9,90.6,537.7
30197,27381,Dairy,160,143149,142846,1459402,1316253,1565.5,5474.7,80.3,65.7,286.6
30198,27941,Dairy,64,91560,0,613722,522162,685.8,1127.2,63.3,18.6,131.5
30199,27364,SNB,64,4169,0,83525,79356,181.7,570.4,637.6,26.8,204.3
30200,27437,Dairy,64,103149,0,566636,463487,566.8,2414,76.5,43,133.7
30201,27038,SNB,176,34868,0,302934,268066,583.4,2326.9,2754,89.6,699.3
30202,28451,Crop,128,151960,0,494351,342391,130.8,2219.9,45.7,29.8,10.4
30203,27380,SNB,112,-1476,0,102662,104138,239.7,574.9,149.5,15.2,95.3
30204,27854,Dairy,112,167340,0,1184805,1017465,1196.9,4344.6,443.8,94.8,495.9
30205,26973,Dairy,32,8220,0,282996,274776,280.6,1086.8,13.2,11.9,26.2
30206,27026,Forest,800,431484,431484,3188723,2757239,-9508.4,1598.3,2404.4,159.3,320.3
30207,27795,Crop,64,72273,0,267827,195554,67.6,592.8,5.3,7.9,2.3
30208,28624,Dairy,112,148137,0,1062295,914158,1170.4,1809.6,111.2,33.3,223.7
30209,28141,Dairy,48,65520,0,446862,381342,450.2,1617,20.4,18.4,81.4
30210,27984,Dairy,256,275095,275091,1971197,1696102,2274.7,4254.4,161.3,59.6,331.6
30211,28310,Dairy,32,61057,61057,376824,315767,375.1,1208.7,129.8,28,138.7
30212,27625,Crop,96,149573,0,405109,255536,101.9,2017.7,96.1,39.6,19.1
30213,27833,Dairy,208,247730,76108,1324691,1076961,1770.8,7044.9,332.2,102.1,410.4
30214,28109,Dairy,96,109233,0,781765,672532,875.3,3507.1,65.2,46.6,239.5
30215,26897,Dairy,112,121221,0,1032206,910985,1163.3,1886.3,100.8,30.8,224.3
30216,27094,Dairy,80,110934,0,540920,429986,348.7,1928,98.7,27.3,75.1
30217,27470,Dairy,112,109516,109516,661506,551990,256.2,2057,236,43.5,133.3
30218,27204,Dairy,224,254154,0,1520916,1266762,1968.1,6111.3,301.2,107.9,687.9
30219,27868,Dairy,48,45789,0,403395,357606,410.3,1633,20.3,18.5,76.7
30220,27084,Forest,128,61925,3361,458373,396448,-948.3,689.7,948.3,40,215.2
30221,27700,Dairy,160,189426,0,1750095,1560669,1681.6,5599.7,263.3,83.7,198.8
30222,27198,Dairy,96,147704,0,884807,737103,977.7,2267.5,189.1,46.4,142.1
30223,27883,SNB,80,-951,0,84165,85116,176.9,336.8,35.1,8.5,52.1
30224,28312,Dairy,64,79560,0,632966,553406,681,1091.4,64,18.7,128.9
30225,28369,SNB,80,11458,0,227310,215852,305.3,817.6,1075.8,38.2,323
30226,28309,Forest,32,26098,7657,141253,115155,-422.8,62.8,94.7,6.5,12.9
30227,27037,Dairy,176,151477,0,1222771,1071294,-87.6,3297.2,276.6,52.8,180.4
30228,28275,Forest,96,81337,4939,441692,360355,-1395.7,192.9,287.5,19,38.3
30229,28017,Crop,160,201398,0,736599,535201,-538.1,2564.3,393.7,65.9,147.7
30230,27208,Forest,240,225819,27777,1196439,970620,-3245.6,1019.4,746,57.7,161.4
30231,27628,Dairy,160,206388,0,1191076,984688,1523.5,6065.5,542.7,132.8,341.2
30232,27152,Dairy,64,74956,0,644813,569857,608,1731.4,136.9,30.5,164.1
30233,27991,Dairy,176,260840,260773,1373875,1113035,1671.4,6315.3,468.5,126,736.9
30234,27398,SNB,112,25801,25801,202083,176282,412.9,1603.5,1732.9,63,453.1
30235,27303,Dairy,192,221988,221859,1599008,1377020,287.6,2093.6,215.5,30.8,127.3
30236,28368,Forest,80,66053,0,460465,394412,-784.6,381.7,195.7,15.6,40.4
30237,26910,SNB,496,64531,0,538487,473956,1043.5,5181.8,2421.6,194,1696.6
30238,27150,Forest,384,206052,206052,1493181,1287129,-4353.2,766.2,1146,76.8,154.4
30239,27656,Dairy,112,178194,0,1145512,967318,1205.9,2486.5,207.8,51.6,319.9
30240,28711,Crop,32,61411,9730,236665,175254,177.8,912.9,81.4,20.4,76.4
30241,27223,SNB,80,12136,12136,193925,181789,267.6,387.7,260.4,20.9,126.1
30242,27553,SNB,128,10880,0,362548,351668,431.2,634.2,424.4,31.6,208
30243,27386,Crop,208,353888,0,949333,595445,225.1,4240.3,202,82,41.2
30244,26913,Dairy,64,104948,0,646592,541644,687.2,2389,257.4,52.6,279.5
30245,27523,Dairy,176,165166,0,1300939,1135773,1648.8,6665.6,703.5,146.5,794.1
30246,27787,SNB,48,9484,9484,89512,80028,156,449.1,235.5,13.1,84.2
30247,27264,Forest,736,382665,69100,2834086,2451421,-8332.2,1471.6,2221.3,148.1,291.8
30248,28381,Dairy,80,119978,0,556394,436416,697.6,2818.7,236.9,57.4,139.2
30249,28367,SNB,64,-1111,0,137315,138426,198,667.2,95.3,14,100.4
30250,28545,Dairy,112,171284,0,1069513,898229,1174,4137.3,448.6,99.7,521.6
30251,27759,Dairy,80,119026,0,706121,587095,758.7,3127,313.5,67.6,324.2
30252,27265,Forest,128,102404,102404,787942,685538,-367.3,1750.6,664.7,57.2,291.1
30253,27110,SNB,112,17485,0,311625,294140,371.1,522.5,352.2,27,184.9
30254,28504,Forest,48,31482,1186,213676,182194,-636.4,95.3,144.3,9.7,18.7
30255,27614,Dairy,80,154630,154630,917087,762457,877.4,3054.8,317.1,69.3,346.6
30256,27036,Forest,112,83849,0,483360,399511,694.8,2474,481.4,44.2,209.8
30257,27086,SNB,240,26485,26485,240232,213747,598.6,2389.9,1406.2,66.5,433.4
30258,27774,Dairy,80,128737,0,782226,653489,862.3,2990.6,322.1,65.8,349.3
30259,28567,Forest,112,108619,0,841720,733101,1053.8,1787.7,71.2,24.2,147.5
30260,28507,SNB,48,1936,1845,69517,67581,138.3,453.5,177.8,11.7,84.4
30261,27285,Dairy,80,102248,0,488741,386493,335.1,2577.9,307.4,58.5,288.8
30262,27831,Forest,64,58919,21804,291069,232150,-878.3,127.8,191.1,12.9,25.5
30263,27341,Forest,48,35649,5499,216998,181349,-661.5,97.5,143.4,9.4,19.3
30264,27678,Crop,448,605879,605201,1857058,1251179,486.1,8232.1,232.3,127.3,49.2
30265,28599,Forest,80,64151,14326,359280,295129,-1066.2,159.7,244.2,16.1,31.8
30266,27500,Dairy,96,130714,0,667126,536412,193.5,1880.9,257.7,44.2,216.6
30267,28693,Dairy,80,80822,0,675587,594765,755.5,1170.5,27.9,13,67.8
30268,27555,Dairy,48,59748,0,371082,311334,159.1,1293.6,173.6,29.7,146.2
30269,27960,SNB,208,135348,0,461341,325993,362.6,2206.2,251.1,57.1,200.7
30270,27389,SNB,96,45,0,110901,110856,228.6,402.5,40.4,10.7,62.2
30271,27680,Dairy,64,78484,78278,452384,373900,542,2124.9,26.6,24.2,52.9
30272,27261,Forest,112,68618,2186,496974,428356,-1620.6,224.9,323.7,22.7,47.4
30273,28194,Dairy,64,83655,0,651836,568181,683,1703.7,159.4,35.7,192.3
30274,28560,Forest,80,54631,0,429570,374939,-729.3,724.1,258.1,25.7,90
30275,28723,Dairy,64,99451,0,449784,350333,575.7,2562.6,75.7,43.9,140
30276,26909,Forest,240,141289,20989,968205,826916,-2836.7,478.7,730.3,47.9,97.9
30277,27252,Dairy,32,43631,0,283251,239620,301.2,1132.5,127.9,27.4,142.4
30278,28597,Dairy,128,122660,0,940183,817523,858.3,4349,272.8,86.3,470.7
30279,27832,SNB,48,6615,0,48998,42383,127.9,494.9,246,19,180
30280,27684,SNB,128,11540,0,127401,115861,347.1,1375.4,657.9,51.5,436.7
30281,28100,Dairy,80,129422,0,730083,600661,805.9,3186,320,65.1,209.8
30282,27631,Dairy,48,26922,0,455583,428661,535.2,1219.8,85.1,21.7,130.9
30283,27928,Dairy,80,96766,96766,702308,605542,787.4,3099.9,317.8,67.6,174.2
30284,27812,Dairy,112,268111,268081,1128625,860514,1098.6,4304.8,135.9,76.6,433.1
30285,27835,Dairy,128,145642,0,913888,768246,-86.1,2841,177.3,38.7,83.7
30286,27391,Dairy,80,122051,0,692230,570179,510.7,2455.3,304.5,58,294.8
30287,27983,Forest,112,75632,13788,510207,434575,-1632.8,222.7,329.7,22.3,44.1
30288,27597,SNB,208,77620,3164,525961,448341,-664.4,1137.6,1291.6,56.6,336.1
30289,27033,Dairy,112,156501,156501,764882,608381,1041.1,1889,111.1,33.2,222.8
30290,28648,Forest,64,93428,35738,406909,313481,-490,354.6,161.9,13.6,52.4
30291,27222,Forest,48,27864,2856,211048,183184,-663.8,96,143,9.6,18.8
30292,28678,Dairy,32,58618,0,294200,235582,281.7,502,9.5,7.2,54.8
30293,27950,Dairy,64,68445,0,465799,397354,575.1,2166.2,129.4,35.4,80.2
30294,28241,SNB,64,4978,4830,98128,93150,184.6,449.1,107.3,11.3,76.1
30295,28672,Crop,80,121370,121370,359598,238228,92.7,981.4,31.2,18.8,8.9
30296,28528,Dairy,80,83458,83293,513123,429665,266.9,1050.6,71.8,13.6,49.3
30297,28675,Dairy,32,24324,0,295202,270878,311.7,1084.9,44.5,14.1,58.7
30298,28047,SNB,128,13055,13055,127925,114870,331.5,1459.6,629.9,52.4,457.9
30299,28468,Forest,96,107839,2278,616035,508196,-715.6,1339.2,320,38,162.1
30300,27675,Forest,80,64540,0,564433,499893,-396.4,1112.9,156.4,21.6,68.2
30301,27043,Dairy,256,292817,0,1603658,1310841,2116,8811.1,358.9,118.4,446.2
30302,28205,Forest,144,82981,10208,582722,499741,-1558.9,436.1,603.2,33.7,111.1
30303,26958,Dairy,512,571739,0,4367101,3795362,4297.6,16939.5,483.5,214.2,614.4
30304,28173,Dairy,80,107825,0,670133,562308,736.9,2728.7,90.2,38.4,178.1
30305,28405,Dairy,80,88217,0,497841,409624,652.7,2441.2,95.3,31.7,121.6
30306,28503,Dairy,80,137993,0,712647,574654,828.4,3129.6,319.5,69,355.8
30307,27998,Dairy,96,125257,124988,1027065,901808,959.4,1628.4,39.2,23.2,88.3
30308,28548,Forest,96,71761,71761,414087,342326,-1177.3,192.9,288.8,18.9,38
30309,28517,Dairy,80,90035,0,797687,707652,813.1,3126.4,318.8,63.8,181
30310,26964,SNB,128,13262,0,226757,213495,130,938,804,34,224.2
30311,28324,Dairy,48,53343,0,437812,384469,401.6,678.1,5,5.9,35.1
30312,27824,Dairy,64,72540,0,400132,327592,547.6,2467.1,77.4,43.3,239
30313,27715,Dairy,64,62475,0,549648,487173,565.4,2250,91.5,29.2,111.4
30314,27248,Dairy,64,81468,0,543320,461852,223,1635.1,113.4,26.4,88.5
30315,28714,Dairy,32,40439,40439,309332,268893,339.9,1141.1,128.4,26.6,142.9
30316,28193,Dairy,64,90826,90710,512064,421238,564.4,1588.2,16.7,15.9,75.8
30317,27504,Dairy,64,46345,46345,483284,436939,239.5,1097.5,119.2,19.7,92.4
30318,28088,Dairy,144,212817,0,1490466,1277649,1560.3,5571.9,571.1,123.1,579.9
30319,27362,Dairy,96,112091,0,638311,526220,802.6,3252,133.6,45.4,170.4
30320,28035,Dairy,256,324641,324641,1762641,1438000,2219.3,9750.1,487.5,186.3,1061.4
30321,26961,Dairy,288,372567,0,2122998,1750431,2816.6,10894.5,1150.9,240.9,1275
30322,28075,Dairy,64,119025,119025,721627,602602,697.1,2493.6,251.3,56.3,287.9
30323,27713,SNB,160,3810,0,152057,148247,382.6,1546.6,959.8,43.7,287.4
30324,27780,Forest,272,227585,0,1402259,1174674,-832.6,4593.9,916.1,126.4,539.8
30325,28127,SNB,128,27445,27445,238060,210615,445.6,1481.5,1812.2,63.7,501.8
30326,27218,Forest,128,74758,0,684298,609540,-491.6,1529.3,294.5,35.1,94
30327,27894,Dairy,64,58796,0,471231,412435,564.8,907.2,10.6,9.1,45.6
30328,27005,Forest,160,116939,0,942446,825507,-1104.1,1954.9,528.2,64.5,263
30329,28516,Dairy,112,137490,0,756698,619208,1033.6,3886.3,131.2,69.4,402.6
30330,27671,SNB,304,187237,0,1058594,871357,1686,6528.9,853.6,151.6,900.5
30331,28006,Dairy,96,100737,0,903712,802975,953.5,3587.8,114.2,67.4,381.2
30332,28076,SNB,240,44664,44664,415145,370481,-357.4,960.1,619.3,44.2,210.5
30333,27900,SNB,80,14408,14408,172228,157820,-34.4,338.5,120.8,15.7,93.4
30334,27448,Dairy,64,65526,0,409606,344080,568,2394,255.8,56.7,284.5
30335,27196,Dairy,224,261154,0,1973329,1712175,1492.9,6592.8,360.6,100.2,359.7
30336,27050,SNB,208,8897,0,348075,339178,576.3,1720.3,622.7,47.1,314.4
30337,27181,Dairy,80,73446,73384,517034,443588,380.4,2093.7,165.8,45.5,256.9
30338,27251,Dairy,448,458290,0,2770243,2311953,3656.6,7308.7,445.8,128.1,455.2
30339,27388,Dairy,128,188476,188476,1222595,1034119,1313.7,2201.5,129.4,36.5,256.8
30340,26996,Forest,32,16184,0,143781,127597,-408.2,64.6,96.8,6.4,12.6
30341,26899,SNB,32,3042,0,42215,39173,99.2,263.6,311.1,11.8,89
30342,28665,SNB,64,7892,7892,88071,80179,184.1,537.4,580.4,24.1,171.7
30343,27918,Dairy,256,322587,0,1795961,1473374,2039.7,9325.9,334.5,168.1,981.8
30344,26914,Dairy,64,85068,0,551674,466606,596.7,927,22.3,10.3,26.7
30345,27436,SNB,304,52557,52452,500320,447763,985.3,3233.8,3323.9,138.2,1146.2
30346,28144,Forest,32,24767,6056,148945,124178,-502.1,63.3,93.7,6.4,13.3
30347,27097,Dairy,176,290562,290562,1637525,1346963,1893.3,6347.4,706.2,148.5,791.3
30348,27724,Forest,96,108910,14553,605778,496868,-524.7,1235.6,234.1,27.9,83.2
30349,28041,Dairy,48,61548,61374,517368,455820,457.3,1635.1,19.9,17.7,41.6
30350,27039,Dairy,144,153426,0,1189643,1036217,685.4,2002,130.3,32.2,222.7
30351,27286,Dairy,192,269705,0,1461392,1191687,1864.4,7194.4,762.8,162.3,870.7
30352,27573,Dairy,176,232615,0,1919190,1686575,1656.3,2553.9,18.5,21.8,127.2
30353,27520,Dairy,160,235942,0,1556723,1320781,1585.1,5431.1,190.5,69.7,278.2
30354,27344,Dairy,144,153652,0,1162885,1009233,1026.8,2102.8,177.5,41.3,262.9
30355,27175,Dairy,64,91839,0,614860,523021,668.6,2554.2,254.8,59,286.8
30356,27970,Dairy,128,162376,0,1132046,969670,1316,4772,511.4,106,277.4
30357,28579,Forest,80,95300,8983,376650,281350,-597.1,677.7,173.7,22.5,25.6
30358,28231,Dairy,80,67346,0,696822,629476,824.9,1308.9,81,22.8,158.4
30359,27974,Forest,80,58240,58240,467504,409264,-726,723.2,252.5,26.5,94
30360,27612,Dairy,112,209784,209784,1217967,1008183,1184.5,2784.2,215.5,51.4,159.9
30361,28513,Forest,80,56882,0,475732,418850,-749.6,717.5,257.3,26.2,94.9
30362,27815,Forest,160,85902,10254,574461,488559,-1362.1,731.5,1076.2,47.6,233.4
30363,28027,SNB,80,-23453,0,200576,224029,241.9,335.6,88.8,11,58.6
30364,27034,Dairy,32,48457,0,213506,165049,264.6,1276.1,38.8,20.7,135.5
30365,27041,Forest,144,127091,22183,693225,566134,-1359.3,1349.3,377,38.4,98.5
30366,26962,SNB,80,2437,0,123253,120816,240.2,590.4,756.4,28.4,200.6
30367,28337,Dairy,64,91311,0,607771,516460,607.7,2569.5,75.6,43.6,261.6
30368,27360,Dairy,96,120132,0,818632,698500,810.2,2754.5,174,42.7,106.5
30369,27706,Dairy,112,137959,0,1020847,882888,1100.8,4352.7,222.9,77.7,297.6
30370,27440,SNB,96,9860,0,134730,124870,8.9,406.1,148.2,19.4,122.5
30371,28038,Forest,64,67017,6207,388968,321951,-87.6,1284.9,229.7,34,158.5
30372,27856,SNB,128,37503,0,354560,317057,-516.5,852.2,1165.2,46.6,282.8
30373,27456,SNB,80,11204,11182,145886,134682,245.8,915.8,355.5,32.1,289.4
30374,27307,Dairy,128,176059,0,1126911,950852,1299.3,4782.2,508.7,110.2,585.7
30375,28484,Dairy,96,136629,136433,862074,725445,913.3,1599.5,28.6,23.1,173.2
30376,28680,Forest,64,46736,46736,288932,242196,-935.2,128.1,192.3,12.8,25.3
30377,28233,Dairy,80,76015,0,673717,597702,716.8,1290.7,79,21.5,167.7
30378,27632,Dairy,112,105190,105190,950842,845652,1040.7,1891.3,111.6,33.4,229
30379,27435,Forest,64,64654,0,489607,424953,-35.8,1335.1,222,34.6,153.4
30380,27515,Dairy,176,122387,0,1149594,1027207,529.2,3138.3,361.1,63.5,259.6
30381,27818,Dairy,96,71215,0,581317,510102,721.2,3132.3,39.8,37.9,77
30382,28455,Dairy,96,116238,115915,834015,717777,879.8,1622.2,29,20.8,168.4
30383,27604,SNB,128,15717,0,359725,344008,469.1,1469.8,1720.1,63.4,521.3
30384,27115,Forest,240,194279,41473,1071925,877646,-3302.2,480.2,713.8,48,95.3
30385,28236,Dairy,80,104795,0,554222,449427,622.1,2775.6,278.6,59,283.7
30386,28505,SNB,144,66518,37957,541436,474918,780.3,2719.8,1200.7,76.2,478.6
30387,28022,Dairy,64,60242,0,492943,432701,588.9,1729.7,140.6,32.7,174.1
30388,28105,SNB,128,41442,41313,393716,352274,652.7,2339.2,523.7,60.6,224.9
30389,27664,Forest,144,164200,0,1325118,1160918,1391.2,4884.6,154,65.1,242.9
30390,27764,SNB,144,15616,15238,370926,355310,478.5,1384.8,797.4,45.1,289.2
30391,27864,Forest,96,45103,45103,426188,381085,-1303.1,191.1,283.3,19.3,38
30392,28440,Forest,32,31114,10561,144692,113578,-445.8,64.1,98.5,6.2,13.4
30393,28549,Forest,48,17335,0,179111,161776,158.9,551.7,165.3,19.1,172.7
30394,26898,Dairy,224,277389,0,1511812,1234423,1852.6,5364.6,332.3,88.4,376
30395,26876,SNB,464,7989,7058,432199,424210,1026.1,3404.8,598.1,77.3,526.6
30396,28070,Forest,64,47079,0,402660,355581,-61.6,1210,132.7,28.4,147.2
30397,27958,SNB,128,35293,35293,296887,261594,510.6,2149.2,308.8,47.9,289.7
30398,27948,SNB,64,20417,20417,191598,171181,225.2,706.5,773.6,31.6,264.1
30399,28495,Dairy,64,90870,0,458294,367424,616.8,2432.5,208.7,51.2,288.9
30400,27853,Dairy,176,189533,189352,1323295,1133762,1546.5,6131.7,421,110.5,496.3
30401,27076,Forest,320,141716,0,1215584,1073868,-3590.3,640.7,959.7,63.5,129.6
30402,28170,Dairy,96,179733,0,873733,694000,640.3,3017.4,366,70,365.3
30403,26883,Crop,96,118153,118153,412608,294455,-426.6,1302.8,161.8,31.5,25.3
30404,28645,Dairy,96,99860,0,657278,557418,-145.2,1749.7,210.8,32.2,107.1
30405,28439,SNB,64,10289,0,109985,99696,-53.4,539.9,858.5,27.9,197
30406,27358,Forest,256,106736,16819,822680,715944,-2216.9,969.4,1462.5,64.9,267.9
30407,28655,Dairy,64,92353,92353,569910,477557,592.2,2519.8,209.4,50.4,279.2
30408,28302,Dairy,64,109733,109724,677982,568249,650.3,2344.8,140.8,37.5,100.3
30409,27187,Dairy,48,85612,0,459835,374223,482.8,2011,191.8,40.9,192.7
30410,27907,Dairy,32,34976,3622,174648,139672,-123.5,290.6,65.8,7.1,39.9
30411,28625,Forest,32,23185,10730,126850,103665,-386.3,65.1,97.9,6.5,13.1
30412,27133,Dairy,64,73688,0,546792,473104,561.7,1947.2,140.4,39,204.6
30413,27683,Dairy,112,169831,0,899271,729440,1068.9,4080.1,282.8,74.9,198.8
30414,28629,Dairy,96,103257,0,823738,720481,865,1437.6,33.3,15.4,80.6
30415,26921,SNB,352,25384,25384,366380,340996,883.8,1939.9,1894.8,96,638.9
30416,27249,Forest,96,63938,13033,417841,353903,-1326.1,191.7,288.4,19.2,39.7
30417,27884,Forest,144,138085,138085,982214,844129,-886,1999.2,475.9,61.6,140.6
30418,28699,Dairy,48,97100,0,504016,406916,487,1936.1,102.4,35.8,197.7
30419,27887,Dairy,112,149022,0,1138236,989214,1204.7,4090.5,444.5,96.3,239.4
30420,27053,Dairy,96,147322,147318,678926,531604,509.2,2941,147.2,57.2,287.2
30421,27442,Dairy,80,133626,0,760782,627156,803.2,3073.8,97,56,315
30422,28691,Dairy,32,51038,0,284224,233186,304.3,1270.8,129.2,27.8,157.2
30423,28111,Dairy,64,83968,0,591783,507815,600.3,2271,216.3,49.2,259.5
30424,28692,Forest,48,42690,7784,235283,192593,-248.7,654.9,160.1,20.1,82.3
30425,28213,Dairy,128,157596,0,802365,644769,1112.1,4825,516,111.4,591.5
30426,27320,Crop,64,97788,97573,286519,188731,70,623,16.6,12.4,5.6
30427,27676,Forest,160,107193,32125,728251,621058,-2395.5,319.4,477.3,31.5,64.2
30428,27458,Dairy,80,80490,0,480164,399674,592.8,1282,23.7,18.6,69.8
30429,27935,Forest,144,89661,0,634722,545061,-2067.7,289,427.7,28.8,57.5
30430,27753,Dairy,208,232726,0,1285369,1052643,1606,7023.4,102.5,77.6,341.9
30431,27112,Forest,128,80866,0,521311,440445,-1158.3,496.4,346.1,25.5,72.4
30432,27843,Dairy,272,353050,353010,1976428,1623378,2385.8,7334.5,337.2,108.7,495.6
30433,28569,Dairy,48,61752,0,415035,353283,123.2,1096,93.1,17.6,70.8
30434,28061,Dairy,32,48221,0,314438,266217,333.2,1193.1,126.2,26.1,76.1
30435,28676,SNB,64,24007,6027,122315,98308,-73.6,526.9,877.8,26.8,198.9
30436,27461,Forest,64,41741,0,385937,344196,-502.4,750.1,208.9,23.2,96
30437,27475,Dairy,80,74288,0,695223,620935,802.3,2705.2,80.1,35.2,120.9
30438,27016,Forest,64,50255,7665,292117,241862,-907.1,129.6,193.7,12.8,25.4
30439,27538,Dairy,64,35403,0,471642,436239,473.2,1061.2,15.3,12.3,53.2
30440,27543,Dairy,80,52090,0,741224,689134,750,1633.8,71.9,22.6,120
30441,27694,SNB,80,-1955,0,71073,73028,160.9,382.3,34.9,8.7,50
30442,27533,Dairy,224,270963,0,2017215,1746252,2157.8,8572,268.5,149.2,895.4
30443,28529,Dairy,80,71534,0,567810,496276,0.3,1530.6,230.1,34.4,174.8
30444,28102,Dairy,64,128633,0,634771,506138,644,2453.3,254.5,54,275.6
30445,27566,SNB,192,2649,2362,234749,232100,453.1,930.2,448.3,30.2,190.4
30446,28215,Dairy,64,37083,37083,581693,544610,597.6,945.5,6.6,7.8,22.8
30447,28392,Dairy,96,22121,0,917343,895222,891.7,1745,27.5,21.7,61.2
30448,28532,SNB,48,4415,0,48778,44363,110.9,243.9,202.6,11.7,82.5
30449,27318,SNB,304,23449,0,435120,411671,826.9,2339.9,934.4,86.2,680.4
30450,28300,Dairy,96,152856,0,946624,793768,927.9,3644.1,115.5,64.7,378.8
30451,27116,Dairy,288,331482,0,1758460,1426978,2067.8,4533.9,317.6,81.6,566.8
30452,26988,Dairy,208,302227,0,2001511,1699284,2095.8,7830.2,250,142.5,859.2
30453,27857,SNB,64,5440,0,160534,155094,213.3,650,310.7,17.6,146.5
30454,26933,Dairy,64,55156,0,574251,519095,639.5,2232.2,90.3,28.3,118.2
30455,27913,Dairy,48,40340,0,387088,346748,486.5,1888.9,149.4,39.8,196.3
30456,27147,Forest,176,121274,0,725888,604614,-1325.8,1506.9,403.6,45.6,114.6
30457,27077,Dairy,176,240406,0,1866172,1625766,1919.7,6594.4,700.5,149.3,789.3
30458,26966,SNB,64,-8526,0,162854,171380,169,280.3,22.7,7,40
30459,28712,Dairy,48,58118,0,376228,318110,83,1195.5,172.4,28.6,78.2
30460,27911,SNB,192,11375,0,231282,219907,499.5,1350,1087,53.8,400.9
30461,27254,Forest,144,60842,60842,492031,431189,-843.2,767.7,983.8,43.5,250.9
30462,28314,Dairy,160,227941,227941,1469199,1241258,1304,5531.3,622.6,126.5,626.8
30463,27966,SNB,32,2113,2005,29531,27418,70.9,169.9,149.5,7.9,52.7
30464,27712,Dairy,64,76812,76812,396335,319523,538,2426.2,254.1,53.7,143.1
30465,27615,Forest,160,115083,0,809762,694679,-1086,1798.4,410.4,46,85.9
30466,27449,Dairy,160,194563,0,1392429,1197866,1528.6,2707.8,158.7,48.5,332.6
30467,28462,Dairy,80,76030,0,641308,565278,739.1,2549.4,111,37.2,142.1
30468,28656,SNB,32,3632,0,54673,51041,97.7,325.6,155.5,8.9,54.8
30469,28388,Forest,144,90392,0,754613,664221,-1626.2,817.4,395.1,37,116.1
30470,27976,Crop,112,183484,183484,643975,460491,394.2,2732.2,208.1,58.9,154
30471,27088,Dairy,96,90474,0,828616,738142,956.2,3565.2,382.1,80.9,210.2
30472,27740,Dairy,192,240700,0,1925812,1685112,1908.3,3172.1,140.1,45.8,279.7
30473,27491,Forest,96,65267,9512,426370,361103,-1305.9,193.4,287.2,19.3,37.2
30474,28265,Dairy,48,70222,70222,526068,455846,538.1,1776.7,193,39.4,224.6
30475,28240,Dairy,80,89624,0,801699,712075,825,2783.3,238.2,56,271.2
30476,27375,Dairy,128,151010,0,1218848,1067838,1333.5,4864.6,514.6,107.5,577.2
30477,28376,SNB,112,13707,0,291655,277948,383.9,985.8,484.6,31.1,198.2
30478,26983,Dairy,160,191928,191601,1443612,1251684,1544.3,5294.3,159.9,68.4,255.5
30479,26948,Dairy,160,236934,0,1293885,1056951,1524.9,5771.1,638.1,138.8,710.9
30480,28234,SNB,80,1171,0,222125,220954,262.7,840,516.1,33.8,284.6
30481,27734,Dairy,112,129777,0,879571,749794,484.1,2734.8,362,62.7,317.9
30482,28525,Crop,48,76335,0,209516,133181,49.2,480.3,12.7,9.6,4.3
30483,28725,Dairy,32,36603,0,294561,257958,334.2,1203.6,37.8,21.6,136.9
30484,27850,Dairy,48,73380,73337,403831,330451,482.4,1833.8,190.6,39.9,132.2
30485,26949,Crop,176,218048,217457,751998,533950,195.9,1587.9,15.5,21.1,6.3
30486,27028,Dairy,64,62856,0,481666,418810,286.8,1777.8,238.7,45,231.1
30487,28347,Dairy,48,71528,0,395979,324451,75,1208.6,87.3,25.8,136.7
30488,28306,SNB,64,12958,0,108348,95390,206.4,743.7,976.1,31.8,256.3
30489,28295,SNB,160,41797,2908,267135,225338,-90.2,1467.9,2229.6,70.8,530.8
30490,27951,Dairy,128,173762,0,968342,794580,64.6,3159.2,323.7,70.1,265.2
30491,27940,Dairy,96,90793,0,678621,587828,890.3,1548.7,67.2,22.9,134
30492,28636,Dairy,64,87150,87150,502201,415051,189,854.6,95.7,17,104.8
30493,28402,Dairy,144,147794,0,1320275,1172481,1414.9,2301.3,43.1,33.7,251.9
30494,27361,Dairy,192,153504,0,1243562,1090058,-90.5,4345.3,603.4,99,447.6
30495,27932,Dairy,64,102959,0,421463,318504,552.1,2454,257,54.5,276
30496,27421,Dairy,304,373383,0,2637280,2263897,2864.6,5055.5,277.3,82.1,314.1
30497,27293,SNB,144,-3315,0,136408,139723,319.5,638.8,222.2,19.7,105.4
30498,28354,Dairy,80,93703,0,722053,628350,716.4,1167.4,8.4,10.2,57
30499,27568,Dairy,48,77792,0,434534,356742,464.4,1854.4,58.8,33,201.9
30500,27271,Dairy,464,520361,0,2778241,2257880,3343.2,15326.6,460.8,205.6,873.6
30501,27426,Dairy,96,105597,0,598633,493036,869,3317.2,218.9,58.5,279.4
30502,27114,SNB,160,3516,0,355876,352360,270.5,1500.1,722.6,41.8,265.9
30503,27202,Dairy,128,189462,0,1034144,844682,1147.7,4680.9,377.7,98.9,573.6
30504,27756,Forest,224,69817,0,750150,680333,-1903.5,852.8,1024.9,58,248.7
30505,27554,Forest,32,31514,17181,135962,104448,-393.5,64.6,99.1,6.4,12.8
30506,27452,Dairy,80,113748,113695,676466,562718,760.4,1634.3,81.9,25.6,178.9
30507,28410,Dairy,96,97723,0,735367,637644,238.7,2494.9,169.3,49.1,283.1
30508,26907,Dairy,1280,1495836,0,7996458,6500622,10579.3,21099.2,1263.6,368.6,1307.9
30509,27395,Forest,96,91303,13844,520925,429622,-1018.8,748.5,304,29.6,106.4
30510,27123,Forest,144,57477,0,538140,480663,-1638.6,287.3,425.2,29.3,58.5
30511,27663,Forest,48,33868,6093,211663,177795,-672.4,95.8,145.9,9.7,19.5
30512,27397,Crop,240,373178,0,1213368,840190,570.9,3286.9,182.6,67,169.8
30513,28083,Dairy,80,53166,0,858018,804852,810.7,1132.6,8.3,9.8,30.9
30514,28463,Forest,48,29668,3353,210958,181290,-634.1,96.8,144,9.4,19.4
30515,28033,SNB,64,21873,0,212602,190729,-69.6,559.9,676.2,28.3,202.6
30516,26894,Dairy,224,261331,0,1593274,1331943,1950.8,5087,412,97.7,344.4
30517,28538,Forest,32,17701,0,243187,225486,-73.3,634.8,71,10.9,20.4
30518,27910,Dairy,96,153862,0,783236,629374,903,3378.8,330.6,73.6,262.7
30519,27107,Forest,208,130246,130246,802271,672025,-2314,416.6,609.4,41.1,85
30520,27118,SNB,64,70625,0,455089,384464,471.4,1575.4,539,43.1,272.6
30521,27210,Dairy,64,73098,0,570273,497175,600.4,1426.1,33.5,20.8,156.1
30522,27967,Dairy,48,37844,0,498513,460669,531.9,1791.6,190.1,41.4,101.6
30523,28051,Dairy,32,38134,0,274547,236413,328.6,1267.4,125.6,27.5,72.2
30524,27802,SNB,240,54913,0,689662,634749,912.5,2659.1,3164.8,120.4,931.8
30525,28340,SNB,80,26906,6013,197467,170561,-14.1,728,737.8,31.3,223.5
30526,28093,Dairy,96,171043,0,874858,703815,1004.9,3538.3,386.9,80.4,415.3
30527,27745,Dairy,80,81090,80929,440180,359090,-8,912.1,146,18.9,104.4
30528,27433,Dairy,96,101449,0,927467,826018,983.9,1523.4,94.3,27.5,100.2
30529,28090,Dairy,48,66060,66060,364185,298125,429.7,1851.9,45.3,27.5,155.4
30530,27702,Forest,64,66565,0,600674,534109,664,2430.1,76.9,45.3,257.9
30531,27268,Dairy,128,100383,0,855287,754904,-217.3,2338.2,285.3,43.3,146.4
30532,27921,Dairy,96,160619,0,1018156,857537,979.5,2602.1,241.9,54.6,287.2
30533,26872,Forest,224,135275,22466,885179,749904,-2585.2,449.6,678.2,44.8,91.7
30534,27855,Dairy,80,115988,115988,764748,648760,872.2,3169.8,320.5,67.7,367.6
30535,28261,Dairy,80,98873,0,687957,589084,741.4,2673.1,112,37.8,140.2
30536,27971,Dairy,320,407903,407484,2747777,2339874,1668.4,9155.4,471.8,130.5,560.8
30537,27247,Forest,144,109576,0,637611,528035,-1911.6,288.4,430,29.1,56
30538,27581,Dairy,64,64189,0,403547,339358,519.2,2194.9,88.4,30.3,115
30539,28470,Forest,64,91134,0,562138,471004,593.3,2207.4,89.8,28.7,59.2
30540,27651,Forest,80,61415,12778,365072,303657,-1107.2,160.4,240.8,16,31.5
30541,27214,SNB,128,185903,0,1283038,1097135,1314,2502.4,132.1,41,298.8
30542,28002,Crop,112,155246,0,482569,327323,128.1,1841.8,34.6,25.2,8.2
30543,27627,Forest,48,41308,41308,218873,177565,-728.8,97.3,145.1,9.6,19
30544,28089,Dairy,144,201027,0,1314609,1113582,1160.8,4929.7,560.3,111.3,594
30545,27505,Dairy,80,94874,0,738175,643301,760.7,2698.2,111,38.4,143.6
30546,28533,Forest,32,20398,20398,144079,123681,-426.9,63.3,95.6,6.5,12.5
30547,27576,Forest,64,38903,0,280799,241896,-946.2,128.9,192.1,12.9,24.9
30548,27814,Forest,80,39167,0,352545,313378,-1157.2,160.8,237.3,16.1,31
30549,27896,Forest,64,47214,9812,271003,223789,-876.2,128.4,190.9,13.1,25.7
30550,27100,SNB,80,16030,16013,312516,296486,363.3,961.2,277.3,30,246.3
30551,28082,Dairy,112,140615,0,755856,615241,913.3,3863.7,256.5,76.3,386.8
30552,27502,Crop,80,99822,99790,383381,283559,246.3,1874.3,87.2,32.1,42.4
30553,28547,Forest,48,22015,0,219806,197791,-691.5,96.6,147.6,9.6,19.7
30554,27327,Dairy,128,169419,0,1076113,906694,1151.5,4592.9,465.4,101,505.2
30555,27378,Dairy,128,168666,0,1233348,1064682,1317,2250.8,126.8,36.9,251.8
30556,28585,Forest,32,15553,0,131842,116289,-356,63.2,98.8,6.5,13
30557,28358,Forest,112,99411,27419,502565,403154,-1499,223.8,329.1,22.5,44.7
30558,28447,Dairy,96,106694,0,739838,633144,591,2775.2,127.1,51.5,272.6
30559,28483,Dairy,64,93832,0,501093,407261,502.7,2017.1,197.8,45.3,207
30560,26959,Forest,112,121602,0,678219,556617,307.7,3032.4,239.7,62.9,328.7
30561,27882,SNB,240,67801,67263,742405,674604,-360.7,933.5,393.5,47.7,264.9
30562,27125,Dairy,112,155048,0,832122,677074,1023.4,4226.3,268.2,78.4,290.7
30563,27189,Dairy,64,61300,0,583271,521971,574.3,974,6.5,8.5,23.1
30564,26884,Dairy,112,127514,127501,944132,816618,-31.2,2593.7,267.5,56.3,264
30565,27469,Dairy,64,101157,101157,603807,502650,589.9,2185.8,26.6,24.5,51.8
30566,27927,Dairy,48,53436,53423,448543,395107,480.8,2012.2,57.3,32.6,193.8
30567,27689,Dairy,112,167992,0,847568,679576,1073.4,4043.2,360.6,82,232.2
30568,27899,SNB,112,37976,37976,345844,307868,-151.4,439.7,357.6,26.2,140.2
30569,27762,Dairy,32,32178,0,191503,159325,289.4,943.3,67.3,17.1,91.1
30570,27952,Dairy,32,58931,0,314842,255911,337.4,1227.4,129.7,26.8,152.1
30571,27720,Dairy,160,215760,215534,1620153,1404393,1678.5,5610.1,351.5,92.2,403.9
30572,27949,SNB,144,14613,14554,245912,231299,423.6,1232.3,1563.5,56.9,411.5
30573,28526,Forest,48,37486,6892,216864,179378,-661.4,96.4,142.9,9.6,19.8
30574,28571,Dairy,32,56925,0,307468,250543,326.2,1198.1,129.7,28.1,138.4
30575,28297,SNB,64,-10430,0,176983,187413,198.9,311.6,221.8,16.4,103.2
30576,28423,Dairy,48,73907,0,441777,367870,478.3,1825.4,192,38.8,227.8
30577,26871,Dairy,144,170229,0,1060664,890435,638.4,4330.1,544.5,101.1,401.1
30578,26935,SNB,128,39921,0,308813,268892,558.2,2168.5,1754.3,76.8,529.2
30579,27891,SNB,112,11044,11044,121402,110358,302.8,1221.1,1956.4,56.8,459.4
30580,27639,Forest,256,161901,35058,1051040,889139,-3224.7,510,764.4,51.2,102.3
30581,28589,SNB,80,13075,0,262626,249551,291.7,876.8,784.8,36,319.2
30582,27804,Forest,240,145539,1483,1035255,889716,-3367.4,481.9,723.8,48.2,96.7
30583,27007,Dairy,32,35186,0,284129,248943,338.9,1275,126.7,27.4,152.8
30584,27987,SNB,128,-1386,0,411882,413268,436.5,1353.5,526.8,36,289.7
30585,27742,Dairy,48,44110,0,334875,290765,84.9,598.3,80.7,12.8,40.9
30586,28619,Forest,64,47923,11064,285251,237328,-855.1,129,188.7,12.9,25.5
30587,27051,Forest,160,84047,0,661848,577801,-1525,798.2,449.6,35.8,72
30588,27284,Dairy,96,153658,0,669102,515444,822.8,3238,214.7,55.1,259.6
30589,27396,Forest,272,137834,23773,935589,797755,-2636,668,749.8,51.2,121.8
