farmer_id,farm_id,farm_type,size_ha,disposition,age,inherited,succession_stage,loan_principal,loan_rate,current_debt,debt_payments,debt_maturity,debt_free,debt_asset_ratio,n_holdings,n_local_links,n_catchment_links,Build_Wetland,Clean_Races,Farm_Plan,Riparian_Planting,x,y
26864,30312,Dairy,64,for_profit,30,FALSE,4,788569,3,788569,53004,5,FALSE,0.676,1,15,9,0,0,0,0,38,259
26865,29026,Dairy,128,for_profit,67,FALSE,1,6400,3,6400,430,0,FALSE,0,1,11,13,0,1,1,1,81,166
26866,29861,SNB,96,for_profit,60,TRUE,3,384,3,384,26,0,FALSE,0,1,11,13,1,0,1,0,56,261
26867,29186,Dairy,96,for_profit,51,TRUE,2,1280,3,394.0201717423386,86,20,FALSE,0,3,14,7,3,3,3,3,89,180
26868,29952,SNB,80,for_profit,65,FALSE,4,65851,3,65851,5516,10,FALSE,0.407,1,6,8,1,0,0,1,44,222
26869,30381,SNB,240,for_profit,59,FALSE,2,312391,3,312391,26168,10,FALSE,0.477,5,10,13,1,0,0,2,94,95
26870,29753,Forest,928,for_profit,57,FALSE,3,975728,3,559446.9378432395,65584,15,FALSE,0.117,5,10,12,0,0,0,0,137,37
26871,29924,Dairy,144,for_profit,48,FALSE,3,1417376,3,1137326.249263531,95270,10,FALSE,0.525,3,9,14,0,0,0,1,118,70
26872,30259,Forest,224,for_profit,45,TRUE,4,0,0,0,0,21,TRUE,0,3,6,13,0,0,0,0,84,303
26873,29306,SNB,656,for_profit,56,TRUE,4,533908,3,164351.97019891292,35887,20,FALSE,0.082,3,9,11,2,0,0,0,106,207
26874,29760,Forest,32,for_profit,51,TRUE,3,0,0,0,0,21,TRUE,0,1,9,14,0,0,0,0,28,273
26875,30404,Dairy,176,pro_environmental,72,FALSE,3,2468115,3,1415127.350035017,165896,15,FALSE,0.4,2,14,15,1,1,0,2,114,133
26876,30292,SNB,464,pro_environmental,57,FALSE,3,4512,3,4512,303,0,FALSE,0,8,11,10,7,0,7,6,148,26
26877,30495,Crop,48,for_profit,40,TRUE,2,1440,3,1440,97,5,FALSE,0.001,1,14,9,1,0,0,1,134,217
26878,29982,Dairy,192,for_profit,66,FALSE,3,0,0,0,0,21,TRUE,0,1,14,9,1,0,1,1,63,189
26879,29587,Dairy,128,pro_environmental,68,TRUE,2,2887,3,1655.3007698389638,338,15,FALSE,0.001,3,11,11,3,3,3,3,18,254
26880,29874,SNB,624,pro_environmental,70,TRUE,2,5055,3,5055,593,10,FALSE,0.009,4,16,15,3,0,1,0,58,135
26881,28930,Dairy,192,for_profit,51,TRUE,2,0,0,0,0,21,TRUE,0,1,15,12,0,0,1,0,67,266
26882,28859,Dairy,256,for_profit,54,TRUE,3,12892,3,12892,1080,5,FALSE,0.002,4,15,13,3,4,4,3,93,106
26883,28928,Dairy,96,for_profit,61,TRUE,2,0,0,0,0,21,TRUE,0,2,12,11,2,1,1,2,66,139
26884,28981,Dairy,112,for_profit,50,TRUE,3,3680,3,2952.8936550991366,247,10,FALSE,0.001,3,12,15,3,0,0,3,103,172
26885,29406,Dairy,144,for_profit,60,TRUE,2,2400,3,2400,161,5,FALSE,0.001,2,9,11,1,2,2,1,84,182
26886,29348,Dairy,96,for_profit,61,TRUE,2,2560,3,2054.1868905037472,172,10,FALSE,0.001,2,13,8,0,2,0,2,126,88
26887,29589,SNB,320,pro_environmental,56,FALSE,2,324930,3,324930,27218,10,FALSE,0.467,4,9,10,1,0,3,4,11,319
26888,29249,Dairy,112,for_profit,37,FALSE,2,734145,3,734145,49346,5,FALSE,0.348,3,13,13,1,0,2,2,78,138
26889,29870,Dairy,224,pro_environmental,65,FALSE,2,0,0,0,0,21,TRUE,0,5,17,10,2,0,1,3,137,208
26890,29763,Forest,1120,for_profit,61,TRUE,2,0,0,0,0,21,TRUE,0,6,8,16,0,0,0,0,174,10
26891,29789,Dairy,48,for_profit,60,FALSE,2,721522,3,721522,48498,5,FALSE,0.765,1,9,13,1,1,1,0,69,199
26892,30438,Forest,80,for_profit,70,TRUE,1,0,0,0,0,21,TRUE,0,1,16,11,0,0,0,0,101,247
26893,30258,Dairy,160,for_profit,67,FALSE,3,915093,3,281691.4851720405,61509,20,FALSE,0.082,3,11,14,1,2,1,1,76,161
26894,29411,Dairy,224,pro_environmental,55,FALSE,3,1922218,3,1922218,129203,5,FALSE,0.493,4,9,10,2,0,4,0,75,121
26895,29754,Dairy,64,for_profit,61,FALSE,4,394245,3,316348.7932213476,26499,10,FALSE,0.271,1,10,11,0,0,0,0,71,125
26896,29121,Dairy,288,for_profit,62,TRUE,2,3200,3,3200,215,5,FALSE,0.001,3,11,9,2,1,0,1,138,23
26897,29736,Dairy,112,for_profit,70,TRUE,2,5961,3,1834.9642529344378,499,20,FALSE,0.001,2,10,16,1,1,0,0,51,153
26898,28983,SNB,224,for_profit,77,TRUE,1,1865,3,1865,219,10,FALSE,0.004,8,12,9,6,0,7,5,137,53
26899,29455,SNB,32,pro_environmental,72,TRUE,4,0,0,0,0,21,TRUE,0,2,11,9,2,0,1,1,11,283
26900,30341,SNB,176,pro_environmental,55,TRUE,2,0,0,0,0,21,TRUE,0,1,13,9,0,0,1,0,28,272
26901,29262,Dairy,128,for_profit,33,FALSE,2,523630,3,420169.48495096766,35196,10,FALSE,0.179,2,14,10,1,0,1,0,95,190
26902,29759,Dairy,64,pro_environmental,65,FALSE,3,902682,3,902682,60674,5,FALSE,0.718,1,12,12,0,1,0,0,77,169
26903,29072,Dairy,208,for_profit,67,FALSE,2,1399753,3,1123185.2588059732,94085,10,FALSE,0.296,1,17,14,1,0,1,0,77,246
26904,30015,Dairy,80,for_profit,49,TRUE,4,1815,3,1815,213,10,FALSE,0.001,3,11,9,3,3,0,3,63,181
26905,30196,Dairy,96,for_profit,69,FALSE,3,298127,3,298127,34950,10,FALSE,0.202,2,7,15,2,2,2,1,112,171
26906,29042,SNB,208,for_profit,74,TRUE,2,6240,3,3577.7889864202057,419,15,FALSE,0.008,1,15,10,1,0,0,0,52,132
26907,30530,Forest,1280,for_profit,55,FALSE,2,2389724,3,735624.5788256159,160627,20,FALSE,0.108,2,11,9,0,0,0,0,128,34
26908,30106,Forest,64,for_profit,60,FALSE,4,292962,3,90181.9824640461,19692,20,FALSE,0.206,1,11,8,0,0,0,0,73,250
26909,30287,SNB,240,for_profit,45,FALSE,2,407619,3,233713.90526532335,27398,15,FALSE,0.415,2,7,15,0,0,0,0,16,249
26910,29382,Forest,496,pro_environmental,65,FALSE,5,2000785,3,1605463.4053580235,134484,10,FALSE,0.614,4,6,13,0,0,0,0,124,240
26911,29969,Forest,1264,pro_environmental,69,TRUE,2,0,0,0,0,21,TRUE,0,6,10,13,0,0,0,0,152,20
26912,29613,Forest,48,pro_environmental,65,TRUE,3,0,0,0,0,21,TRUE,0,1,15,12,0,0,0,0,77,239
26913,29975,Dairy,64,for_profit,53,FALSE,3,256,3,256,17,0,FALSE,0.233,1,14,12,0,1,1,0,136,214
26914,28886,Dairy,64,pro_environmental,63,TRUE,3,256,3,146.7810866223674,17,15,FALSE,0,1,13,11,0,1,1,0,36,263
26915,29480,Dairy,128,pro_environmental,66,FALSE,2,384,3,384,26,0,FALSE,0,2,16,13,0,0,1,2,115,136
26916,29699,Dairy,80,for_profit,53,FALSE,2,1137902,3,1137902,76485,5,FALSE,0.775,3,12,15,2,3,0,0,30,256
26917,30395,Dairy,80,for_profit,49,TRUE,3,0,0,0,0,21,TRUE,0,3,13,10,0,0,2,0,140,107
26918,28922,Dairy,112,for_profit,56,TRUE,3,0,0,0,0,21,TRUE,0,1,10,9,1,0,0,1,49,272
26919,29856,Dairy,80,for_profit,82,FALSE,1,2400,3,1925.800209847263,161,10,FALSE,0.001,3,12,10,0,0,2,2,86,179
26920,30220,Forest,640,for_profit,56,TRUE,2,0,0,0,0,21,TRUE,0,9,12,12,0,0,0,0,144,65
26921,29604,SNB,352,for_profit,51,TRUE,2,0,0,0,0,21,TRUE,0,2,14,12,0,0,2,2,60,127
26922,29488,Dairy,160,for_profit,55,TRUE,5,1920,3,1920,129,0,FALSE,0,3,10,11,1,0,3,0,60,204
26923,29291,SNB,192,pro_environmental,68,FALSE,2,4687,3,4687,549,10,FALSE,0.014,4,8,16,3,0,1,3,163,48
26924,30203,Dairy,112,for_profit,37,TRUE,4,322546,3,99288.7736834409,37812,20,FALSE,0.049,1,17,17,1,0,0,0,39,261
26925,29036,Dairy,96,pro_environmental,69,TRUE,2,2164,3,666.1403528518912,473,20,FALSE,0,2,14,14,2,2,2,1,93,144
26926,30328,Dairy,96,for_profit,63,TRUE,1,4800,3,3851.600419694526,323,10,FALSE,0.002,1,15,11,0,0,0,1,88,143
26927,30578,Dairy,112,for_profit,37,FALSE,3,722240,3,722240,48546,5,FALSE,0.322,2,16,13,0,1,1,0,79,170
26928,29425,SNB,192,for_profit,48,FALSE,3,292561,3,167743.8339192439,19665,15,FALSE,0.351,2,11,11,0,0,0,0,64,138
26929,29136,Forest,160,for_profit,55,TRUE,1,999,3,307.52043091452833,218,20,FALSE,0,2,9,11,1,0,1,0,138,235
26930,30505,Forest,240,for_profit,60,FALSE,2,297829,3,297829,20019,5,FALSE,0.613,1,14,8,0,0,0,0,55,130
26931,29711,Dairy,160,for_profit,75,FALSE,2,5768,3,4628.339837666255,483,10,FALSE,0.002,3,11,9,2,1,2,2,87,217
26932,30558,Dairy,48,for_profit,42,FALSE,4,816476,3,468137.63469173457,54880,15,FALSE,0.577,3,8,11,1,0,0,0,109,133
26933,30123,Dairy,64,for_profit,42,FALSE,4,496319,3,496319,33360,5,FALSE,0.395,1,14,9,0,1,0,1,142,212
26934,30280,Dairy,208,for_profit,52,TRUE,3,1000175,3,307882.12911905744,67227,20,FALSE,0.067,1,15,13,0,1,0,1,113,166
26935,29713,SNB,128,for_profit,54,FALSE,2,214840,3,172391.21545149415,14441,10,FALSE,0.619,2,12,14,1,0,2,0,123,206
26936,30222,Dairy,80,pro_environmental,54,TRUE,3,0,0,0,0,21,TRUE,0,1,14,12,0,0,1,0,90,260
26937,28793,Dairy,48,for_profit,31,FALSE,2,697958,3,697958,46914,5,FALSE,0.74,1,14,11,0,0,0,0,90,255
26938,29750,SNB,240,for_profit,62,TRUE,4,57483,3,57483,12552,20,FALSE,0.075,1,12,13,0,0,0,1,77,148
26939,29978,Dairy,80,pro_environmental,77,FALSE,2,2267,3,2267,266,10,FALSE,0.002,2,13,17,2,2,1,2,113,115
26940,30215,SNB,64,pro_environmental,59,FALSE,3,128972,3,128972,8669,5,FALSE,0.254,2,13,9,1,0,0,0,71,181
26941,29458,Forest,256,pro_environmental,62,TRUE,2,0,0,0,0,21,TRUE,0,4,11,8,0,0,0,0,141,21
26942,30197,Dairy,192,for_profit,55,FALSE,4,2117813,3,1699368.6332571923,142350,10,FALSE,0.592,7,11,10,0,6,4,0,113,65
26943,29886,Dairy,656,for_profit,83,TRUE,3,3821,3,3821,834,15,FALSE,0.002,2,7,12,0,0,2,2,45,217
26944,30098,Dairy,144,for_profit,72,TRUE,1,1600,3,1600,108,0,FALSE,0,3,12,13,2,0,3,3,124,90
26945,30149,Forest,176,for_profit,50,FALSE,2,503012,3,288408.78103160264,33810,15,FALSE,0.285,2,12,12,0,0,0,0,127,166
26946,30334,Dairy,64,for_profit,66,TRUE,3,0,0,0,0,21,TRUE,0,1,11,14,0,0,0,0,45,138
26947,28873,SNB,144,for_profit,73,FALSE,3,0,0,0,0,21,TRUE,0,2,14,8,2,0,0,1,129,224
26948,28979,Dairy,160,for_profit,39,FALSE,1,1741192,3,1741192,145854,10,FALSE,0.602,3,9,11,3,3,3,3,57,142
26949,29996,Dairy,176,pro_environmental,51,TRUE,2,0,0,0,0,21,TRUE,0,1,12,10,0,0,0,0,118,114
26950,29678,Dairy,64,for_profit,48,FALSE,3,783350,3,783350,52653,5,FALSE,0.697,2,13,13,2,1,2,1,111,55
26951,28915,Forest,288,for_profit,37,FALSE,2,491022,3,394004.27943317615,33004,10,FALSE,0.295,4,10,11,0,0,0,0,139,39
26952,29522,Dairy,144,for_profit,68,TRUE,2,0,0,0,0,21,TRUE,0,2,12,13,0,0,2,0,60,124
26953,29953,Dairy,96,for_profit,55,TRUE,4,1813,3,1813,152,5,FALSE,0,4,14,11,4,2,3,4,120,51
26954,29179,Forest,32,for_profit,62,FALSE,2,169489,3,136000.81323616783,11392,10,FALSE,0.705,2,11,10,0,0,0,0,146,239
26955,29782,Forest,128,pro_environmental,48,TRUE,4,192,3,192,13,5,FALSE,0,3,10,13,1,1,1,1,143,82
26956,29599,Forest,784,pro_environmental,53,FALSE,2,1524960,3,1524960,102501,5,FALSE,0.344,2,9,8,0,0,0,0,21,248
26957,29331,Forest,96,for_profit,58,TRUE,2,0,0,0,0,21,TRUE,0,3,9,12,1,0,0,0,79,193
26958,30266,Dairy,512,for_profit,62,FALSE,3,5872308,3,3366967.770395395,394711,15,FALSE,0.363,6,9,15,5,3,0,2,98,220
26959,30316,Forest,112,for_profit,55,FALSE,2,876264,3,502417.8987814928,58899,15,FALSE,0.392,3,7,13,0,0,1,2,56,200
26960,29302,SNB,368,for_profit,69,FALSE,4,192,3,192,13,0,FALSE,0.146,5,8,13,4,0,2,5,148,60
26961,29680,Dairy,288,for_profit,56,FALSE,2,2770330,3,2222959.2063942365,186210,10,FALSE,0.523,2,12,12,0,0,0,0,179,32
26962,29383,SNB,80,pro_environmental,51,FALSE,5,170236,3,170236,11443,5,FALSE,0.655,3,15,11,0,0,1,0,102,237
26963,29629,Dairy,336,for_profit,56,TRUE,3,1282,3,1282,107,5,FALSE,0,5,17,9,5,3,4,2,109,72
26964,29883,Dairy,128,pro_environmental,81,TRUE,1,3532,3,3532,414,10,FALSE,0.001,4,15,10,4,4,4,3,80,123
26965,30073,Dairy,336,for_profit,57,TRUE,1,0,0,0,0,21,TRUE,0,4,10,11,0,0,0,0,109,59
26966,28986,Dairy,64,for_profit,57,TRUE,2,3200,3,2567.7336131296843,215,10,FALSE,0.002,1,9,15,0,0,0,1,54,218
26967,29062,Dairy,256,for_profit,57,TRUE,2,129255,3,39788.34163949686,28223,20,FALSE,0.009,2,11,14,1,0,0,2,61,140
26968,29029,Dairy,96,for_profit,58,TRUE,4,500669,3,287065.39007083623,33653,15,FALSE,0.164,1,9,12,1,0,0,1,69,286
26969,29273,Dairy,96,for_profit,55,TRUE,4,0,0,0,0,21,TRUE,0,1,12,8,1,1,1,1,76,255
26970,30431,Dairy,208,for_profit,65,FALSE,2,5664,3,5664,381,0,FALSE,0.012,6,13,9,4,0,2,3,136,133
26971,29074,SNB,144,for_profit,50,TRUE,2,0,0,0,0,21,TRUE,0,3,14,10,3,0,2,3,133,77
26972,29683,SNB,432,for_profit,67,TRUE,3,0,0,0,0,21,TRUE,0,3,9,16,3,0,3,3,39,223
26973,29423,Dairy,32,for_profit,66,TRUE,3,0,0,0,0,21,TRUE,0,1,19,11,0,0,1,1,52,238
26974,29447,Dairy,192,for_profit,55,FALSE,5,1874644,3,1074852.6693363334,126006,15,FALSE,0.429,4,10,11,0,2,1,3,129,88
26975,29440,SNB,96,pro_environmental,67,TRUE,2,3405,3,3405,285,5,FALSE,0.001,2,8,12,2,0,2,2,140,197
26976,28816,Dairy,112,pro_environmental,79,FALSE,1,4480,3,4480,301,0,FALSE,0,1,13,7,1,1,0,1,99,159
26977,30549,Forest,112,for_profit,62,TRUE,5,869314,3,869314,72819,10,FALSE,1.487,2,14,13,0,0,0,0,97,252
26978,30343,Dairy,48,for_profit,67,TRUE,3,1987,3,1139.2735121822034,166,15,FALSE,0.001,2,9,12,1,1,2,0,42,258
26979,29444,Dairy,288,for_profit,77,FALSE,2,10360,3,8313.037572507352,868,10,FALSE,0.001,3,11,15,3,3,3,2,69,162
26980,29202,Dairy,160,for_profit,61,FALSE,3,2194885,3,2194885,147531,5,FALSE,0.797,2,12,13,1,1,1,1,126,44
26981,29510,Forest,256,for_profit,47,TRUE,2,6400,3,6400,430,5,FALSE,0.002,2,12,9,0,0,0,1,96,110
26982,29315,Forest,80,for_profit,45,FALSE,3,902701,3,902701,60676,5,FALSE,0.518,1,11,12,0,0,0,0,72,145
26983,30565,Dairy,160,for_profit,53,TRUE,3,2386937,3,1368582.8381216165,160440,15,FALSE,0.448,3,10,12,2,2,0,0,69,137
26984,29472,SNB,96,for_profit,56,TRUE,4,0,0,0,0,21,TRUE,0,2,10,13,1,0,0,0,105,71
26985,28975,SNB,464,for_profit,80,FALSE,4,64,3,64,4,5,FALSE,0,6,12,11,1,0,3,4,97,94
26986,30392,Forest,112,for_profit,70,TRUE,4,1019771,3,313914.3316858253,68545,20,FALSE,0.298,3,12,9,1,1,0,0,140,72
26987,30108,Dairy,96,for_profit,74,FALSE,3,537579,3,165482.00773833957,36134,20,FALSE,0.095,1,10,17,0,1,0,0,35,271
26988,29300,Forest,208,for_profit,57,TRUE,3,856026,3,490814.16584765114,57538,15,FALSE,0.341,1,16,6,0,0,0,0,118,144
26989,29549,SNB,64,pro_environmental,69,TRUE,1,744,3,744,87,10,FALSE,0.002,3,14,14,3,0,1,2,133,59
26990,29145,Forest,80,for_profit,46,FALSE,4,387875,3,387875,26071,5,FALSE,0.71,1,13,9,0,0,0,0,54,276
26991,29309,Dairy,80,for_profit,30,FALSE,3,881118,3,881118,59225,5,FALSE,0.605,1,12,17,0,0,0,1,59,253
26992,29717,SNB,80,for_profit,62,TRUE,4,103849,3,103849,8699,10,FALSE,0.303,1,11,17,1,0,1,1,119,156
26993,30586,Forest,144,for_profit,55,FALSE,4,338914,3,271950.27180007304,22780,10,FALSE,0.232,2,13,13,1,0,0,1,46,243
26994,30321,Dairy,48,for_profit,79,TRUE,1,0,0,0,0,21,TRUE,0,2,14,18,2,0,2,2,115,85
26995,30122,Forest,112,for_profit,53,FALSE,2,822372,3,822372,55276,5,FALSE,0.625,2,10,12,1,1,1,0,106,126
26996,30475,Dairy,32,for_profit,52,TRUE,2,0,0,0,0,21,TRUE,0,1,12,12,1,1,1,0,83,272
26997,29081,Dairy,144,pro_environmental,53,FALSE,2,1093948,3,627229.9849545531,73530,15,FALSE,0.236,2,16,12,0,1,0,0,85,165
26998,29244,Dairy,32,for_profit,60,TRUE,2,578,3,578,48,5,FALSE,0.001,2,7,12,1,2,2,1,119,175
26999,28938,Dairy,112,pro_environmental,56,TRUE,3,435,3,435,36,5,FALSE,0,2,14,12,0,0,2,0,116,95
27000,29485,Dairy,224,for_profit,76,TRUE,1,0,0,0,0,21,TRUE,0,1,12,8,0,1,0,0,48,153
27001,29398,Dairy,192,for_profit,63,FALSE,4,2067897,3,1185656.908918491,138995,15,FALSE,0.343,3,15,13,0,1,2,2,73,128
27002,29401,Crop,32,for_profit,58,FALSE,2,445173,3,255246.00263648113,37291,15,FALSE,0.366,1,15,11,1,0,0,1,116,126
27003,29483,Dairy,64,for_profit,56,TRUE,2,2080,3,2080,140,0,FALSE,0.001,3,11,12,3,2,3,3,88,133
27004,30371,Forest,208,for_profit,64,FALSE,1,331189,3,189891.72381787203,27743,15,FALSE,0.141,2,13,12,0,0,0,0,26,275
27005,29118,Crop,160,for_profit,60,FALSE,2,1709900,3,1372052.4078407646,114932,10,FALSE,0.403,3,9,15,3,0,0,3,88,164
27006,30496,Forest,112,for_profit,66,FALSE,3,0,0,0,0,21,TRUE,0,2,10,8,0,0,0,0,111,110
27007,30353,Dairy,32,for_profit,49,TRUE,3,800,3,458.69089569489813,54,15,FALSE,0.001,2,13,15,0,0,0,2,56,256
27008,30351,SNB,272,for_profit,58,FALSE,2,50522,3,50522,11032,15,FALSE,0.168,2,14,10,2,0,2,0,50,129
27009,30252,SNB,96,for_profit,52,TRUE,4,1703,3,1366.5157322374537,143,10,FALSE,0.007,2,13,9,2,0,2,1,103,228
27010,30401,SNB,96,for_profit,55,TRUE,4,131194,3,131194,28647,20,FALSE,0.481,2,11,12,0,0,1,0,20,252
27011,29922,Dairy,208,for_profit,74,FALSE,1,3179,3,3179,373,10,FALSE,0,4,10,14,4,1,3,0,56,202
27012,29946,Dairy,160,for_profit,49,FALSE,3,1221517,3,980165.7062216663,82105,10,FALSE,0.336,1,10,13,0,0,0,0,44,273
27013,30029,SNB,352,for_profit,52,TRUE,3,8803,3,8803,1032,10,FALSE,0.001,4,9,15,2,0,0,3,71,113
27014,28998,Dairy,64,for_profit,58,TRUE,3,0,0,0,0,21,TRUE,0,1,11,10,0,0,1,0,132,130
27015,30164,Dairy,112,pro_environmental,52,TRUE,2,800,3,800,54,5,FALSE,0,2,11,13,2,2,2,2,121,111
27016,29426,Forest,64,pro_environmental,32,TRUE,4,0,0,0,0,21,TRUE,0,1,13,10,0,0,0,0,73,177
27017,29422,Dairy,96,for_profit,73,FALSE,1,1123956,3,644435.4804520687,75547,15,FALSE,0.373,2,13,12,1,0,0,0,77,276
27018,29020,Forest,96,pro_environmental,51,FALSE,2,64633,3,37058.21082681044,4344,15,FALSE,0.073,1,11,9,0,0,0,0,46,222
27019,29980,Dairy,96,pro_environmental,65,TRUE,2,4183,3,1287.6456081235956,490,20,FALSE,0.001,2,13,14,0,0,1,1,79,134
27020,29824,Dairy,128,for_profit,69,TRUE,3,640,3,640,43,0,FALSE,0,4,14,14,0,1,3,0,93,122
27021,29670,Dairy,384,for_profit,43,FALSE,2,3604900,3,3604900,242306,5,FALSE,0.515,1,9,13,0,1,1,1,72,257
27022,30397,Dairy,384,for_profit,77,TRUE,2,20433,3,20433,1712,5,FALSE,0,1,16,12,0,1,1,1,107,148
27023,29182,SNB,144,pro_environmental,59,FALSE,4,86555,3,86555,5818,5,FALSE,0.21,2,13,14,2,0,0,0,13,300
27024,30522,Forest,80,pro_environmental,50,FALSE,3,259161,3,259161,17420,5,FALSE,0.475,1,9,16,0,0,0,0,61,163
27025,29271,Dairy,96,for_profit,63,TRUE,1,3840,3,3840,258,5,FALSE,0.002,1,11,16,1,1,0,0,46,150
27026,30107,Forest,800,for_profit,63,TRUE,2,0,0,0,0,21,TRUE,0,9,11,7,0,0,0,0,159,12
27027,29327,Dairy,96,for_profit,59,TRUE,4,841273,3,258967.60307983783,56547,20,FALSE,0.154,2,11,14,1,0,0,0,114,91
27028,29376,Dairy,64,for_profit,47,FALSE,2,500656,3,401734.7624422047,33652,10,FALSE,0.338,2,16,9,0,1,2,2,87,126
27029,30449,Dairy,128,for_profit,48,TRUE,2,4227,3,3391.815619593492,354,10,FALSE,0.002,4,13,17,3,1,0,3,123,65
27030,29735,SNB,128,for_profit,55,TRUE,3,0,0,0,0,21,TRUE,0,2,16,16,1,0,2,1,94,91
27031,29536,Dairy,96,for_profit,53,FALSE,2,561728,3,450739.9584487847,37757,10,FALSE,0.259,2,12,13,2,0,0,0,54,141
27032,30448,SNB,64,for_profit,77,TRUE,1,9938,3,9938,832,10,FALSE,0.063,2,14,12,2,0,1,2,127,53
27033,29623,Dairy,112,for_profit,57,TRUE,3,2400,3,1925.800209847263,161,10,FALSE,0.001,2,8,13,1,1,1,1,125,42
27034,29963,Dairy,32,for_profit,42,FALSE,3,299734,3,299734,20147,5,FALSE,0.558,1,9,13,1,1,1,0,121,225
27035,30144,Dairy,240,for_profit,57,TRUE,1,4608,3,1418.472618272419,1006,20,FALSE,0,4,10,9,0,1,0,3,116,119
27036,29595,Forest,112,for_profit,60,FALSE,2,163944,3,131551.41233466653,11020,10,FALSE,0.25,4,12,14,1,0,3,3,129,43
27037,29681,Forest,176,pro_environmental,79,TRUE,4,0,0,0,0,21,TRUE,0,2,12,12,1,1,1,0,98,243
27038,29582,SNB,176,for_profit,35,TRUE,5,640,3,640,43,0,FALSE,0,2,15,16,1,0,2,2,24,268
27039,30544,Forest,144,for_profit,63,FALSE,2,296579,3,296579,64759,20,FALSE,0.219,2,10,13,0,0,1,0,59,158
27040,29098,Forest,160,for_profit,75,TRUE,4,480,3,480,32,5,FALSE,0,2,14,18,1,0,1,0,47,143
27041,30354,Dairy,144,pro_environmental,42,TRUE,3,8802,3,8802,1032,10,FALSE,0.002,2,13,12,1,2,2,2,120,74
27042,30348,Dairy,64,for_profit,51,TRUE,2,960,3,960,65,5,FALSE,0.001,2,15,10,2,2,2,1,127,76
27043,30116,Dairy,256,for_profit,50,TRUE,2,6288,3,6288,527,5,FALSE,0.002,2,14,9,2,2,2,2,91,111
27044,29608,Crop,64,for_profit,46,FALSE,2,296238,3,91190.42784109915,19912,20,FALSE,0.063,2,9,11,1,0,0,1,105,139
27045,30137,SNB,272,for_profit,51,TRUE,4,8237,3,8237,1799,15,FALSE,0.018,4,14,11,4,0,3,4,12,314
27046,30417,SNB,64,for_profit,58,TRUE,1,256,3,256,17,5,FALSE,0.002,1,12,15,0,0,1,1,144,88
27047,29910,SNB,352,pro_environmental,53,FALSE,4,345882,3,277541.51174266293,23249,10,FALSE,0.39,1,16,13,0,0,0,0,129,206
27048,29189,Forest,160,pro_environmental,42,TRUE,4,1526615,3,469935.23787846114,102613,20,FALSE,0.226,3,13,10,0,1,1,0,122,133
27049,30163,Dairy,64,for_profit,67,FALSE,3,602442,3,345418.3257302823,40494,15,FALSE,0.328,2,9,13,0,0,0,1,147,215
27050,29287,SNB,208,for_profit,64,FALSE,2,3424,3,3424,230,0,FALSE,0.007,7,12,12,6,0,2,4,95,80
27051,29495,SNB,160,for_profit,73,TRUE,2,576,3,177.30907728405236,39,20,FALSE,0,2,11,7,0,0,1,0,18,275
27052,29957,SNB,112,for_profit,59,FALSE,3,204817,3,204817,13767,5,FALSE,0.642,2,8,7,1,0,0,1,103,211
27053,29689,Dairy,96,for_profit,54,TRUE,2,3237,3,3237,707,15,FALSE,0.001,4,13,10,3,4,3,4,145,211
27054,29715,Dairy,64,for_profit,62,TRUE,4,3555,3,2038.3076677442036,298,15,FALSE,0.002,2,13,14,1,0,2,1,133,213
27055,28890,Forest,80,for_profit,41,FALSE,3,436326,3,350115.29265075707,29328,10,FALSE,0.633,1,11,15,0,0,0,0,83,197
27056,29875,Forest,32,for_profit,76,FALSE,3,51486,3,41313.22900174841,3461,10,FALSE,0.189,1,11,10,0,0,0,0,110,99
27057,30302,Forest,80,for_profit,50,TRUE,2,0,0,0,0,21,TRUE,0,2,16,12,0,0,0,0,9,310
27058,29740,Forest,96,for_profit,62,TRUE,2,0,0,0,0,21,TRUE,0,2,12,7,0,0,0,0,85,260
27059,30422,Dairy,144,for_profit,49,TRUE,2,0,0,0,0,21,TRUE,0,1,12,14,0,0,0,0,92,185
27060,29288,Dairy,112,for_profit,55,FALSE,4,1075109,3,1075109,72264,5,FALSE,0.488,1,12,8,1,0,1,1,48,259
27061,30192,Forest,128,for_profit,61,TRUE,3,0,0,0,0,21,TRUE,0,2,8,11,0,0,0,0,142,196
27062,29293,SNB,144,for_profit,38,TRUE,2,0,0,0,0,21,TRUE,0,1,13,10,1,0,1,1,67,275
27063,29612,Dairy,80,for_profit,53,TRUE,4,0,0,0,0,21,TRUE,0,2,14,15,2,0,0,2,94,73
27064,29217,SNB,208,for_profit,60,FALSE,3,375945,3,375945,25269,5,FALSE,0.784,2,11,11,2,0,2,2,84,97
27065,28858,Dairy,192,for_profit,70,TRUE,2,8790,3,8790,1030,10,FALSE,0.001,2,16,11,0,1,0,2,57,124
27066,29728,Dairy,272,for_profit,50,TRUE,3,10400,3,5962.981644033676,699,15,FALSE,0.001,2,13,11,2,1,1,1,73,137
27067,30296,Dairy,80,for_profit,61,TRUE,3,0,0,0,0,21,TRUE,0,1,18,10,1,1,0,0,88,245
27068,29958,SNB,96,pro_environmental,67,FALSE,2,332807,3,102447.39945082225,22370,20,FALSE,0.297,2,10,10,0,0,0,0,14,285
27069,30400,SNB,112,for_profit,71,FALSE,1,758,3,758,63,5,FALSE,0.002,4,11,10,2,0,1,3,121,173
27070,29352,Dairy,192,for_profit,53,FALSE,2,800,3,800,54,0,FALSE,0.127,6,14,8,1,3,3,5,145,94
27071,29457,Forest,368,for_profit,65,FALSE,3,1426386,3,1426386,95876,5,FALSE,0.713,2,12,10,0,0,0,0,72,117
27072,29921,SNB,288,for_profit,72,FALSE,3,5760,3,5760,387,0,FALSE,0.099,2,14,9,2,0,0,2,111,232
27073,28838,SNB,368,pro_environmental,49,FALSE,2,316529,3,316529,21276,5,FALSE,0.359,6,13,10,4,0,6,4,49,135
27074,29516,Dairy,256,for_profit,72,FALSE,4,4800,3,4800,323,0,FALSE,0.213,5,14,12,0,2,1,2,139,58
27075,29132,SNB,256,for_profit,56,FALSE,1,576,3,576,39,0,FALSE,0,4,13,13,0,0,1,2,77,121
27076,28925,Forest,320,for_profit,73,TRUE,2,0,0,0,0,21,TRUE,0,4,7,10,0,0,0,0,87,282
27077,29208,Dairy,176,for_profit,52,FALSE,3,1502896,3,1502896,101018,5,FALSE,0.393,2,13,13,2,1,0,2,129,118
27078,29180,SNB,176,for_profit,53,FALSE,2,239330,3,239330,16087,5,FALSE,0.375,2,10,13,1,0,2,2,96,268
27079,29867,Dairy,128,pro_environmental,44,FALSE,2,1514501,3,1514501,101798,5,FALSE,0.698,3,14,15,0,0,2,2,136,75
27080,30147,Crop,256,for_profit,49,TRUE,4,0,0,0,0,21,TRUE,0,2,10,15,1,0,0,1,96,151
27081,28970,Dairy,64,for_profit,76,TRUE,2,64,3,64,4,0,FALSE,0,3,10,12,0,2,3,2,123,86
27082,29981,Dairy,32,for_profit,57,FALSE,2,321551,3,184365.64525198773,21613,15,FALSE,0.343,1,7,12,0,0,0,0,122,203
27083,29486,Dairy,144,for_profit,75,FALSE,1,5514,3,5514,1204,15,FALSE,0.001,1,12,15,1,1,1,1,100,137
27084,29188,Dairy,128,for_profit,64,TRUE,2,1920,3,1920,129,5,FALSE,0.001,2,16,14,2,2,2,2,60,214
27085,28850,Dairy,48,for_profit,82,FALSE,1,1440,3,825.6436122508167,97,15,FALSE,0.001,1,9,9,1,1,0,0,106,144
27086,30430,SNB,240,for_profit,63,FALSE,2,290328,3,166463.5129566355,19515,15,FALSE,0.343,1,9,17,0,0,0,0,34,237
27087,30497,SNB,384,pro_environmental,60,FALSE,3,395328,3,395328,26572,5,FALSE,0.425,5,7,12,4,0,5,5,82,117
27088,29790,Forest,96,for_profit,67,TRUE,2,0,0,0,0,21,TRUE,0,1,10,9,0,0,0,0,64,254
27089,28740,Forest,96,pro_environmental,57,TRUE,4,721093,3,221972.80289234233,48469,20,FALSE,0.308,2,10,8,0,0,0,0,61,175
27090,30344,Dairy,96,for_profit,53,FALSE,4,687547,3,551699.2320332734,46214,10,FALSE,0.3,3,12,12,0,2,0,0,135,96
27091,30071,Dairy,64,for_profit,50,TRUE,4,2757,3,1580.7634992885428,231,15,FALSE,0.001,3,13,9,0,3,0,3,104,171
27092,29929,Dairy,64,for_profit,48,FALSE,3,420905,3,337741.2238857343,28291,10,FALSE,0.39,2,12,8,1,1,1,1,65,172
27093,29194,Dairy,144,for_profit,62,FALSE,3,581028,3,581028,39054,5,FALSE,0.289,4,15,12,0,0,0,0,35,253
27094,29024,Dairy,80,for_profit,53,TRUE,3,640,3,640,43,0,FALSE,0,4,12,19,3,3,1,4,75,126
27095,29210,Forest,176,for_profit,77,FALSE,1,320,3,320,22,5,FALSE,0,2,7,9,1,0,1,1,46,133
27096,29719,Dairy,64,for_profit,48,TRUE,3,3405,3,1952.3031248014104,285,15,FALSE,0.002,1,10,11,1,0,1,1,83,263
27097,28795,Dairy,176,for_profit,54,TRUE,3,1585642,3,488105.4165327073,106580,20,FALSE,0.145,2,13,12,1,2,0,0,91,247
27098,29301,Dairy,192,pro_environmental,58,TRUE,1,5621,3,5621,471,5,FALSE,0.002,4,13,10,3,3,1,3,20,276
27099,29467,Dairy,144,for_profit,62,FALSE,3,1869374,3,1869374,125651,5,FALSE,0.744,4,11,12,4,0,0,0,97,118
27100,29147,Dairy,80,pro_environmental,76,TRUE,1,3350,3,1031.224668231902,731,20,FALSE,0.001,2,14,12,2,2,2,2,94,143
27101,29766,SNB,80,for_profit,65,FALSE,2,42339,3,42339,3547,10,FALSE,0.247,2,15,18,0,0,2,2,84,114
27102,29838,Dairy,96,for_profit,67,TRUE,3,3613,3,3613,789,15,FALSE,0.001,2,15,17,2,1,0,2,58,243
27103,29802,Dairy,144,pro_environmental,63,FALSE,1,926970,3,743816.2585508822,62307,10,FALSE,0.288,4,10,10,3,2,1,3,55,194
27104,29602,Forest,96,for_profit,67,TRUE,2,0,0,0,0,21,TRUE,0,2,10,14,1,0,0,0,55,136
27105,30103,Dairy,80,for_profit,42,FALSE,3,1000998,3,1000998,67283,5,FALSE,0.682,4,13,11,3,1,2,2,112,78
27106,29550,Dairy,64,pro_environmental,42,TRUE,3,3405,3,3405,285,5,FALSE,0,1,15,10,0,0,1,1,84,142
27107,29509,Forest,208,for_profit,83,TRUE,1,0,0,0,0,21,TRUE,0,3,14,13,0,0,0,0,106,241
27108,30205,Dairy,96,for_profit,59,FALSE,2,3200,3,3200,215,0,FALSE,0.134,2,12,14,2,1,1,0,117,168
27109,30313,Dairy,208,for_profit,74,TRUE,3,4186,3,4186,491,10,FALSE,0,3,11,10,2,0,0,0,13,312
27110,29889,Dairy,112,for_profit,81,FALSE,3,0,0,0,0,21,TRUE,0,1,15,12,0,0,0,0,122,164
27111,30101,Forest,80,for_profit,61,TRUE,4,0,0,0,0,21,TRUE,0,2,13,13,0,0,0,0,86,227
27112,30213,Dairy,128,for_profit,66,TRUE,5,3763,3,1158.3577392706409,822,20,FALSE,0.001,2,15,16,2,1,2,0,172,21
27113,28737,Dairy,80,for_profit,80,TRUE,1,4000,3,4000,269,5,FALSE,0.003,1,9,10,0,0,1,1,81,137
27114,29901,SNB,160,for_profit,69,FALSE,2,0,0,0,0,21,TRUE,0,3,9,13,1,0,3,2,117,67
27115,28782,Dairy,240,for_profit,70,FALSE,2,605629,3,347245.63558600686,70998,15,FALSE,0.079,1,13,10,0,0,1,0,73,270
27116,29363,Dairy,288,for_profit,44,FALSE,2,3503388,3,3503388,235483,5,FALSE,0.722,2,12,11,0,0,2,0,131,27
27117,29795,SNB,112,pro_environmental,38,TRUE,3,1664,3,1664,112,0,FALSE,0.088,4,16,10,1,0,4,3,105,116
27118,30508,Dairy,64,for_profit,70,TRUE,1,128,3,102.70934452518736,9,10,FALSE,0,2,11,12,2,1,2,2,66,181
27119,29998,Dairy,128,for_profit,51,FALSE,3,1483975,3,1483975,124308,10,FALSE,0.768,2,12,13,1,0,1,0,93,125
27120,30241,Dairy,160,for_profit,48,FALSE,3,1424981,3,817032.2640477646,95781,15,FALSE,0.4,3,14,10,0,0,0,0,99,120
27121,29199,SNB,128,for_profit,54,TRUE,1,0,0,0,0,21,TRUE,0,2,10,10,2,0,2,2,120,65
27122,29744,Dairy,48,for_profit,50,TRUE,2,640,3,640,43,0,FALSE,0,2,13,12,0,2,0,2,58,162
27123,29270,Forest,144,for_profit,64,FALSE,2,338822,3,104298.98642975207,22774,20,FALSE,0.144,3,7,11,0,0,0,0,87,303
27124,30139,SNB,96,for_profit,59,TRUE,2,0,0,0,0,21,TRUE,0,3,12,14,2,0,0,0,62,131
27125,29615,Dairy,112,pro_environmental,48,FALSE,3,1100447,3,1100447,92181,10,FALSE,0.606,4,13,14,2,1,1,0,142,229
27126,28790,Forest,112,for_profit,52,FALSE,2,287988,3,88650.8447029161,19357,20,FALSE,0.074,2,13,11,1,0,1,0,95,104
27127,29553,SNB,608,for_profit,57,TRUE,2,0,0,0,0,21,TRUE,0,5,9,11,1,0,4,4,99,211
27128,29484,Dairy,96,for_profit,70,TRUE,2,2560,3,2560,172,0,FALSE,0,2,10,13,1,1,2,2,85,173
27129,29948,Dairy,80,for_profit,54,FALSE,4,659306,3,659306,44316,5,FALSE,0.475,2,13,13,2,1,0,0,112,48
27130,30373,Forest,96,for_profit,64,FALSE,4,757474,3,757474,50914,5,FALSE,0.416,3,14,15,0,0,0,0,87,172
27131,28884,Dairy,128,for_profit,53,TRUE,3,64,3,51.35467226259368,4,10,FALSE,0,2,15,11,2,2,2,2,94,239
27132,29445,Dairy,320,for_profit,66,FALSE,1,992,3,992,67,5,FALSE,0,3,8,14,3,1,1,2,145,79
27133,28953,Dairy,64,for_profit,61,TRUE,3,960,3,960,65,0,FALSE,0,3,13,12,2,3,3,3,95,124
27134,28727,SNB,144,for_profit,77,TRUE,2,4059,3,4059,476,10,FALSE,0.014,3,7,11,1,0,0,2,125,205
27135,29260,Dairy,208,for_profit,56,TRUE,2,12916,3,7405.564510994131,1082,15,FALSE,0.002,1,12,12,1,1,0,1,43,246
27136,29665,SNB,96,for_profit,57,TRUE,2,0,0,0,0,21,TRUE,0,1,12,21,0,0,0,1,107,130
27137,28744,Dairy,96,for_profit,65,TRUE,2,2400,3,2400,161,0,FALSE,0,2,10,12,1,0,2,1,149,214
27138,30447,SNB,64,pro_environmental,52,FALSE,4,133247,3,133247,8956,5,FALSE,0.713,2,10,13,0,0,0,0,131,77
27139,30460,Dairy,80,for_profit,46,FALSE,3,186460,3,149618.62797005026,15619,10,FALSE,0.106,3,14,12,1,2,3,2,92,113
27140,30264,Forest,32,pro_environmental,58,FALSE,4,336848,3,193136.38854129383,22641,15,FALSE,0.488,2,17,11,1,0,1,1,122,83
27141,30234,SNB,160,for_profit,63,FALSE,2,4183,3,4183,490,10,FALSE,0.001,4,11,13,4,0,2,1,54,139
27142,30064,Dairy,336,for_profit,64,FALSE,4,4346191,3,4346191,292132,5,FALSE,0.753,6,15,11,4,6,6,5,141,30
27143,29151,Dairy,208,pro_environmental,55,FALSE,3,2995632,3,1717586.406565374,201354,15,FALSE,0.442,2,12,9,0,0,0,1,40,141
27144,30369,Dairy,112,for_profit,61,FALSE,2,52363,3,52363,11434,15,FALSE,0.05,3,8,10,3,2,2,0,64,240
27145,30233,Dairy,48,for_profit,71,TRUE,4,0,0,0,0,21,TRUE,0,1,9,10,0,0,0,0,68,197
27146,29385,SNB,224,for_profit,47,TRUE,2,0,0,0,0,21,TRUE,0,2,7,9,2,0,2,0,9,291
27147,29169,SNB,176,for_profit,57,FALSE,4,316142,3,253677.63747563894,21250,10,FALSE,0.488,3,12,13,2,0,0,1,63,119
27148,29462,Dairy,144,for_profit,58,TRUE,2,4042,3,3243.368520084432,339,10,FALSE,0.001,1,11,10,1,0,1,1,119,117
27149,29693,Crop,48,pro_environmental,73,FALSE,3,14995,3,4615.884746309662,3274,20,FALSE,0.004,1,12,12,1,0,0,1,122,130
27150,30315,Forest,384,for_profit,59,FALSE,4,1342785,3,1077473.181158232,90256,10,FALSE,0.533,3,10,8,0,0,0,0,149,30
27151,30247,Dairy,528,for_profit,37,TRUE,4,12544,3,12544,843,5,FALSE,0.001,5,8,13,1,5,5,1,166,47
27152,30561,Forest,64,for_profit,71,TRUE,2,0,0,0,0,21,TRUE,0,2,10,13,0,0,0,0,96,189
27153,30441,Dairy,160,for_profit,60,TRUE,1,0,0,0,0,21,TRUE,0,2,13,9,2,2,0,2,89,268
27154,30514,Dairy,96,for_profit,44,TRUE,2,3840,3,3840,258,0,FALSE,0,3,10,11,3,1,3,3,126,27
27155,28781,Dairy,128,for_profit,66,TRUE,2,6400,3,6400,430,0,FALSE,0,1,11,13,0,0,0,1,101,151
27156,29911,Forest,160,for_profit,64,FALSE,3,767933,3,616202.3052285992,51617,10,FALSE,0.564,1,13,17,0,0,0,0,61,246
27157,29037,Dairy,128,for_profit,51,TRUE,2,0,0,0,0,21,TRUE,0,3,14,12,0,0,0,1,140,83
27158,28985,Dairy,128,for_profit,55,FALSE,3,1485295,3,851614.1174014423,99835,15,FALSE,0.426,3,8,13,0,1,0,0,112,135
27159,30548,Dairy,64,for_profit,50,TRUE,4,1663,3,1663,195,10,FALSE,0.001,2,15,13,0,2,2,2,123,157
27160,29242,Forest,48,pro_environmental,68,TRUE,2,0,0,0,0,21,TRUE,0,1,12,17,0,0,0,0,38,235
27161,29007,Dairy,80,for_profit,76,TRUE,1,480,3,385.1600419694526,32,10,FALSE,0,2,14,15,2,2,2,1,49,161
27162,30337,Dairy,64,for_profit,64,FALSE,3,774897,3,774897,52085,5,FALSE,0.562,2,10,9,2,1,2,0,124,126
27163,28760,Forest,96,for_profit,77,TRUE,5,0,0,0,0,21,TRUE,0,1,12,11,0,0,0,0,79,117
27164,30552,Dairy,96,for_profit,49,FALSE,5,885703,3,885703,59533,5,FALSE,0.469,1,9,9,1,0,1,0,86,202
27165,29512,Forest,48,for_profit,66,FALSE,5,188851,3,151537.2064291106,12694,10,FALSE,0.356,1,11,16,0,0,0,0,95,148
27166,29088,Dairy,160,for_profit,56,TRUE,4,2342010,3,1342823.3307830105,157420,15,FALSE,0.427,1,9,10,1,1,1,0,104,152
27167,29634,Crop,64,for_profit,68,FALSE,1,502940,3,288367.4988509901,33805,15,FALSE,0.217,2,13,9,2,1,0,0,65,134
27168,29785,Forest,176,for_profit,70,TRUE,3,0,0,0,0,21,TRUE,0,1,10,11,0,0,0,0,13,326
27169,29781,Dairy,32,for_profit,49,FALSE,3,220868,3,220868,14846,5,FALSE,0.312,1,12,11,0,0,0,1,120,126
27170,29078,Dairy,96,pro_environmental,49,TRUE,2,2400,3,2400,161,0,FALSE,0,2,11,14,1,0,2,1,118,163
27171,30560,Dairy,112,for_profit,47,FALSE,2,1188343,3,1188343,99543,10,FALSE,0.53,2,12,15,1,0,2,2,79,175
27172,30148,Forest,96,pro_environmental,69,FALSE,1,0,0,0,0,21,TRUE,0,2,13,9,0,1,1,1,120,154
27173,29638,Dairy,48,pro_environmental,66,FALSE,2,561567,3,450610.7693513741,37746,10,FALSE,0.478,1,11,13,1,0,0,0,48,235
27174,30338,Forest,80,for_profit,69,TRUE,3,0,0,0,0,21,TRUE,0,1,13,13,0,0,0,0,68,264
27175,29022,Dairy,64,for_profit,54,FALSE,3,300815,3,241378.99588550185,20219,10,FALSE,0.195,2,14,14,1,0,2,2,44,264
27176,29354,Forest,192,for_profit,50,FALSE,3,360793,3,360793,24251,0,FALSE,1.428,1,8,11,0,0,0,0,38,135
27177,30437,Dairy,112,for_profit,59,FALSE,1,952147,3,293097.7534874629,111621,20,FALSE,0.144,1,12,9,1,0,0,0,120,37
27178,30484,Dairy,64,for_profit,48,TRUE,2,0,0,0,0,21,TRUE,0,2,16,12,2,2,1,1,118,173
27179,28883,SNB,368,for_profit,58,FALSE,3,65514,3,65514,14305,15,FALSE,0.176,6,8,10,5,0,2,3,145,106
27180,29258,SNB,48,for_profit,48,FALSE,3,139915,3,139915,9404,5,FALSE,0.798,2,12,13,0,0,0,1,97,255
27181,29570,Dairy,80,for_profit,58,TRUE,1,192,3,192,13,5,FALSE,0,4,8,13,4,4,4,0,68,107
27182,29507,Forest,160,for_profit,57,FALSE,4,245461,3,245461,16499,5,FALSE,0.289,1,12,12,0,0,0,0,108,54
27183,29092,SNB,272,for_profit,50,TRUE,2,1148,3,1148,96,5,FALSE,0.001,4,12,17,1,0,3,0,123,125
27184,29240,Dairy,32,for_profit,60,TRUE,2,811,3,464.997895510703,95,15,FALSE,0.001,2,13,14,1,1,2,2,113,56
27185,28960,Forest,64,for_profit,57,TRUE,4,0,0,0,0,21,TRUE,0,2,15,12,1,1,1,0,86,135
27186,29014,Dairy,80,for_profit,76,TRUE,3,800,3,641.9334032824211,54,10,FALSE,0,2,15,12,0,0,0,1,116,135
27187,30112,Forest,48,for_profit,50,TRUE,2,145691,3,145691,31812,20,FALSE,0.439,1,14,12,0,0,0,0,112,113
27188,30055,Dairy,160,for_profit,55,TRUE,1,3840,3,3840,258,0,FALSE,0,3,11,13,0,2,0,1,8,300
27189,30582,Dairy,64,for_profit,68,TRUE,2,2753,3,2753,601,15,FALSE,0.001,1,8,14,1,1,1,1,68,195
27190,28784,SNB,192,for_profit,43,TRUE,4,1153,3,1153,135,10,FALSE,0.003,4,7,6,4,0,1,4,63,147
27191,29903,Forest,64,pro_environmental,70,TRUE,5,0,0,0,0,21,TRUE,0,1,14,9,0,0,0,0,83,175
27192,29214,SNB,32,for_profit,62,TRUE,4,0,0,0,0,21,TRUE,0,2,14,13,0,0,0,1,98,136
27193,29125,Dairy,208,pro_environmental,45,TRUE,4,345671,3,345671,40523,10,FALSE,0.14,4,10,9,2,0,0,1,179,38
27194,29443,SNB,736,for_profit,53,FALSE,3,948324,3,760951.0659179983,63742,10,FALSE,0.515,6,10,10,0,0,5,1,108,201
27195,29508,SNB,432,for_profit,44,TRUE,2,12576,3,10091.193099599659,845,10,FALSE,0.01,4,8,15,3,0,4,2,76,111
27196,30274,Forest,224,for_profit,78,TRUE,1,800,3,458.69089569489813,54,15,FALSE,0,3,10,12,1,0,0,1,110,86
27197,29923,Forest,96,for_profit,44,TRUE,4,0,0,0,0,21,TRUE,0,1,10,11,0,0,0,0,128,69
27198,30359,Dairy,96,pro_environmental,74,TRUE,2,1920,3,1920,129,0,FALSE,0,2,8,11,2,2,2,2,103,127
27199,30242,Forest,64,for_profit,51,FALSE,4,814909,3,653896.634669343,54775,10,FALSE,0.561,1,12,13,0,0,0,0,84,141
27200,30573,SNB,160,pro_environmental,56,FALSE,3,23681,3,23681,5171,15,FALSE,0.242,4,10,12,0,0,2,2,89,95
27201,29131,Dairy,160,pro_environmental,51,TRUE,1,1600,3,1600,108,0,FALSE,0,3,10,9,2,1,2,2,49,145
27202,29876,Dairy,128,for_profit,65,FALSE,4,924991,3,924991,62174,5,FALSE,0.405,3,10,11,3,2,0,0,88,253
27203,28794,Dairy,80,for_profit,79,TRUE,1,0,0,0,0,21,TRUE,0,2,12,12,2,2,2,1,71,172
27204,29647,Dairy,224,for_profit,62,TRUE,2,2400,3,2400,161,5,FALSE,0.001,4,12,15,2,0,2,2,102,105
27205,30585,SNB,80,for_profit,75,FALSE,2,1717,3,1717,201,10,FALSE,0.004,3,11,12,2,0,2,2,84,86
27206,29257,Dairy,112,for_profit,61,FALSE,2,76377,3,76377,16677,15,FALSE,0.236,4,7,18,2,3,2,3,134,137
27207,29245,Dairy,208,pro_environmental,73,TRUE,2,2976,3,2976,349,10,FALSE,0,5,8,10,4,2,1,3,78,198
27208,28896,Dairy,240,for_profit,77,TRUE,2,1185,3,1185,99,5,FALSE,0,2,13,11,2,0,0,2,112,168
27209,29436,Dairy,80,for_profit,73,TRUE,2,1995,3,1995,234,10,FALSE,0.002,2,12,12,2,2,2,2,84,145
27210,29812,Dairy,64,for_profit,65,FALSE,2,294402,3,90625.25515725622,19788,20,FALSE,0.076,2,10,14,2,2,0,0,81,276
27211,30440,SNB,240,pro_environmental,43,FALSE,2,1733120,3,1390684.5248710369,116493,10,FALSE,0.318,1,11,11,0,0,1,1,65,258
27212,29049,Dairy,144,for_profit,67,FALSE,2,257158,3,257158,30147,10,FALSE,0.226,3,11,10,1,0,2,3,132,69
27213,28987,Dairy,112,for_profit,82,FALSE,1,1817,3,559.3239469186166,397,20,FALSE,0,4,8,16,0,2,4,2,134,111
27214,28889,Forest,128,for_profit,78,FALSE,2,1440,3,1440,97,0,FALSE,0,3,14,13,1,0,0,0,70,179
27215,29212,SNB,80,for_profit,47,FALSE,2,204181,3,204181,17104,10,FALSE,0.485,2,13,12,0,0,2,2,40,231
27216,29305,Dairy,128,for_profit,70,FALSE,3,64,3,64,4,5,FALSE,0,3,11,12,1,2,1,2,139,119
27217,29919,Dairy,96,for_profit,63,TRUE,2,1249,3,1249,273,15,FALSE,0.001,2,10,10,2,1,1,2,99,193
27218,29772,Dairy,128,for_profit,48,FALSE,3,866978,3,866978,58275,5,FALSE,0.392,3,15,13,0,2,0,2,54,212
27219,30435,Forest,96,for_profit,51,TRUE,3,0,0,0,0,21,TRUE,0,1,12,7,0,0,0,0,108,161
27220,29964,SNB,96,for_profit,60,TRUE,2,0,0,0,0,21,TRUE,0,2,10,7,0,0,1,0,119,210
27221,28942,Dairy,96,for_profit,53,TRUE,2,5687,3,1750.6193099208435,1242,20,FALSE,0.001,1,12,12,1,0,0,1,95,129
27222,30223,Forest,48,for_profit,58,TRUE,4,92282,3,92282,20150,20,FALSE,0.649,1,15,15,0,0,0,0,84,258
27223,30251,SNB,80,for_profit,68,TRUE,4,35311,3,35311,7710,20,FALSE,0.142,2,11,11,1,0,2,1,110,122
27224,29043,Dairy,80,pro_environmental,63,FALSE,2,619428,3,619428,41635,5,FALSE,0.394,1,11,18,1,0,1,0,56,253
27225,30310,Dairy,272,for_profit,70,FALSE,2,3070516,3,1760522.167856895,206387,15,FALSE,0.356,8,11,14,5,4,3,0,120,60
27226,29839,Dairy,32,pro_environmental,47,FALSE,2,352730,3,352730,23709,5,FALSE,0.637,2,13,7,1,0,2,1,23,274
27227,30038,Dairy,672,pro_environmental,54,FALSE,4,8327838,3,6682396.736655838,559762,10,FALSE,0.573,8,10,8,1,4,6,0,101,97
27228,29187,Forest,176,for_profit,59,TRUE,4,423942,3,423942,92570,20,FALSE,0.348,1,9,7,0,0,0,0,97,165
27229,29586,Forest,112,for_profit,56,FALSE,3,691544,3,691544,46483,5,FALSE,0.577,4,15,13,0,0,0,0,148,224
27230,30349,Dairy,128,for_profit,46,TRUE,2,4800,3,2752.145374169389,323,15,FALSE,0.001,2,14,8,1,0,0,1,59,216
27231,29435,Dairy,240,for_profit,56,TRUE,2,4800,3,4800,323,0,FALSE,0,2,13,10,1,2,2,0,28,256
27232,28778,SNB,192,for_profit,53,TRUE,1,960,3,295.515128806754,65,20,FALSE,0.001,2,9,11,2,0,2,0,126,234
27233,30134,Forest,272,for_profit,52,TRUE,3,113901,3,113901,24871,15,FALSE,0.17,4,9,8,1,0,2,2,152,234
27234,29410,Dairy,144,for_profit,53,TRUE,5,1979,3,1979,166,5,FALSE,0,4,10,10,2,4,4,4,126,100
27235,30262,Dairy,80,for_profit,54,TRUE,2,691,3,691,58,5,FALSE,0,2,12,11,2,2,2,0,119,121
27236,30209,Forest,384,for_profit,67,FALSE,3,1334441,3,410778.6500000141,89695,20,FALSE,0.132,3,10,10,0,0,1,0,46,247
27237,30162,Forest,48,for_profit,65,FALSE,2,171139,3,98124.87649791146,11503,15,FALSE,0.202,3,13,13,0,0,1,1,142,235
27238,28906,SNB,80,for_profit,75,TRUE,4,0,0,0,0,21,TRUE,0,1,15,12,0,0,0,0,135,93
27239,29415,Dairy,64,for_profit,84,FALSE,2,2400,3,2400,161,5,FALSE,0.002,2,12,11,0,1,0,1,86,145
27240,29268,Forest,112,for_profit,53,TRUE,4,1420493,3,1420493,118990,10,FALSE,1.487,2,16,15,1,0,0,0,54,224
27241,30333,Dairy,64,for_profit,81,FALSE,1,0,0,0,0,21,TRUE,0,1,11,12,0,0,0,1,111,150
27242,30216,Forest,128,for_profit,60,FALSE,2,1424888,3,1143354.0039203528,95775,10,FALSE,0.49,1,10,16,0,0,0,0,72,265
27243,30261,Dairy,208,for_profit,58,FALSE,3,1780453,3,1780453,119674,5,FALSE,0.465,3,12,10,0,0,1,0,42,239
27244,29129,SNB,208,for_profit,61,FALSE,3,225184,3,129112.31332019993,15136,15,FALSE,0.258,4,10,14,0,0,1,0,129,40
27245,29175,Dairy,160,for_profit,45,TRUE,2,640,3,640,43,5,FALSE,0,4,13,9,3,3,0,0,89,162
27246,29041,Forest,128,pro_environmental,26,FALSE,3,491226,3,491226,33018,5,FALSE,0.555,1,17,12,0,0,0,0,90,203
27247,28833,Crop,144,for_profit,43,TRUE,3,305085,3,305085,66617,15,FALSE,0.183,1,11,12,0,0,0,1,60,279
27248,30386,Dairy,64,pro_environmental,61,TRUE,3,2080,3,2080,140,0,FALSE,0,2,17,11,1,2,2,0,68,182
27249,29428,Forest,96,for_profit,42,TRUE,4,389410,3,119871.40240483131,26174,20,FALSE,0.183,1,13,11,0,0,0,0,82,238
27250,29747,Dairy,64,for_profit,55,FALSE,3,897665,3,897665,60337,5,FALSE,0.633,1,10,13,0,0,1,1,99,170
27251,30075,Dairy,448,for_profit,56,FALSE,3,4715830,3,4715830,316978,5,FALSE,0.627,1,13,9,1,0,0,1,107,246
27252,29492,Dairy,32,for_profit,51,TRUE,3,259336,3,208095.55134206242,17431,10,FALSE,0.357,1,12,15,1,0,0,0,74,240
27253,29872,SNB,128,pro_environmental,75,FALSE,1,851,3,851,71,5,FALSE,0,3,12,9,1,0,2,2,86,83
27254,28923,Dairy,144,for_profit,66,FALSE,2,1782167,3,1021829.7218848619,119790,15,FALSE,0.444,4,14,13,1,0,2,0,100,86
27255,29219,Dairy,192,for_profit,68,FALSE,2,1985422,3,1593135.8767647387,133452,10,FALSE,0.447,2,15,14,0,2,2,2,76,138
27256,29290,SNB,208,for_profit,45,FALSE,3,103053,3,103053,6927,5,FALSE,0.236,3,11,11,2,0,2,2,117,209
27257,30554,Dairy,80,for_profit,58,TRUE,4,330150,3,101629.49976619772,22191,20,FALSE,0.07,1,10,13,0,0,0,0,60,254
27258,29554,SNB,96,for_profit,62,TRUE,3,0,0,0,0,21,TRUE,0,1,11,15,0,0,0,1,59,194
27259,30415,Dairy,176,for_profit,71,FALSE,2,480,3,480,32,0,FALSE,0.225,2,12,8,2,0,1,0,56,113
27260,30270,Dairy,96,for_profit,49,FALSE,2,1254890,3,1006944.7605563466,84348,10,FALSE,0.578,2,10,9,0,1,2,2,73,105
27261,29853,Crop,112,for_profit,54,FALSE,3,1002919,3,308726.8098622301,67412,20,FALSE,0.127,1,15,7,0,0,0,0,54,238
27262,30080,Forest,48,for_profit,69,TRUE,3,0,0,0,0,21,TRUE,0,1,10,11,0,0,0,0,100,256
27263,30208,Dairy,80,pro_environmental,47,TRUE,4,985,3,985,115,10,FALSE,0,4,14,11,4,3,3,4,136,86
27264,30256,Forest,736,pro_environmental,68,TRUE,1,0,0,0,0,21,TRUE,0,4,10,15,0,0,0,0,94,285
27265,30445,Dairy,128,for_profit,56,TRUE,3,3840,3,3840,258,0,FALSE,0.161,3,11,14,3,2,0,3,120,147
27266,29894,Dairy,48,pro_environmental,60,FALSE,2,118784,3,68106.42419277848,13925,15,FALSE,0.072,1,8,11,1,1,0,0,55,255
27267,30363,Forest,272,for_profit,45,FALSE,4,1281485,3,1281485,86136,0,FALSE,1.259,2,7,12,0,1,0,1,137,199
27268,28918,Dairy,128,for_profit,56,TRUE,2,256,3,256,17,0,FALSE,0,3,10,11,2,3,3,0,44,126
27269,30547,Dairy,112,for_profit,61,FALSE,3,1124141,3,902029.57237413,75560,10,FALSE,0.442,1,14,9,0,0,1,0,87,262
27270,29994,SNB,112,for_profit,62,TRUE,2,4000,3,4000,269,0,FALSE,0,2,13,12,2,0,2,2,100,259
27271,29663,Dairy,464,for_profit,56,FALSE,2,1255070,3,1255070,147132,10,FALSE,0.228,5,8,11,3,3,2,3,135,48
27272,30442,Dairy,208,for_profit,73,TRUE,2,640,3,640,43,0,FALSE,0,2,11,7,0,0,1,0,85,155
27273,29569,Dairy,80,for_profit,60,TRUE,3,1920,3,1100.8581496677557,129,15,FALSE,0.001,2,12,10,0,2,0,0,85,218
27274,29218,SNB,352,for_profit,60,TRUE,2,6560,3,6560,441,0,FALSE,0,5,12,10,4,0,1,1,141,100
27275,30541,Forest,64,for_profit,55,FALSE,2,767084,3,767084,51560,5,FALSE,0.658,1,12,13,0,0,0,0,83,246
27276,29630,SNB,192,for_profit,37,TRUE,2,448,3,448,30,0,FALSE,0.058,4,13,11,4,0,3,4,14,295
27277,30408,SNB,320,pro_environmental,56,TRUE,1,128,3,128,9,0,FALSE,0.007,6,12,8,5,0,4,6,92,85
27278,29058,Forest,96,for_profit,71,FALSE,2,188531,3,58035.16953027722,15793,20,FALSE,0.087,1,9,9,0,0,0,0,51,233
27279,29220,Dairy,144,pro_environmental,63,TRUE,2,0,0,0,0,21,TRUE,0,1,11,14,0,0,1,0,122,45
27280,30301,Dairy,176,for_profit,54,TRUE,2,0,0,0,0,21,TRUE,0,3,16,11,2,0,3,0,100,122
27281,28840,Dairy,48,for_profit,60,TRUE,3,1922,3,1542.2450013860164,161,10,FALSE,0.002,2,12,14,0,1,0,2,102,199
27282,29928,Dairy,80,for_profit,57,FALSE,2,711329,3,407850.17017969524,47812,15,FALSE,0.259,1,10,9,0,0,0,1,136,125
27283,28893,Dairy,192,for_profit,51,FALSE,4,1335485,3,1335485,89766,5,FALSE,0.333,3,11,15,3,1,2,0,115,124
27284,28926,SNB,96,for_profit,75,FALSE,2,1033,3,1033,121,10,FALSE,0,3,13,14,1,0,3,0,89,88
27285,30093,SNB,80,for_profit,61,TRUE,4,0,0,0,0,21,TRUE,0,2,12,12,1,0,1,1,94,267
27286,30543,Dairy,192,for_profit,55,FALSE,3,1401368,3,431380.6719017325,94194,20,FALSE,0.124,4,10,15,2,1,2,1,138,76
27287,29012,SNB,80,for_profit,44,FALSE,4,116696,3,116696,7844,5,FALSE,0.455,1,10,12,0,0,0,0,78,196
27288,30057,Dairy,80,pro_environmental,81,TRUE,1,4510,3,4510,985,15,FALSE,0.002,1,11,7,0,1,1,1,77,250
27289,30089,Dairy,128,for_profit,55,TRUE,2,960,3,770.3200839389052,65,10,FALSE,0,2,15,12,2,0,1,2,108,153
27290,29265,Dairy,144,for_profit,77,TRUE,1,1020,3,1020,120,10,FALSE,0,3,11,13,2,3,3,2,84,214
27291,29266,Forest,128,for_profit,65,TRUE,4,0,0,0,0,21,TRUE,0,3,13,10,0,0,1,0,118,129
27292,28861,SNB,128,for_profit,61,FALSE,4,115297,3,115297,9658,10,FALSE,0.399,2,11,9,2,0,1,1,12,291
27293,30420,SNB,144,for_profit,67,TRUE,3,576,3,330.2574449003267,39,15,FALSE,0.001,1,13,10,1,0,1,0,68,119
27294,30352,SNB,32,for_profit,60,TRUE,3,0,0,0,0,21,TRUE,0,1,14,9,0,0,0,1,48,150
27295,29154,Dairy,240,for_profit,55,FALSE,2,1772301,3,1422124.0157135476,119126,10,FALSE,0.351,2,9,16,2,0,0,2,144,74
27296,28788,Forest,112,for_profit,63,TRUE,2,0,0,0,0,21,TRUE,0,2,13,7,0,0,0,0,10,300
27297,29148,Forest,144,for_profit,77,FALSE,2,1277156,3,393144.7081732486,85845,20,FALSE,0.233,2,17,12,0,1,1,1,14,309
27298,29984,Dairy,128,pro_environmental,79,FALSE,3,4144,3,1275.6403060158214,905,20,FALSE,0.001,2,15,12,2,2,2,2,127,209
27299,29409,Dairy,112,for_profit,65,TRUE,1,2880,3,2880,194,5,FALSE,0.001,2,19,12,1,2,0,0,82,127
27300,28937,SNB,416,for_profit,62,TRUE,2,7200,3,7200,484,0,FALSE,0,2,13,9,0,0,2,1,103,145
27301,29039,Dairy,64,for_profit,47,TRUE,2,0,0,0,0,21,TRUE,0,1,9,10,0,0,0,0,120,166
27302,29914,Dairy,80,for_profit,50,FALSE,4,877745,3,704317.2938301608,58998,10,FALSE,0.483,1,12,10,1,0,0,0,62,262
27303,29968,Dairy,192,pro_environmental,69,FALSE,2,256,3,256,17,0,FALSE,0.039,3,17,13,3,3,1,3,73,169
27304,29830,Dairy,64,for_profit,55,FALSE,3,0,0,0,0,21,TRUE,0,2,9,14,0,0,1,1,72,159
27305,30081,SNB,48,pro_environmental,66,TRUE,1,0,0,0,0,21,TRUE,0,2,10,12,1,0,1,1,78,287
27306,29974,Dairy,160,for_profit,52,TRUE,1,128,3,39.40201717423386,9,20,FALSE,0,2,11,8,1,0,2,0,107,170
27307,28845,Dairy,128,for_profit,59,FALSE,3,1096549,3,879889.2892949193,73705,10,FALSE,0.377,1,8,11,0,0,0,1,75,263
27308,29945,Forest,64,for_profit,68,TRUE,2,0,0,0,0,21,TRUE,0,1,10,9,0,0,0,0,92,115
27309,29880,Dairy,80,pro_environmental,72,FALSE,2,189025,3,189025,41274,15,FALSE,0.247,2,12,11,2,2,0,1,84,125
27310,29977,SNB,96,for_profit,62,FALSE,3,177325,3,54585.646057976715,14854,20,FALSE,0.187,3,14,12,1,0,0,1,28,258
27311,29893,Forest,96,pro_environmental,59,FALSE,3,545586,3,167946.7886095434,36672,20,FALSE,0.286,2,15,9,0,0,0,0,47,129
27312,29531,Forest,64,pro_environmental,59,FALSE,4,102074,3,81905.8877583123,6861,10,FALSE,0.286,2,7,11,0,0,0,0,105,190
27313,28837,Dairy,112,pro_environmental,71,FALSE,1,1562788,3,481070.30949755147,105044,20,FALSE,0.194,1,13,13,0,1,0,0,120,131
27314,28741,SNB,272,for_profit,77,FALSE,1,13142,3,13142,1541,10,FALSE,0.014,4,12,11,2,0,3,3,86,95
27315,30464,Forest,64,for_profit,53,TRUE,6,0,0,0,0,21,TRUE,0,1,15,16,0,0,0,0,127,217
27316,28993,Dairy,80,pro_environmental,43,FALSE,3,906249,3,906249,60914,5,FALSE,0.782,3,8,14,0,1,0,1,148,218
27317,30176,Dairy,96,for_profit,62,TRUE,5,0,0,0,0,21,TRUE,0,1,11,12,0,1,0,0,44,241
27318,29965,Dairy,304,for_profit,44,TRUE,3,2822132,3,868731.9807183981,189692,20,FALSE,0.188,5,14,12,2,0,2,3,88,81
27319,29961,Dairy,112,for_profit,84,FALSE,2,1600,3,1600,108,5,FALSE,0.001,2,12,9,2,2,0,2,120,103
27320,29374,Forest,64,for_profit,59,TRUE,5,0,0,0,0,21,TRUE,0,1,15,13,0,0,0,0,110,159
27321,30110,Forest,80,for_profit,62,TRUE,7,230298,3,230298,15480,5,FALSE,0.416,1,14,14,0,0,0,0,78,172
27322,29337,Crop,32,pro_environmental,60,FALSE,1,336337,3,103534.03320570542,22607,20,FALSE,0.149,1,13,10,0,0,0,0,56,234
27323,29030,SNB,80,for_profit,59,TRUE,1,2442,3,1400.1539591086766,205,15,FALSE,0.006,1,10,15,1,0,1,1,71,276
27324,28897,Forest,48,for_profit,60,TRUE,1,0,0,0,0,21,TRUE,0,2,13,18,0,0,0,0,25,267
27325,30132,Dairy,176,for_profit,43,TRUE,2,2700,3,2700,226,5,FALSE,0.001,6,14,12,6,6,5,6,92,120
27326,29811,Forest,80,for_profit,61,FALSE,4,239759,3,239759,16116,5,FALSE,0.434,1,10,7,0,0,0,0,88,208
27327,30367,Dairy,128,for_profit,60,FALSE,2,256852,3,79066.30402528372,56085,20,FALSE,0.033,3,15,8,0,0,3,3,97,203
27328,29935,Dairy,48,for_profit,46,TRUE,4,377267,3,216311.17268265894,25358,15,FALSE,0.312,2,12,12,0,0,1,0,108,106
27329,29983,Dairy,80,for_profit,60,TRUE,1,3200,3,1834.7635827795925,215,15,FALSE,0.001,1,13,10,0,1,0,0,80,232
27330,29353,Forest,80,for_profit,69,FALSE,2,377512,3,216451.6467694655,25375,15,FALSE,0.396,1,14,14,0,0,0,0,44,267
27331,30462,SNB,224,for_profit,53,TRUE,3,3733,3,1149.1228914954297,438,20,FALSE,0.001,3,12,15,2,0,0,1,102,243
27332,30454,SNB,464,for_profit,67,TRUE,2,64,3,64,4,5,FALSE,0,3,9,18,3,0,2,2,4,303
27333,29493,Dairy,64,for_profit,26,FALSE,3,755716,3,755716,50796,5,FALSE,0.648,3,11,8,3,0,3,0,97,250
27334,29115,Forest,240,for_profit,53,FALSE,2,945860,3,291162.4372220378,63577,20,FALSE,0.223,6,14,10,0,0,0,0,137,32
27335,30327,Crop,144,for_profit,61,TRUE,3,3360,3,2696.120293786168,226,10,FALSE,0.001,2,11,11,2,0,0,0,114,139
27336,29203,Dairy,48,for_profit,50,TRUE,5,253314,3,203263.397648854,17027,10,FALSE,0.318,3,14,11,2,1,2,1,9,308
27337,28944,Dairy,112,for_profit,78,FALSE,4,471076,3,145010.50501851086,31664,20,FALSE,0.066,1,11,14,1,0,1,1,75,156
27338,30571,SNB,256,for_profit,51,TRUE,2,480,3,480,32,5,FALSE,0.001,2,8,12,2,0,2,0,140,112
27339,29213,Dairy,80,for_profit,68,FALSE,2,649984,3,372677.17893419083,43689,15,FALSE,0.251,2,13,9,1,0,2,2,125,164
27340,29339,Dairy,176,for_profit,84,FALSE,1,1834,3,564.5570273245695,400,20,FALSE,0,4,11,13,2,3,4,0,49,221
27341,29578,Forest,48,for_profit,64,FALSE,4,598705,3,598705,40242,5,FALSE,0.635,1,12,14,0,0,0,0,74,153
27342,30588,SNB,240,for_profit,74,FALSE,3,7200,3,5777.400629541789,484,10,FALSE,0.012,2,6,12,2,0,0,0,36,228
27343,29918,Dairy,240,for_profit,60,FALSE,3,2134163,3,1712488.1471867769,143449,10,FALSE,0.378,3,10,11,2,0,0,1,46,117
27344,29936,Dairy,144,for_profit,40,TRUE,2,1728,3,1728,116,0,FALSE,0,4,12,11,0,0,2,4,95,195
27345,29908,Dairy,96,for_profit,53,FALSE,1,1198910,3,687411.377196963,80586,15,FALSE,0.343,3,12,12,2,2,2,2,81,189
27346,29667,Dairy,112,pro_environmental,67,TRUE,3,822,3,253.03482904078308,179,20,FALSE,0,3,13,14,2,2,3,3,140,126
27347,29120,Dairy,128,for_profit,70,FALSE,2,1117141,3,640528.0073843678,75089,15,FALSE,0.255,1,15,9,0,1,0,0,122,162
27348,29546,Dairy,64,for_profit,55,FALSE,3,3200,3,3200,215,0,FALSE,0.175,1,12,13,0,0,1,1,28,263
27349,30118,Dairy,48,pro_environmental,62,FALSE,2,487122,3,279298.03311586275,32742,15,FALSE,0.319,1,8,11,1,1,1,0,110,44
27350,29917,Dairy,48,for_profit,75,TRUE,1,0,0,0,0,21,TRUE,0,1,15,11,0,0,0,0,53,271
27351,30096,Dairy,96,pro_environmental,66,FALSE,3,1037812,3,832757.7364091699,69757,10,FALSE,0.456,3,8,11,3,0,3,3,108,81
27352,29377,Dairy,64,for_profit,54,TRUE,3,0,0,0,0,21,TRUE,0,1,11,10,0,1,0,1,98,162
27353,29784,Dairy,32,for_profit,75,TRUE,3,64,3,64,4,5,FALSE,0,2,13,15,0,2,1,2,104,158
27354,30279,SNB,240,for_profit,60,FALSE,5,513415,3,513415,34510,5,FALSE,0.652,3,10,14,0,0,0,0,104,66
27355,30556,Forest,64,pro_environmental,78,FALSE,2,0,0,0,0,21,TRUE,0,1,13,12,0,0,0,0,59,236
27356,29321,Dairy,80,for_profit,64,TRUE,1,2400,3,2400,161,5,FALSE,0.002,1,11,9,1,1,0,0,22,260
27357,30188,Dairy,64,for_profit,70,FALSE,2,960,3,960,65,0,FALSE,0,2,18,12,2,1,2,0,52,148
27358,28849,SNB,256,for_profit,52,TRUE,4,0,0,0,0,21,TRUE,0,2,9,10,2,0,2,2,86,286
27359,30455,Forest,48,pro_environmental,42,TRUE,4,0,0,0,0,21,TRUE,0,1,13,10,0,0,0,0,98,143
27360,29059,Dairy,96,for_profit,82,TRUE,1,320,3,256.7733613129684,22,10,FALSE,0,2,15,12,1,1,1,1,81,173
27361,29157,Dairy,192,for_profit,74,TRUE,4,3881,3,3881,325,5,FALSE,0.001,5,12,17,3,3,0,2,92,77
27362,30419,Forest,96,for_profit,43,FALSE,3,408358,3,408358,27448,5,FALSE,0.654,2,13,14,0,0,0,0,132,22
27363,30357,Dairy,80,for_profit,58,FALSE,1,773298,3,443380.9403238417,51978,15,FALSE,0.282,1,12,15,1,0,1,0,144,215
27364,29564,Dairy,64,for_profit,43,FALSE,2,415544,3,415544,27931,5,FALSE,0.373,3,13,15,3,2,1,0,149,235
27365,29807,Dairy,80,pro_environmental,45,TRUE,3,320,3,320,22,0,FALSE,0,1,13,10,1,0,1,0,67,270
27366,29528,Dairy,48,pro_environmental,60,FALSE,6,601655,3,601655,40441,5,FALSE,0.638,1,15,15,1,1,1,0,138,212
27367,28934,Dairy,128,for_profit,68,TRUE,2,1600,3,1600,108,0,FALSE,0,5,13,14,0,5,5,2,123,171
27368,30070,Forest,64,for_profit,66,TRUE,3,665963,3,381838.9562120768,44763,15,FALSE,0.274,1,11,11,0,0,0,0,115,97
27369,29863,Dairy,160,for_profit,66,TRUE,4,7200,3,5777.400629541789,484,10,FALSE,0.002,2,11,11,1,0,0,1,15,290
27370,29252,Dairy,224,for_profit,80,TRUE,2,0,0,0,0,21,TRUE,0,1,12,10,0,0,0,0,83,168
27371,30033,SNB,160,for_profit,58,FALSE,5,326292,3,326292,21932,5,FALSE,0.689,4,10,11,0,0,1,0,53,164
27372,30399,Dairy,304,for_profit,59,TRUE,1,0,0,0,0,21,TRUE,0,2,15,13,0,0,2,2,179,22
27373,28995,Dairy,320,for_profit,50,TRUE,4,1440,3,1440,97,5,FALSE,0,2,10,11,2,0,2,0,144,71
27374,29607,Dairy,32,for_profit,50,TRUE,2,1025,3,1025,86,5,FALSE,0.001,2,10,12,1,1,0,1,135,128
27375,29193,SNB,128,for_profit,55,FALSE,3,884616,3,709830.6993476027,59460,10,FALSE,0.282,1,13,8,0,0,0,0,100,161
27376,30473,Dairy,80,for_profit,52,FALSE,3,398363,3,228406.8516021334,26776,15,FALSE,0.152,2,12,17,0,0,2,0,90,218
27377,29662,Forest,144,for_profit,61,FALSE,1,707535,3,405674.8286068622,47557,15,FALSE,0.297,3,17,14,0,0,0,0,133,23
27378,30152,Crop,128,for_profit,69,FALSE,2,580419,3,332791.13873542135,39013,15,FALSE,0.119,1,15,10,0,0,0,0,82,199
27379,29576,Forest,80,for_profit,77,FALSE,2,407542,3,125452.94440016888,47776,20,FALSE,0.199,2,14,7,1,0,1,1,11,306
27380,28973,SNB,112,pro_environmental,62,FALSE,2,71357,3,40913.50780512606,4796,15,FALSE,0.181,2,9,10,2,0,1,0,109,240
27381,29238,Dairy,160,pro_environmental,63,FALSE,2,5756,3,5756,482,5,FALSE,0,3,17,9,3,0,2,3,91,223
27382,29920,Forest,48,pro_environmental,52,FALSE,2,422767,3,422767,28417,5,FALSE,0.719,2,13,11,1,0,0,1,115,127
27383,28757,Dairy,128,for_profit,71,FALSE,2,925860,3,742925.5759538279,62232,10,FALSE,0.319,1,13,11,0,0,1,1,82,242
27384,30320,Forest,80,for_profit,64,FALSE,3,884985,3,884985,74132,10,FALSE,0.929,2,11,18,0,1,1,0,113,81
27385,29854,Forest,176,for_profit,71,FALSE,2,0,0,0,0,21,TRUE,0,1,12,14,0,0,0,0,93,136
27386,30377,Forest,208,for_profit,39,FALSE,4,368088,3,211048.2680181796,24741,15,FALSE,0.147,1,12,11,0,0,0,0,113,146
27387,29229,Dairy,32,for_profit,80,FALSE,1,0,0,0,0,21,TRUE,0,1,11,12,1,0,0,0,53,111
27388,30009,Dairy,128,for_profit,42,TRUE,2,3747,3,1153.4324871238616,818,20,FALSE,0,1,12,14,0,1,1,1,133,98
27389,30031,SNB,96,for_profit,61,TRUE,2,4117,3,2360.5380219698695,483,15,FALSE,0.011,2,13,16,0,0,0,2,103,249
27390,29163,SNB,800,for_profit,63,FALSE,4,2179823,3,2179823,146518,5,FALSE,0.807,4,11,9,3,0,4,2,92,164
27391,30340,Dairy,80,for_profit,83,FALSE,2,851,3,682.8566577416753,71,10,FALSE,0,2,12,12,2,0,2,2,132,115
27392,29084,Dairy,48,for_profit,75,TRUE,3,0,0,0,0,21,TRUE,0,1,15,13,0,0,1,0,90,232
27393,30288,Dairy,96,for_profit,43,TRUE,2,2656,3,1522.853773707062,311,15,FALSE,0.001,3,12,9,0,2,0,1,123,74
27394,29255,Forest,320,for_profit,56,FALSE,3,753124,3,753124,50622,5,FALSE,0.496,4,10,7,0,0,0,0,101,272
27395,29303,Dairy,96,for_profit,67,TRUE,3,1120,3,642.1672539728575,75,15,FALSE,0,2,14,14,2,2,2,1,91,180
27396,29990,SNB,272,for_profit,49,TRUE,3,23099,3,23099,2708,15,FALSE,0.042,2,7,9,2,0,2,2,109,196
27397,29226,Dairy,240,for_profit,70,TRUE,2,10400,3,10400,699,5,FALSE,0.002,2,13,15,1,1,1,2,46,139
27398,28765,SNB,112,for_profit,61,TRUE,2,0,0,0,0,21,TRUE,0,2,8,13,2,0,2,2,139,202
27399,29810,Forest,96,for_profit,50,TRUE,4,131196,3,40385.836290553016,8818,20,FALSE,0.079,1,11,8,0,0,0,0,54,124
27400,29003,Dairy,112,for_profit,62,TRUE,3,0,0,0,0,21,TRUE,0,1,12,11,1,1,0,0,80,148
27401,28763,SNB,112,for_profit,71,FALSE,1,0,0,0,0,21,TRUE,0,2,11,11,1,0,1,1,113,83
27402,29658,Dairy,112,pro_environmental,61,FALSE,3,0,0,0,0,21,TRUE,0,1,11,8,0,0,1,0,66,200
27403,29263,Dairy,192,pro_environmental,62,TRUE,3,2118,3,2118,462,15,FALSE,0.001,3,11,12,1,1,2,2,103,197
27404,30097,Dairy,176,for_profit,63,FALSE,3,1132362,3,908626.240509611,76113,10,FALSE,0.3,3,14,10,0,1,0,1,124,47
27405,29045,Forest,80,for_profit,45,TRUE,2,369659,3,113791.48645789153,24847,20,FALSE,0.208,1,13,10,0,0,0,0,60,165
27406,30111,Dairy,128,for_profit,57,TRUE,4,1440,3,1440,97,0,FALSE,0,3,7,10,2,3,3,3,72,108
27407,30584,Dairy,48,for_profit,56,TRUE,3,475496,3,272632.10767417663,31961,15,FALSE,0.296,2,11,11,0,1,2,1,87,150
27408,30157,Dairy,64,for_profit,68,FALSE,1,0,0,0,0,21,TRUE,0,2,11,15,0,0,0,0,82,185
27409,29047,Forest,208,pro_environmental,51,FALSE,2,242662,3,139133.56266389423,16311,15,FALSE,0.136,1,7,8,0,0,0,0,81,221
27410,28967,Forest,80,for_profit,55,FALSE,3,609142,3,609142,40944,5,FALSE,0.339,2,8,10,1,0,0,1,111,132
27411,29429,Dairy,112,for_profit,58,TRUE,2,4968,3,2848.4704622653176,416,15,FALSE,0.002,3,17,10,1,1,1,0,144,231
27412,28864,Dairy,112,for_profit,48,FALSE,2,1038895,3,833626.7537538635,69830,10,FALSE,0.342,1,13,14,0,0,0,0,87,200
27413,29635,Dairy,656,for_profit,62,TRUE,2,0,0,0,0,21,TRUE,0,3,10,12,3,2,2,0,51,252
27414,29313,Dairy,80,for_profit,47,TRUE,2,2583,3,2583,303,10,FALSE,0,1,12,9,1,0,1,0,56,238
27415,29960,Dairy,64,for_profit,76,FALSE,2,0,0,0,0,21,TRUE,0,2,10,12,1,1,1,1,133,127
27416,29384,Dairy,80,for_profit,49,TRUE,3,800,3,800,54,0,FALSE,0,2,13,13,0,0,0,2,147,213
27417,29993,SNB,96,for_profit,72,TRUE,2,0,0,0,0,21,TRUE,0,1,17,13,0,0,0,1,58,114
27418,30125,SNB,208,for_profit,48,FALSE,3,224026,3,224026,15058,5,FALSE,0.532,1,12,12,1,0,1,1,65,119
27419,29642,Forest,96,for_profit,68,FALSE,4,419373,3,336511.92141844844,28188,10,FALSE,0.507,1,17,11,0,0,0,0,119,142
27420,30520,Dairy,128,for_profit,57,FALSE,3,541831,3,541831,36420,5,FALSE,0.242,4,11,13,4,3,4,4,14,292
27421,30183,SNB,304,for_profit,38,TRUE,2,896,3,896,60,0,FALSE,0,5,13,9,5,0,5,5,80,131
27422,30479,Dairy,224,for_profit,72,TRUE,1,11857,3,11857,1390,10,FALSE,0.002,1,14,15,1,1,0,0,64,202
27423,29500,Dairy,96,for_profit,51,FALSE,2,1250501,3,1250501,84053,5,FALSE,0.686,2,11,9,0,0,1,0,127,111
27424,29498,Dairy,160,for_profit,63,FALSE,2,0,0,0,0,21,TRUE,0,2,12,15,0,0,2,0,70,122
27425,30140,SNB,128,for_profit,65,TRUE,4,0,0,0,0,21,TRUE,0,1,15,13,0,0,0,0,75,243
27426,28887,Dairy,96,for_profit,50,FALSE,3,1221270,3,1221270,82089,5,FALSE,0.745,2,11,10,1,2,0,2,96,88
27427,30011,SNB,112,for_profit,62,TRUE,1,628,3,193.3161467610849,137,20,FALSE,0.001,3,9,13,2,0,0,0,40,259
27428,29064,Forest,176,for_profit,48,TRUE,3,1215262,3,696787.0191049667,81685,15,FALSE,0.409,2,14,14,0,1,1,0,86,160
27429,29577,Dairy,96,for_profit,51,TRUE,3,1435810,3,823241.2186846146,96509,15,FALSE,0.443,2,12,12,0,1,2,0,128,80
27430,28914,SNB,128,for_profit,63,TRUE,2,0,0,0,0,21,TRUE,0,1,16,11,0,0,1,1,68,186
27431,30393,Dairy,96,for_profit,54,FALSE,3,528210,3,528210,35504,5,FALSE,0.302,1,14,13,0,0,0,0,79,271
27432,29692,Forest,240,for_profit,52,TRUE,3,0,0,0,0,21,TRUE,0,4,10,16,0,0,0,0,129,153
27433,29172,Dairy,96,for_profit,57,FALSE,4,1095792,3,628287.2674691298,73654,15,FALSE,0.326,2,8,19,0,1,0,0,97,170
27434,29542,Dairy,96,for_profit,80,TRUE,1,0,0,0,0,21,TRUE,0,2,11,10,0,1,2,2,122,148
27435,28746,SNB,64,pro_environmental,57,TRUE,2,1600,3,1600,108,5,FALSE,0.007,2,12,12,2,0,0,1,125,146
27436,30388,SNB,304,for_profit,67,TRUE,2,0,0,0,0,21,TRUE,0,3,13,15,3,0,3,3,56,118
27437,29848,Dairy,64,pro_environmental,42,TRUE,4,2310,3,2310,194,5,FALSE,0.002,1,10,13,0,1,1,1,85,230
27438,29568,Dairy,48,pro_environmental,41,TRUE,2,1440,3,1440,97,0,FALSE,0,1,10,11,1,0,0,0,97,201
27439,30124,Dairy,96,for_profit,76,TRUE,2,0,0,0,0,21,TRUE,0,2,14,8,0,1,1,1,62,196
27440,29362,SNB,96,pro_environmental,51,TRUE,3,321,3,184.04972189757788,27,15,FALSE,0.001,2,7,14,2,0,2,2,152,89
27441,28999,Dairy,64,for_profit,67,FALSE,2,210594,3,120746.93810996423,24688,15,FALSE,0.085,1,14,11,0,1,1,1,132,129
27442,29350,Forest,80,pro_environmental,73,TRUE,4,796234,3,245103.32611491348,53519,20,FALSE,0.443,1,14,10,0,0,0,0,50,236
27443,28969,Dairy,80,for_profit,59,TRUE,3,0,0,0,0,21,TRUE,0,1,13,9,0,0,1,0,110,157
27444,29973,Forest,112,for_profit,66,TRUE,4,0,0,0,0,21,TRUE,0,1,12,13,0,0,0,0,31,266
27445,30384,Dairy,64,for_profit,46,FALSE,2,624281,3,624281,41961,5,FALSE,0.535,1,15,8,0,1,1,0,67,245
27446,29048,Dairy,128,for_profit,61,TRUE,3,1280,3,1280,86,0,FALSE,0,3,12,12,0,2,0,3,97,187
27447,29539,Forest,96,for_profit,69,FALSE,3,382181,3,306668.43749984866,25689,10,FALSE,0.601,1,12,12,0,0,0,0,26,252
27448,30078,SNB,64,for_profit,76,FALSE,2,2400,3,1376.0726870846945,161,15,FALSE,0.007,2,13,12,1,0,0,1,128,50
27449,28959,Dairy,160,for_profit,40,TRUE,3,756441,3,232853.91619761434,50845,20,FALSE,0.08,1,12,11,0,0,1,1,75,250
27450,30016,Dairy,112,pro_environmental,34,FALSE,3,959329,3,959329,64482,5,FALSE,0.47,1,14,12,1,0,1,0,77,259
27451,30043,Dairy,128,for_profit,47,TRUE,4,1156511,3,928003.802704445,77736,10,FALSE,0.342,2,11,13,1,2,2,2,104,143
27452,29206,Dairy,80,for_profit,56,TRUE,4,219519,3,125864.20841506044,18388,15,FALSE,0.087,3,13,8,1,3,3,3,138,107
27453,30538,Dairy,96,for_profit,61,TRUE,2,384,3,308.1280335755621,26,10,FALSE,0,1,14,14,0,1,1,1,76,185
27454,30562,Forest,80,for_profit,45,FALSE,3,74235,3,74235,8703,15,FALSE,0.432,3,13,11,0,0,0,1,95,90
27455,29573,Dairy,128,for_profit,66,TRUE,1,974,3,299.8247244351858,213,20,FALSE,0,3,9,13,2,3,1,3,118,171
27456,29296,Forest,80,for_profit,55,TRUE,2,0,0,0,0,21,TRUE,0,1,16,12,0,0,0,0,73,281
27457,30074,Forest,96,for_profit,63,FALSE,2,0,0,0,0,21,TRUE,0,2,9,12,1,0,0,1,131,60
27458,28839,Dairy,80,for_profit,58,TRUE,2,64,3,36.69527165559185,4,15,FALSE,0,2,6,10,0,0,2,0,13,328
27459,30020,Dairy,112,for_profit,65,TRUE,4,490,3,490,41,5,FALSE,0,3,10,14,1,3,2,1,116,174
27460,30493,Dairy,80,for_profit,67,FALSE,1,0,0,0,0,21,TRUE,0,1,10,8,0,0,0,1,70,266
27461,30102,Dairy,64,pro_environmental,52,FALSE,1,218,3,218,18,5,FALSE,0,2,13,13,2,0,2,0,126,104
27462,28919,Dairy,64,for_profit,56,FALSE,2,262826,3,210895.98581388197,17666,10,FALSE,0.181,1,14,11,0,0,0,0,79,275
27463,29625,Dairy,64,for_profit,65,TRUE,2,2400,3,2400,161,5,FALSE,0.002,2,12,11,0,0,0,1,46,226
27464,29962,Dairy,144,for_profit,47,FALSE,3,868233,3,868233,58359,5,FALSE,0.319,4,9,12,1,4,1,3,126,66
27465,29334,Dairy,144,for_profit,65,TRUE,2,5961,3,3417.82053654661,499,15,FALSE,0.001,2,12,8,1,1,0,2,115,57
27466,29351,Dairy,288,for_profit,50,TRUE,2,6368,3,6368,747,10,FALSE,0.002,6,13,14,2,3,3,1,90,125
27467,30567,Dairy,128,for_profit,77,FALSE,2,0,0,0,0,21,TRUE,0,2,10,13,1,2,2,2,75,152
27468,30305,SNB,304,for_profit,55,FALSE,2,737636,3,591891.4848295399,49581,10,FALSE,0.77,3,11,13,1,0,1,0,149,55
27469,30525,Dairy,64,for_profit,72,FALSE,2,0,0,0,0,21,TRUE,0,1,12,15,0,0,1,0,107,159
27470,29438,Dairy,112,for_profit,72,TRUE,3,1407,3,433.1143606573988,307,20,FALSE,0,3,10,13,3,1,3,3,80,143
27471,29888,Forest,144,pro_environmental,46,FALSE,3,763335,3,612512.7929932335,51308,10,FALSE,0.387,3,14,13,0,0,0,0,65,124
27472,30339,Dairy,160,for_profit,64,FALSE,3,686722,3,686722,46159,5,FALSE,0.23,2,11,12,1,0,2,2,51,263
27473,28786,Dairy,144,for_profit,55,FALSE,3,539608,3,539608,36270,5,FALSE,0.2,2,10,11,2,2,2,2,75,134
27474,29236,Forest,80,for_profit,63,FALSE,3,511523,3,293288.67879817676,34382,15,FALSE,0.4,2,11,14,0,1,0,0,91,148
27475,29834,Dairy,80,for_profit,77,FALSE,3,2464,3,2464,166,5,FALSE,0.002,3,10,10,1,3,2,0,70,138
27476,29666,Forest,64,for_profit,54,FALSE,4,198486,3,113804.65140362195,13341,15,FALSE,0.261,1,12,13,0,0,0,0,71,274
27477,28931,Dairy,112,for_profit,63,FALSE,4,372236,3,213426.58031235763,31181,15,FALSE,0.099,3,15,7,0,3,2,0,43,145
27478,30387,Dairy,144,for_profit,54,FALSE,3,869396,3,869396,58437,5,FALSE,0.323,3,13,13,0,1,2,2,136,99
27479,29712,Dairy,176,for_profit,66,TRUE,2,0,0,0,0,21,TRUE,0,1,12,12,1,1,0,1,66,282
27480,29707,Forest,112,for_profit,55,FALSE,3,237139,3,237139,15939,5,FALSE,0.31,1,10,13,0,0,0,0,71,246
27481,29841,Forest,240,for_profit,83,FALSE,2,0,0,0,0,21,TRUE,0,4,13,9,0,0,2,1,175,38
27482,30325,Dairy,112,for_profit,47,TRUE,4,655,3,655,55,5,FALSE,0,4,11,11,1,4,4,4,93,148
27483,29304,Dairy,208,for_profit,54,FALSE,2,3360,3,3360,226,0,FALSE,0,2,10,13,1,1,0,0,51,157
27484,30503,Dairy,224,for_profit,69,FALSE,2,2165370,3,1241544.381013577,145547,15,FALSE,0.282,1,9,11,0,0,0,0,62,211
27485,30574,SNB,192,for_profit,58,FALSE,4,295099,3,295099,24719,10,FALSE,0.554,5,9,12,2,0,2,3,97,263
27486,29239,Dairy,80,for_profit,61,TRUE,3,2400,3,2400,161,5,FALSE,0.001,2,11,12,2,2,2,2,105,86
27487,30117,SNB,368,pro_environmental,72,TRUE,1,1794,3,1794,150,5,FALSE,0.001,3,13,14,3,0,3,2,40,255
27488,29655,Dairy,112,for_profit,56,TRUE,4,1339,3,1074.436033743952,112,10,FALSE,0,4,15,9,1,2,4,1,87,176
27489,29674,Dairy,96,for_profit,57,FALSE,2,1133451,3,1133451,76186,5,FALSE,0.727,4,15,10,3,2,0,0,135,61
27490,28952,Dairy,272,for_profit,52,FALSE,3,2128079,3,1707606.243654814,143040,10,FALSE,0.374,5,10,11,2,2,3,4,101,113
27491,29325,Dairy,96,for_profit,48,FALSE,2,7692,3,7692,644,5,FALSE,0.003,1,11,17,1,1,1,1,93,249
27492,30239,Forest,80,for_profit,77,TRUE,2,0,0,0,0,21,TRUE,0,3,11,11,0,0,0,0,122,76
27493,29820,Dairy,128,pro_environmental,67,TRUE,1,192,3,192,13,0,FALSE,0,2,9,11,2,2,2,2,79,228
27494,30066,Dairy,144,for_profit,68,FALSE,4,800,3,800,54,0,FALSE,0.052,3,11,14,0,3,0,1,79,141
27495,29732,SNB,96,for_profit,57,TRUE,3,1684,3,518.3827884485142,197,20,FALSE,0.002,2,9,12,1,0,1,1,27,247
27496,30329,Dairy,48,pro_environmental,39,FALSE,4,629006,3,504724.95283132815,42279,10,FALSE,0.562,2,11,11,1,2,2,0,118,165
27497,29215,Dairy,96,for_profit,47,FALSE,3,1107949,3,1107949,74472,5,FALSE,0.563,2,11,12,0,2,0,1,90,152
27498,29857,Forest,176,for_profit,43,TRUE,3,0,0,0,0,21,TRUE,0,1,11,12,0,0,0,0,100,133
27499,28846,SNB,144,for_profit,75,FALSE,1,128,3,128,9,5,FALSE,0,2,13,18,0,0,2,2,65,129
27500,29563,Dairy,96,for_profit,65,TRUE,1,2096,3,2096,246,10,FALSE,0.001,4,10,9,3,2,2,1,47,112
27501,29721,Dairy,64,for_profit,38,FALSE,2,581725,3,581725,39101,5,FALSE,0.499,1,11,12,1,1,0,0,83,133
27502,30579,SNB,80,for_profit,67,TRUE,2,0,0,0,0,21,TRUE,0,2,13,15,0,0,0,2,56,151
27503,30141,Dairy,224,pro_environmental,64,FALSE,3,10400,3,10400,699,5,FALSE,0.002,2,11,14,1,0,1,1,44,259
27504,29345,Dairy,64,for_profit,51,TRUE,3,1025,3,1025,86,5,FALSE,0,3,8,11,2,3,1,3,116,171
27505,28972,Dairy,80,pro_environmental,50,FALSE,2,708380,3,406159.32086543995,47614,15,FALSE,0.258,1,9,10,0,0,0,0,107,140
27506,28879,Forest,288,for_profit,69,TRUE,1,0,0,0,0,21,TRUE,0,3,9,13,0,0,0,0,146,19
27507,30143,Dairy,192,for_profit,65,TRUE,2,1314,3,1314,110,5,FALSE,0,4,9,20,3,2,3,3,121,34
27508,29718,Forest,416,for_profit,64,FALSE,2,1572384,3,901547.7816704084,105689,15,FALSE,0.387,8,9,9,0,0,0,0,141,33
27509,29976,Forest,80,for_profit,60,TRUE,4,652212,3,200769.28457219855,43839,20,FALSE,0.366,2,11,11,0,0,0,0,59,249
27510,29709,Dairy,128,for_profit,62,FALSE,2,1155517,3,1155517,77669,5,FALSE,0.496,1,9,11,1,1,1,1,65,278
27511,29033,Dairy,96,for_profit,47,TRUE,2,0,0,0,0,21,TRUE,0,2,19,12,0,0,2,0,86,223
27512,29005,Dairy,128,for_profit,71,FALSE,2,1528697,3,470576.1363140608,102752,20,FALSE,0.224,2,16,8,0,0,1,0,56,163
27513,30173,Dairy,80,for_profit,67,TRUE,2,3366,3,2700.9347943107864,282,10,FALSE,0.002,2,9,11,2,2,2,2,69,105
27514,29809,Forest,32,for_profit,67,TRUE,3,0,0,0,0,21,TRUE,0,1,11,13,0,0,0,0,103,255
27515,30576,Dairy,176,for_profit,78,FALSE,1,1440,3,1440,97,0,FALSE,0,3,9,12,2,2,3,2,89,117
27516,28824,Forest,144,for_profit,57,FALSE,4,578552,3,464239.817919814,38888,10,FALSE,0.466,1,15,9,0,0,0,0,138,86
27517,29307,Dairy,64,for_profit,42,TRUE,3,0,0,0,0,21,TRUE,0,2,13,12,1,0,0,2,87,110
27518,29609,Dairy,96,for_profit,62,FALSE,2,1158724,3,929779.550981275,77884,10,FALSE,0.608,4,15,11,3,0,1,3,122,89
27519,30498,Dairy,64,for_profit,79,FALSE,2,0,0,0,0,21,TRUE,0,2,11,12,2,0,0,0,70,159
27520,29954,Dairy,160,pro_environmental,63,TRUE,1,3325,3,3325,726,15,FALSE,0,2,16,11,2,2,2,1,85,177
27521,29571,SNB,144,for_profit,51,TRUE,4,0,0,0,0,21,TRUE,0,1,11,9,1,0,1,1,59,262
27522,30228,Forest,64,for_profit,66,TRUE,5,0,0,0,0,21,TRUE,0,1,13,12,0,0,0,0,80,257
27523,29797,Dairy,176,for_profit,63,FALSE,5,2160674,3,1733761.0177548022,145231,10,FALSE,0.675,3,13,15,0,1,1,1,127,222
27524,28876,Forest,48,for_profit,71,FALSE,2,0,0,0,0,21,TRUE,0,1,10,10,0,0,0,0,55,183
27525,29868,Dairy,112,for_profit,38,TRUE,2,448,3,137.90706010981853,30,20,FALSE,0,1,10,13,0,0,1,0,25,277
27526,30526,Dairy,160,for_profit,42,TRUE,4,1151860,3,354575.05861182045,77423,20,FALSE,0.125,3,10,8,0,0,1,0,107,249
27527,30523,Forest,192,for_profit,45,TRUE,2,0,0,0,0,21,TRUE,0,3,10,15,0,0,0,0,118,228
27528,30409,Forest,112,for_profit,47,FALSE,2,108353,3,62125.66827653663,7283,15,FALSE,0.104,1,8,15,0,0,0,0,82,102
27529,30006,Dairy,32,for_profit,48,FALSE,1,64104,3,36754.90147203219,7515,15,FALSE,0.055,2,10,13,2,2,2,0,84,174
27530,29211,Dairy,80,pro_environmental,58,FALSE,3,594188,3,476786.40628696897,39939,10,FALSE,0.381,2,13,15,0,0,0,0,120,42
27531,30542,SNB,240,for_profit,63,FALSE,1,800,3,800,54,0,FALSE,0.237,5,14,15,0,0,0,2,126,108
27532,29130,Dairy,80,pro_environmental,65,FALSE,2,521014,3,160382.8326251272,35020,20,FALSE,0.11,2,16,14,2,0,2,2,132,84
27533,29840,Dairy,224,for_profit,61,FALSE,5,1507119,3,1209337.536026999,101302,10,FALSE,0.29,2,10,15,0,2,0,0,91,225
27534,29925,Forest,176,pro_environmental,44,FALSE,4,587476,3,471400.58503342944,39488,10,FALSE,0.504,1,11,10,0,0,0,0,38,230
27535,30129,Dairy,112,for_profit,76,TRUE,2,960,3,960,65,5,FALSE,0,3,13,13,2,0,0,0,115,88
27536,30272,Dairy,48,for_profit,64,FALSE,4,1440,3,1440,97,0,FALSE,0,1,18,10,1,0,0,0,77,257
27537,28872,Dairy,128,for_profit,78,FALSE,1,5120,3,5120,344,5,FALSE,0.002,1,11,17,0,1,1,0,123,231
27538,29380,Dairy,64,for_profit,70,TRUE,3,128,3,73.3905433111837,9,15,FALSE,0,3,11,17,0,0,1,0,58,185
27539,29403,Dairy,128,for_profit,70,TRUE,2,0,0,0,0,21,TRUE,0,1,10,10,1,0,0,0,127,123
27540,29850,Dairy,80,for_profit,73,FALSE,2,489160,3,280466.5481726455,32879,15,FALSE,0.181,2,8,10,1,0,0,2,58,239
27541,29633,SNB,160,for_profit,58,FALSE,3,318900,3,318900,26713,10,FALSE,0.774,6,15,10,6,0,6,6,127,50
27542,29799,SNB,192,for_profit,64,TRUE,1,0,0,0,0,21,TRUE,0,2,16,11,2,0,2,1,51,122
27543,30030,Dairy,80,for_profit,63,TRUE,2,128,3,128,9,5,FALSE,0,3,14,12,0,3,2,3,134,83
27544,29650,Dairy,192,for_profit,55,TRUE,1,4820,3,4820,565,10,FALSE,0.001,4,14,12,4,1,4,4,126,81
27545,30058,SNB,160,for_profit,50,FALSE,2,94731,3,94731,11105,15,FALSE,0.207,2,16,16,2,0,0,2,20,281
27546,29087,Dairy,160,for_profit,64,FALSE,3,492644,3,492644,41267,5,FALSE,0.225,1,16,11,1,1,0,1,53,215
27547,29412,SNB,256,for_profit,57,TRUE,4,2371,3,2371,278,10,FALSE,0.001,6,7,11,3,0,5,2,101,92
27548,29527,SNB,336,for_profit,61,FALSE,2,298621,3,298621,20072,5,FALSE,0.433,2,13,13,1,0,1,1,33,241
27549,30265,Dairy,48,for_profit,44,TRUE,2,3075,3,2467.4315188668056,258,10,FALSE,0.002,1,12,15,1,1,0,0,114,114
27550,29023,SNB,128,pro_environmental,58,FALSE,3,233190,3,187115.5628892847,15674,10,FALSE,0.456,1,13,10,0,0,1,0,47,229
27551,29714,Dairy,80,for_profit,55,FALSE,5,321573,3,321573,26937,5,FALSE,0.242,3,12,10,0,2,3,0,71,173
27552,28748,Dairy,64,for_profit,44,TRUE,2,64,3,64,4,0,FALSE,0,2,15,11,0,1,1,0,146,214
27553,29232,SNB,128,for_profit,49,FALSE,3,85918,3,85918,7197,10,FALSE,0.21,1,9,11,0,0,0,1,42,137
27554,30175,Forest,32,for_profit,43,FALSE,4,21974,3,17632.305754659898,1477,10,FALSE,0.104,1,17,10,0,0,0,0,100,248
27555,29102,Dairy,48,for_profit,55,TRUE,3,0,0,0,0,21,TRUE,0,2,10,11,0,0,0,0,120,67
27556,28948,Forest,128,for_profit,73,TRUE,4,0,0,0,0,21,TRUE,0,1,9,11,0,0,0,0,57,246
27557,30088,Dairy,112,for_profit,53,FALSE,4,1284088,3,1030373.7249426468,86311,10,FALSE,0.473,3,12,9,0,0,0,0,87,235
27558,29679,Dairy,112,for_profit,77,TRUE,1,0,0,0,0,21,TRUE,0,1,13,12,1,0,0,0,115,46
27559,29094,Dairy,448,for_profit,66,FALSE,2,1155,3,1155,252,15,FALSE,0,7,12,10,7,1,4,0,101,76
27560,30072,Dairy,64,for_profit,58,TRUE,4,3755,3,2152.9803916679284,440,15,FALSE,0.002,1,13,12,1,1,1,1,74,142
27561,29344,Dairy,64,for_profit,56,TRUE,5,1979,3,609.1921249047564,432,20,FALSE,0,2,12,15,2,2,2,2,73,165
27562,29559,Forest,96,for_profit,53,FALSE,4,177475,3,177475,11929,0,FALSE,1.204,1,12,11,0,0,0,0,99,200
27563,29006,SNB,160,for_profit,53,TRUE,3,7200,3,7200,484,0,FALSE,0,2,11,13,1,0,0,1,121,121
27564,29506,SNB,32,for_profit,43,FALSE,3,70429,3,70429,4734,5,FALSE,0.743,1,11,15,1,0,0,1,79,230
27565,29529,Dairy,80,for_profit,67,TRUE,2,4000,3,4000,269,5,FALSE,0.003,1,16,11,1,1,0,1,50,264
27566,30519,SNB,192,pro_environmental,49,TRUE,1,1057,3,848.1545090868988,89,10,FALSE,0.002,3,9,12,1,0,2,1,142,200
27567,29297,SNB,160,for_profit,59,FALSE,1,959,3,959,209,15,FALSE,0.001,4,8,10,1,0,2,4,15,323
27568,29370,Forest,48,pro_environmental,62,FALSE,2,618626,3,618626,41581,5,FALSE,0.708,1,7,10,0,0,0,0,41,272
27569,28777,Dairy,64,for_profit,58,FALSE,4,756350,3,756350,50839,5,FALSE,0.619,2,14,9,0,0,1,1,138,89
27570,29209,Dairy,48,for_profit,66,TRUE,1,0,0,0,0,21,TRUE,0,1,11,14,1,1,1,0,123,169
27571,30456,Dairy,384,for_profit,57,TRUE,2,4315,3,1328.2789383345244,506,20,FALSE,0,4,9,10,0,3,4,4,22,255
27572,29806,Dairy,80,for_profit,58,TRUE,1,3239,3,3239,271,5,FALSE,0.002,3,14,12,0,3,3,2,135,63
27573,30504,Dairy,176,for_profit,80,FALSE,1,0,0,0,0,21,TRUE,0,1,12,10,1,0,0,0,67,161
27574,29815,Forest,96,for_profit,57,FALSE,2,0,0,0,0,21,TRUE,0,1,13,12,0,0,0,0,90,237
27575,29044,Dairy,304,pro_environmental,68,FALSE,2,9440,3,9440,635,0,FALSE,0.15,5,12,11,0,3,0,2,91,74
27576,29299,Dairy,64,pro_environmental,52,TRUE,2,1920,3,1920,129,0,FALSE,0,1,14,11,1,1,1,0,59,198
27577,29298,Dairy,80,for_profit,57,FALSE,3,801129,3,459338.2232214476,53848,15,FALSE,0.285,2,16,17,0,0,0,0,116,146
27578,30120,SNB,80,pro_environmental,48,FALSE,2,21085,3,21085,4604,20,FALSE,0.089,1,10,8,1,0,1,0,61,264
27579,30534,Dairy,64,for_profit,79,TRUE,2,0,0,0,0,21,TRUE,0,1,13,9,0,0,1,0,98,122
27580,29167,Dairy,160,for_profit,60,TRUE,2,0,0,0,0,21,TRUE,0,1,15,11,1,1,1,1,80,262
27581,29261,Dairy,64,for_profit,61,TRUE,4,0,0,0,0,21,TRUE,0,1,9,11,1,1,1,1,137,200
27582,28847,Forest,64,for_profit,56,FALSE,4,120357,3,120357,8090,5,FALSE,0.272,1,13,13,0,0,0,0,103,164
27583,29741,Dairy,112,for_profit,48,FALSE,3,677664,3,677664,45550,5,FALSE,0.332,3,7,9,1,0,3,3,139,97
27584,28988,Dairy,176,for_profit,72,TRUE,2,3200,3,3200,215,0,FALSE,0,2,9,14,0,0,0,2,85,206
27585,28913,Crop,96,for_profit,60,TRUE,2,0,0,0,0,21,TRUE,0,2,15,13,2,0,0,2,66,190
27586,29887,Dairy,64,for_profit,52,FALSE,4,414390,3,237596.15033376106,27854,15,FALSE,0.202,3,17,18,1,0,0,0,128,125
27587,29931,Dairy,64,for_profit,56,TRUE,3,3872,3,3872,454,10,FALSE,0.002,1,13,10,1,1,1,1,86,208
27588,29364,Dairy,48,for_profit,57,FALSE,3,698635,3,560596.4290027678,46959,10,FALSE,0.641,1,12,13,0,0,0,0,107,92
27589,29387,Dairy,48,for_profit,49,TRUE,2,0,0,0,0,21,TRUE,0,2,17,14,0,2,0,0,109,119
27590,29427,Dairy,80,for_profit,69,TRUE,1,0,0,0,0,21,TRUE,0,2,13,10,1,1,2,2,108,78
27591,28754,Dairy,192,for_profit,77,TRUE,2,3736,3,3736,438,10,FALSE,0.001,7,12,9,7,6,7,7,103,123
27592,29727,Dairy,80,for_profit,79,FALSE,1,1600,3,1600,108,5,FALSE,0.001,2,11,9,1,1,0,1,79,127
27593,29643,Dairy,80,for_profit,66,FALSE,2,675435,3,387269.8564171044,45400,15,FALSE,0.266,1,14,15,1,0,1,1,42,269
27594,30260,Dairy,64,for_profit,65,FALSE,2,487136,3,487136,57107,15,FALSE,0.375,2,13,14,0,0,2,1,55,151
27595,29379,Forest,128,for_profit,63,FALSE,3,480998,3,480998,32331,5,FALSE,0.452,4,16,16,1,0,2,1,99,77
27596,29114,Dairy,80,for_profit,61,FALSE,3,1172137,3,672060.7130089136,78786,15,FALSE,0.447,2,11,13,1,1,0,1,111,98
27597,29168,SNB,208,for_profit,44,TRUE,3,1920,3,1920,129,0,FALSE,0,3,11,11,2,0,1,2,10,285
27598,29463,Dairy,112,for_profit,65,FALSE,2,1625004,3,1625004,109226,5,FALSE,0.797,1,12,10,0,0,0,0,65,252
27599,29116,Dairy,80,for_profit,57,FALSE,3,616425,3,616425,41433,5,FALSE,0.407,2,13,9,0,2,0,0,93,268
27600,30037,Forest,64,for_profit,44,FALSE,3,449776,3,360907.79799344274,30232,10,FALSE,0.605,2,13,14,1,0,0,0,149,229
27601,29139,Dairy,128,pro_environmental,63,TRUE,2,6400,3,5135.4672262593685,430,10,FALSE,0.002,1,11,11,1,1,1,1,62,198
27602,29275,SNB,96,for_profit,77,TRUE,1,0,0,0,0,21,TRUE,0,1,14,16,0,0,0,0,96,100
27603,29705,Dairy,80,for_profit,54,FALSE,2,762722,3,437317.0466827552,63891,15,FALSE,0.268,2,12,10,2,0,0,2,117,60
27604,30342,SNB,128,for_profit,48,TRUE,4,0,0,0,0,21,TRUE,0,1,8,12,0,0,0,0,93,221
27605,29661,Dairy,80,for_profit,57,FALSE,3,884606,3,884606,59459,5,FALSE,0.567,3,11,15,3,1,3,0,118,57
27606,29927,Dairy,96,for_profit,44,TRUE,4,3593,3,2883.0833974921734,301,10,FALSE,0.002,2,12,11,1,2,0,0,50,240
27607,29127,Dairy,208,pro_environmental,60,TRUE,1,4480,3,4480,301,0,FALSE,0,4,10,13,4,3,4,4,134,104
27608,30536,Crop,32,for_profit,66,TRUE,2,1600,3,1600,108,0,FALSE,0,1,14,12,1,0,0,1,85,186
27609,28912,Dairy,144,for_profit,76,TRUE,2,2118,3,1699.5186851902097,177,10,FALSE,0.001,4,10,9,4,4,2,1,106,108
27610,29775,Dairy,80,for_profit,65,FALSE,4,968834,3,555494.1690495887,81156,15,FALSE,0.36,2,15,12,0,2,0,0,131,85
27611,29481,Forest,80,for_profit,71,FALSE,3,62776,3,50372.514155571575,4220,10,FALSE,0.119,1,8,11,0,0,0,0,95,279
27612,29369,Dairy,112,for_profit,60,FALSE,3,872829,3,700372.6130669903,58668,10,FALSE,0.354,3,12,10,0,0,1,2,121,125
27613,29390,Forest,128,pro_environmental,81,FALSE,1,0,0,0,0,21,TRUE,0,1,16,10,0,0,0,0,96,137
27614,29779,Dairy,80,for_profit,34,TRUE,4,0,0,0,0,21,TRUE,0,2,12,12,0,0,0,0,104,157
27615,29939,Dairy,160,for_profit,63,TRUE,4,448,3,448,30,0,FALSE,0,2,13,13,0,0,1,0,103,118
27616,29898,Dairy,192,for_profit,65,FALSE,2,300700,3,300700,65659,15,FALSE,0.148,1,13,16,0,1,1,0,98,180
27617,29548,Crop,128,for_profit,59,TRUE,4,1624090,3,931194.1209864089,109164,15,FALSE,0.375,2,12,12,2,0,0,2,109,67
27618,28761,Dairy,80,for_profit,55,FALSE,3,706442,3,706442,47484,5,FALSE,0.576,2,14,12,1,1,1,1,65,165
27619,30300,Dairy,80,pro_environmental,69,TRUE,2,6568,3,3765.852253655114,550,15,FALSE,0.002,1,13,12,0,1,1,1,94,182
27620,29660,Forest,128,for_profit,30,FALSE,5,522578,3,522578,35125,5,FALSE,0.598,1,14,10,0,0,0,0,57,257
27621,28780,Dairy,48,for_profit,54,FALSE,2,1250,3,1250,105,5,FALSE,0.001,2,8,8,2,1,1,2,111,144
27622,29791,Forest,240,for_profit,48,FALSE,2,1124300,3,1124300,75571,5,FALSE,0.371,2,14,15,0,0,0,0,132,125
27623,29970,Forest,80,for_profit,42,TRUE,3,0,0,0,0,21,TRUE,0,1,12,11,0,0,0,0,78,250
27624,28812,Dairy,176,pro_environmental,37,FALSE,3,1637964,3,1637964,110097,5,FALSE,0.45,3,11,6,1,2,3,3,88,157
27625,29046,Forest,96,for_profit,67,FALSE,3,209205,3,167869.5970421236,14062,10,FALSE,0.256,1,13,12,0,0,0,0,52,268
27626,29649,Forest,592,pro_environmental,37,FALSE,2,1406113,3,1406113,94513,5,FALSE,0.461,3,11,15,0,0,0,0,104,233
27627,30336,Dairy,48,for_profit,59,TRUE,2,1920,3,1100.8581496677557,129,15,FALSE,0.001,1,12,10,1,1,0,1,71,174
27628,29441,Dairy,160,for_profit,62,FALSE,4,1543150,3,884786.0696144776,103724,15,FALSE,0.311,3,13,14,1,3,2,3,59,119
27629,28798,Dairy,64,for_profit,56,TRUE,2,0,0,0,0,21,TRUE,0,2,13,19,0,2,0,0,91,132
27630,29420,Forest,80,for_profit,60,FALSE,3,63158,3,63158,5291,10,FALSE,0.39,1,7,13,0,0,0,0,53,127
27631,30210,Forest,48,for_profit,61,FALSE,2,0,0,0,0,21,TRUE,0,3,15,11,1,0,0,1,76,192
27632,29196,SNB,112,pro_environmental,71,TRUE,3,0,0,0,0,21,TRUE,0,1,10,17,1,0,0,0,82,270
27633,29099,Dairy,112,for_profit,47,TRUE,4,2400,3,2400,161,0,FALSE,0,3,11,12,0,3,2,1,57,182
27634,29581,Dairy,240,for_profit,61,TRUE,1,11348,3,11348,2478,15,FALSE,0,2,15,15,1,2,2,2,23,265
27635,29317,SNB,128,for_profit,50,FALSE,3,685310,3,685310,57406,10,FALSE,0.802,2,12,12,1,0,2,2,57,212
27636,30244,Dairy,96,for_profit,56,FALSE,2,524489,3,300722.9114901518,35254,15,FALSE,0.172,1,15,16,0,0,0,0,88,138
27637,28905,Forest,224,for_profit,65,FALSE,5,643903,3,643903,43280,5,FALSE,0.298,4,15,15,0,0,1,0,89,86
27638,29152,Dairy,64,for_profit,75,FALSE,1,125988,3,38782.66671677637,27510,20,FALSE,0.035,3,14,13,3,2,3,2,134,109
27639,30271,Forest,256,for_profit,62,FALSE,3,295304,3,169316.57032785777,19849,15,FALSE,0.171,5,11,11,0,0,0,0,166,10
27640,30319,Dairy,144,for_profit,34,TRUE,3,0,0,0,0,21,TRUE,0,1,13,17,0,0,0,0,81,181
27641,29955,Crop,80,pro_environmental,55,FALSE,3,963753,3,773331.5540170539,64779,10,FALSE,0.508,3,11,10,2,0,0,0,85,188
27642,28814,Dairy,176,for_profit,62,TRUE,3,1699,3,974.14478973204,199,15,FALSE,0,3,13,10,3,3,3,3,25,261
27643,29066,Forest,176,for_profit,45,FALSE,3,221702,3,221702,14902,5,FALSE,0.242,3,8,19,0,0,0,0,113,236
27644,29124,Forest,160,pro_environmental,63,FALSE,3,0,0,0,0,21,TRUE,0,1,12,12,0,0,0,0,80,219
27645,30481,Dairy,144,for_profit,55,TRUE,3,9888,3,9888,1159,10,FALSE,0.002,1,11,9,1,1,1,1,54,151
27646,29274,SNB,128,for_profit,51,FALSE,4,89992,3,89992,6049,5,FALSE,0.347,1,8,12,0,0,1,0,49,210
27647,29469,Dairy,80,for_profit,66,FALSE,3,628392,3,360297.11165938555,42238,15,FALSE,0.218,2,15,11,2,1,2,0,115,154
27648,29556,Dairy,64,for_profit,77,FALSE,1,241870,3,241870,52813,20,FALSE,0.273,4,11,17,1,2,1,1,104,91
27649,30207,Dairy,128,for_profit,68,TRUE,1,0,0,0,0,21,TRUE,0,1,13,13,1,0,0,1,89,229
27650,30507,Crop,240,for_profit,54,FALSE,3,2599707,3,2599707,174741,5,FALSE,0.651,3,12,10,1,0,0,1,118,152
27651,30227,Forest,80,for_profit,64,TRUE,4,507050,3,156084.3188140256,42474,20,FALSE,0.282,1,10,9,0,0,0,0,71,148
27652,29340,Dairy,144,for_profit,57,FALSE,2,2243286,3,1286218.5807997817,150784,15,FALSE,0.448,2,11,13,0,1,1,1,81,161
27653,29142,Forest,208,for_profit,79,FALSE,2,0,0,0,0,21,TRUE,0,1,8,11,0,0,0,0,36,234
27654,29804,SNB,128,for_profit,46,FALSE,3,66096,3,66096,5537,5,FALSE,0.247,3,12,14,2,0,3,3,86,115
27655,30202,Forest,80,for_profit,59,FALSE,3,332008,3,332008,22316,5,FALSE,0.319,2,14,15,0,0,1,0,63,183
27656,29453,Dairy,112,for_profit,58,FALSE,3,1668276,3,1668276,112134,5,FALSE,0.731,3,14,14,3,3,3,0,78,179
27657,30002,Forest,64,for_profit,69,FALSE,2,0,0,0,0,21,TRUE,0,2,12,12,0,0,1,1,96,127
27658,29101,Dairy,112,for_profit,54,TRUE,2,5259,3,3015.3192755743366,617,15,FALSE,0.001,2,12,12,0,0,0,2,138,81
27659,30307,Dairy,64,for_profit,36,FALSE,3,418186,3,418186,28109,5,FALSE,0.357,3,13,11,3,1,0,0,117,73
27660,28921,Dairy,48,for_profit,70,TRUE,2,1440,3,443.27269321013097,97,20,FALSE,0.001,1,15,16,1,0,1,0,145,236
27661,30186,Dairy,112,pro_environmental,82,FALSE,2,0,0,0,0,21,TRUE,0,1,9,11,0,1,0,0,33,273
27662,29869,Dairy,160,for_profit,47,TRUE,4,6274,3,5034.362715242387,526,10,FALSE,0.002,2,13,13,1,2,2,2,94,217
27663,29076,Dairy,48,for_profit,72,FALSE,1,0,0,0,0,21,TRUE,0,1,13,12,1,0,0,0,76,130
27664,28756,Dairy,144,for_profit,57,TRUE,3,1674285,3,515392.2369106417,112538,20,FALSE,0.187,2,8,8,2,2,0,2,94,260
27665,28834,Forest,96,for_profit,64,FALSE,3,1071116,3,859481.4239878171,71996,10,FALSE,0.511,2,7,13,0,0,0,0,109,44
27666,28828,Forest,96,for_profit,67,FALSE,1,83095,3,66676.82018219096,5585,10,FALSE,0.343,1,10,8,0,0,0,0,152,228
27667,30277,Forest,64,for_profit,55,TRUE,2,0,0,0,0,21,TRUE,0,1,8,14,0,0,0,0,109,233
27668,29627,Dairy,96,for_profit,63,TRUE,2,800,3,800,54,0,FALSE,0,2,12,15,1,0,0,2,75,130
27669,28907,SNB,96,for_profit,63,TRUE,2,18820,3,18820,1265,5,FALSE,0.064,3,13,17,3,0,3,3,64,160
27670,28996,Dairy,160,for_profit,70,FALSE,2,2838,3,1627.2059524776512,238,15,FALSE,0.001,3,18,7,1,0,3,1,128,55
27671,30114,SNB,304,pro_environmental,54,TRUE,3,509226,3,509226,42656,10,FALSE,0.719,3,15,12,2,0,0,2,14,282
27672,30190,SNB,128,for_profit,68,TRUE,2,0,0,0,0,21,TRUE,0,2,11,15,2,0,2,2,65,159
27673,30160,Dairy,112,for_profit,51,FALSE,2,835370,3,670314.883875045,56150,10,FALSE,0.304,1,11,11,1,0,1,1,87,148
27674,30474,Dairy,80,for_profit,57,TRUE,3,800,3,800,54,5,FALSE,0.001,2,7,15,0,0,2,2,107,51
27675,29254,Dairy,80,for_profit,71,TRUE,2,1920,3,1920,129,0,FALSE,0,2,16,11,2,2,0,1,66,185
27676,28994,Dairy,160,pro_environmental,60,FALSE,2,2517156,3,774851.7495486392,169192,20,FALSE,0.246,1,15,15,0,0,0,1,91,198
27677,30236,Dairy,32,for_profit,57,TRUE,4,0,0,0,0,21,TRUE,0,1,15,11,0,0,0,1,89,266
27678,30200,Crop,448,for_profit,54,TRUE,1,10080,3,10080,678,0,FALSE,0,2,13,12,1,0,0,1,46,254
27679,28769,Forest,96,for_profit,48,FALSE,4,174770,3,174770,11747,5,FALSE,0.218,2,13,12,0,1,1,0,121,85
27680,29146,Dairy,64,pro_environmental,44,TRUE,2,2400,3,2400,161,0,FALSE,0,2,18,15,2,1,2,2,106,114
27681,28764,SNB,112,pro_environmental,54,FALSE,3,137628,3,110435.0130336913,9251,10,FALSE,0.281,4,9,11,0,0,1,2,119,92
27682,28874,Dairy,128,for_profit,65,FALSE,2,768514,3,768514,51656,5,FALSE,0.277,2,14,13,0,0,0,0,132,132
27683,30406,Dairy,112,for_profit,73,TRUE,1,896,3,896,60,0,FALSE,0,3,10,16,3,1,3,2,138,123
27684,30238,Forest,128,for_profit,46,FALSE,3,465433,3,266862.34956995444,31284,15,FALSE,0.392,1,17,10,0,0,0,0,128,211
27685,29466,SNB,96,for_profit,51,FALSE,2,309063,3,247997.3292733436,20774,10,FALSE,0.595,3,13,10,0,0,0,1,136,78
27686,30008,Forest,48,pro_environmental,55,FALSE,3,171927,3,171927,11556,5,FALSE,0.409,2,10,11,0,0,0,0,118,226
27687,30345,Dairy,128,for_profit,66,FALSE,2,128,3,128,9,0,FALSE,0.004,5,13,13,5,1,2,5,112,79
27688,30092,Dairy,96,for_profit,80,TRUE,2,0,0,0,0,21,TRUE,0,1,11,17,1,0,1,1,58,179
27689,29844,SNB,112,for_profit,39,FALSE,2,86304,3,86304,7229,10,FALSE,0.282,2,13,8,2,0,2,0,95,71
27690,29388,Dairy,80,for_profit,55,FALSE,4,577974,3,577974,38849,5,FALSE,0.351,2,10,15,1,1,2,2,90,183
27691,29424,Dairy,128,for_profit,56,FALSE,3,167317,3,167317,36534,15,FALSE,0.182,2,14,14,1,0,1,0,147,232
27692,30065,Dairy,160,for_profit,79,TRUE,1,6400,3,6400,430,5,FALSE,0.002,1,17,11,1,1,1,1,27,269
27693,29971,Forest,192,for_profit,59,FALSE,3,320385,3,183697.10327151243,21535,15,FALSE,0.151,2,10,8,0,1,1,0,103,70
27694,30518,Forest,80,for_profit,64,FALSE,2,95953,3,55015.9593932657,6450,15,FALSE,0.129,1,10,9,0,0,0,0,108,250
27695,29985,SNB,176,for_profit,67,TRUE,1,691,3,554.4699770851912,58,10,FALSE,0.001,2,9,12,1,0,2,2,37,240
27696,29651,Forest,64,for_profit,55,FALSE,3,323079,3,323079,21716,0,FALSE,1.211,1,8,12,0,0,0,0,91,140
27697,30253,Forest,144,for_profit,73,FALSE,3,193280,3,110819.72039988739,12991,15,FALSE,0.168,3,11,15,0,0,1,1,50,218
27698,29259,SNB,48,for_profit,56,TRUE,3,0,0,0,0,21,TRUE,0,1,8,11,1,0,1,1,90,129
27699,29729,Dairy,256,for_profit,59,TRUE,2,960,3,770.3200839389052,65,10,FALSE,0,2,9,13,0,1,1,0,61,227
27700,29368,Dairy,160,for_profit,61,FALSE,3,2336865,3,1339873.3749600728,157074,15,FALSE,0.379,2,16,19,0,0,0,0,122,114
27701,30131,Dairy,80,for_profit,53,FALSE,3,434417,3,434417,29200,5,FALSE,0.31,3,11,11,3,2,2,0,134,86
27702,29733,Dairy,64,for_profit,78,TRUE,2,2560,3,1467.810866223674,172,15,FALSE,0.001,1,10,13,1,1,1,0,45,146
27703,29431,Dairy,160,for_profit,52,TRUE,3,3719,3,1144.8132958669978,312,20,FALSE,0,3,13,12,1,0,1,0,124,54
27704,29611,Dairy,48,for_profit,69,FALSE,3,2400,3,2400,161,0,FALSE,0,1,14,12,1,1,0,1,88,223
27705,29416,Dairy,80,for_profit,64,FALSE,4,537862,3,431589.4801953619,36153,10,FALSE,0.274,1,13,13,0,0,0,1,111,155
27706,29473,Dairy,112,for_profit,84,TRUE,2,5600,3,5600,376,5,FALSE,0.003,2,14,14,0,0,0,2,127,71
27707,28791,Dairy,48,for_profit,60,TRUE,3,128,3,128,9,5,FALSE,0,2,7,10,0,0,1,0,101,221
27708,28933,SNB,192,for_profit,66,TRUE,4,4257,3,4257,357,5,FALSE,0.001,4,9,14,2,0,2,2,143,57
27709,29652,Dairy,96,pro_environmental,64,TRUE,2,480,3,385.1600419694526,32,10,FALSE,0,2,11,14,1,1,2,2,60,209
27710,29460,Dairy,128,for_profit,68,FALSE,3,1769016,3,1419488.0766763191,118906,10,FALSE,0.564,1,14,12,0,1,1,0,74,150
27711,28984,Dairy,80,for_profit,64,FALSE,2,480,3,480,32,0,FALSE,0,3,10,16,2,0,0,3,114,76
27712,28819,Dairy,64,for_profit,53,FALSE,3,785289,3,241734.1458182573,52784,20,FALSE,0.225,1,12,10,0,0,1,1,62,128
27713,29745,Forest,160,for_profit,64,FALSE,3,662620,3,662620,44538,5,FALSE,0.78,1,12,16,0,0,0,0,59,131
27714,30286,Dairy,208,for_profit,47,TRUE,2,5600,3,5600,376,0,FALSE,0,3,17,10,3,2,3,2,65,175
27715,29552,Forest,64,for_profit,64,TRUE,2,0,0,0,0,21,TRUE,0,1,14,12,0,0,0,0,72,240
27716,29474,Dairy,48,for_profit,62,TRUE,2,0,0,0,0,21,TRUE,0,1,11,8,1,1,1,0,16,311
27717,29871,Dairy,112,pro_environmental,74,TRUE,2,640,3,640,43,0,FALSE,0,4,12,13,3,2,3,3,126,61
27718,28916,Dairy,80,pro_environmental,70,TRUE,1,128,3,102.70934452518736,9,10,FALSE,0,2,9,10,1,2,2,2,86,220
27719,29724,Dairy,176,for_profit,74,TRUE,2,640,3,640,43,5,FALSE,0,3,12,12,3,1,3,1,135,105
27720,29396,Dairy,160,for_profit,55,TRUE,3,7242,3,7242,1581,15,FALSE,0.002,2,11,13,0,2,2,2,108,164
27721,29251,Dairy,192,for_profit,62,TRUE,1,512,3,157.60806869693545,34,20,FALSE,0,3,11,12,1,0,2,0,175,32
27722,29702,Dairy,144,for_profit,61,FALSE,3,472142,3,472142,55349,10,FALSE,0.23,2,8,14,1,0,2,2,111,138
27723,30201,Dairy,80,for_profit,58,TRUE,2,915,3,915,107,10,FALSE,0,3,16,18,3,3,3,3,15,302
27724,30224,Dairy,96,for_profit,59,FALSE,2,693847,3,556754.4575841224,46637,10,FALSE,0.31,2,11,14,0,0,0,0,67,140
27725,30053,Forest,240,for_profit,59,FALSE,2,2130555,3,1221582.7265965547,143207,15,FALSE,0.649,3,11,12,1,2,0,1,40,235
27726,30174,Dairy,80,for_profit,57,FALSE,3,0,0,0,0,21,TRUE,0,2,10,10,2,0,2,0,96,134
27727,29389,SNB,128,for_profit,47,FALSE,3,190298,3,109109.95008618466,12791,15,FALSE,0.368,2,14,12,0,0,1,0,99,255
27728,30360,SNB,64,for_profit,59,TRUE,3,64,3,51.35467226259368,4,10,FALSE,0,3,13,9,2,0,2,1,92,256
27729,29108,Dairy,192,for_profit,60,FALSE,3,1885999,3,1081363.2132371028,126769,15,FALSE,0.296,3,11,11,0,3,1,3,52,260
27730,30563,Dairy,48,for_profit,74,TRUE,1,2153,3,662.7542420009805,252,20,FALSE,0.001,2,11,10,2,2,2,2,57,192
27731,30453,Dairy,112,for_profit,80,TRUE,1,192,3,192,13,0,FALSE,0,2,10,13,2,2,2,0,127,24
27732,29504,Dairy,160,pro_environmental,78,TRUE,1,9481,3,2918.519725225869,794,20,FALSE,0.001,2,11,9,1,1,2,1,99,151
27733,30056,Dairy,80,for_profit,68,TRUE,3,2821,3,2263.6176633246373,236,10,FALSE,0.002,2,11,14,2,2,2,2,141,80
27734,29737,Dairy,112,for_profit,67,TRUE,2,2694,3,2161.7107355535527,226,10,FALSE,0.001,3,10,12,3,2,3,3,127,95
27735,29591,Forest,128,for_profit,57,FALSE,2,1512978,3,1512978,126737,10,FALSE,0.927,3,14,13,1,2,2,1,116,78
27736,28742,Dairy,176,for_profit,46,FALSE,5,1005761,3,1005761,67603,5,FALSE,0.404,4,15,12,1,1,1,1,119,89
27737,29122,Dairy,32,for_profit,71,TRUE,2,1412,3,1133.0124567934731,118,10,FALSE,0.002,1,15,12,1,1,1,1,80,271
27738,28909,SNB,64,for_profit,58,FALSE,3,219037,3,219037,25678,15,FALSE,0.421,2,13,11,1,0,2,2,85,184
27739,29878,Dairy,368,pro_environmental,65,TRUE,2,0,0,0,0,21,TRUE,0,1,8,9,1,0,1,0,87,196
27740,30524,Dairy,192,for_profit,43,FALSE,4,1084601,3,1084601,72902,5,FALSE,0.273,3,13,13,3,0,1,2,75,167
27741,29482,SNB,144,for_profit,67,FALSE,3,0,0,0,0,21,TRUE,0,1,13,12,0,0,0,0,52,230
27742,29475,Dairy,48,for_profit,84,FALSE,1,480,3,480,32,5,FALSE,0.001,2,12,12,1,0,2,2,66,171
27743,29530,Dairy,160,pro_environmental,49,TRUE,3,800,3,800,54,5,FALSE,0,2,17,12,2,0,0,2,84,150
27744,29405,Dairy,96,for_profit,77,TRUE,2,2554,3,2554,214,5,FALSE,0,2,11,13,0,0,1,1,69,125
27745,30511,Forest,80,for_profit,42,FALSE,3,512837,3,294042.0785943556,34471,15,FALSE,0.356,2,10,10,0,0,0,0,141,74
27746,29767,Dairy,64,for_profit,71,TRUE,2,0,0,0,0,21,TRUE,0,1,15,11,0,0,1,1,70,249
27747,29143,Dairy,176,for_profit,51,FALSE,3,1861290,3,1861290,125108,5,FALSE,0.581,1,16,11,1,1,1,1,70,261
27748,29805,Dairy,80,for_profit,61,FALSE,2,862716,3,265568.3644412995,57988,20,FALSE,0.169,1,12,9,1,0,0,0,96,133
27749,30034,Forest,80,for_profit,70,TRUE,2,0,0,0,0,21,TRUE,0,3,12,17,0,0,0,0,98,196
27750,29828,Dairy,64,for_profit,72,FALSE,3,2560,3,2560,172,0,FALSE,0.015,1,9,12,1,1,1,1,21,278
27751,29414,SNB,96,for_profit,54,FALSE,4,367640,3,367640,24711,5,FALSE,0.449,2,11,15,0,0,0,0,61,160
27752,30478,Forest,64,for_profit,73,FALSE,2,160297,3,49343.946460766914,10774,20,FALSE,0.112,1,11,14,0,0,0,0,71,145
27753,29538,Dairy,208,for_profit,71,TRUE,1,0,0,0,0,21,TRUE,0,2,8,11,2,2,2,2,180,11
27754,30276,Dairy,144,for_profit,64,FALSE,2,1930809,3,1930809,129781,5,FALSE,0.765,3,14,17,2,1,0,1,59,218
27755,30004,Dairy,64,for_profit,64,FALSE,2,0,0,0,0,21,TRUE,0,2,9,10,2,1,0,0,98,147
27756,29067,SNB,224,for_profit,55,TRUE,3,864,3,864,58,0,FALSE,0.001,4,14,12,0,0,3,3,170,26
27757,29639,Forest,192,pro_environmental,56,FALSE,4,238378,3,238378,16023,5,FALSE,0.234,1,9,12,0,0,0,0,106,224
27758,29195,Dairy,96,for_profit,60,FALSE,3,1174376,3,942338.9780164956,78937,10,FALSE,0.452,2,16,11,2,0,2,2,124,121
27759,29333,Dairy,80,for_profit,74,TRUE,2,64,3,64,4,5,FALSE,0,2,13,14,0,0,1,1,136,122
27760,29400,Forest,32,pro_environmental,36,FALSE,3,130032,3,130032,8740,5,FALSE,0.595,1,11,14,0,0,0,0,76,260
27761,29204,SNB,64,for_profit,58,TRUE,4,371089,3,371089,31085,10,FALSE,1.958,1,11,9,0,0,0,1,79,236
27762,29476,Dairy,32,for_profit,51,TRUE,2,480,3,275.2145374169389,32,15,FALSE,0.001,2,12,9,1,0,1,0,119,206
27763,29386,Dairy,80,for_profit,68,FALSE,2,1039393,3,834026.3572974068,69864,10,FALSE,0.546,2,12,13,2,0,0,2,141,91
27764,29025,Dairy,144,for_profit,48,FALSE,4,795919,3,456350.9987632346,53498,15,FALSE,0.161,3,11,16,3,3,0,0,101,139
27765,30243,Forest,320,for_profit,62,FALSE,2,0,0,0,0,21,TRUE,0,2,11,12,0,0,0,0,97,275
27766,30555,Forest,288,for_profit,74,FALSE,1,543725,3,167373.92021922115,36547,20,FALSE,0.112,4,11,9,0,0,0,0,139,27
27767,28800,Dairy,64,for_profit,50,FALSE,4,853755,3,853755,57386,5,FALSE,0.751,3,12,13,2,1,1,1,119,44
27768,29100,Forest,144,for_profit,63,FALSE,1,0,0,0,0,21,TRUE,0,1,18,14,0,0,0,0,72,192
27769,30434,Dairy,144,for_profit,61,TRUE,2,4007,3,1233.467834509024,875,20,FALSE,0,2,12,13,2,2,2,1,120,223
27770,29079,Crop,64,pro_environmental,71,FALSE,1,0,0,0,0,21,TRUE,0,1,10,16,0,0,0,1,75,236
27771,29110,Dairy,80,for_profit,38,TRUE,4,1581,3,906.4878826170425,185,15,FALSE,0.001,3,12,11,1,1,0,0,77,127
27772,30436,SNB,64,pro_environmental,49,TRUE,3,192,3,192,13,0,FALSE,0.101,2,7,19,0,0,1,0,52,109
27773,30486,Dairy,64,pro_environmental,57,FALSE,2,592959,3,475800.2360961764,39856,10,FALSE,0.378,1,15,14,0,0,1,0,130,92
27774,29761,Forest,80,for_profit,49,FALSE,5,393944,3,316107.2657783626,26479,10,FALSE,0.572,1,11,16,0,0,0,0,93,158
27775,29786,Crop,208,for_profit,59,TRUE,2,800,3,800,54,5,FALSE,0,6,13,12,6,0,0,4,131,63
27776,28796,Dairy,64,for_profit,45,FALSE,2,756748,3,433891.7724191535,50865,15,FALSE,0.334,2,13,12,2,1,1,0,69,183
27777,30083,Dairy,80,for_profit,53,TRUE,3,0,0,0,0,21,TRUE,0,1,12,11,0,0,1,0,76,188
27778,29140,Dairy,48,pro_environmental,73,TRUE,2,0,0,0,0,21,TRUE,0,2,18,11,0,0,0,1,116,71
27779,30045,Dairy,96,for_profit,82,FALSE,1,2342,3,2342,511,15,FALSE,0.002,2,13,10,2,0,2,2,137,72
27780,30133,Forest,272,for_profit,69,FALSE,3,694015,3,213637.42929043682,46649,20,FALSE,0.133,2,11,12,0,0,0,0,181,6
27781,30529,Dairy,96,for_profit,54,TRUE,4,384,3,220.17162993355112,26,15,FALSE,0,1,13,15,1,0,1,1,88,140
27782,28758,SNB,48,for_profit,66,TRUE,3,1600,3,1600,108,5,FALSE,0.009,2,11,11,0,0,0,1,63,124
27783,29190,Dairy,160,for_profit,55,FALSE,5,1454255,3,1166918.5767380965,97749,10,FALSE,0.476,4,14,14,0,1,0,0,137,70
27784,29173,Dairy,64,for_profit,44,TRUE,3,0,0,0,0,21,TRUE,0,2,14,9,0,1,0,0,46,265
27785,29056,Dairy,64,for_profit,52,TRUE,3,1440,3,1440,97,5,FALSE,0.001,2,9,16,2,0,0,0,112,99
27786,30390,Forest,80,for_profit,49,FALSE,3,916427,3,916427,76766,10,FALSE,0.583,1,15,9,0,0,0,0,73,194
27787,28775,Dairy,48,for_profit,28,TRUE,3,0,0,0,0,21,TRUE,0,1,11,10,1,1,0,0,55,177
27788,29133,SNB,208,for_profit,55,FALSE,2,64,3,64,4,0,FALSE,0.024,3,10,11,3,0,3,3,87,91
27789,29913,Dairy,160,for_profit,63,TRUE,2,1987,3,1594.4020904027132,166,10,FALSE,0.001,4,11,9,2,3,0,0,147,92
27790,29610,Forest,80,for_profit,62,TRUE,4,565389,3,453677.6061855559,38003,10,FALSE,0.569,2,7,14,1,1,1,1,98,173
27791,29070,SNB,176,pro_environmental,65,TRUE,3,0,0,0,0,21,TRUE,0,1,8,16,1,0,1,1,55,234
27792,29174,SNB,64,for_profit,60,TRUE,3,4107,3,4107,897,20,FALSE,0.023,3,9,15,2,0,3,1,19,283
27793,29843,Dairy,160,for_profit,56,TRUE,4,576,3,462.1920503633431,39,10,FALSE,0,2,12,11,1,1,1,0,125,214
27794,30295,SNB,32,pro_environmental,68,TRUE,2,480,3,480,32,0,FALSE,0.004,2,20,10,2,0,2,2,91,208
27795,29540,Dairy,64,for_profit,56,FALSE,2,256,3,256,17,0,FALSE,0.139,1,13,10,1,1,1,1,90,219
27796,30465,Forest,96,for_profit,58,TRUE,3,0,0,0,0,21,TRUE,0,1,8,11,0,0,0,0,94,139
27797,28875,SNB,64,for_profit,69,FALSE,1,156659,3,89822.57128583381,10530,15,FALSE,0.406,2,16,9,2,0,1,0,52,142
27798,30551,SNB,48,for_profit,51,FALSE,2,56218,3,45110.26508216393,3779,10,FALSE,0.359,3,9,12,2,0,1,0,48,126
27799,29357,Dairy,128,for_profit,55,FALSE,2,1764987,3,1764987,118635,5,FALSE,0.675,3,10,13,0,2,2,1,91,150
27800,29407,Dairy,128,for_profit,45,TRUE,3,5225,3,5225,1141,15,FALSE,0.001,2,12,9,1,0,0,2,90,250
27801,29624,SNB,96,for_profit,62,FALSE,2,64,3,64,4,0,FALSE,0.066,4,14,12,3,0,1,1,86,106
27802,30229,SNB,240,for_profit,80,TRUE,3,0,0,0,0,21,TRUE,0,2,13,9,1,0,0,1,58,231
27803,30410,Dairy,144,for_profit,63,TRUE,2,1319,3,756.2666142769633,110,15,FALSE,0,2,13,12,1,0,2,2,131,121
27804,28955,Dairy,240,for_profit,56,FALSE,1,2831857,3,871725.6105388623,190345,20,FALSE,0.199,1,10,10,1,1,0,0,78,242
27805,30457,SNB,64,for_profit,64,TRUE,3,3342,3,3342,225,5,FALSE,0.017,2,17,13,2,0,0,2,90,216
27806,29465,Dairy,80,for_profit,57,FALSE,4,593410,3,182668.36727626654,39886,20,FALSE,0.116,1,10,13,1,0,0,0,78,167
27807,29083,SNB,112,for_profit,42,TRUE,3,565107,3,565107,123394,20,FALSE,0.597,2,11,12,0,0,0,2,83,227
27808,29813,Forest,80,for_profit,56,TRUE,3,0,0,0,0,21,TRUE,0,1,15,7,0,0,0,0,98,154
27809,28989,Forest,96,for_profit,54,FALSE,3,237532,3,237532,15966,5,FALSE,0.772,1,10,11,0,0,0,0,89,206
27810,30331,Forest,64,for_profit,48,FALSE,4,289078,3,231961.03044259464,19431,10,FALSE,0.531,1,12,11,0,0,0,0,83,139
27811,30199,Dairy,80,pro_environmental,63,TRUE,5,480,3,480,32,0,FALSE,0.04,2,11,13,2,2,0,0,92,146
27812,29158,Forest,112,for_profit,70,TRUE,3,0,0,0,0,21,TRUE,0,1,15,14,0,0,0,0,112,157
27813,29408,SNB,128,pro_environmental,47,TRUE,4,706685,3,706685,82845,15,FALSE,1.865,1,13,10,0,0,0,0,81,251
27814,29783,Dairy,80,for_profit,54,FALSE,2,860257,3,690284.6296344071,57823,10,FALSE,0.439,1,12,8,0,1,1,0,140,211
27815,28956,Forest,160,pro_environmental,63,FALSE,3,0,0,0,0,21,TRUE,0,2,10,10,1,0,0,0,83,131
27816,29932,Dairy,96,pro_environmental,56,FALSE,1,2695,3,2695,226,5,FALSE,0.002,1,13,16,1,1,1,0,37,266
27817,30000,Dairy,64,for_profit,58,FALSE,3,412116,3,412116,27701,5,FALSE,0.351,2,11,14,0,0,0,0,94,175
27818,29393,SNB,96,for_profit,59,TRUE,2,384,3,384,26,0,FALSE,0,1,15,15,0,0,1,1,60,115
27819,29418,Dairy,48,for_profit,55,TRUE,3,3941,3,2259.6260249169923,330,15,FALSE,0.003,1,11,10,1,1,1,1,142,78
27820,29534,SNB,64,for_profit,52,TRUE,3,2102,3,2102,176,5,FALSE,0.012,2,8,17,2,0,2,2,8,284
27821,29694,SNB,144,for_profit,63,FALSE,2,203092,3,203092,13651,5,FALSE,0.548,4,11,12,1,0,2,2,104,112
27822,30467,Dairy,96,pro_environmental,38,FALSE,4,331237,3,331237,27747,5,FALSE,0.242,3,9,11,2,0,0,2,80,119
27823,30218,Dairy,112,for_profit,52,TRUE,2,960,3,960,65,0,FALSE,0,3,11,8,1,0,0,0,91,78
27824,29107,Forest,64,for_profit,72,FALSE,2,0,0,0,0,21,TRUE,0,1,14,13,0,0,0,0,129,51
27825,29682,Dairy,112,pro_environmental,46,FALSE,2,735851,3,735851,49461,5,FALSE,0.348,3,12,13,0,0,0,2,119,161
27826,29080,Forest,160,for_profit,70,FALSE,2,843828,3,259754.10428202664,56718,20,FALSE,0.238,1,11,13,0,0,0,0,90,242
27827,29780,Dairy,80,for_profit,63,TRUE,2,517,3,517,61,10,FALSE,0,3,15,14,1,1,2,0,119,53
27828,29742,Forest,64,for_profit,63,FALSE,3,428445,3,343791.4462116711,28798,10,FALSE,0.629,2,7,13,0,0,0,0,31,253
27829,29505,Dairy,64,for_profit,71,TRUE,1,2125,3,1705.1356024689308,178,10,FALSE,0.001,1,11,11,1,1,1,0,46,270
27830,29513,Dairy,80,for_profit,55,FALSE,3,824870,3,824870,55444,5,FALSE,0.469,2,10,14,0,0,1,0,80,176
27831,28964,Dairy,64,for_profit,55,TRUE,4,256,3,146.7810866223674,17,15,FALSE,0,1,9,13,0,0,1,0,67,285
27832,30527,Dairy,48,pro_environmental,49,TRUE,4,0,0,0,0,21,TRUE,0,1,12,11,0,0,1,0,127,47
27833,29859,SNB,208,for_profit,66,TRUE,2,7438,3,7438,500,5,FALSE,0.016,3,9,12,2,0,2,3,145,196
27834,30358,SNB,64,for_profit,75,TRUE,1,0,0,0,0,21,TRUE,0,3,15,21,1,0,1,3,10,308
27835,29329,Dairy,128,pro_environmental,63,FALSE,3,1385156,3,1385156,116030,10,FALSE,0.55,2,16,12,2,2,1,0,124,63
27836,29825,Forest,128,for_profit,56,TRUE,3,0,0,0,0,21,TRUE,0,1,10,8,0,0,0,0,122,116
27837,29814,Dairy,144,for_profit,52,FALSE,3,2220585,3,1273202.6532708192,149258,15,FALSE,0.45,1,9,15,1,0,0,0,46,238
27838,29077,Dairy,32,for_profit,54,TRUE,5,0,0,0,0,21,TRUE,0,1,11,12,0,0,0,0,75,255
27839,29951,Dairy,80,for_profit,48,FALSE,3,881738,3,707521.3439292941,59267,10,FALSE,0.486,1,12,17,0,0,1,0,13,302
27840,30165,Dairy,48,pro_environmental,54,TRUE,3,704,3,704,47,0,FALSE,0,3,11,13,0,2,1,2,90,264
27841,30389,Dairy,160,for_profit,79,TRUE,1,0,0,0,0,21,TRUE,0,2,16,12,2,2,1,1,82,150
27842,30303,Dairy,48,for_profit,65,TRUE,2,192,3,154.06401678778104,13,10,FALSE,0,1,11,10,1,0,1,0,137,129
27843,28801,Dairy,272,pro_environmental,47,FALSE,3,1618508,3,1618508,108789,5,FALSE,0.336,5,18,11,0,4,2,0,173,27
27844,30540,Dairy,176,for_profit,44,TRUE,2,2204,3,2204,258,10,FALSE,0.001,4,11,11,4,4,3,4,98,131
27845,29701,Forest,80,for_profit,56,FALSE,2,152266,3,122180.78948025139,10235,10,FALSE,0.221,1,15,15,0,0,0,0,131,218
27846,30077,Dairy,80,for_profit,76,TRUE,2,0,0,0,0,21,TRUE,0,1,10,11,0,0,0,0,81,228
27847,30289,Dairy,128,for_profit,73,TRUE,1,640,3,640,43,0,FALSE,0,4,12,11,2,1,0,0,56,189
27848,29052,Dairy,48,for_profit,81,TRUE,0,1280,3,1280,86,0,FALSE,0,3,12,11,2,2,0,3,106,94
27849,29324,Dairy,80,pro_environmental,62,FALSE,1,2657,3,2657,223,5,FALSE,0,1,14,17,1,1,1,0,33,264
27850,29378,Dairy,48,pro_environmental,66,TRUE,2,480,3,480,32,5,FALSE,0.001,3,11,12,3,3,3,3,115,55
27851,30179,Dairy,128,for_profit,49,FALSE,1,243617,3,243617,53195,15,FALSE,0.199,3,10,13,1,1,0,3,105,193
27852,29177,Forest,144,for_profit,79,TRUE,4,0,0,0,0,21,TRUE,0,1,8,18,0,0,0,0,36,131
27853,28990,SNB,176,for_profit,65,TRUE,4,0,0,0,0,21,TRUE,0,3,12,11,3,0,3,2,109,64
27854,29248,Dairy,112,pro_environmental,57,TRUE,2,3790,3,3790,828,15,FALSE,0.001,2,9,12,1,0,2,2,103,140
27855,30564,Dairy,80,for_profit,44,TRUE,3,2400,3,2400,161,5,FALSE,0.002,1,13,12,1,0,0,0,112,152
27856,29950,SNB,128,for_profit,57,TRUE,2,256,3,256,17,0,FALSE,0,2,12,13,2,0,1,2,52,124
27857,29135,Crop,64,for_profit,54,FALSE,3,562716,3,451532.74620183854,37823,10,FALSE,0.329,2,10,12,2,0,0,1,44,122
27858,29165,Forest,48,for_profit,49,FALSE,3,329753,3,264599.3319157352,22165,10,FALSE,0.621,1,14,14,0,0,0,0,64,165
27859,29572,Dairy,192,for_profit,56,TRUE,5,576,3,576,39,5,FALSE,0,3,13,12,0,1,2,0,83,179
27860,30402,SNB,208,for_profit,69,FALSE,1,480,3,480,32,5,FALSE,0.001,2,14,9,1,0,0,2,10,297
27861,29061,Dairy,96,for_profit,53,FALSE,2,137785,3,137785,30086,15,FALSE,0.129,2,14,12,2,2,2,1,93,187
27862,29069,Dairy,96,for_profit,65,TRUE,3,167,3,167,14,5,FALSE,0,4,17,19,1,0,3,1,126,152
27863,30167,Forest,48,for_profit,46,FALSE,5,467557,3,467557,31427,5,FALSE,0.547,1,12,7,0,0,0,0,137,20
27864,30311,Dairy,96,for_profit,55,FALSE,3,1229407,3,1229407,82635,5,FALSE,0.652,1,15,13,1,0,1,1,45,236
27865,29178,Dairy,32,for_profit,59,FALSE,2,252085,3,144536.3680515605,16944,15,FALSE,0.299,2,8,12,1,2,0,0,127,157
27866,29817,Dairy,80,for_profit,68,FALSE,2,0,0,0,0,21,TRUE,0,2,13,11,1,0,2,0,106,154
27867,30082,Forest,128,for_profit,57,FALSE,3,1120823,3,899367.1535840163,75337,10,FALSE,0.797,2,15,16,0,0,0,0,75,180
27868,30104,Dairy,48,for_profit,44,FALSE,4,395123,3,395123,26558,5,FALSE,0.452,1,15,11,0,0,0,0,101,201
27869,28844,Dairy,176,for_profit,73,FALSE,3,1501927,3,462335.5738159808,100953,20,FALSE,0.136,2,12,16,2,0,1,2,47,148
27870,29200,Dairy,112,for_profit,53,TRUE,4,3680,3,3680,247,0,FALSE,0,3,14,11,2,2,3,3,96,83
27871,28891,Dairy,272,for_profit,48,FALSE,2,1220442,3,1220442,82033,5,FALSE,0.267,1,13,18,1,0,0,1,42,226
27872,30068,Forest,240,for_profit,48,FALSE,4,1962281,3,1574567.1506580405,131896,10,FALSE,0.485,3,15,13,0,0,0,0,80,186
27873,30172,Dairy,144,for_profit,48,FALSE,2,117181,3,117181,25587,15,FALSE,0.225,2,12,12,0,2,2,1,117,159
27874,29111,Dairy,64,for_profit,67,FALSE,2,877474,3,270111.293890185,58980,20,FALSE,0.267,2,15,15,0,0,0,0,67,184
27875,29230,Dairy,176,for_profit,72,TRUE,2,0,0,0,0,21,TRUE,0,3,13,10,0,1,0,0,111,76
27876,28881,Dairy,64,for_profit,46,FALSE,3,400416,3,400416,26914,5,FALSE,0.343,1,11,10,0,1,1,1,83,253
27877,29800,Dairy,176,for_profit,49,FALSE,4,1951254,3,1565718.9011105464,131155,10,FALSE,0.488,1,23,12,0,0,0,0,68,272
27878,30317,Dairy,96,pro_environmental,64,TRUE,2,640,3,366.9527165559185,43,15,FALSE,0,3,17,13,0,2,0,0,57,184
27879,29896,Crop,48,for_profit,74,TRUE,3,1440,3,1155.4801259083579,97,10,FALSE,0.001,1,13,10,1,0,0,0,77,186
27880,30535,Dairy,96,for_profit,54,TRUE,3,2720,3,2182.5735711602315,183,10,FALSE,0.001,3,14,13,2,0,2,2,114,73
27881,29272,Dairy,96,for_profit,69,TRUE,2,0,0,0,0,21,TRUE,0,3,11,12,2,0,3,0,64,163
27882,30235,Forest,240,for_profit,49,FALSE,3,704148,3,216756.65304064396,47330,20,FALSE,0.172,2,14,14,1,0,1,0,118,99
27883,28730,SNB,80,pro_environmental,54,FALSE,1,20024,3,20024,4372,20,FALSE,0.113,2,13,12,2,0,2,0,62,123
27884,29367,Forest,144,for_profit,82,FALSE,2,0,0,0,0,21,TRUE,0,2,11,14,1,0,0,0,72,154
27885,30308,Forest,128,for_profit,52,TRUE,3,879584,3,879584,103114,15,FALSE,1.007,1,14,12,0,0,0,0,49,266
27886,29617,Dairy,96,for_profit,61,FALSE,3,1080946,3,867369.1806806498,72657,10,FALSE,0.525,3,10,8,3,2,3,2,60,146
27887,28941,Dairy,112,pro_environmental,61,FALSE,2,1225563,3,377262.9247976998,82377,20,FALSE,0.165,2,12,14,2,0,2,2,114,152
27888,29464,Dairy,96,for_profit,60,TRUE,3,784127,3,449589.89496069174,52706,15,FALSE,0.279,1,10,12,0,1,1,0,55,185
27889,28898,Dairy,144,for_profit,73,FALSE,2,800,3,800,54,5,FALSE,0,2,12,13,1,0,2,1,117,133
27890,29557,Dairy,80,pro_environmental,55,FALSE,4,615913,3,615913,41399,5,FALSE,0.416,2,9,16,0,0,1,0,53,161
27891,28789,Forest,112,for_profit,42,FALSE,2,121773,3,69820.20805181854,10201,15,FALSE,0.135,2,9,11,0,0,0,1,140,64
27892,28822,Dairy,240,for_profit,65,FALSE,2,2338097,3,1340579.758939443,157157,15,FALSE,0.293,3,13,15,2,0,1,0,41,248
27893,30027,SNB,256,for_profit,73,FALSE,5,800,3,800,54,0,FALSE,0.023,5,9,12,3,0,1,3,92,278
27894,29197,Forest,64,for_profit,54,FALSE,3,269376,3,216151.8155532568,18106,10,FALSE,0.49,2,10,11,0,0,0,0,110,57
27895,29816,Dairy,128,for_profit,52,FALSE,3,1998502,3,1998502,134331,5,FALSE,0.758,3,13,11,2,2,3,2,70,188
27896,30471,Dairy,64,for_profit,79,FALSE,2,768637,3,236608.18964649682,51664,20,FALSE,0.207,1,10,13,1,0,0,0,144,91
27897,29891,Forest,176,for_profit,73,FALSE,1,0,0,0,0,21,TRUE,0,2,13,16,0,0,0,1,107,119
27898,29907,Forest,144,for_profit,44,FALSE,4,876203,3,876203,58895,5,FALSE,0.334,1,10,11,0,0,0,0,60,241
27899,29430,Crop,112,for_profit,50,FALSE,3,39960,3,39960,8725,15,FALSE,0.048,3,12,11,3,0,0,1,98,140
27900,29497,SNB,80,for_profit,62,TRUE,3,800,3,800,54,0,FALSE,0,2,11,8,2,0,2,2,39,243
27901,29269,Forest,96,pro_environmental,52,FALSE,3,157238,3,126170.40558165165,10569,10,FALSE,0.19,1,13,15,0,0,0,0,47,262
27902,30151,SNB,48,for_profit,78,TRUE,3,0,0,0,0,21,TRUE,0,1,13,13,1,0,0,0,63,266
27903,29601,Dairy,464,for_profit,65,FALSE,2,64,3,64,4,0,FALSE,0.214,5,12,16,5,4,4,4,175,20
27904,28943,Dairy,80,pro_environmental,77,FALSE,4,1861,3,1861,156,5,FALSE,0.002,3,13,11,2,1,1,1,53,222
27905,29358,Dairy,128,for_profit,65,TRUE,2,832,3,832,56,0,FALSE,0.224,4,12,11,3,3,2,3,103,111
27906,29050,Dairy,64,for_profit,70,TRUE,1,192,3,154.06401678778104,13,10,FALSE,0,2,12,13,0,1,1,0,59,211
27907,30128,Forest,32,for_profit,56,FALSE,2,391120,3,313841.2408647756,26289,10,FALSE,0.831,2,19,13,0,0,1,1,134,61
27908,28963,Dairy,112,pro_environmental,73,FALSE,2,960,3,960,65,0,FALSE,0.175,2,11,17,1,2,1,1,131,123
27909,29097,Forest,80,for_profit,63,FALSE,3,270624,3,155165.95619567015,18190,15,FALSE,0.334,2,12,16,0,0,0,1,83,225
27910,29708,Forest,96,for_profit,59,FALSE,2,1052658,3,844670.4155405834,70755,10,FALSE,0.722,3,13,11,1,0,1,0,136,113
27911,28768,SNB,192,for_profit,41,TRUE,4,992,3,992,67,0,FALSE,0.035,5,10,10,4,0,1,4,132,46
27912,28731,Dairy,64,for_profit,50,TRUE,3,1440,3,1440,97,0,FALSE,0.001,2,13,11,2,0,2,2,87,169
27913,29138,Dairy,48,pro_environmental,69,TRUE,2,865,3,865,72,5,FALSE,0.001,3,11,9,3,1,3,3,110,95
27914,29191,Dairy,64,pro_environmental,45,TRUE,2,2708,3,2708,591,15,FALSE,0.001,1,14,13,1,1,1,0,76,150
27915,29166,Dairy,48,for_profit,60,FALSE,3,355012,3,109282.7259457743,41618,20,FALSE,0.111,2,15,8,1,0,2,0,113,161
27916,29909,Crop,128,for_profit,46,TRUE,2,4332,3,3476.06937877431,363,10,FALSE,0.002,3,9,10,1,0,0,1,44,228
27917,29739,Dairy,144,for_profit,70,TRUE,1,0,0,0,0,21,TRUE,0,4,16,11,3,3,4,2,137,67
27918,29614,Dairy,256,for_profit,63,TRUE,2,832,3,832,56,5,FALSE,0,3,9,9,2,1,1,0,56,250
27919,30521,Dairy,32,pro_environmental,61,FALSE,2,406351,3,326062.8504465188,27313,10,FALSE,0.487,2,16,17,0,0,0,0,124,111
27920,29241,SNB,128,for_profit,74,FALSE,1,0,0,0,0,21,TRUE,0,3,11,11,2,0,0,2,144,96
27921,30589,Dairy,96,for_profit,61,FALSE,2,999359,3,801902.4049636462,67173,10,FALSE,0.404,3,8,10,0,2,2,2,63,177
27922,29515,Dairy,96,for_profit,70,FALSE,2,163406,3,50300.98451853796,35680,20,FALSE,0.029,1,11,11,1,1,0,0,16,319
27923,30426,SNB,96,for_profit,58,TRUE,2,4551,3,4551,534,15,FALSE,0.02,2,17,14,1,0,2,2,91,96
27924,28852,Forest,224,for_profit,42,FALSE,2,294255,3,294255,19779,5,FALSE,0.637,3,12,18,1,0,1,1,179,15
27925,29117,Forest,112,for_profit,49,TRUE,3,0,0,0,0,21,TRUE,0,1,10,9,0,0,0,0,98,125
27926,29112,Dairy,144,for_profit,74,TRUE,3,1813,3,1813,396,15,FALSE,0,2,11,16,0,2,1,2,100,117
27927,29459,Forest,48,for_profit,49,TRUE,2,0,0,0,0,21,TRUE,0,1,16,8,0,0,0,0,132,92
27928,30069,Dairy,80,for_profit,64,FALSE,2,0,0,0,0,21,TRUE,0,1,13,11,0,0,1,0,89,139
27929,29762,Dairy,80,for_profit,55,FALSE,3,792734,3,792734,53284,5,FALSE,0.536,2,12,11,1,1,2,0,88,237
27930,29198,Forest,32,pro_environmental,44,TRUE,4,0,0,0,0,21,TRUE,0,1,12,13,0,0,0,0,52,146
27931,28805,Dairy,80,pro_environmental,41,TRUE,3,1920,3,1920,129,0,FALSE,0.028,2,14,11,1,0,2,1,131,79
27932,29089,Dairy,64,for_profit,45,TRUE,4,0,0,0,0,21,TRUE,0,1,12,12,0,0,0,0,127,30
27933,30468,Dairy,80,for_profit,69,TRUE,2,3200,3,3200,215,0,FALSE,0,1,9,14,1,1,1,0,55,273
27934,30459,Dairy,64,for_profit,40,TRUE,2,0,0,0,0,21,TRUE,0,1,11,14,0,0,1,0,109,77
27935,29748,Dairy,144,for_profit,70,TRUE,1,0,0,0,0,21,TRUE,0,1,12,15,1,0,1,1,90,190
27936,30323,Dairy,144,pro_environmental,56,TRUE,2,8973,3,8973,1959,15,FALSE,0.001,1,13,9,1,1,1,1,57,221
27937,29755,Dairy,64,for_profit,74,TRUE,1,5254,3,5254,440,5,FALSE,0.002,1,12,11,1,1,0,1,59,177
27938,30278,Dairy,128,for_profit,83,FALSE,2,0,0,0,0,21,TRUE,0,2,13,16,0,0,0,0,69,175
27939,29038,Dairy,112,pro_environmental,70,FALSE,2,23277,3,23277,5083,15,FALSE,0.056,3,14,12,3,3,2,0,72,163
27940,30380,SNB,96,for_profit,57,TRUE,3,1600,3,1600,108,0,FALSE,0.153,2,12,9,1,0,1,2,93,208
27941,29002,Dairy,64,pro_environmental,33,FALSE,3,653248,3,653248,43909,5,FALSE,0.519,1,12,9,0,0,0,0,82,201
27942,29019,SNB,128,for_profit,55,FALSE,2,62040,3,62040,7273,15,FALSE,0.197,3,7,10,2,0,2,3,143,61
27943,30013,Forest,80,for_profit,55,TRUE,3,0,0,0,0,21,TRUE,0,2,14,10,0,0,0,0,130,57
27944,29796,Dairy,80,for_profit,68,FALSE,1,1600,3,1600,108,0,FALSE,0,2,10,13,2,2,2,1,87,122
27945,29055,Dairy,144,for_profit,74,TRUE,1,2605,3,2605,305,10,FALSE,0.001,4,13,12,4,2,1,3,57,146
27946,28929,Crop,96,for_profit,36,TRUE,2,4000,3,2293.4544784744908,269,15,FALSE,0.001,2,15,10,1,0,0,2,132,131
27947,28865,Dairy,128,for_profit,67,FALSE,1,0,0,0,0,21,TRUE,0,2,10,13,0,2,0,2,132,73
27948,28783,Crop,64,for_profit,50,FALSE,2,681929,3,390993.27976290777,45836,15,FALSE,0.281,1,8,8,1,0,0,0,110,141
27949,29567,SNB,144,for_profit,61,TRUE,3,2400,3,2400,161,0,FALSE,0.202,3,15,9,1,0,0,0,33,257
27950,29437,SNB,64,for_profit,66,TRUE,3,6726,3,6726,452,5,FALSE,0.039,2,15,10,2,0,1,2,54,116
27951,30155,Dairy,128,pro_environmental,59,TRUE,3,0,0,0,0,21,TRUE,0,4,12,8,4,4,4,4,119,63
27952,28823,Dairy,32,for_profit,74,FALSE,2,960,3,960,65,5,FALSE,0.002,1,16,10,1,0,0,0,78,181
27953,28817,Forest,160,pro_environmental,41,FALSE,3,475230,3,475230,31943,5,FALSE,0.43,1,11,10,0,0,0,0,58,226
27954,29892,Dairy,112,for_profit,58,TRUE,3,0,0,0,0,21,TRUE,0,2,16,8,0,0,2,0,77,155
27955,30195,Dairy,128,pro_environmental,49,FALSE,2,927043,3,927043,62312,5,FALSE,0.436,3,15,14,0,2,0,1,9,304
27956,29503,Dairy,32,for_profit,74,FALSE,2,0,0,0,0,21,TRUE,0,2,14,13,0,2,1,1,45,231
27957,29149,Dairy,80,for_profit,42,TRUE,2,0,0,0,0,21,TRUE,0,2,13,12,0,0,0,0,123,146
27958,29547,SNB,128,for_profit,48,FALSE,4,256635,3,205928.22368923016,17250,10,FALSE,0.511,2,12,13,0,0,1,1,142,61
27959,30086,Dairy,112,pro_environmental,62,FALSE,2,780381,3,780381,91484,15,FALSE,0.383,1,16,14,1,0,0,1,41,265
27960,29311,SNB,208,for_profit,60,TRUE,2,3998,3,3998,873,15,FALSE,0.001,2,9,6,1,0,2,0,138,62
27961,30054,Dairy,80,pro_environmental,63,FALSE,1,0,0,0,0,21,TRUE,0,2,10,12,2,2,2,2,72,140
27962,29499,SNB,64,for_profit,59,FALSE,2,186341,3,149523.14037631202,12525,10,FALSE,0.327,2,9,14,1,0,1,1,51,159
27963,29103,Crop,112,for_profit,69,FALSE,3,854080,3,489698.4002438733,57408,15,FALSE,0.207,1,18,15,1,0,0,1,50,270
27964,29346,Forest,48,for_profit,62,FALSE,1,154274,3,123792.04232249028,10370,10,FALSE,0.373,1,11,10,0,0,0,0,140,213
27965,29479,Dairy,112,for_profit,59,TRUE,1,0,0,0,0,21,TRUE,0,3,13,13,2,2,2,0,84,189
27966,28829,Forest,32,for_profit,63,FALSE,3,31428,3,9674.426529311108,2112,20,FALSE,0.062,1,12,10,0,0,0,0,143,64
27967,30290,Dairy,48,for_profit,71,FALSE,2,696304,3,214342.04817568543,46803,20,FALSE,0.202,1,13,13,0,1,0,1,112,117
27968,29283,Dairy,128,for_profit,63,TRUE,3,0,0,0,0,21,TRUE,0,2,9,14,0,0,0,0,141,53
27969,30282,Dairy,64,for_profit,66,FALSE,3,613204,3,188761.5198383508,51366,20,FALSE,0.196,2,16,12,1,0,1,0,115,49
27970,30499,Dairy,128,for_profit,68,TRUE,3,0,0,0,0,21,TRUE,0,1,10,15,1,1,1,0,42,263
27971,28997,SNB,320,for_profit,79,TRUE,1,60977,3,60977,4099,5,FALSE,0.053,3,16,10,2,0,3,1,125,136
27972,29322,Forest,96,for_profit,75,FALSE,1,0,0,0,0,21,TRUE,0,1,17,13,0,0,0,0,128,215
27973,29756,Dairy,32,pro_environmental,64,TRUE,3,1877,3,577.7936424690388,220,20,FALSE,0.001,1,10,9,1,0,1,1,92,230
27974,28901,Dairy,80,for_profit,77,FALSE,1,1920,3,1920,129,0,FALSE,0,2,12,13,1,1,0,0,114,157
27975,30230,Dairy,80,for_profit,62,TRUE,2,0,0,0,0,21,TRUE,0,1,10,12,1,0,0,1,106,78
27976,29223,Dairy,112,for_profit,64,FALSE,2,4128,3,4128,277,0,FALSE,0.173,2,8,12,1,1,1,1,92,128
27977,29402,Dairy,80,for_profit,63,TRUE,2,0,0,0,0,21,TRUE,0,2,11,16,0,0,0,0,93,131
27978,29684,Forest,96,for_profit,58,FALSE,3,320974,3,257554.91523146475,21574,10,FALSE,0.525,2,15,12,0,0,0,0,91,280
27979,29267,SNB,64,for_profit,64,TRUE,3,1440,3,825.6436122508167,97,15,FALSE,0.004,2,9,8,1,0,0,0,20,272
27980,29774,Crop,64,for_profit,67,FALSE,2,617672,3,190136.8965003389,41517,20,FALSE,0.136,1,15,15,1,0,0,0,84,170
27981,28736,SNB,32,for_profit,63,TRUE,2,0,0,0,0,21,TRUE,0,1,15,16,1,0,1,1,127,61
27982,30572,Dairy,112,pro_environmental,47,FALSE,4,1303358,3,1303358,87606,5,FALSE,0.577,3,11,14,0,2,0,0,69,150
27983,29086,SNB,112,for_profit,56,FALSE,2,228391,3,228391,15351,5,FALSE,0.637,1,9,20,0,0,0,0,44,253
27984,29449,Dairy,256,pro_environmental,72,TRUE,2,3056,3,3056,358,10,FALSE,0.001,4,12,11,2,2,2,4,55,197
27985,30513,Forest,256,for_profit,47,FALSE,3,425333,3,425333,28589,5,FALSE,0.561,1,10,16,0,0,0,0,82,249
27986,29821,Dairy,128,pro_environmental,60,TRUE,3,512,3,512,34,0,FALSE,0.227,1,13,13,0,0,1,1,18,288
27987,30100,SNB,128,for_profit,75,FALSE,3,65982,3,65982,14407,15,FALSE,0.233,3,16,15,2,0,2,3,121,138
27988,30060,Dairy,96,for_profit,76,TRUE,2,64,3,64,4,5,FALSE,0,2,11,14,0,0,1,2,53,154
27989,29543,Dairy,80,for_profit,72,TRUE,2,282,3,226.2815246570534,24,10,FALSE,0,2,12,14,2,2,2,2,107,74
27990,30291,Forest,48,for_profit,47,TRUE,3,1122,3,900.3115981035954,94,10,FALSE,0.004,2,15,16,1,0,1,1,50,137
27991,29855,Dairy,176,for_profit,62,FALSE,5,1257037,3,1257037,84493,5,FALSE,0.397,6,14,16,6,2,5,4,36,257
27992,29381,Dairy,64,for_profit,44,TRUE,2,0,0,0,0,21,TRUE,0,1,15,15,1,1,1,0,112,102
27993,29641,Forest,240,for_profit,60,FALSE,2,259563,3,148823.98119906857,21743,15,FALSE,0.129,3,10,9,1,0,2,2,91,274
27994,29397,Dairy,64,for_profit,58,TRUE,2,992,3,992,67,0,FALSE,0,2,11,8,1,0,2,1,32,252
27995,30512,Dairy,48,for_profit,67,TRUE,2,1920,3,1920,129,0,FALSE,0,1,10,11,0,1,0,0,69,263
27996,29053,Dairy,112,for_profit,58,TRUE,2,0,0,0,0,21,TRUE,0,3,13,10,1,2,0,1,118,85
27997,29803,Dairy,96,for_profit,49,FALSE,2,840653,3,481999.846923254,56505,15,FALSE,0.276,1,11,9,1,1,1,1,78,235
27998,28974,Dairy,96,for_profit,58,FALSE,2,0,0,0,0,21,TRUE,0,2,13,9,1,0,0,1,82,155
27999,29788,Forest,80,for_profit,63,FALSE,3,187449,3,187449,12600,5,FALSE,0.343,1,9,13,0,0,0,0,15,314
28000,29637,SNB,80,for_profit,55,TRUE,2,2138,3,2138,251,10,FALSE,0.007,2,14,12,1,0,1,2,93,81
28001,29885,Dairy,32,for_profit,61,FALSE,2,197181,3,197181,13254,5,FALSE,0.338,1,12,11,1,0,1,0,85,271
28002,29137,Crop,112,for_profit,57,TRUE,3,1075,3,616.3658910900194,126,15,FALSE,0,2,11,11,2,0,0,1,109,90
28003,30178,Dairy,48,for_profit,77,TRUE,2,999,3,307.52043091452833,218,20,FALSE,0,2,8,12,1,0,1,0,82,153
28004,30429,Forest,272,for_profit,37,TRUE,3,0,0,0,0,21,TRUE,0,3,8,13,0,0,0,0,129,162
28005,29616,Dairy,80,for_profit,70,FALSE,3,233438,3,133844.85663653206,27366,15,FALSE,0.092,1,11,11,0,0,1,1,68,280
28006,29865,Forest,96,for_profit,74,FALSE,1,246338,3,75829.79770833142,16558,20,FALSE,0.114,1,11,13,0,0,0,0,81,195
28007,29073,Forest,112,for_profit,52,FALSE,4,607367,3,607367,40825,0,FALSE,1.106,1,10,12,0,0,0,0,84,199
28008,28908,Forest,96,for_profit,33,TRUE,3,673755,3,673755,78985,15,FALSE,1.015,1,15,14,0,0,0,0,50,150
28009,29842,Dairy,64,for_profit,71,FALSE,1,2914,3,2914,244,5,FALSE,0.001,2,11,12,0,2,2,1,145,76
28010,29517,Forest,96,for_profit,56,FALSE,2,1421744,3,1421744,95564,5,FALSE,0.753,1,15,9,0,0,0,0,93,254
28011,29915,Dairy,64,pro_environmental,66,FALSE,2,1294,3,1294,152,10,FALSE,0.001,3,11,12,0,0,3,3,36,251
28012,30378,Dairy,48,pro_environmental,66,TRUE,3,1920,3,1920,129,0,FALSE,0,1,13,13,1,1,0,1,55,144
28013,28950,SNB,160,for_profit,79,FALSE,2,0,0,0,0,21,TRUE,0,3,15,14,1,0,1,1,177,28
28014,29419,Dairy,192,for_profit,54,TRUE,2,640,3,513.5467226259368,43,10,FALSE,0,2,10,10,2,2,1,2,108,84
28015,28733,Forest,32,for_profit,64,FALSE,2,193824,3,59664.50450608363,13028,20,FALSE,0.21,1,12,13,0,0,0,0,64,185
28016,29777,SNB,112,for_profit,65,FALSE,3,241481,3,241481,16231,5,FALSE,0.736,3,9,13,1,0,3,3,99,216
28017,28935,Dairy,160,for_profit,69,TRUE,1,1971,3,1971,165,5,FALSE,0,4,13,14,2,0,2,4,123,80
28018,28802,Dairy,112,for_profit,55,FALSE,4,1077246,3,1077246,90237,10,FALSE,0.602,2,12,12,0,0,0,0,107,96
28019,29941,Dairy,80,for_profit,57,FALSE,2,748425,3,600548.7591895574,50306,10,FALSE,0.481,3,15,12,0,0,1,0,123,58
28020,30532,Dairy,96,for_profit,48,FALSE,2,230668,3,230668,50367,15,FALSE,0.239,2,12,11,0,2,1,2,106,80
28021,29890,Dairy,96,for_profit,74,FALSE,1,640,3,197.0100858711693,43,20,FALSE,0,2,13,12,0,1,1,1,130,23
28022,30372,Dairy,64,for_profit,54,TRUE,1,0,0,0,0,21,TRUE,0,3,16,11,2,3,3,2,87,272
28023,29162,Dairy,80,for_profit,47,TRUE,2,0,0,0,0,21,TRUE,0,2,15,7,0,0,0,1,131,134
28024,29764,Dairy,64,for_profit,57,TRUE,2,0,0,0,0,21,TRUE,0,2,16,11,0,2,2,2,108,166
28025,28779,Dairy,96,for_profit,58,TRUE,2,800,3,800,54,0,FALSE,0,2,13,14,0,2,0,2,84,163
28026,30024,Dairy,64,for_profit,67,TRUE,2,1280,3,1280,86,0,FALSE,0,3,13,12,0,1,1,2,89,263
28027,30488,SNB,80,for_profit,55,FALSE,3,119519,3,119519,14011,15,FALSE,0.466,1,16,11,1,0,0,1,51,236
28028,29518,Forest,160,pro_environmental,47,TRUE,2,0,0,0,0,21,TRUE,0,3,12,17,0,0,0,0,25,256
28029,29323,Forest,96,for_profit,69,TRUE,3,0,0,0,0,21,TRUE,0,1,14,10,0,0,0,0,143,239
28030,28863,Dairy,96,for_profit,51,TRUE,4,3200,3,3200,215,0,FALSE,0,2,11,12,0,1,2,2,130,80
28031,29000,Dairy,128,for_profit,57,FALSE,4,903267,3,903267,60714,5,FALSE,0.38,2,12,16,0,0,2,0,87,248
28032,29106,SNB,48,pro_environmental,52,TRUE,3,2143,3,2143,144,5,FALSE,0.019,2,14,12,2,0,2,2,11,289
28033,30374,Dairy,64,for_profit,71,TRUE,1,1165,3,1165,137,10,FALSE,0.001,2,11,9,0,2,1,2,93,87
28034,29999,Crop,80,for_profit,68,FALSE,2,1079698,3,332361.55577332777,72573,20,FALSE,0.221,2,13,14,0,0,0,1,130,82
28035,28739,SNB,256,pro_environmental,66,TRUE,2,14896,3,14896,1248,10,FALSE,0.026,2,9,11,2,0,2,2,108,48
28036,28855,Forest,64,for_profit,45,FALSE,3,349682,3,349682,23504,5,FALSE,0.487,2,11,11,0,0,0,0,72,166
28037,29341,Dairy,80,for_profit,71,TRUE,2,800,3,641.9334032824211,54,10,FALSE,0,3,11,14,3,0,1,2,128,129
28038,29752,Dairy,64,for_profit,53,TRUE,5,799688,3,458512.0062455771,53752,15,FALSE,0.412,3,9,11,0,2,3,1,103,107
28039,29866,Dairy,64,for_profit,45,TRUE,3,4101,3,2351.3642040559716,344,15,FALSE,0.002,1,17,12,1,1,0,0,71,142
28040,30184,SNB,64,for_profit,69,FALSE,2,378070,3,303369.70222373115,25412,10,FALSE,0.396,2,16,11,1,1,0,0,76,164
28041,29675,Dairy,48,for_profit,78,FALSE,1,2400,3,2400,161,5,FALSE,0.002,1,12,8,1,0,0,1,106,132
28042,28770,Dairy,64,pro_environmental,50,TRUE,2,1177,3,362.3138610474473,138,20,FALSE,0,2,13,14,2,2,2,2,118,82
28043,28771,Crop,96,pro_environmental,60,FALSE,3,1093744,3,627113.0187761509,73517,15,FALSE,0.285,1,11,10,0,0,0,0,128,131
28044,29015,Dairy,192,for_profit,62,FALSE,3,104247,3,104247,12221,10,FALSE,0.121,7,13,12,5,0,0,3,115,62
28045,30411,Dairy,128,for_profit,61,FALSE,4,922394,3,922394,61999,5,FALSE,0.325,1,10,13,0,0,0,0,122,118
28046,28968,Dairy,48,for_profit,57,FALSE,2,672134,3,385377.18310874334,45178,15,FALSE,0.444,2,14,12,0,0,2,2,60,120
28047,29478,Forest,128,for_profit,67,TRUE,3,0,0,0,0,21,TRUE,0,1,11,8,0,0,0,0,49,213
28048,29013,Dairy,80,for_profit,63,FALSE,2,2821,3,2821,236,5,FALSE,0.001,2,10,12,0,2,1,0,91,131
28049,30136,Crop,48,for_profit,76,TRUE,2,2242,3,2242,188,5,FALSE,0.001,2,10,12,2,0,0,2,107,90
28050,29332,Crop,80,for_profit,78,FALSE,1,0,0,0,0,21,TRUE,0,1,11,8,1,0,0,0,110,131
28051,30423,Dairy,32,for_profit,74,TRUE,3,0,0,0,0,21,TRUE,0,1,17,15,0,0,0,0,78,261
28052,29592,Forest,32,for_profit,66,TRUE,3,129506,3,39865.60653254946,8705,20,FALSE,0.235,1,10,8,0,0,0,0,152,224
28053,30391,Dairy,64,for_profit,79,TRUE,2,1280,3,394.0201717423386,86,20,FALSE,0,2,16,15,2,2,2,2,97,114
28054,29171,Forest,64,pro_environmental,69,FALSE,3,252156,3,144577.0768685534,16949,15,FALSE,0.335,1,12,12,0,0,0,0,44,127
28055,29452,SNB,64,for_profit,73,TRUE,2,0,0,0,0,21,TRUE,0,1,13,13,0,0,0,0,12,307
28056,30061,Dairy,128,for_profit,45,FALSE,2,5600,3,5600,376,0,FALSE,0.147,2,15,10,2,1,1,2,97,245
28057,29520,Dairy,96,for_profit,64,FALSE,2,945721,3,758862.3751070681,63567,10,FALSE,0.434,1,13,11,0,0,1,0,38,263
28058,29986,Forest,64,for_profit,68,TRUE,3,64,3,64,4,5,FALSE,0,2,15,10,1,0,1,0,147,229
28059,30470,Forest,48,for_profit,49,TRUE,4,64,3,64,4,5,FALSE,0,2,7,12,0,0,1,0,83,212
28060,29330,SNB,64,for_profit,75,FALSE,2,1337,3,411.56638251523964,292,20,FALSE,0.002,2,10,11,2,0,1,1,150,236
28061,29150,Dairy,32,for_profit,50,TRUE,3,39792,3,39792,8689,15,FALSE,0.115,1,14,11,1,1,0,0,59,219
28062,30284,Dairy,128,for_profit,60,TRUE,2,3840,3,1182.060515227016,258,20,FALSE,0.001,1,14,13,1,0,0,0,100,198
28063,29673,SNB,32,for_profit,40,FALSE,2,32449,3,32449,2181,5,FALSE,0.501,1,12,12,1,0,0,1,61,132
28064,29433,Dairy,96,for_profit,49,TRUE,3,2209,3,2209,482,15,FALSE,0,3,11,9,1,1,0,1,66,168
28065,30012,SNB,96,for_profit,68,TRUE,2,0,0,0,0,21,TRUE,0,1,11,11,0,0,0,0,180,18
28066,29010,Forest,112,for_profit,63,FALSE,4,280953,3,225441.39431550752,18884,10,FALSE,0.379,1,8,11,0,0,0,0,111,250
28067,30269,SNB,624,for_profit,59,TRUE,4,0,0,0,0,21,TRUE,0,3,15,17,0,0,0,0,31,246
28068,28848,Dairy,48,for_profit,46,FALSE,4,499645,3,499645,33584,5,FALSE,0.53,1,12,15,0,0,0,0,96,247
28069,30094,Dairy,80,for_profit,69,FALSE,2,774722,3,238481.3246035688,52073,20,FALSE,0.152,1,14,13,0,0,0,0,44,144
28070,30087,Dairy,64,for_profit,70,TRUE,2,1728,3,1728,116,5,FALSE,0.002,2,13,14,0,2,1,2,79,125
28071,29448,Dairy,96,pro_environmental,61,FALSE,3,334836,3,268678.0162768409,28048,10,FALSE,0.154,1,13,11,0,0,1,1,84,252
28072,28785,Dairy,224,for_profit,60,TRUE,3,5549,3,3181.5947252637375,651,15,FALSE,0.001,5,15,13,5,3,0,1,134,67
28073,28904,Dairy,224,for_profit,74,TRUE,1,0,0,0,0,21,TRUE,0,1,9,9,0,0,0,0,31,270
28074,29310,SNB,32,for_profit,73,FALSE,3,19452,3,19452,4247,20,FALSE,0.147,2,11,12,0,0,1,0,17,309
28075,30206,Forest,64,for_profit,65,FALSE,3,0,0,0,0,21,TRUE,0,1,12,12,0,0,0,0,123,128
28076,29356,SNB,240,for_profit,34,FALSE,3,347935,3,347935,23387,5,FALSE,0.729,3,10,13,3,0,3,3,111,194
28077,28903,SNB,176,for_profit,59,TRUE,3,877233,3,877233,191548,20,FALSE,1.891,1,10,13,0,0,1,0,104,75
28078,30326,Dairy,64,pro_environmental,65,TRUE,2,2884,3,2884,242,5,FALSE,0.001,2,15,12,2,2,2,2,133,70
28079,29109,Dairy,48,for_profit,48,FALSE,2,570812,3,327282.83444174525,38368,15,FALSE,0.421,3,11,7,0,0,2,1,87,189
28080,30492,Forest,112,pro_environmental,66,FALSE,3,295826,3,169615.86613729867,19884,15,FALSE,0.285,1,10,16,0,0,0,0,133,231
28081,29997,Dairy,80,for_profit,81,TRUE,2,2755,3,2755,231,5,FALSE,0.001,2,13,13,2,0,1,1,122,141
28082,29471,Dairy,112,for_profit,62,FALSE,2,762640,3,762640,51261,5,FALSE,0.461,4,9,15,2,3,3,2,129,145
28083,29899,Dairy,80,for_profit,74,TRUE,2,5835,3,3345.5767204746635,684,15,FALSE,0.002,1,11,17,0,1,0,1,131,128
28084,28982,Forest,96,for_profit,52,FALSE,2,831215,3,666980.842261747,55871,10,FALSE,0.601,3,14,9,0,1,0,1,173,33
28085,28745,Forest,32,for_profit,67,TRUE,4,0,0,0,0,21,TRUE,0,1,15,12,0,0,0,0,78,268
28086,30022,Dairy,64,pro_environmental,50,TRUE,2,1920,3,1920,129,0,FALSE,0,1,14,13,1,0,1,1,81,134
28087,28803,Dairy,112,pro_environmental,37,FALSE,3,552597,3,552597,37143,5,FALSE,0.271,1,12,14,0,1,1,1,62,260
28088,28734,Dairy,144,for_profit,56,FALSE,2,960,3,960,65,5,FALSE,0,4,15,9,2,1,0,1,89,186
28089,29009,Dairy,144,for_profit,77,FALSE,3,1051,3,1051,88,5,FALSE,0,2,13,9,0,1,2,0,107,158
28090,30095,Dairy,48,for_profit,82,FALSE,1,128,3,128,9,5,FALSE,0,2,15,19,1,0,1,0,127,221
28091,29864,Forest,80,for_profit,55,FALSE,4,216414,3,173654.21942245233,14546,10,FALSE,0.393,3,12,13,0,0,0,0,86,279
28092,29192,Dairy,48,pro_environmental,48,FALSE,3,411301,3,411301,27646,5,FALSE,0.428,3,8,11,1,0,3,3,127,142
28093,28977,Forest,96,pro_environmental,53,TRUE,2,617894,3,190205.23437387546,41532,20,FALSE,0.29,1,8,13,0,0,0,0,66,279
28094,30091,Dairy,80,for_profit,66,FALSE,3,0,0,0,0,21,TRUE,0,1,10,9,0,0,0,0,124,155
28095,29183,Dairy,80,for_profit,63,FALSE,2,1296880,3,743583.8110109994,87171,15,FALSE,0.439,2,15,9,1,0,0,1,79,160
28096,30413,Forest,80,for_profit,66,FALSE,3,251332,3,77367.09203464488,16893,20,FALSE,0.142,1,8,9,0,0,0,0,89,240
28097,29018,Dairy,80,for_profit,62,TRUE,2,624,3,624,136,15,FALSE,0.001,2,14,13,2,2,1,0,136,102
28098,30182,Forest,64,for_profit,72,TRUE,4,0,0,0,0,21,TRUE,0,1,12,8,0,0,0,0,48,269
28099,29207,Forest,272,for_profit,65,TRUE,5,0,0,0,0,21,TRUE,0,5,9,18,0,0,0,0,76,106
28100,29371,Dairy,80,for_profit,69,TRUE,2,619,3,619,73,10,FALSE,0,3,13,12,1,0,3,0,135,74
28101,28965,Dairy,64,for_profit,61,FALSE,3,99627,3,57122.497331744526,11679,15,FALSE,0.051,3,12,10,3,3,1,1,92,206
28102,29541,Dairy,64,for_profit,62,TRUE,3,0,0,0,0,21,TRUE,0,1,14,12,0,0,0,0,89,210
28103,29308,Dairy,128,for_profit,57,TRUE,5,1997330,3,614834.6168954103,134252,20,FALSE,0.244,1,12,11,0,0,0,0,65,196
28104,30502,Dairy,128,for_profit,34,FALSE,2,743050,3,743050,49945,5,FALSE,0.328,2,11,11,0,0,0,0,131,210
28105,28932,SNB,128,for_profit,44,FALSE,3,114907,3,114907,9625,10,FALSE,0.398,2,11,14,2,0,2,2,35,244
28106,29860,SNB,80,pro_environmental,65,TRUE,4,0,0,0,0,21,TRUE,0,3,7,6,2,0,2,2,107,268
28107,30185,Crop,48,for_profit,78,FALSE,2,256107,3,78836.97197219932,17214,20,FALSE,0.075,1,11,12,1,0,0,1,66,192
28108,29930,SNB,112,for_profit,51,TRUE,3,3144,3,3144,263,5,FALSE,0.015,1,16,12,1,0,1,1,51,216
28109,29256,Forest,96,for_profit,56,FALSE,2,650317,3,521825.2562780177,43712,10,FALSE,0.518,2,14,10,0,1,0,1,177,26
28110,30021,Dairy,80,for_profit,66,TRUE,2,960,3,960,65,5,FALSE,0.001,2,13,17,1,2,1,2,118,46
28111,29456,Dairy,64,for_profit,56,FALSE,4,573631,3,176579.83213806988,38557,20,FALSE,0.179,2,16,16,1,1,0,0,100,195
28112,29626,Dairy,112,for_profit,74,FALSE,2,0,0,0,0,21,TRUE,0,1,12,11,1,0,1,1,100,177
28113,29691,Crop,80,for_profit,57,TRUE,2,1600,3,492.52521467792326,108,20,FALSE,0,2,10,9,2,0,0,2,118,96
28114,28885,Dairy,96,for_profit,65,FALSE,2,1669,3,1669,140,5,FALSE,0.001,2,13,14,2,2,1,1,91,193
28115,29561,Crop,32,for_profit,39,FALSE,3,110443,3,110443,12947,10,FALSE,0.215,2,13,13,2,0,0,1,114,74
28116,30463,SNB,112,for_profit,55,FALSE,3,97438,3,97438,6549,5,FALSE,0.359,3,12,13,1,0,1,1,107,237
28117,29051,Forest,112,for_profit,52,TRUE,4,1265448,3,1265448,106002,10,FALSE,1.325,2,14,11,0,0,1,0,42,243
28118,30212,Dairy,64,for_profit,62,TRUE,4,0,0,0,0,21,TRUE,0,1,14,12,0,0,0,0,104,164
28119,29434,Dairy,80,for_profit,78,TRUE,2,0,0,0,0,21,TRUE,0,1,12,10,1,0,1,0,57,229
28120,29001,Dairy,32,for_profit,48,TRUE,3,800,3,800,54,0,FALSE,0,2,12,11,2,2,2,2,70,190
28121,30531,SNB,112,for_profit,60,FALSE,2,187253,3,187253,21952,15,FALSE,0.826,1,11,14,0,0,0,0,121,213
28122,29477,Dairy,64,for_profit,68,FALSE,2,256,3,256,17,5,FALSE,0,1,8,11,1,1,1,1,76,196
28123,30248,Crop,80,for_profit,66,TRUE,6,927848,3,531994.2877358998,62366,15,FALSE,0.315,1,8,11,0,0,0,0,71,241
28124,30255,Dairy,80,for_profit,63,FALSE,5,485706,3,485706,32647,5,FALSE,0.357,2,6,12,1,0,0,0,99,66
28125,29645,Forest,128,for_profit,42,FALSE,3,813344,3,652640.8524491718,54669,10,FALSE,0.524,2,10,11,0,0,1,0,129,91
28126,29757,SNB,144,for_profit,34,TRUE,3,1540791,3,1236356.512971156,103565,10,FALSE,0.471,1,10,14,0,0,0,0,80,253
28127,29017,Dairy,128,for_profit,52,TRUE,3,3840,3,3840,258,0,FALSE,0,1,12,10,1,1,1,1,91,138
28128,29768,Forest,64,for_profit,78,FALSE,1,0,0,0,0,21,TRUE,0,1,8,13,0,0,0,0,125,31
28129,30332,Forest,160,for_profit,55,FALSE,2,1496763,3,858189.4513912286,100606,15,FALSE,0.412,2,14,14,0,0,0,0,119,135
28130,29040,Forest,96,for_profit,52,TRUE,4,64,3,64,4,5,FALSE,0,3,12,11,0,0,1,0,126,162
28131,30487,Dairy,80,for_profit,66,FALSE,1,2309,3,2309,193,5,FALSE,0.002,3,12,13,1,2,0,2,88,108
28132,29995,Dairy,64,pro_environmental,71,TRUE,2,2560,3,2560,172,0,FALSE,0,1,16,11,0,1,1,1,102,66
28133,30480,Dairy,80,for_profit,53,TRUE,3,1317,3,1317,154,10,FALSE,0.001,2,11,14,1,1,2,0,119,80
28134,29653,Dairy,160,for_profit,57,FALSE,2,2560,3,2560,172,0,FALSE,0.21,4,9,12,0,2,2,1,14,317
28135,29057,Dairy,32,for_profit,66,TRUE,1,0,0,0,0,21,TRUE,0,1,12,15,0,0,0,0,47,239
28136,28976,Forest,96,pro_environmental,67,FALSE,3,778943,3,446617.5779565888,52357,15,FALSE,0.548,2,10,10,0,1,1,1,85,122
28137,29726,Dairy,128,pro_environmental,60,FALSE,4,646496,3,370677.2866289611,43455,15,FALSE,0.147,1,12,9,0,1,1,1,111,146
28138,30494,Dairy,112,for_profit,64,FALSE,2,801888,3,643448.3661141675,53899,10,FALSE,0.315,1,13,11,1,1,1,1,74,253
28139,30485,Forest,64,for_profit,74,FALSE,1,158192,3,158192,34542,20,FALSE,0.465,1,14,12,0,0,0,0,127,29
28140,30368,SNB,128,for_profit,66,FALSE,3,287302,3,164728.51464366954,19311,15,FALSE,0.317,3,10,12,0,0,1,1,97,74
28141,28992,Forest,48,for_profit,63,TRUE,3,0,0,0,0,21,TRUE,0,1,16,12,0,0,0,0,112,149
28142,29877,SNB,64,for_profit,48,TRUE,2,14266,3,8179.605397479271,1195,15,FALSE,0.032,2,11,10,1,0,1,2,101,142
28143,29185,Dairy,80,for_profit,64,TRUE,2,0,0,0,0,21,TRUE,0,2,13,14,2,1,0,0,110,52
28144,30506,Dairy,32,for_profit,77,TRUE,1,0,0,0,0,21,TRUE,0,1,12,10,0,0,0,0,143,216
28145,29526,Dairy,112,for_profit,55,TRUE,3,1052557,3,603497.8913749186,70748,15,FALSE,0.275,3,13,11,1,0,0,0,103,85
28146,29134,Dairy,48,for_profit,61,TRUE,3,448836,3,138164.40453448772,30169,20,FALSE,0.146,1,12,11,0,0,0,1,84,160
28147,29700,Dairy,96,pro_environmental,49,TRUE,4,2880,3,2880,194,0,FALSE,0.1,1,10,10,1,0,0,0,117,75
28148,30569,Forest,64,for_profit,54,FALSE,3,201112,3,115310.30426874045,13518,15,FALSE,0.267,1,8,12,0,0,0,0,33,248
28149,28821,SNB,64,for_profit,58,TRUE,3,3200,3,3200,215,0,FALSE,0,1,10,13,1,0,1,1,28,252
28150,28927,Dairy,80,pro_environmental,50,TRUE,2,3299,3,1015.5254270140431,720,20,FALSE,0.001,1,13,16,1,1,1,0,70,270
28151,28871,Dairy,64,pro_environmental,62,TRUE,2,640,3,640,43,0,FALSE,0,2,10,9,2,2,2,2,92,169
28152,29644,Dairy,80,for_profit,58,TRUE,4,3680,3,3680,247,5,FALSE,0.002,2,13,13,1,1,2,2,121,158
28153,30537,SNB,144,for_profit,58,FALSE,3,67415,3,67415,5647,5,FALSE,0.226,2,13,9,1,0,2,1,95,214
28154,30347,Dairy,64,for_profit,67,TRUE,3,2400,3,2400,161,5,FALSE,0.002,2,12,10,0,0,2,1,124,67
28155,30314,Dairy,64,for_profit,53,FALSE,3,570097,3,570097,38319,5,FALSE,0.453,1,11,10,1,1,1,1,60,200
28156,29851,Dairy,256,for_profit,72,TRUE,2,4000,3,4000,269,5,FALSE,0.001,3,15,13,2,0,0,3,98,206
28157,30189,SNB,96,pro_environmental,45,TRUE,2,2784,3,2784,187,5,FALSE,0.011,3,14,10,2,0,1,2,136,25
28158,29723,Dairy,96,for_profit,76,FALSE,2,0,0,0,0,21,TRUE,0,4,13,10,1,0,0,1,99,88
28159,29342,Forest,64,for_profit,50,FALSE,3,287393,3,230608.95821193102,19317,10,FALSE,0.528,1,12,11,0,0,0,0,43,269
28160,29521,Dairy,96,for_profit,76,FALSE,3,384,3,384,26,0,FALSE,0.182,1,15,9,1,1,1,1,7,307
28161,29640,Forest,80,pro_environmental,49,FALSE,3,401465,3,401465,26985,5,FALSE,0.735,1,14,10,0,0,0,0,62,172
28162,29082,Forest,32,for_profit,56,FALSE,2,158809,3,127431.0023023475,10674,10,FALSE,0.583,1,14,9,0,0,0,0,73,254
28163,29912,Dairy,80,for_profit,56,TRUE,1,2400,3,2400,161,0,FALSE,0,1,15,15,1,0,1,0,125,74
28164,29359,SNB,80,for_profit,55,TRUE,2,800,3,641.9334032824211,54,10,FALSE,0.002,3,14,10,2,0,0,1,59,196
28165,28807,Forest,64,for_profit,47,FALSE,3,135488,3,108717.84117991083,9107,10,FALSE,0.246,1,10,11,0,0,0,0,119,140
28166,29847,Dairy,192,for_profit,72,TRUE,3,640,3,640,43,0,FALSE,0.023,3,10,8,1,3,2,1,124,142
28167,29659,Dairy,112,for_profit,80,TRUE,1,0,0,0,0,21,TRUE,0,2,11,12,0,2,0,0,75,194
28168,29933,Dairy,96,pro_environmental,60,FALSE,2,556858,3,556858,37430,5,FALSE,0.306,3,6,9,3,0,2,3,91,171
28169,29937,SNB,64,for_profit,65,FALSE,5,62444,3,62444,5231,10,FALSE,0.482,1,11,13,0,0,0,1,118,214
28170,29028,Dairy,96,for_profit,63,FALSE,2,1108349,3,635486.9944406808,74498,15,FALSE,0.33,2,11,15,0,1,0,0,67,179
28171,28820,Forest,80,for_profit,80,TRUE,3,0,0,0,0,21,TRUE,0,2,13,11,0,0,0,0,109,125
28172,30249,Crop,112,for_profit,55,TRUE,1,5600,3,1723.8382513727315,376,20,FALSE,0.001,1,9,7,1,0,0,1,46,157
28173,28946,Dairy,80,for_profit,47,TRUE,2,1542,3,1542,337,15,FALSE,0,3,13,12,0,1,3,3,56,156
28174,30424,SNB,32,for_profit,54,TRUE,3,42994,3,13234.768174914147,3601,20,FALSE,0.14,1,10,15,0,0,0,1,66,145
28175,28854,SNB,112,pro_environmental,63,FALSE,3,205764,3,205764,13831,5,FALSE,0.746,2,13,13,1,0,0,0,141,76
28176,30036,Dairy,80,pro_environmental,43,FALSE,4,466219,3,466219,31337,5,FALSE,0.311,3,12,16,0,1,1,2,140,94
28177,30049,Dairy,64,for_profit,74,FALSE,2,555124,3,318287.9059771683,37313,15,FALSE,0.282,3,12,14,1,2,0,0,61,134
28178,30052,Dairy,128,for_profit,63,FALSE,2,1029323,3,1029323,69187,5,FALSE,0.413,2,11,12,2,1,2,0,56,216
28179,29451,Dairy,64,for_profit,71,TRUE,1,4327,3,1331.9728774446087,945,20,FALSE,0.001,1,12,13,1,1,1,1,105,89
28180,29392,Dairy,64,for_profit,57,TRUE,2,2560,3,2054.1868905037472,172,10,FALSE,0.002,1,18,11,0,1,1,0,134,215
28181,30427,Dairy,80,for_profit,65,TRUE,1,64,3,19.70100858711693,4,20,FALSE,0,2,13,18,1,2,1,0,88,135
28182,29054,Dairy,112,for_profit,78,TRUE,1,2400,3,1925.800209847263,161,10,FALSE,0.001,3,12,14,3,2,3,3,52,140
28183,29668,Crop,48,for_profit,60,FALSE,3,393498,3,315749.3879060326,26449,10,FALSE,0.312,1,10,14,0,0,0,1,69,266
28184,29091,Dairy,48,for_profit,76,TRUE,1,960,3,770.3200839389052,65,10,FALSE,0.001,2,9,10,2,0,0,0,128,106
28185,30042,SNB,112,for_profit,49,FALSE,2,191387,3,191387,16032,10,FALSE,0.558,3,13,8,3,0,0,1,71,132
28186,28880,Forest,96,for_profit,60,TRUE,4,0,0,0,0,21,TRUE,0,1,12,13,0,0,0,0,102,154
28187,29704,Forest,64,for_profit,64,FALSE,2,0,0,0,0,21,TRUE,0,1,14,11,0,0,0,0,85,192
28188,30085,Dairy,48,pro_environmental,84,TRUE,1,1892,3,1518.1724987629257,158,10,FALSE,0.002,3,9,10,3,2,3,3,83,160
28189,30105,SNB,80,for_profit,68,FALSE,2,134771,3,134771,11289,10,FALSE,0.438,3,13,14,2,0,2,0,103,159
28190,30250,Forest,48,for_profit,76,TRUE,3,0,0,0,0,21,TRUE,0,1,10,14,0,0,0,0,42,115
28191,30156,Dairy,96,for_profit,84,FALSE,2,2400,3,2400,161,0,FALSE,0,3,9,11,2,3,0,1,125,150
28192,28924,Forest,64,for_profit,70,TRUE,3,0,0,0,0,21,TRUE,0,1,15,9,0,0,0,0,55,222
28193,30477,Dairy,64,for_profit,71,FALSE,1,1354,3,1354,296,15,FALSE,0.001,2,12,12,1,2,0,0,139,78
28194,29822,Dairy,64,for_profit,43,TRUE,4,2073,3,1188.5827834694048,243,15,FALSE,0.001,2,8,12,2,2,1,2,73,174
28195,29233,Dairy,128,for_profit,65,TRUE,3,1310450,3,751364.3553292241,88083,15,FALSE,0.32,5,9,15,4,3,3,3,89,175
28196,29551,Dairy,80,for_profit,63,TRUE,3,3530,3,2832.5311419836826,296,10,FALSE,0.002,1,13,19,1,1,1,1,96,185
28197,29605,Forest,96,pro_environmental,64,TRUE,3,0,0,0,0,21,TRUE,0,1,12,12,0,0,0,0,73,238
28198,28774,Dairy,48,for_profit,71,FALSE,1,0,0,0,0,21,TRUE,0,1,10,14,0,1,0,0,19,254
28199,29065,SNB,240,for_profit,75,FALSE,2,28642,3,28642,6254,20,FALSE,0.057,2,12,13,2,0,1,1,7,290
28200,29355,Dairy,64,for_profit,50,TRUE,2,0,0,0,0,21,TRUE,0,1,15,11,0,0,1,0,86,131
28201,29648,SNB,80,for_profit,58,TRUE,2,0,0,0,0,21,TRUE,0,2,15,10,0,0,2,0,100,186
28202,30533,Dairy,96,for_profit,58,TRUE,5,0,0,0,0,21,TRUE,0,2,14,11,0,0,0,0,53,220
28203,29618,Dairy,32,for_profit,45,FALSE,2,108332,3,108332,7282,5,FALSE,0.202,1,11,13,1,0,0,0,136,231
28204,30171,Dairy,80,for_profit,70,TRUE,2,2021,3,2021,169,5,FALSE,0.001,2,12,9,2,0,2,2,129,76
28205,30059,Forest,144,for_profit,45,TRUE,3,800,3,800,54,0,FALSE,0,2,14,7,0,0,0,1,104,81
28206,28818,Dairy,64,for_profit,70,TRUE,3,2400,3,2400,161,0,FALSE,0,3,14,13,0,3,0,2,55,155
28207,29404,SNB,176,for_profit,74,FALSE,2,132095,3,40662.57389555017,8879,20,FALSE,0.08,2,12,10,1,0,1,1,62,142
28208,29698,Forest,32,pro_environmental,53,TRUE,3,257299,3,257299,21553,10,FALSE,1.163,1,12,11,0,0,0,0,99,204
28209,28947,Forest,80,for_profit,63,FALSE,2,0,0,0,0,21,TRUE,0,1,13,16,0,0,0,0,57,220
28210,28750,Dairy,64,for_profit,79,TRUE,2,192,3,192,13,0,FALSE,0,2,14,12,1,1,1,2,136,115
28211,29580,Dairy,96,pro_environmental,46,FALSE,2,2880,3,2880,194,0,FALSE,0,1,11,10,1,1,0,0,114,53
28212,30142,Forest,96,for_profit,57,TRUE,3,288804,3,88902.03256240184,19412,20,FALSE,0.19,2,11,11,0,0,0,0,99,72
28213,30161,Dairy,128,pro_environmental,56,TRUE,3,512,3,512,34,0,FALSE,0,1,12,11,0,0,1,1,129,28
28214,30273,SNB,96,for_profit,62,TRUE,1,3200,3,3200,215,0,FALSE,0,2,13,16,2,0,2,1,47,231
28215,29676,Dairy,64,for_profit,52,TRUE,3,0,0,0,0,21,TRUE,0,2,14,8,2,1,1,2,107,174
28216,30126,Dairy,96,pro_environmental,73,TRUE,3,3840,3,3081.280335755621,258,10,FALSE,0.002,1,12,12,1,1,1,0,84,270
28217,29343,SNB,80,for_profit,58,FALSE,3,104748,3,104748,7041,5,FALSE,0.546,3,11,13,3,0,2,3,99,108
28218,28870,Dairy,64,for_profit,62,TRUE,2,0,0,0,0,21,TRUE,0,1,12,11,1,1,1,1,128,94
28219,30324,Dairy,352,for_profit,80,FALSE,2,1720,3,1720,144,5,FALSE,0,7,11,12,3,1,4,3,168,22
28220,29523,Dairy,80,for_profit,54,FALSE,2,942575,3,942575,63356,5,FALSE,0.599,1,11,8,0,1,0,0,112,104
28221,28759,Dairy,80,for_profit,67,FALSE,2,0,0,0,0,21,TRUE,0,2,7,9,2,0,0,1,68,177
28222,30181,SNB,176,for_profit,70,TRUE,3,64,3,64,4,5,FALSE,0,4,15,19,3,0,2,0,111,238
28223,30528,Dairy,64,for_profit,59,TRUE,2,0,0,0,0,21,TRUE,0,1,12,14,1,0,1,1,81,171
28224,30428,Dairy,176,for_profit,40,TRUE,2,2131973,3,1222395.756209174,143302,15,FALSE,0.381,1,15,10,1,0,1,1,39,269
28225,29734,Dairy,64,for_profit,67,TRUE,2,0,0,0,0,21,TRUE,0,1,12,14,0,0,0,0,82,255
28226,28843,Dairy,368,for_profit,64,FALSE,3,199668,3,199668,43598,15,FALSE,0.059,3,7,9,0,3,3,3,57,206
28227,30559,Forest,112,for_profit,59,FALSE,4,1436281,3,1436281,96541,5,FALSE,0.652,1,13,8,0,0,0,0,43,251
28228,29294,Dairy,112,for_profit,61,TRUE,4,1984,3,1984,433,15,FALSE,0.001,3,14,15,2,1,0,2,102,129
28229,30304,SNB,80,pro_environmental,56,TRUE,2,1588,3,1588,347,15,FALSE,0.003,3,13,16,1,0,2,2,146,238
28230,28810,Dairy,112,for_profit,75,TRUE,2,0,0,0,0,21,TRUE,0,3,8,11,0,0,2,0,61,191
28231,30298,SNB,80,for_profit,69,TRUE,1,2554,3,2554,214,5,FALSE,0,2,10,13,2,0,1,1,88,129
28232,29181,Dairy,96,pro_environmental,71,FALSE,1,64,3,64,4,0,FALSE,0.161,2,10,15,0,0,2,2,97,239
28233,29253,Dairy,80,for_profit,57,FALSE,1,107912,3,107912,23563,15,FALSE,0.135,1,16,12,1,0,1,0,32,267
28234,28762,Dairy,80,pro_environmental,72,FALSE,1,2416,3,1938.6388779129115,202,10,FALSE,0.002,3,12,11,2,2,2,1,131,119
28235,29446,SNB,64,for_profit,74,FALSE,2,2814,3,2814,614,20,FALSE,0.019,2,13,10,2,0,2,2,99,103
28236,29746,Dairy,80,for_profit,52,FALSE,4,297573,3,91601.37856709604,20002,20,FALSE,0.072,4,12,13,0,0,0,0,94,84
28237,30461,Dairy,64,pro_environmental,66,TRUE,3,1673,3,1673,196,10,FALSE,0.001,2,13,14,2,1,2,2,110,116
28238,29276,Dairy,48,for_profit,55,TRUE,4,700646,3,401724.9266313095,47094,15,FALSE,0.408,2,11,12,2,0,0,0,101,174
28239,28797,Dairy,112,for_profit,64,TRUE,2,1847,3,1847,403,15,FALSE,0,4,10,13,3,1,4,0,91,156
28240,29579,Dairy,80,for_profit,66,FALSE,1,1920,3,1920,129,0,FALSE,0,2,12,10,2,2,2,2,115,148
28241,29628,SNB,64,for_profit,60,FALSE,1,0,0,0,0,21,TRUE,0,3,14,9,1,0,1,2,16,296
28242,28773,Forest,144,for_profit,72,TRUE,2,0,0,0,0,21,TRUE,0,1,9,10,0,0,0,0,41,136
28243,29897,Dairy,128,for_profit,49,TRUE,2,64,3,64,4,5,FALSE,0,3,12,12,3,1,3,0,76,171
28244,30135,Dairy,112,pro_environmental,49,TRUE,2,1792,3,1792,120,0,FALSE,0,3,12,11,3,3,1,1,95,199
28245,28939,Dairy,128,for_profit,50,FALSE,2,1357146,3,778138.1429109353,91222,15,FALSE,0.302,3,12,14,3,1,1,2,123,97
28246,30115,Dairy,48,pro_environmental,74,FALSE,1,2815,3,2815,615,15,FALSE,0.001,1,11,13,1,1,1,1,125,130
28247,29646,Dairy,96,pro_environmental,68,FALSE,1,1920,3,1920,129,0,FALSE,0,2,11,14,2,1,2,0,117,149
28248,28808,Forest,176,for_profit,55,TRUE,4,758576,3,434939.88111581636,50988,15,FALSE,0.454,2,6,8,0,0,0,0,52,177
28249,29672,SNB,64,for_profit,73,TRUE,1,2244,3,690.7666135857874,188,20,FALSE,0.002,2,16,16,1,0,1,1,127,73
28250,29966,Dairy,192,for_profit,52,TRUE,3,2129498,3,655519.6622538802,143136,20,FALSE,0.203,1,9,10,1,0,0,0,51,211
28251,30166,Dairy,64,pro_environmental,62,FALSE,3,850292,3,850292,57153,5,FALSE,0.729,2,11,13,2,0,2,0,110,69
28252,29533,SNB,112,for_profit,75,FALSE,1,0,0,0,0,21,TRUE,0,1,15,16,1,0,1,0,98,129
28253,29765,Forest,64,for_profit,62,FALSE,4,169140,3,135720.76978898587,11369,10,FALSE,0.484,2,9,9,0,0,0,0,84,90
28254,28954,Dairy,32,pro_environmental,49,FALSE,2,343416,3,343416,28767,10,FALSE,0.546,1,15,12,1,0,0,1,119,146
28255,30041,Dairy,96,for_profit,68,TRUE,2,0,0,0,0,21,TRUE,0,1,13,14,1,1,1,1,87,244
28256,29664,Forest,96,for_profit,59,TRUE,2,0,0,0,0,21,TRUE,0,1,15,13,0,0,0,0,97,159
28257,30225,SNB,96,for_profit,43,TRUE,2,192,3,192,13,0,FALSE,0.002,2,8,13,1,0,1,1,78,132
28258,29558,Dairy,64,for_profit,42,FALSE,2,603001,3,603001,40531,5,FALSE,0.538,2,13,17,0,0,1,0,57,187
28259,29328,Dairy,96,for_profit,70,TRUE,2,0,0,0,0,21,TRUE,0,3,11,13,3,1,3,3,179,35
28260,30113,Forest,64,for_profit,54,FALSE,4,193674,3,193674,13018,5,FALSE,0.359,2,8,13,0,0,0,0,92,109
28261,30482,Dairy,80,for_profit,42,FALSE,3,704507,3,704507,47354,5,FALSE,0.483,1,16,12,1,1,1,1,28,262
28262,30170,Dairy,128,for_profit,60,TRUE,2,6400,3,6400,430,0,FALSE,0,1,13,12,1,1,0,1,57,263
28263,29487,Dairy,32,for_profit,65,TRUE,2,2370,3,1358.871778496136,199,15,FALSE,0.002,1,12,11,1,1,0,1,48,237
28264,28749,Dairy,96,for_profit,48,FALSE,2,425631,3,425631,28609,5,FALSE,0.228,2,12,11,2,2,0,2,82,147
28265,30476,Dairy,48,for_profit,83,FALSE,2,1920,3,1920,129,0,FALSE,0,1,13,13,1,1,0,0,113,113
28266,29849,Crop,80,for_profit,33,FALSE,4,1173796,3,1173796,78898,5,FALSE,0.696,1,13,9,1,0,0,0,44,269
28267,29156,Forest,48,for_profit,70,FALSE,2,0,0,0,0,21,TRUE,0,1,13,13,0,0,0,0,83,193
28268,30355,Forest,64,for_profit,72,FALSE,3,189375,3,108580.73546527668,12729,15,FALSE,0.245,1,17,16,0,0,0,0,144,212
28269,29710,Dairy,176,for_profit,70,TRUE,4,2362,3,2362,198,5,FALSE,0.001,4,8,12,4,2,3,0,69,109
28270,29845,Dairy,128,for_profit,75,FALSE,2,0,0,0,0,21,TRUE,0,2,10,12,1,0,0,0,71,197
28271,29216,Dairy,160,for_profit,76,TRUE,1,1920,3,1920,129,0,FALSE,0,2,14,14,2,1,2,2,82,282
28272,29442,Forest,64,for_profit,43,FALSE,3,299872,3,299872,20156,5,FALSE,0.678,1,9,14,0,0,0,0,49,258
28273,29320,Dairy,32,pro_environmental,59,FALSE,3,368479,3,211272.45319345046,24768,15,FALSE,0.382,2,11,17,2,1,2,0,99,116
28274,29027,SNB,80,for_profit,61,FALSE,3,194310,3,155917.59948975904,13061,10,FALSE,0.22,2,13,11,0,0,1,0,95,122
28275,30001,Forest,96,pro_environmental,75,FALSE,2,0,0,0,0,21,TRUE,0,1,11,12,0,0,0,0,69,191
28276,29696,SNB,64,for_profit,46,TRUE,3,0,0,0,0,21,TRUE,0,2,10,8,2,0,2,0,79,286
28277,30330,Dairy,48,for_profit,74,TRUE,2,1440,3,443.27269321013097,97,20,FALSE,0,1,12,10,1,0,0,0,133,118
28278,29347,Dairy,128,for_profit,50,TRUE,2,0,0,0,0,21,TRUE,0,1,15,14,0,0,0,0,90,92
28279,29778,Dairy,64,for_profit,60,FALSE,4,747908,3,747908,50271,5,FALSE,0.726,3,9,9,2,3,0,3,143,102
28280,29227,Dairy,96,pro_environmental,69,FALSE,2,640,3,640,43,0,FALSE,0.034,3,12,15,2,1,3,3,80,164
28281,29532,Dairy,64,for_profit,80,TRUE,1,1599,3,492.2173864187496,349,20,FALSE,0,2,15,14,2,0,2,0,90,187
28282,29494,Dairy,112,for_profit,61,TRUE,4,0,0,0,0,21,TRUE,0,1,15,9,0,0,0,1,81,260
28283,28856,Dairy,64,for_profit,47,TRUE,3,256,3,256,17,5,FALSE,0,1,10,8,1,0,1,1,77,144
28284,29250,SNB,32,for_profit,80,TRUE,1,0,0,0,0,21,TRUE,0,1,11,13,1,0,1,1,59,189
28285,28752,Dairy,64,for_profit,65,FALSE,2,128,3,102.70934452518736,9,10,FALSE,0,3,10,13,3,0,3,0,142,86
28286,28799,Dairy,64,for_profit,69,TRUE,4,0,0,0,0,21,TRUE,0,3,12,11,0,0,1,1,81,140
28287,29373,Dairy,80,for_profit,50,FALSE,2,1258236,3,1009629.6470155753,84573,10,FALSE,0.611,3,13,14,3,0,0,3,101,164
28288,28853,Dairy,96,pro_environmental,77,FALSE,2,0,0,0,0,21,TRUE,0,1,9,16,1,1,1,1,29,269
28289,28877,Forest,128,for_profit,44,FALSE,3,1018886,3,1018886,68485,5,FALSE,0.63,2,11,14,0,0,1,0,119,124
28290,30469,Dairy,96,for_profit,54,TRUE,2,256,3,205.41868905037472,17,10,FALSE,0,2,12,12,0,0,1,0,73,161
28291,28732,Dairy,144,pro_environmental,70,FALSE,1,192,3,192,13,0,FALSE,0,5,14,11,2,3,4,3,148,228
28292,29224,Forest,32,for_profit,52,FALSE,4,145838,3,117022.85458487715,9803,10,FALSE,0.536,1,14,19,0,0,0,0,95,207
28293,28888,Dairy,96,for_profit,58,TRUE,1,2357,3,2357,276,10,FALSE,0.002,3,14,12,0,0,1,3,62,185
28294,30146,Forest,112,for_profit,61,FALSE,3,583531,3,334575.44631967455,39222,15,FALSE,0.438,1,11,14,0,0,0,0,56,270
28295,30405,Dairy,160,for_profit,75,TRUE,1,4293,3,4293,937,15,FALSE,0,2,10,13,2,2,2,2,78,114
28296,28842,Dairy,32,for_profit,68,FALSE,1,0,0,0,0,21,TRUE,0,1,13,13,1,0,1,1,53,236
28297,28836,Dairy,64,for_profit,33,TRUE,3,3854,3,1186.3701108554476,842,20,FALSE,0.001,1,16,13,1,1,1,1,110,161
28298,30231,Forest,112,for_profit,54,FALSE,2,1101563,3,883912.6068999919,74042,10,FALSE,0.406,2,11,12,0,0,1,1,39,132
28299,28743,Dairy,80,for_profit,60,TRUE,4,38259,3,38259,8354,15,FALSE,0.042,2,8,10,0,2,2,2,93,151
28300,30198,Crop,96,for_profit,52,TRUE,2,2880,3,2880,194,0,FALSE,0,1,13,12,1,0,0,0,58,160
28301,30362,SNB,64,pro_environmental,58,TRUE,4,1357,3,1357,159,10,FALSE,0.012,1,7,11,1,0,1,0,85,95
28302,29583,Dairy,64,for_profit,59,FALSE,4,545881,3,545881,36692,5,FALSE,0.408,2,11,10,0,2,0,0,92,191
28303,28827,Dairy,192,for_profit,53,TRUE,2,3941,3,3941,330,5,FALSE,0.001,4,12,12,4,4,1,4,106,66
28304,29126,Crop,64,pro_environmental,70,TRUE,1,2730,3,2730,320,10,FALSE,0.002,2,15,9,1,0,0,2,125,131
28305,29972,SNB,64,for_profit,72,TRUE,3,0,0,0,0,21,TRUE,0,2,13,13,1,0,1,0,81,274
28306,29731,Forest,64,for_profit,71,FALSE,1,146111,3,44977.09477612878,9821,20,FALSE,0.104,1,9,15,0,0,0,0,107,63
28307,29243,Dairy,96,for_profit,77,TRUE,1,7881,3,4518.678686214365,660,15,FALSE,0.003,1,7,13,1,1,1,1,88,250
28308,30376,Forest,64,for_profit,60,FALSE,1,64,3,64,4,0,FALSE,0.058,3,17,11,2,0,2,1,100,241
28309,30294,Forest,32,for_profit,63,TRUE,4,240082,3,240082,28145,15,FALSE,1.099,1,12,12,0,0,0,0,100,251
28310,28862,Dairy,32,for_profit,65,TRUE,3,1280,3,733.905433111837,86,15,FALSE,0.001,1,10,12,0,1,0,0,99,143
28311,29439,Dairy,32,for_profit,48,FALSE,2,173059,3,138865.4410483156,11632,10,FALSE,0.196,1,13,14,0,1,0,1,83,190
28312,30553,Dairy,64,for_profit,70,FALSE,2,0,0,0,0,21,TRUE,0,2,14,8,0,0,1,0,94,194
28313,29278,Dairy,64,pro_environmental,79,FALSE,3,256,3,256,17,0,FALSE,0,1,14,12,1,1,1,0,107,111
28314,30546,Dairy,160,for_profit,56,FALSE,3,1789492,3,1435918.3621333328,120282,10,FALSE,0.463,3,17,14,3,3,0,2,132,100
28315,28958,Forest,112,for_profit,44,TRUE,3,0,0,0,0,21,TRUE,0,1,12,17,0,0,0,0,68,242
28316,30550,Dairy,64,for_profit,66,TRUE,4,0,0,0,0,21,TRUE,0,1,16,11,0,1,0,0,49,232
28317,29281,Dairy,112,for_profit,68,TRUE,1,128,3,128,9,0,FALSE,0,3,14,12,2,0,1,1,86,118
28318,29004,Dairy,32,for_profit,37,TRUE,2,1282,3,1282,107,5,FALSE,0.001,2,17,8,2,1,0,1,61,181
28319,30318,Dairy,144,for_profit,68,FALSE,1,0,0,0,0,21,TRUE,0,2,11,15,0,0,2,0,110,82
28320,30232,Forest,48,for_profit,69,TRUE,1,0,0,0,0,21,TRUE,0,1,17,7,0,0,0,0,67,124
28321,30050,Crop,64,for_profit,40,FALSE,2,1106404,3,887797.1064066046,74368,10,FALSE,0.634,2,11,9,0,1,0,0,81,168
28322,29967,Dairy,48,for_profit,54,FALSE,1,433215,3,347618.9741287425,29119,10,FALSE,0.387,2,15,8,2,0,1,1,87,232
28323,30067,SNB,64,for_profit,59,FALSE,2,115760,3,115760,9697,10,FALSE,0.611,1,14,18,1,0,1,1,38,265
28324,28860,Forest,48,for_profit,38,FALSE,3,496632,3,496632,33381,5,FALSE,0.526,1,15,14,0,0,0,0,49,162
28325,30214,Dairy,80,for_profit,50,TRUE,4,588774,3,181241.27546673725,39575,20,FALSE,0.124,1,15,11,1,0,1,0,68,255
28326,30051,Dairy,48,for_profit,72,FALSE,1,1920,3,1920,129,0,FALSE,0,1,10,17,0,1,1,0,60,237
28327,29318,Dairy,128,for_profit,50,FALSE,3,0,0,0,0,21,TRUE,0,3,11,12,2,2,2,1,128,148
28328,29247,Dairy,80,for_profit,58,TRUE,3,1440,3,1440,97,0,FALSE,0.001,3,8,10,2,2,2,2,125,56
28329,29319,SNB,144,for_profit,79,TRUE,1,480,3,480,32,0,FALSE,0,3,12,10,3,0,3,2,101,69
28330,29620,Dairy,80,for_profit,74,FALSE,3,778795,3,446532.72014088527,52347,15,FALSE,0.363,3,12,15,0,0,2,0,143,89
28331,29349,Dairy,96,for_profit,57,TRUE,2,384,3,384,26,0,FALSE,0.225,1,15,17,1,0,1,0,89,204
28332,29519,Crop,112,for_profit,67,TRUE,2,0,0,0,0,21,TRUE,0,1,11,14,1,0,0,1,90,200
28333,29470,Forest,144,for_profit,51,FALSE,4,255721,3,146621.11817249382,17188,15,FALSE,0.149,1,11,11,0,0,0,0,57,167
28334,30416,SNB,48,for_profit,49,FALSE,2,71647,3,41079.78325481546,4816,15,FALSE,0.289,1,9,9,0,0,0,0,35,273
28335,28729,Dairy,192,for_profit,48,FALSE,4,2654485,3,2654485,178423,5,FALSE,0.747,4,12,12,4,4,4,4,58,153
28336,30237,Dairy,32,for_profit,61,TRUE,1,0,0,0,0,21,TRUE,0,1,15,13,0,1,1,1,124,216
28337,29722,Dairy,64,pro_environmental,70,TRUE,2,0,0,0,0,21,TRUE,0,1,13,14,1,1,1,1,88,146
28338,29286,Forest,48,for_profit,51,TRUE,4,610177,3,489616.24776832224,41013,10,FALSE,1.476,1,13,17,0,0,0,0,124,168
28339,29769,Dairy,128,for_profit,48,TRUE,4,0,0,0,0,21,TRUE,0,3,13,10,0,1,0,2,95,114
28340,29085,SNB,80,for_profit,68,TRUE,3,1440,3,1155.4801259083579,97,10,FALSE,0.005,3,15,9,3,0,0,1,32,250
28341,28728,Forest,80,for_profit,80,FALSE,2,0,0,0,0,21,TRUE,0,1,13,9,0,0,0,0,149,227
28342,30394,Dairy,80,for_profit,60,FALSE,3,702839,3,402982.31304913317,47242,15,FALSE,0.256,1,13,10,0,1,1,0,91,196
28343,29585,Dairy,128,for_profit,47,FALSE,4,840981,3,674817.2442823171,56527,10,FALSE,0.297,3,18,14,1,1,1,2,127,59
28344,29032,Forest,144,for_profit,66,TRUE,5,0,0,0,0,21,TRUE,0,1,10,17,0,0,0,0,88,78
28345,29654,Dairy,80,for_profit,68,TRUE,1,640,3,640,43,5,FALSE,0,2,11,10,0,1,0,2,128,98
28346,28962,SNB,64,for_profit,59,FALSE,2,0,0,0,0,21,TRUE,0,3,8,12,3,0,3,3,104,238
28347,29904,Dairy,48,pro_environmental,55,FALSE,1,1250,3,1003.0209426287828,105,10,FALSE,0.001,2,11,13,2,0,0,0,129,216
28348,30517,Dairy,80,for_profit,67,FALSE,2,256,3,256,17,0,FALSE,0,2,11,11,1,1,2,0,50,117
28349,30293,Dairy,112,for_profit,62,FALSE,3,770856,3,441980.786364733,51814,15,FALSE,0.217,2,14,13,0,1,0,0,70,129
28350,30046,Dairy,96,for_profit,84,FALSE,2,4800,3,4800,323,5,FALSE,0.003,1,17,12,0,0,0,1,131,51
28351,29235,Dairy,80,for_profit,78,TRUE,1,2090,3,2090,245,10,FALSE,0.001,2,13,11,0,2,2,2,70,253
28352,28787,Forest,64,pro_environmental,58,TRUE,4,0,0,0,0,21,TRUE,0,1,9,13,0,0,0,0,110,173
28353,28868,SNB,96,for_profit,65,FALSE,3,0,0,0,0,21,TRUE,0,1,9,12,0,0,1,1,62,144
28354,28841,Dairy,80,for_profit,44,TRUE,2,3200,3,1834.7635827795925,215,15,FALSE,0.001,1,14,14,0,1,0,0,74,188
28355,30044,Crop,96,for_profit,54,FALSE,2,1289747,3,397020.57378450467,86691,20,FALSE,0.19,1,12,11,1,0,0,1,74,143
28356,30335,Forest,32,for_profit,61,FALSE,4,157662,3,157662,18483,15,FALSE,0.722,1,17,13,0,0,0,0,103,200
28357,30090,SNB,64,for_profit,61,TRUE,4,0,0,0,0,21,TRUE,0,1,12,11,1,0,1,1,45,223
28358,30421,Dairy,112,for_profit,62,TRUE,3,0,0,0,0,21,TRUE,0,1,10,10,1,0,0,0,94,243
28359,30076,Dairy,112,for_profit,68,FALSE,2,1333447,3,764549.9984895936,89629,15,FALSE,0.388,2,11,12,1,1,1,1,64,143
28360,28894,Forest,96,for_profit,57,FALSE,2,0,0,0,0,21,TRUE,0,1,16,14,0,0,0,0,100,70
28361,29514,Dairy,64,pro_environmental,50,TRUE,3,1920,3,1920,129,0,FALSE,0,1,13,12,1,0,0,0,41,266
28362,30219,Forest,48,for_profit,63,TRUE,3,0,0,0,0,21,TRUE,0,1,15,10,0,0,0,0,70,196
28363,29501,Forest,32,for_profit,64,FALSE,5,82267,3,82267,5530,5,FALSE,0.377,1,10,16,0,0,0,0,125,28
28364,29160,Dairy,64,for_profit,73,TRUE,2,0,0,0,0,21,TRUE,0,1,11,13,1,0,1,1,128,114
28365,28832,Forest,160,for_profit,51,TRUE,3,0,0,0,0,21,TRUE,0,3,10,10,0,0,0,0,115,235
28366,28895,Dairy,64,for_profit,81,TRUE,3,256,3,78.80403434846772,17,20,FALSE,0,1,15,14,0,0,1,0,38,249
28367,29119,SNB,64,for_profit,71,FALSE,4,52534,3,52534,6159,15,FALSE,0.266,2,10,10,0,0,0,2,37,244
28368,29123,Dairy,80,for_profit,59,TRUE,2,595,3,183.1578142083527,130,20,FALSE,0,2,9,11,0,2,2,0,87,154
28369,30023,Dairy,80,for_profit,68,TRUE,3,3200,3,3200,215,5,FALSE,0.002,1,11,12,0,1,0,1,76,178
28370,29594,Dairy,64,for_profit,82,FALSE,1,0,0,0,0,21,TRUE,0,1,13,12,0,0,0,0,87,229
28371,29090,Dairy,64,for_profit,83,FALSE,2,1091,3,1091,91,5,FALSE,0.001,3,15,12,0,1,3,0,94,120
28372,29751,Forest,64,for_profit,81,FALSE,1,0,0,0,0,21,TRUE,0,2,9,7,1,1,0,1,102,148
28373,30003,Dairy,128,for_profit,59,TRUE,2,0,0,0,0,21,TRUE,0,1,10,14,0,1,0,0,86,210
28374,29544,SNB,64,for_profit,80,FALSE,2,64,3,64,4,0,FALSE,0.09,3,11,11,1,0,3,0,81,191
28375,28957,SNB,32,for_profit,60,TRUE,3,1626,3,1626,136,10,FALSE,0.016,1,10,14,1,0,1,1,96,77
28376,29221,Dairy,112,for_profit,64,TRUE,1,640,3,640,43,0,FALSE,0,2,13,10,2,1,2,2,44,138
28377,29669,SNB,64,for_profit,65,TRUE,4,64,3,64,4,5,FALSE,0,2,11,10,2,0,2,1,89,114
28378,28951,Dairy,96,for_profit,59,FALSE,1,886306,3,711186.7836620368,59574,10,FALSE,0.37,3,14,12,0,2,0,0,61,187
28379,29545,Dairy,64,for_profit,73,FALSE,1,0,0,0,0,21,TRUE,0,2,9,14,1,2,1,1,125,98
28380,30275,Crop,64,pro_environmental,61,FALSE,3,574571,3,574571,38620,5,FALSE,0.43,2,14,11,2,0,0,2,124,93
28381,30285,Forest,80,for_profit,53,FALSE,4,303621,3,243630.57729751494,20408,10,FALSE,0.306,3,10,13,0,0,0,0,132,55
28382,29991,Forest,176,for_profit,50,TRUE,3,0,0,0,0,21,TRUE,0,2,14,18,1,0,0,0,127,127
28383,29619,Dairy,64,for_profit,67,TRUE,2,0,0,0,0,21,TRUE,0,1,18,15,0,1,0,1,81,240
28384,30154,Forest,64,for_profit,35,FALSE,3,123374,3,98997.36462070676,8293,10,FALSE,0.227,1,10,12,0,0,0,0,34,266
28385,28792,Dairy,80,for_profit,67,FALSE,3,856628,3,263694.30599945004,57579,20,FALSE,0.196,1,8,10,0,0,0,1,83,112
28386,29375,Dairy,32,for_profit,65,TRUE,2,0,0,0,0,21,TRUE,0,1,15,15,0,0,0,0,83,157
28387,28866,Dairy,64,for_profit,79,TRUE,2,685,3,210.86235753398591,150,20,FALSE,0,2,12,8,2,1,1,2,68,133
28388,28738,Dairy,144,pro_environmental,42,FALSE,3,945048,3,945048,63522,5,FALSE,0.329,2,11,11,1,0,0,0,112,142
28389,29365,Dairy,48,pro_environmental,65,TRUE,2,1918,3,590.4146010951605,419,20,FALSE,0.001,2,12,11,1,0,1,1,55,161
28390,29852,Forest,160,for_profit,64,FALSE,2,0,0,0,0,21,TRUE,0,1,9,10,0,0,0,0,12,322
28391,29835,Forest,176,pro_environmental,70,FALSE,3,2072819,3,638072.2643521739,139326,20,FALSE,0.363,2,11,11,0,1,0,0,136,89
28392,29593,Dairy,96,pro_environmental,76,TRUE,2,960,3,960,65,5,FALSE,0,3,9,12,1,3,0,2,99,185
28393,30570,SNB,112,for_profit,34,FALSE,2,67138,3,53872.656036968976,4513,10,FALSE,0.238,1,10,11,0,0,0,1,53,184
28394,29075,Dairy,112,for_profit,61,FALSE,4,912617,3,912617,61342,5,FALSE,0.447,1,11,11,0,1,0,1,60,170
28395,29285,Dairy,96,pro_environmental,58,TRUE,1,5385,3,5385,631,10,FALSE,0.001,1,8,11,1,1,1,1,81,295
28396,30396,Dairy,48,for_profit,45,FALSE,1,346300,3,277876.921945878,23277,10,FALSE,0.283,2,10,10,2,0,2,2,95,158
28397,30472,SNB,80,for_profit,78,FALSE,1,0,0,0,0,21,TRUE,0,1,12,13,0,0,0,0,55,126
28398,30019,Forest,32,for_profit,43,FALSE,3,90822,3,90822,6105,5,FALSE,0.32,1,12,13,0,0,0,0,131,135
28399,29562,Crop,48,for_profit,60,TRUE,3,0,0,0,0,21,TRUE,0,1,13,12,0,0,0,0,53,227
28400,29366,Dairy,64,for_profit,58,TRUE,2,2773,3,2773,605,15,FALSE,0.001,2,7,14,1,2,0,2,77,183
28401,29944,Forest,48,for_profit,64,FALSE,3,185828,3,57203.109745730704,12491,20,FALSE,0.175,1,12,11,0,0,0,0,74,244
28402,29793,Dairy,144,for_profit,54,TRUE,3,7200,3,7200,484,5,FALSE,0.003,1,13,13,0,0,1,1,129,102
28403,30490,Forest,96,for_profit,67,FALSE,2,133639,3,41137.86072771437,8983,20,FALSE,0.062,1,11,12,0,0,0,0,97,179
28404,30587,Dairy,80,for_profit,54,TRUE,4,0,0,0,0,21,TRUE,0,2,17,14,2,2,2,2,77,190
28405,29161,Dairy,80,for_profit,67,FALSE,2,486060,3,278689.12095182773,32671,15,FALSE,0.205,2,13,10,1,1,2,0,22,272
28406,28804,Forest,64,pro_environmental,53,TRUE,5,100692,3,57733.12958663836,6768,15,FALSE,0.184,1,9,8,0,0,0,0,137,50
28407,29598,Forest,48,for_profit,79,FALSE,1,0,0,0,0,21,TRUE,0,1,12,11,0,0,0,0,121,70
28408,29902,Dairy,80,for_profit,77,FALSE,1,0,0,0,0,21,TRUE,0,1,11,12,0,0,1,0,107,142
28409,29277,Dairy,64,for_profit,65,FALSE,2,596442,3,478595.0536507172,40090,10,FALSE,0.38,1,18,12,0,0,0,0,79,152
28410,28747,Forest,96,pro_environmental,50,TRUE,4,78619,3,78619,17167,15,FALSE,0.141,2,10,16,1,0,0,1,137,120
28411,30221,Forest,48,for_profit,61,FALSE,4,222361,3,127493.70782201656,14946,15,FALSE,0.384,1,14,9,0,0,0,0,119,138
28412,29284,Dairy,48,pro_environmental,68,FALSE,2,1920,3,1920,129,0,FALSE,0,1,8,13,1,1,0,0,91,107
28413,30204,Dairy,48,pro_environmental,43,FALSE,2,425163,3,341157.91442470497,28578,10,FALSE,0.362,1,11,11,1,1,0,0,126,112
28414,30451,Dairy,32,for_profit,65,TRUE,3,64,3,36.69527165559185,4,15,FALSE,0,2,12,10,0,0,1,0,104,201
28415,30433,Dairy,80,for_profit,70,FALSE,2,555173,3,170897.93813024167,37316,20,FALSE,0.117,1,11,14,0,1,0,1,92,258
28416,30385,Dairy,80,for_profit,63,TRUE,2,691,3,691,58,5,FALSE,0,3,13,11,2,3,2,3,83,203
28417,29881,Forest,128,for_profit,38,TRUE,4,0,0,0,0,21,TRUE,0,1,13,18,0,0,0,0,134,94
28418,29361,Forest,112,for_profit,52,TRUE,3,0,0,0,0,21,TRUE,0,2,12,11,0,0,0,0,135,45
28419,29697,Dairy,32,for_profit,80,TRUE,2,960,3,960,65,0,FALSE,0,1,8,12,1,1,0,1,144,237
28420,30366,Dairy,96,for_profit,54,TRUE,3,2400,3,2400,161,0,FALSE,0,2,11,14,2,0,0,0,103,88
28421,29794,Dairy,96,for_profit,39,FALSE,3,1108628,3,1108628,74517,5,FALSE,0.634,1,12,15,0,0,0,0,57,267
28422,30017,Forest,64,for_profit,66,FALSE,3,549738,3,441118.98156708945,36951,10,FALSE,0.596,2,11,13,0,1,1,0,75,172
28423,30364,Dairy,48,for_profit,52,TRUE,2,640,3,513.5467226259368,43,10,FALSE,0.001,2,10,12,0,1,2,0,102,185
28424,30047,Dairy,80,for_profit,65,TRUE,2,1057,3,1057,124,10,FALSE,0,3,12,9,2,0,2,1,68,171
28425,29688,Dairy,32,for_profit,62,TRUE,3,1350,3,1350,158,10,FALSE,0.001,2,14,8,2,2,2,1,13,310
28426,30491,Dairy,112,for_profit,61,TRUE,2,64,3,64,4,0,FALSE,0,3,11,14,0,0,2,0,58,144
28427,30048,Dairy,96,pro_environmental,52,FALSE,2,1148422,3,1148422,77192,5,FALSE,0.767,3,15,11,2,2,0,2,72,121
28428,30121,Dairy,80,pro_environmental,64,TRUE,2,4000,3,4000,269,0,FALSE,0,1,12,14,1,1,1,1,86,198
28429,28878,Dairy,64,for_profit,70,FALSE,2,0,0,0,0,21,TRUE,0,1,10,14,0,0,0,0,24,262
28430,28755,SNB,112,for_profit,60,FALSE,2,88397,3,88397,10363,15,FALSE,0.246,1,15,11,1,0,1,1,138,215
28431,29246,Dairy,64,for_profit,69,FALSE,4,536721,3,430673.92267893034,36076,10,FALSE,0.384,2,16,15,0,1,0,0,77,271
28432,29776,Forest,32,for_profit,51,FALSE,4,51317,3,51317,4299,10,FALSE,0.542,1,17,13,0,0,0,0,28,274
28433,28940,Forest,64,for_profit,65,FALSE,2,0,0,0,0,21,TRUE,0,2,10,16,0,0,0,0,152,236
28434,30194,Dairy,80,for_profit,75,FALSE,2,1448,3,1448,121,5,FALSE,0,3,13,11,2,0,3,3,79,191
28435,29489,Forest,80,for_profit,54,TRUE,3,0,0,0,0,21,TRUE,0,1,9,10,0,0,0,0,55,172
28436,30138,Forest,48,for_profit,48,TRUE,3,0,0,0,0,21,TRUE,0,2,12,14,0,0,0,0,130,227
28437,28751,Forest,64,for_profit,61,FALSE,2,168362,3,135096.48955429372,11317,10,FALSE,0.178,2,13,11,0,0,0,0,57,188
28438,29574,Dairy,48,for_profit,79,TRUE,1,1018,3,313.3691678388287,119,20,FALSE,0,1,12,12,1,0,1,0,68,261
28439,30010,SNB,64,for_profit,54,TRUE,4,64,3,64,4,0,FALSE,0,2,10,15,0,0,1,0,148,87
28440,29703,Forest,32,pro_environmental,49,TRUE,3,290760,3,166711.20604031073,19544,15,FALSE,0.763,1,13,11,0,0,0,0,117,48
28441,29988,Dairy,112,for_profit,56,TRUE,4,1326848,3,760766.3719637303,89185,15,FALSE,0.339,2,11,11,0,0,2,0,102,168
28442,30580,Forest,80,for_profit,41,TRUE,4,110008,3,33863.57113518062,7394,20,FALSE,0.08,1,10,7,0,0,0,0,128,46
28443,29603,Dairy,48,for_profit,60,FALSE,2,800,3,800,54,5,FALSE,0.001,2,11,11,0,1,1,1,87,183
28444,28735,Dairy,80,for_profit,70,TRUE,2,6568,3,6568,550,5,FALSE,0.002,1,8,12,1,1,0,1,47,158
28445,29905,Dairy,64,for_profit,43,TRUE,5,0,0,0,0,21,TRUE,0,1,12,14,0,0,0,0,43,138
28446,30177,Forest,64,for_profit,65,FALSE,2,163151,3,130915.09584866284,10966,10,FALSE,0.304,1,11,15,0,0,0,0,129,59
28447,30283,Dairy,96,for_profit,42,TRUE,1,1025,3,1025,86,5,FALSE,0,3,8,22,3,2,3,1,131,110
28448,30079,Dairy,64,for_profit,49,FALSE,4,662361,3,662361,44521,5,FALSE,0.527,1,14,15,1,0,1,1,106,162
28449,29295,Dairy,64,for_profit,62,FALSE,3,635147,3,195516.19532939934,42692,20,FALSE,0.182,1,15,14,0,0,0,0,61,117
28450,29606,Crop,96,for_profit,56,TRUE,2,0,0,0,0,21,TRUE,0,3,9,14,3,0,0,3,115,129
28451,29413,Dairy,128,pro_environmental,37,FALSE,3,648647,3,648647,43599,5,FALSE,0.278,1,16,13,1,0,1,0,120,49
28452,30193,SNB,96,for_profit,46,TRUE,3,192,3,192,13,5,FALSE,0.001,3,11,11,0,0,3,2,132,61
28453,29916,Dairy,80,for_profit,64,TRUE,2,1703,3,1703,143,5,FALSE,0,3,13,11,3,0,2,3,140,207
28454,29690,Dairy,32,pro_environmental,63,TRUE,3,0,0,0,0,21,TRUE,0,2,15,13,1,1,0,0,83,165
28455,30245,Forest,96,for_profit,50,FALSE,6,179478,3,179478,12064,0,FALSE,1.513,1,13,12,0,0,0,0,54,261
28456,30084,Forest,32,for_profit,60,TRUE,2,0,0,0,0,21,TRUE,0,1,15,11,0,0,0,0,90,109
28457,29159,Forest,64,for_profit,66,FALSE,4,84980,3,68189.37576367517,5712,10,FALSE,0.526,1,11,13,0,0,0,0,38,237
28458,29566,Dairy,48,for_profit,59,FALSE,2,647236,3,519353.0102586263,43504,10,FALSE,0.61,2,9,10,0,1,1,0,123,223
28459,29144,Forest,80,for_profit,51,TRUE,3,0,0,0,0,21,TRUE,0,2,10,17,1,0,1,1,111,46
28460,30254,Dairy,32,for_profit,82,FALSE,2,0,0,0,0,21,TRUE,0,1,9,16,1,0,0,0,122,223
28461,30267,Forest,112,for_profit,56,FALSE,2,578215,3,177990.91687812214,38865,20,FALSE,0.233,1,15,8,0,0,0,0,73,124
28462,29632,Dairy,80,for_profit,79,FALSE,2,307,3,307,26,5,FALSE,0,2,12,16,1,1,2,2,52,117
28463,29938,Forest,48,for_profit,66,FALSE,3,263039,3,150816.9931408629,17680,15,FALSE,0.46,1,14,10,0,0,0,0,60,273
28464,30309,Forest,96,for_profit,51,FALSE,3,883822,3,272065.3876794197,59407,20,FALSE,0.214,2,10,16,0,0,0,0,37,137
28465,30039,Dairy,176,for_profit,61,TRUE,1,448,3,448,30,0,FALSE,0.001,2,12,10,2,2,2,2,109,103
28466,29524,Dairy,64,for_profit,55,TRUE,2,3200,3,3200,215,0,FALSE,0,1,12,12,1,1,0,1,63,244
28467,30257,SNB,48,for_profit,45,FALSE,2,107445,3,107445,7222,5,FALSE,0.421,1,16,11,0,0,0,0,134,31
28468,29926,Dairy,96,for_profit,60,FALSE,1,478171,3,147194.5465173483,32141,20,FALSE,0.09,2,8,11,0,0,0,0,101,170
28469,30403,Dairy,48,for_profit,58,TRUE,2,513,3,157.91589695610915,43,20,FALSE,0,2,9,13,2,0,1,1,124,61
28470,30159,Forest,64,for_profit,54,FALSE,5,174231,3,174231,11711,5,FALSE,0.399,1,11,12,0,0,0,0,47,273
28471,30370,Dairy,48,for_profit,78,TRUE,2,0,0,0,0,21,TRUE,0,2,13,16,0,0,1,0,101,148
28472,30191,SNB,32,for_profit,52,TRUE,2,480,3,480,32,0,FALSE,0,2,10,9,2,0,0,0,140,19
28473,30418,Dairy,144,for_profit,55,TRUE,4,3874,3,3108.562505395124,325,10,FALSE,0.001,3,15,12,1,0,2,2,145,224
28474,30263,Dairy,32,for_profit,59,FALSE,2,454232,3,454232,30532,5,FALSE,0.722,1,13,11,1,1,1,1,76,153
28475,29222,Forest,96,for_profit,65,FALSE,4,661950,3,379538.0480065473,55449,15,FALSE,0.411,3,15,12,1,1,1,0,82,143
28476,30217,Dairy,64,for_profit,54,TRUE,3,256,3,256,17,5,FALSE,0,1,9,8,1,1,1,1,50,226
28477,29490,Forest,96,for_profit,68,TRUE,2,0,0,0,0,21,TRUE,0,3,13,11,0,0,0,0,36,247
28478,30063,Dairy,48,for_profit,59,TRUE,2,1306,3,1306,153,10,FALSE,0.001,3,15,12,1,3,3,3,55,149
28479,29808,SNB,64,for_profit,71,TRUE,2,0,0,0,0,21,TRUE,0,1,12,13,0,0,0,0,70,134
28480,29292,Dairy,80,pro_environmental,57,TRUE,2,1342,3,769.4539775281917,157,15,FALSE,0.001,3,11,17,2,0,2,0,130,66
28481,28966,Dairy,96,for_profit,56,FALSE,6,439208,3,439208,29522,5,FALSE,0.281,2,15,16,0,1,0,1,93,202
28482,29636,Forest,32,for_profit,46,FALSE,3,89482,3,27545.088287381208,6015,20,FALSE,0.126,1,15,13,0,0,0,0,49,273
28483,28772,Dairy,64,for_profit,67,TRUE,3,800,3,800,54,5,FALSE,0.001,2,7,8,2,0,2,2,130,137
28484,30268,Dairy,96,for_profit,40,TRUE,3,5835,3,5835,684,10,FALSE,0.002,2,15,10,0,1,1,1,130,105
28485,29450,Dairy,48,for_profit,41,FALSE,5,545659,3,545659,36677,5,FALSE,0.638,1,16,16,1,1,1,0,97,106
28486,29677,Dairy,64,for_profit,73,TRUE,2,800,3,800,54,5,FALSE,0.001,2,11,9,2,0,0,2,70,182
28487,29535,Forest,80,for_profit,61,FALSE,3,321353,3,184252.11925530326,21600,15,FALSE,0.333,1,12,16,0,0,0,0,78,155
28488,29943,Crop,64,for_profit,50,TRUE,2,0,0,0,0,21,TRUE,0,1,9,9,0,0,0,1,51,272
28489,29949,Crop,64,for_profit,63,FALSE,5,1070738,3,859178.1104547661,71970,10,FALSE,0.617,1,15,11,0,0,0,1,112,88
28490,30398,SNB,80,for_profit,75,FALSE,2,1602,3,1602,134,5,FALSE,0.005,3,10,12,2,0,1,1,118,222
28491,28867,Dairy,48,for_profit,75,TRUE,1,1283,3,1283,150,10,FALSE,0.001,3,9,14,3,2,3,3,90,173
28492,29502,Dairy,96,for_profit,58,TRUE,2,1955,3,1568.7247542714163,164,10,FALSE,0.001,3,14,11,3,3,3,2,61,267
28493,29906,Forest,96,for_profit,54,FALSE,6,208914,3,208914,14042,5,FALSE,0.492,2,10,11,0,0,0,1,84,88
28494,30240,Dairy,112,for_profit,53,TRUE,1,384,3,384,26,5,FALSE,0,2,11,11,1,1,2,0,82,124
28495,29989,Dairy,64,for_profit,63,TRUE,4,851,3,682.8566577416753,71,10,FALSE,0.001,2,21,14,2,2,2,2,66,126
28496,30501,SNB,128,for_profit,56,FALSE,3,923755,3,741236.488686441,62091,10,FALSE,0.491,4,15,13,1,1,1,1,87,191
28497,28936,SNB,80,for_profit,55,TRUE,4,118990,3,118990,25982,20,FALSE,0.283,2,12,11,1,0,1,1,76,125
28498,28766,Dairy,80,for_profit,65,TRUE,3,0,0,0,0,21,TRUE,0,3,13,12,3,3,3,3,94,180
28499,28811,Forest,32,for_profit,69,TRUE,1,800,3,246.26260733896163,54,20,FALSE,0.001,2,11,12,1,0,0,1,109,132
28500,29900,Crop,48,for_profit,54,TRUE,3,170547,3,52499.186117297366,11463,20,FALSE,0.048,1,12,11,0,0,0,0,130,120
28501,29063,Forest,96,for_profit,64,TRUE,2,0,0,0,0,21,TRUE,0,2,11,13,0,0,0,0,52,111
28502,29312,Dairy,80,for_profit,65,FALSE,2,920161,3,527586.8415918915,61849,15,FALSE,0.34,2,12,13,0,0,1,0,63,173
28503,30412,Dairy,80,pro_environmental,61,FALSE,2,1070379,3,613716.3778037617,71946,15,FALSE,0.421,1,9,12,0,0,0,0,70,258
28504,30130,Forest,48,for_profit,49,TRUE,5,236229,3,189554.1074050038,15878,10,FALSE,0.579,1,10,11,0,0,0,0,131,214
28505,29071,SNB,144,for_profit,69,TRUE,4,0,0,0,0,21,TRUE,0,3,8,13,0,0,0,0,138,115
28506,29873,Dairy,112,for_profit,36,TRUE,3,1216,3,1216,82,5,FALSE,0.001,3,17,14,2,3,2,3,103,131
28507,30450,SNB,48,for_profit,46,FALSE,3,94458,3,75794.68175906365,6349,10,FALSE,0.422,2,12,13,1,0,1,0,15,308
28508,29818,Dairy,64,pro_environmental,40,FALSE,2,455077,3,455077,30588,5,FALSE,0.379,2,10,11,2,2,0,1,111,74
28509,28945,SNB,64,pro_environmental,50,FALSE,3,233026,3,233026,15663,5,FALSE,0.531,2,8,12,1,0,0,0,146,217
28510,29565,Forest,80,for_profit,69,FALSE,2,0,0,0,0,21,TRUE,0,2,9,15,1,0,0,1,120,202
28511,29836,Dairy,80,for_profit,55,FALSE,2,1920,3,1540.6401678778104,129,10,FALSE,0.001,2,12,14,0,2,0,0,83,122
28512,30322,Forest,48,for_profit,54,FALSE,2,360213,3,360213,24212,5,FALSE,0.412,1,10,11,0,0,0,0,61,272
28513,29584,Forest,80,for_profit,56,FALSE,2,927448,3,744199.8137593435,62339,10,FALSE,0.934,2,14,16,1,1,0,1,102,135
28514,29511,Forest,128,for_profit,61,FALSE,2,436416,3,436416,29334,5,FALSE,0.566,3,12,9,0,0,0,0,158,14
28515,29979,Dairy,64,for_profit,52,TRUE,2,0,0,0,0,21,TRUE,0,2,12,8,1,0,0,1,99,233
28516,29068,Dairy,112,pro_environmental,40,TRUE,2,2880,3,2880,194,5,FALSE,0.001,2,9,11,2,2,2,2,141,104
28517,29326,Forest,80,pro_environmental,52,TRUE,2,128,3,128,9,0,FALSE,0,2,14,14,0,1,1,0,75,183
28518,28813,Dairy,64,for_profit,53,TRUE,2,256,3,146.7810866223674,17,15,FALSE,0,1,10,10,0,0,1,0,83,237
28519,28980,Dairy,80,for_profit,44,FALSE,4,1045754,3,839130.5302702561,70291,10,FALSE,0.579,3,16,10,1,0,1,0,115,120
28520,29360,Dairy,64,pro_environmental,58,FALSE,2,871569,3,699361.5679568205,58583,10,FALSE,0.588,3,13,14,3,2,0,0,71,127
28521,29128,Dairy,128,pro_environmental,66,TRUE,2,0,0,0,0,21,TRUE,0,1,10,10,1,1,1,1,85,211
28522,30452,Forest,48,for_profit,58,TRUE,4,102092,3,58535.83865410443,6862,15,FALSE,0.179,1,12,14,0,0,0,0,52,267
28523,30007,Dairy,32,for_profit,51,FALSE,1,228728,3,228728,26814,15,FALSE,0.364,1,12,13,0,0,1,0,128,63
28524,29113,Dairy,64,for_profit,63,FALSE,3,764790,3,764790,51406,5,FALSE,0.656,1,14,13,0,0,0,1,66,247
28525,30500,Dairy,48,for_profit,69,FALSE,1,2400,3,2400,161,0,FALSE,0,1,8,13,0,1,1,1,54,177
28526,29940,Dairy,48,for_profit,82,FALSE,1,2400,3,1925.800209847263,161,10,FALSE,0.002,1,9,13,1,1,1,1,71,283
28527,29021,Forest,32,for_profit,55,FALSE,5,117880,3,117880,7923,5,FALSE,0.533,1,10,10,0,0,0,0,76,163
28528,29671,Dairy,80,for_profit,50,TRUE,2,640,3,640,43,0,FALSE,0,4,8,11,3,4,3,0,126,79
28529,29831,Dairy,80,for_profit,46,FALSE,2,1031593,3,827767.5066154032,69339,10,FALSE,0.551,3,15,17,1,2,2,0,129,138
28530,30466,SNB,64,for_profit,65,FALSE,2,41059,3,41059,4813,15,FALSE,0.2,1,10,16,1,0,1,1,58,235
28531,29773,Dairy,112,for_profit,72,FALSE,1,1120,3,1120,75,0,FALSE,0.175,3,11,10,3,2,2,1,126,91
28532,29621,SNB,48,pro_environmental,49,TRUE,3,2400,3,2400,161,5,FALSE,0.025,1,13,11,0,0,1,1,93,98
28533,30299,Dairy,32,for_profit,57,TRUE,2,0,0,0,0,21,TRUE,0,1,12,13,0,0,0,0,130,67
28534,30557,Forest,48,for_profit,54,FALSE,3,113895,3,65303.24945646303,7656,15,FALSE,0.127,2,12,9,0,1,0,0,87,187
28535,29279,SNB,48,for_profit,43,TRUE,2,1058,3,1058,231,15,FALSE,0.008,2,13,14,2,0,2,2,150,231
28536,29837,Dairy,48,pro_environmental,59,FALSE,1,467410,3,375057.6150352955,31417,10,FALSE,0.435,2,12,8,0,1,2,0,66,130
28537,29468,Dairy,96,for_profit,71,TRUE,2,1300,3,400.17673692581263,284,20,FALSE,0,3,11,10,3,1,2,0,96,192
28538,29421,Dairy,32,for_profit,65,TRUE,3,531,3,426.08329642870694,44,10,FALSE,0.001,2,10,10,1,0,2,0,80,181
28539,30346,Dairy,80,for_profit,81,FALSE,1,3200,3,3200,215,5,FALSE,0.002,2,9,11,0,2,2,1,70,167
28540,29316,Dairy,48,for_profit,48,TRUE,3,2400,3,2400,161,0,FALSE,0,1,13,14,0,0,0,1,47,233
28541,29596,SNB,64,for_profit,58,TRUE,5,0,0,0,0,21,TRUE,0,1,10,12,0,0,0,1,138,201
28542,29987,Dairy,48,for_profit,37,TRUE,5,498945,3,153589.37077342276,33537,20,FALSE,0.163,1,16,11,0,1,0,0,123,160
28543,29590,Dairy,64,for_profit,48,FALSE,3,702141,3,702141,58816,10,FALSE,0.579,2,19,12,2,2,2,2,31,260
28544,28911,Dairy,112,for_profit,55,FALSE,3,1279504,3,1279504,86003,5,FALSE,0.617,2,14,14,1,2,1,0,125,96
28545,29496,Dairy,112,for_profit,62,FALSE,2,448,3,448,30,0,FALSE,0.226,1,12,13,1,0,1,0,104,174
28546,29008,SNB,208,for_profit,62,TRUE,2,504,3,504,59,10,FALSE,0.001,2,10,14,1,0,2,0,144,52
28547,29749,Dairy,48,for_profit,65,FALSE,2,215376,3,123488.76293898048,14477,15,FALSE,0.131,1,15,12,1,0,0,0,57,239
28548,30035,Forest,96,for_profit,69,TRUE,3,0,0,0,0,21,TRUE,0,1,10,10,0,0,0,0,179,40
28549,29770,Dairy,48,for_profit,76,FALSE,1,0,0,0,0,21,TRUE,0,1,13,15,0,0,0,0,117,81
28550,30382,Dairy,80,pro_environmental,38,TRUE,2,3040,3,3040,204,0,FALSE,0,3,16,9,2,2,3,2,50,224
28551,28892,Dairy,64,for_profit,56,TRUE,3,1598,3,1598,187,10,FALSE,0.002,3,17,15,0,3,2,3,42,230
28552,28899,Dairy,80,pro_environmental,55,TRUE,1,1920,3,1540.6401678778104,129,10,FALSE,0.001,3,12,11,3,3,3,3,128,66
28553,30444,Dairy,128,for_profit,65,FALSE,3,1418469,3,1418469,95343,5,FALSE,0.627,3,14,12,0,2,3,3,92,117
28554,29432,Forest,64,for_profit,73,FALSE,3,87101,3,49940.54463240166,5855,15,FALSE,0.137,2,15,14,0,0,0,0,134,54
28555,30568,Dairy,80,for_profit,70,TRUE,2,0,0,0,0,21,TRUE,0,1,13,12,0,0,0,0,47,146
28556,29716,Dairy,64,for_profit,79,TRUE,2,2560,3,2560,172,0,FALSE,0,2,12,8,2,2,2,2,104,117
28557,29096,SNB,64,for_profit,64,TRUE,4,1920,3,1920,129,5,FALSE,0.015,1,12,11,1,0,0,0,86,85
28558,28767,Dairy,64,for_profit,40,TRUE,2,256,3,205.41868905037472,17,10,FALSE,0,1,14,12,0,0,1,0,65,272
28559,28910,Dairy,48,pro_environmental,49,TRUE,2,2118,3,2118,177,5,FALSE,0.003,1,10,13,1,1,1,1,111,49
28560,30516,Dairy,80,for_profit,69,FALSE,1,3348,3,3348,731,15,FALSE,0,2,11,10,2,0,0,2,98,235
28561,30575,Crop,48,for_profit,56,FALSE,2,359190,3,288220.073906266,24143,10,FALSE,0.287,2,9,10,1,0,0,1,66,132
28562,29060,Crop,96,for_profit,67,TRUE,2,0,0,0,0,21,TRUE,0,3,14,8,2,0,0,2,68,166
28563,29372,Dairy,96,for_profit,46,TRUE,3,431576,3,132851.28878114963,50594,20,FALSE,0.075,2,12,15,2,0,2,1,60,250
28564,30032,Forest,48,for_profit,47,FALSE,3,179448,3,102888.9548133226,12062,15,FALSE,0.403,1,11,13,0,0,0,0,118,220
28565,29176,Dairy,64,pro_environmental,49,FALSE,4,937520,3,937520,63016,5,FALSE,0.722,2,10,15,0,1,1,1,95,160
28566,29184,Crop,32,for_profit,43,FALSE,3,175789,3,141056.03878701688,11816,10,FALSE,0.202,1,14,14,0,0,0,0,69,172
28567,29336,Dairy,112,for_profit,54,FALSE,2,245267,3,245267,53555,15,FALSE,0.229,2,8,10,2,2,0,1,104,250
28568,29879,Dairy,80,for_profit,57,FALSE,3,62892,3,19359.93487595247,13733,20,FALSE,0.012,4,9,11,3,1,4,3,83,184
28569,29205,Forest,48,for_profit,57,FALSE,4,340346,3,273099.33259194857,22877,10,FALSE,0.475,2,14,13,0,0,0,0,67,168
28570,29155,SNB,112,for_profit,46,TRUE,2,0,0,0,0,21,TRUE,0,1,13,12,1,0,1,0,9,295
28571,28809,Forest,32,for_profit,49,FALSE,3,431566,3,346295.78890122665,29008,10,FALSE,0.551,1,9,10,0,0,0,0,70,154
28572,30306,Forest,112,for_profit,66,TRUE,4,0,0,0,0,21,TRUE,0,3,14,15,0,0,0,0,49,122
28573,28869,Forest,64,for_profit,54,FALSE,2,766034,3,614678.5158125577,51490,10,FALSE,0.527,1,11,11,0,0,0,0,54,269
28574,28902,Dairy,64,for_profit,73,FALSE,3,608353,3,187268.24495309917,40891,20,FALSE,0.132,1,13,13,0,0,0,0,98,142
28575,30439,Dairy,64,for_profit,58,TRUE,3,256,3,205.41868905037472,17,10,FALSE,0,1,12,14,1,1,1,1,49,229
28576,29787,Dairy,64,for_profit,59,TRUE,2,3200,3,2567.7336131296843,215,10,FALSE,0.002,1,12,8,0,0,1,1,90,234
28577,30187,SNB,80,for_profit,41,TRUE,3,3530,3,2023.973577253738,296,15,FALSE,0.009,1,11,16,0,0,1,1,58,173
28578,29730,Dairy,64,for_profit,80,FALSE,1,0,0,0,0,21,TRUE,0,2,12,12,2,2,1,2,129,146
28579,28971,Dairy,80,for_profit,65,TRUE,2,2400,3,2400,161,5,FALSE,0.002,2,9,12,0,2,2,1,125,148
28580,28882,Dairy,48,pro_environmental,65,TRUE,3,2400,3,2400,161,0,FALSE,0,1,13,11,1,0,1,1,104,169
28581,29575,Dairy,64,for_profit,54,FALSE,3,659075,3,659075,44300,5,FALSE,0.778,2,15,13,1,1,1,1,126,86
28582,29685,SNB,128,for_profit,71,FALSE,2,0,0,0,0,21,TRUE,0,2,10,13,1,0,0,0,77,231
28583,29829,Forest,64,for_profit,69,TRUE,3,0,0,0,0,21,TRUE,0,2,15,18,0,0,0,0,95,202
28584,30379,Dairy,64,for_profit,69,TRUE,1,2560,3,2560,172,5,FALSE,0.002,1,11,13,1,1,0,0,97,145
28585,30168,Dairy,32,for_profit,45,TRUE,3,960,3,960,65,0,FALSE,0,1,10,8,1,0,1,1,53,113
28586,30356,SNB,64,pro_environmental,58,TRUE,3,864,3,864,58,0,FALSE,0.019,4,13,11,4,0,2,1,45,124
28587,30581,Dairy,96,for_profit,58,TRUE,3,962,3,962,81,5,FALSE,0,2,15,11,0,2,1,2,95,141
28588,29335,Dairy,64,for_profit,72,FALSE,1,256,3,205.41868905037472,17,10,FALSE,0,1,9,12,0,1,1,0,87,239
28589,30119,Dairy,80,for_profit,68,FALSE,2,0,0,0,0,21,TRUE,0,2,10,14,0,1,0,0,117,128
28590,29280,Dairy,32,for_profit,70,FALSE,1,0,0,0,0,21,TRUE,0,1,9,8,1,0,0,0,75,238
28591,29461,Dairy,32,for_profit,52,TRUE,3,166013,3,51103.492790203796,19462,20,FALSE,0.138,2,14,13,0,1,1,0,140,231
28592,29687,Forest,32,for_profit,71,TRUE,2,0,0,0,0,21,TRUE,0,1,12,8,0,0,0,0,105,202
28593,29657,Dairy,96,for_profit,51,TRUE,4,2427,3,747.0991850145749,530,20,FALSE,0,3,11,13,2,2,1,3,133,73
28594,30510,Dairy,32,for_profit,63,TRUE,2,0,0,0,0,21,TRUE,0,1,12,14,0,0,0,0,109,145
28595,29035,Forest,128,for_profit,55,FALSE,3,624743,3,501304.2502085869,41993,10,FALSE,0.574,1,14,10,0,0,0,0,58,272
28596,29034,Forest,32,for_profit,51,TRUE,3,0,0,0,0,21,TRUE,0,1,11,10,0,0,0,0,79,240
28597,29011,Dairy,128,for_profit,65,TRUE,2,960,3,960,65,5,FALSE,0,3,10,16,3,2,3,2,114,67
28598,29934,Dairy,64,for_profit,63,FALSE,2,562853,3,562853,37833,5,FALSE,0.524,1,10,16,1,0,0,1,51,214
28599,29399,Forest,80,for_profit,57,FALSE,5,266611,3,266611,17920,5,FALSE,0.488,1,13,13,0,0,0,0,69,270
28600,28857,Forest,48,for_profit,67,TRUE,4,0,0,0,0,21,TRUE,0,1,11,15,0,0,0,0,76,174
28601,29656,Dairy,80,for_profit,58,TRUE,2,64,3,51.35467226259368,4,10,FALSE,0,2,12,8,2,0,2,0,121,72
28602,29537,Dairy,32,for_profit,49,TRUE,4,64,3,64,4,5,FALSE,0,2,11,9,2,0,1,2,143,103
28603,30365,Forest,48,pro_environmental,58,TRUE,4,248411,3,76467.9256895985,16697,20,FALSE,0.232,2,11,13,0,0,0,0,119,87
28604,29992,Dairy,48,for_profit,71,FALSE,3,583097,3,334326.60650876,48844,15,FALSE,0.382,1,8,11,0,0,1,1,82,138
28605,30246,SNB,64,pro_environmental,63,TRUE,3,3200,3,2567.7336131296843,215,10,FALSE,0.013,1,9,13,0,0,0,1,77,146
28606,30153,Forest,64,for_profit,58,TRUE,2,800,3,800,54,5,FALSE,0.001,3,13,13,1,0,0,1,61,120
28607,30109,Dairy,80,for_profit,60,TRUE,3,5493,3,3149.4863625650946,644,15,FALSE,0.002,1,15,13,1,1,1,1,67,254
28608,30026,Forest,112,for_profit,68,FALSE,4,302030,3,242353.93224173703,20301,10,FALSE,0.313,1,12,11,0,0,0,0,99,157
28609,30515,Dairy,64,for_profit,47,TRUE,3,0,0,0,0,21,TRUE,0,2,8,14,0,1,1,1,130,76
28610,30407,Forest,32,for_profit,65,FALSE,2,0,0,0,0,21,TRUE,0,1,13,17,0,0,0,0,122,151
28611,29016,Dairy,64,for_profit,78,TRUE,2,3200,3,3200,215,5,FALSE,0.003,1,14,10,0,0,0,1,49,239
28612,30425,Forest,80,for_profit,57,FALSE,2,1170068,3,1170068,78647,5,FALSE,0.783,2,19,8,1,1,0,0,53,145
28613,29631,Dairy,48,for_profit,70,TRUE,2,960,3,960,65,0,FALSE,0,2,10,11,1,0,0,2,96,157
28614,30180,Dairy,48,for_profit,77,TRUE,2,928,3,744.6427478076084,62,10,FALSE,0.001,2,12,12,0,2,1,1,54,246
28615,29771,SNB,64,for_profit,61,FALSE,3,36049,3,36049,3020,10,FALSE,0.273,3,10,15,3,0,3,3,143,108
28616,30028,Crop,64,for_profit,52,FALSE,4,296696,3,238073.84127535147,19943,10,FALSE,0.17,2,14,10,0,1,1,0,100,166
28617,30127,Forest,64,for_profit,56,TRUE,3,0,0,0,0,21,TRUE,0,1,17,10,0,0,0,0,101,253
28618,28917,SNB,80,for_profit,60,FALSE,3,46726,3,46726,3914,10,FALSE,0.295,2,12,14,1,0,2,2,92,92
28619,29798,Dairy,64,for_profit,57,TRUE,2,2560,3,2054.1868905037472,172,10,FALSE,0.002,1,12,12,1,1,1,0,67,142
28620,28826,Dairy,32,for_profit,55,TRUE,2,832,3,477.0385315226941,98,15,FALSE,0.001,2,15,12,1,1,2,2,83,183
28621,29858,Dairy,48,for_profit,77,TRUE,1,64,3,51.35467226259368,4,10,FALSE,0,3,13,10,1,3,2,1,62,270
28622,30509,Dairy,48,for_profit,69,TRUE,2,0,0,0,0,21,TRUE,0,1,14,8,0,0,0,0,48,227
28623,29801,Dairy,64,for_profit,66,TRUE,3,898,3,898,75,5,FALSE,0.001,2,8,13,1,2,2,2,126,155
28624,30297,Dairy,112,for_profit,55,TRUE,2,448,3,448,30,0,FALSE,0,1,10,17,1,0,1,1,72,180
28625,29959,Forest,32,pro_environmental,76,FALSE,2,0,0,0,0,21,TRUE,0,2,8,7,0,0,0,0,131,163
28626,29454,Dairy,64,for_profit,65,TRUE,3,192,3,154.06401678778104,13,10,FALSE,0,2,11,16,2,1,1,2,102,202
28627,29560,Dairy,32,for_profit,74,TRUE,1,0,0,0,0,21,TRUE,0,1,12,9,1,1,1,1,57,224
28628,29201,Forest,96,for_profit,62,TRUE,2,0,0,0,0,21,TRUE,0,2,18,14,0,0,1,1,148,234
28629,30483,Dairy,96,for_profit,67,FALSE,2,478485,3,274345.8915332167,32162,15,FALSE,0.157,1,17,12,1,0,0,0,83,241
28630,29555,Dairy,48,for_profit,48,FALSE,2,653855,3,653855,43949,5,FALSE,0.774,3,14,12,0,2,2,1,114,47
28631,28831,Dairy,64,pro_environmental,61,FALSE,3,765439,3,614201.0778438663,51450,10,FALSE,0.584,2,12,10,0,0,1,0,115,84
28632,30545,Dairy,32,pro_environmental,48,FALSE,2,230364,3,230364,15484,5,FALSE,0.404,1,11,10,0,1,0,0,137,229
28633,29395,Forest,32,pro_environmental,61,FALSE,3,306167,3,94246.85462643484,20579,20,FALSE,0.426,1,10,12,0,0,0,0,67,189
28634,29833,Dairy,64,pro_environmental,50,FALSE,4,841620,3,841620,70500,10,FALSE,0.648,2,16,11,2,1,0,0,64,182
28635,29956,Dairy,48,for_profit,54,FALSE,3,213406,3,171240.54982611042,14344,10,FALSE,0.232,2,8,10,1,0,1,0,45,159
28636,30226,Dairy,64,pro_environmental,78,TRUE,2,0,0,0,0,21,TRUE,0,2,11,16,0,2,2,2,106,122
28637,29947,Dairy,80,for_profit,68,FALSE,2,203122,3,116462.76514417389,23812,15,FALSE,0.072,2,13,12,1,1,1,0,88,151
28638,30025,Forest,80,for_profit,41,TRUE,4,1089484,3,624670.4897565756,73230,15,FALSE,0.719,2,16,15,1,0,1,0,127,151
28639,29289,SNB,48,for_profit,57,TRUE,3,960,3,960,65,0,FALSE,0,2,8,8,2,0,2,1,107,179
28640,28835,Dairy,64,for_profit,57,FALSE,2,0,0,0,0,21,TRUE,0,1,12,11,1,0,0,0,66,260
28641,28825,Dairy,48,for_profit,55,TRUE,3,1440,3,1440,97,0,FALSE,0,1,10,11,1,0,1,1,108,151
28642,30281,Dairy,64,pro_environmental,47,FALSE,2,598502,3,598502,40229,5,FALSE,0.608,2,12,12,0,1,1,1,108,107
28643,30375,Dairy,64,for_profit,52,FALSE,3,651827,3,651827,43813,5,FALSE,0.607,1,15,13,0,0,1,0,125,207
28644,30169,Forest,48,for_profit,72,TRUE,4,0,0,0,0,21,TRUE,0,1,13,12,0,0,0,0,62,204
28645,29164,Dairy,96,for_profit,63,FALSE,3,685357,3,549941.9393417877,46067,10,FALSE,0.31,3,11,11,1,2,2,2,132,139
28646,30005,Dairy,64,for_profit,62,FALSE,3,759463,3,435448.45464641805,51048,15,FALSE,0.38,2,18,12,2,0,0,2,117,52
28647,28961,SNB,64,for_profit,59,TRUE,3,2400,3,2400,161,0,FALSE,0,2,15,14,0,0,2,2,86,88
28648,29826,Dairy,64,for_profit,60,FALSE,3,482345,3,276559.0751049446,32421,15,FALSE,0.255,2,11,11,0,0,0,0,108,156
28649,30150,Forest,32,for_profit,64,FALSE,2,129594,3,39892.69541935674,8711,20,FALSE,0.235,1,14,13,0,0,0,0,138,232
28650,30566,SNB,32,for_profit,43,TRUE,2,2355,3,724.9355503540684,158,20,FALSE,0.011,1,9,12,1,0,0,0,88,73
28651,29031,Dairy,80,for_profit,59,TRUE,3,0,0,0,0,21,TRUE,0,1,17,13,0,0,0,0,64,274
28652,29884,SNB,48,pro_environmental,74,TRUE,3,4273,3,4273,933,15,FALSE,0.074,2,15,16,2,0,2,2,125,161
28653,28815,Forest,48,for_profit,68,TRUE,3,0,0,0,0,21,TRUE,0,1,12,10,0,0,0,0,109,99
28654,30432,SNB,192,for_profit,56,TRUE,3,7505,3,7505,504,5,FALSE,0.017,2,15,11,2,0,2,2,18,291
28655,29153,Dairy,64,for_profit,37,TRUE,2,630449,3,194070.0181678013,42376,20,FALSE,0.232,3,17,11,0,0,0,1,124,58
28656,28949,SNB,32,for_profit,61,FALSE,4,32039,3,32039,2684,10,FALSE,0.338,1,11,10,1,0,1,1,139,101
28657,29228,Forest,64,for_profit,49,FALSE,3,289171,3,232035.6552007262,19437,10,FALSE,0.372,2,9,8,1,0,0,0,98,135
28658,29725,Dairy,80,for_profit,69,TRUE,3,0,0,0,0,21,TRUE,0,2,11,14,1,0,0,0,60,244
28659,29394,Dairy,48,for_profit,49,FALSE,3,428658,3,428658,28813,5,FALSE,0.419,2,10,12,1,1,2,1,120,129
28660,29827,Crop,144,for_profit,52,FALSE,5,1116863,3,1116863,75071,5,FALSE,0.543,2,14,11,0,0,0,0,122,94
28661,29141,Forest,48,for_profit,79,FALSE,1,0,0,0,0,21,TRUE,0,2,11,11,0,0,0,0,66,178
28662,28978,Dairy,48,for_profit,67,TRUE,3,1402,3,1402,306,15,FALSE,0.001,2,9,12,2,2,0,0,101,217
28663,28851,SNB,64,for_profit,65,FALSE,3,2400,3,2400,161,0,FALSE,0.108,2,15,13,0,0,1,1,56,209
28664,28776,Dairy,48,for_profit,59,FALSE,3,344846,3,344846,40426,15,FALSE,0.375,2,12,14,2,0,2,0,89,172
28665,30350,SNB,64,for_profit,73,FALSE,2,0,0,0,0,21,TRUE,0,2,12,7,2,0,0,2,145,63
28666,29758,SNB,96,pro_environmental,55,TRUE,3,281478,3,281478,23578,10,FALSE,0.652,3,14,13,1,0,1,0,85,225
28667,29743,SNB,96,for_profit,66,TRUE,2,0,0,0,0,21,TRUE,0,2,13,10,2,0,1,1,63,127
28668,30040,Dairy,32,for_profit,58,FALSE,3,448434,3,448434,30142,5,FALSE,0.769,1,12,11,0,1,1,1,52,114
28669,29895,Dairy,64,for_profit,39,FALSE,3,360891,3,360891,24258,5,FALSE,0.294,2,15,8,0,1,2,1,126,143
28670,30099,Dairy,64,for_profit,63,TRUE,2,800,3,800,54,0,FALSE,0,3,13,13,3,1,3,2,90,158
28671,29225,Dairy,32,for_profit,69,TRUE,3,621,3,621,136,15,FALSE,0.001,1,13,11,1,1,1,1,117,145
28672,29525,Dairy,80,for_profit,48,FALSE,2,982133,3,982133,66015,5,FALSE,0.567,2,14,11,0,0,2,0,119,110
28673,29234,Forest,48,for_profit,67,TRUE,4,0,0,0,0,21,TRUE,0,1,10,11,0,0,0,0,69,193
28674,29832,Forest,32,for_profit,41,TRUE,2,480,3,147.757564403377,32,20,FALSE,0,2,10,9,1,0,0,0,126,106
28675,29104,Dairy,32,for_profit,60,TRUE,3,0,0,0,0,21,TRUE,0,1,18,12,1,0,0,0,52,149
28676,29695,SNB,64,for_profit,73,FALSE,3,0,0,0,0,21,TRUE,0,2,10,9,1,0,0,0,15,298
28677,30583,Forest,64,pro_environmental,69,TRUE,3,130062,3,130062,28400,20,FALSE,0.298,1,13,15,0,0,0,0,72,248
28678,29597,Dairy,32,for_profit,57,TRUE,2,0,0,0,0,21,TRUE,0,1,14,11,1,0,1,1,80,136
28679,29093,Dairy,48,for_profit,66,FALSE,2,263507,3,81114.9010900847,17712,20,FALSE,0.082,2,16,13,0,2,2,0,60,183
28680,30443,Dairy,64,for_profit,81,TRUE,2,3791,3,1166.9769305275045,828,20,FALSE,0.001,1,11,10,1,1,0,1,54,230
28681,30062,Forest,32,for_profit,50,TRUE,7,298369,3,171073.92982198883,20055,15,FALSE,1.006,1,10,13,0,0,0,0,144,239
28682,28753,Dairy,80,pro_environmental,65,TRUE,3,256,3,256,17,5,FALSE,0,2,14,13,0,0,2,0,121,152
28683,29237,Dairy,32,for_profit,37,FALSE,4,456024,3,456024,30652,5,FALSE,0.782,1,14,9,0,0,0,0,69,247
28684,30577,SNB,48,for_profit,74,TRUE,2,192,3,110.08581496677556,13,15,FALSE,0.001,1,11,9,1,0,1,0,137,232
28685,30145,Dairy,32,for_profit,53,TRUE,3,0,0,0,0,21,TRUE,0,1,15,11,0,1,1,0,108,99
28686,28900,SNB,48,for_profit,62,TRUE,4,1985,3,1985,166,5,FALSE,0.004,2,12,15,2,0,1,1,107,59
28687,29738,SNB,48,for_profit,62,FALSE,3,39278,3,39278,2640,5,FALSE,0.404,1,12,11,1,0,0,1,66,122
28688,30383,Dairy,32,pro_environmental,48,FALSE,2,205960,3,118089.97109665153,13844,15,FALSE,0.167,1,10,9,0,0,1,0,123,108
28689,30211,Dairy,48,for_profit,79,FALSE,2,640,3,640,43,5,FALSE,0.001,2,10,9,0,1,2,0,95,107
28690,29819,Dairy,32,for_profit,62,FALSE,2,184287,3,184287,12387,5,FALSE,0.316,1,9,11,1,1,1,1,64,265
28691,30014,Crop,32,for_profit,48,TRUE,2,0,0,0,0,21,TRUE,0,1,11,12,1,0,0,1,91,240
28692,29823,Dairy,48,for_profit,55,TRUE,2,640,3,197.0100858711693,43,20,FALSE,0,2,19,12,0,2,0,0,110,51
28693,29882,Forest,80,for_profit,62,FALSE,2,405719,3,405719,27271,5,FALSE,0.743,1,14,9,0,0,0,0,64,243
28694,29314,Forest,48,for_profit,43,TRUE,4,0,0,0,0,21,TRUE,0,1,9,13,0,0,0,0,56,177
28695,29095,Dairy,64,for_profit,51,FALSE,1,52745,3,52745,11517,15,FALSE,0.103,3,13,13,2,0,0,1,113,71
28696,29282,SNB,48,for_profit,37,TRUE,2,1440,3,1155.4801259083579,97,10,FALSE,0.012,1,7,9,1,0,0,0,54,110
28697,28806,Dairy,32,for_profit,60,FALSE,3,153389,3,87947.67224968092,10310,15,FALSE,0.151,1,12,17,1,0,1,0,66,275
28698,29720,Forest,32,for_profit,70,FALSE,2,0,0,0,0,21,TRUE,0,2,15,9,0,0,0,0,131,103
28699,29170,Forest,48,for_profit,37,TRUE,3,0,0,0,0,21,TRUE,0,2,15,16,0,1,1,0,121,143
28700,30158,Forest,48,for_profit,54,TRUE,2,0,0,0,0,21,TRUE,0,1,8,16,0,0,0,0,120,94
28701,28830,Dairy,48,pro_environmental,58,FALSE,2,479591,3,274980.03169651487,32236,15,FALSE,0.269,2,15,12,0,1,2,0,70,186
28702,29491,Dairy,80,for_profit,49,TRUE,2,988,3,304.1343200636176,216,20,FALSE,0,3,10,8,3,0,1,2,108,113
28703,30018,Dairy,48,pro_environmental,56,TRUE,2,1185,3,1185,99,5,FALSE,0.001,3,16,14,1,0,0,2,127,64
28704,29600,Dairy,32,for_profit,50,TRUE,2,939,3,538.3884388218867,110,15,FALSE,0.001,2,11,12,1,0,0,1,125,114
28705,29862,SNB,32,pro_environmental,59,TRUE,3,2104,3,2104,247,15,FALSE,0.025,1,14,12,1,0,0,1,125,163
28706,29588,SNB,32,pro_environmental,80,FALSE,2,24573,3,7564.26381267538,2881,20,FALSE,0.056,2,13,10,0,0,1,0,34,255
28707,28991,Dairy,80,for_profit,64,FALSE,2,883725,3,506695.76474746736,59400,15,FALSE,0.314,2,12,16,1,2,2,2,80,183
28708,30489,Dairy,48,for_profit,54,FALSE,2,624577,3,624577,41981,5,FALSE,0.714,1,11,9,0,0,1,1,37,268
28709,29391,Dairy,32,for_profit,70,TRUE,3,640,3,640,43,5,FALSE,0.001,2,8,11,0,1,2,2,125,52
28710,28920,Dairy,32,for_profit,70,TRUE,2,0,0,0,0,21,TRUE,0,1,12,9,0,1,0,0,150,225
28711,30458,Dairy,32,for_profit,60,FALSE,3,154371,3,154371,10376,5,FALSE,0.231,2,12,13,2,2,2,0,80,154
28712,29792,SNB,48,for_profit,60,TRUE,2,2764,3,2764,186,5,FALSE,0.018,2,9,12,2,0,2,2,57,191
28713,29105,Forest,32,for_profit,65,TRUE,4,0,0,0,0,21,TRUE,0,1,14,10,0,0,0,0,102,156
28714,29942,Forest,32,for_profit,54,FALSE,3,155919,3,125112.01788298975,10480,10,FALSE,0.566,1,8,15,0,0,0,0,112,114
28715,30361,Forest,32,pro_environmental,77,TRUE,2,0,0,0,0,21,TRUE,0,1,10,13,0,0,0,0,57,234
28716,29686,Forest,32,for_profit,58,FALSE,1,398252,3,398252,33360,10,FALSE,0.872,2,14,10,1,0,1,0,107,168
28717,30414,Dairy,32,for_profit,67,FALSE,2,235717,3,135151.5523256429,15844,15,FALSE,0.232,1,16,18,1,0,1,1,47,271
28718,29264,Forest,32,pro_environmental,69,FALSE,4,144991,3,116343.20759415189,9746,10,FALSE,0.526,1,10,11,0,0,0,0,121,82
28719,29846,SNB,32,for_profit,46,TRUE,3,5689,3,5689,1242,15,FALSE,0.16,1,10,10,0,0,1,0,18,278
28720,29338,Dairy,32,for_profit,59,FALSE,4,474879,3,474879,31919,5,FALSE,0.755,1,10,18,1,0,1,1,46,262
28721,30446,Dairy,48,for_profit,63,TRUE,2,192,3,192,13,0,FALSE,0,1,12,10,1,0,1,1,114,95
28722,29706,Forest,32,for_profit,69,FALSE,3,119629,3,68590.91645135621,8041,15,FALSE,0.356,2,16,11,0,0,0,0,135,21
28723,30539,Dairy,64,for_profit,75,TRUE,2,3200,3,1834.7635827795925,215,15,FALSE,0.002,1,17,11,0,0,0,1,136,83
28724,29231,Dairy,48,for_profit,80,FALSE,2,960,3,770.3200839389052,65,10,FALSE,0.001,2,12,11,1,0,0,1,92,183
28725,29622,Forest,32,for_profit,51,FALSE,2,0,0,0,0,21,TRUE,0,1,15,11,0,0,0,0,86,213
28726,29417,Dairy,32,for_profit,48,FALSE,3,336648,3,336648,22628,5,FALSE,0.475,1,12,12,1,0,1,0,70,170
