farm_id,farmer_id,farm_type,size_ha,gross_profit,current_profit,current_income,current_costs,ghg_emissions,nitrates,sediment,phosphates,e_coli
28727,28029,Dairy,96,113520,113197,586369,472849,721.6,1451.4,34,14.8,79.4
28728,27973,Dairy,32,34946,0,296812,261866,325.6,1209.4,39,19.6,127.2
28729,28482,Dairy,32,26891,0,274302,247411,290.6,502.5,11.5,5.2,26.6
28730,27066,Dairy,272,254074,0,1966782,1712708,2206.5,4121,454.1,85.7,429.5
28731,27200,Dairy,160,147946,147785,1132694,984748,973.2,2377.6,78.5,31.6,113.8
28732,28010,Forest,96,64006,64006,443442,379436,-1379.4,192.7,291.8,19.3,38.5
28733,27493,Dairy,128,129257,0,996804,867547,1196.5,4843.6,285.2,96,545.2
28734,28530,SNB,64,6644,0,178700,172056,222.9,305.9,203.8,15.9,103.4
28735,27246,Forest,128,126235,52119,611371,485136,-1752.3,256.8,386.2,25.9,52.1
28736,27937,Forest,64,44879,0,530614,485735,565.6,2137.3,26.6,24.2,52.5
28737,27758,Dairy,96,153924,0,1052574,898650,1064,3592.3,380.4,81.8,434.9
28738,28034,Dairy,80,106783,0,732320,625537,742,1303.1,78.9,23.2,81
28739,26952,Dairy,144,136454,0,949553,813099,1142,2075.8,50.2,22.4,117.3
28740,26972,Forest,432,218900,218900,1655027,1436127,-4907.2,863.3,1285.8,86.6,173.5
28741,27866,Crop,80,118861,118861,555931,437070,403.3,2082.7,145.4,37.9,144.1
28742,27626,SNB,592,45749,45575,569732,523983,1406.2,6277.4,2075.7,184.7,1563.7
28743,27250,Forest,64,63584,12244,310632,247048,-988.9,129.3,185.9,12.7,25.8
28744,27466,Dairy,288,307694,0,2192405,1884711,1518.4,8620.1,341,120.9,565.9
28745,27371,SNB,160,14202,14080,345759,331557,510.8,1383.3,633.1,51.4,446.5
28746,26882,Dairy,256,365280,5398,1720034,1354754,2289.5,9283.5,925.5,199.5,1074.7
28747,27164,Dairy,96,108340,0,911455,803115,892.9,3023.8,40.1,35.1,74.1
28748,27607,Dairy,208,179314,0,1775919,1596605,1569.8,6573.3,132.8,72.2,321.8
28749,28385,Forest,80,56952,17894,320257,263305,-883.9,158.7,249.2,16.5,32.7
28750,27601,Forest,128,72768,2060,593449,520681,-1817.3,256,384.8,25.3,51.8
28751,27132,Dairy,320,444464,52175,2061199,1616735,2799.9,12184.6,1090.1,243.7,1256.5
28752,28477,SNB,96,39196,39196,271344,232148,-411.3,636.7,831.3,33.3,218.3
28753,27788,Dairy,208,264111,25724,1415178,1151067,1439.9,7226,811.6,162,560.9
28754,27659,Crop,64,83152,0,403842,320690,319.6,1718.9,55.8,21.9,58.5
28755,27917,Forest,144,139629,0,859834,720205,-279.3,2578.2,502.2,68.6,209.6
28756,27149,Dairy,48,48261,48261,434507,386246,483.1,812.9,48.1,14.2,96.2
28757,28316,Dairy,64,85977,0,605654,519677,632.3,2537.2,76.4,43.5,262
28758,28203,Forest,32,13348,13348,124043,110695,-380.9,63.5,98.3,6.5,13.1
28759,28594,Forest,32,16254,0,141343,125089,-454.2,63.7,92.6,6.4,13.4
28760,27546,Forest,160,101491,20826,632990,531499,-1817,320.6,480.3,32.3,65.1
28761,28224,Dairy,176,249752,249279,1557348,1307596,1720.4,6300.6,702.6,148.2,409.4
28762,27432,Forest,240,130689,130689,905392,774703,-2663.2,480.1,717.1,48.3,96.7
28763,28698,Crop,32,42309,0,216409,174100,190.6,1002.6,79.4,20.3,80.1
28764,27439,Dairy,96,159392,159392,921198,761806,963.8,3313.3,334.7,71.6,409.8
28765,27413,Dairy,656,776218,0,5088169,4311951,5883.5,23186.6,583.4,354.9,993.1
28766,28164,SNB,80,23871,0,209533,185662,298.7,775.3,944,35.3,290.7
28767,28357,SNB,64,-2815,0,55166,57981,128.6,290.6,29.6,7.2,42
28768,27061,SNB,128,13142,0,171799,158657,110.8,571.4,538,31,189.9
28769,28500,Dairy,48,97144,0,572127,474983,546,1873,189.4,40.7,101.1
28770,27986,Dairy,128,156906,156562,1087744,930838,1273.7,4879.6,511.7,104.7,293.5
28771,26967,SNB,256,13369,0,253630,240261,610.8,2546.5,451,56.9,414.4
28772,27174,Dairy,80,106056,0,698031,591975,775.1,2665.7,112.6,37.4,140.6
28773,28134,Dairy,160,223466,36878,1022171,798705,748.2,4942.9,614.5,115.9,600.3
28774,27906,Forest,64,37760,0,337973,300213,-562.1,690.4,153,15.6,45.6
28775,27044,Dairy,64,130963,130950,712318,581355,602.9,2455.1,77.3,43.8,263.5
28776,27134,SNB,144,13343,13117,153645,140302,359.1,1494.6,763.4,39.2,258.7
28777,28677,Dairy,64,64558,0,542809,478251,650.2,2186.8,89.1,29.1,117.2
28778,27141,Dairy,160,141785,0,1193515,1051730,1428.2,3974.9,140.5,49.5,200.1
28779,28322,Dairy,48,52586,0,417821,365235,459.1,1736,43.4,29.7,81
28780,27201,Dairy,160,283945,30067,1482499,1198554,1729.5,6255.1,634.4,138.1,695.4
28781,27789,Dairy,160,159909,0,916750,756841,1302.1,5094.8,406.4,99,524.9
28782,28182,Dairy,112,123715,0,972270,848555,1052.9,3444.9,74.4,48.3,263.4
28783,28662,Dairy,48,60684,60426,421942,361258,460.4,1776,107.1,28,62.5
28784,28257,SNB,96,-4704,0,203045,207749,274.5,717.9,87.1,16.1,104.6
28785,28284,Dairy,32,42477,0,310946,268469,309.2,1246.7,129.4,26.5,151.9
28786,27879,Crop,48,82116,0,218479,136363,53.3,1024.2,46.5,19.9,9.6
28787,27691,Dairy,128,174830,7643,976572,801742,1178.5,4777.7,150,86.4,257.6
28788,27697,Forest,144,111572,111572,608717,497145,-1808,288.5,426.7,28.8,56.2
28789,28703,Crop,48,45916,0,198348,152432,-193.8,620.3,58.9,11,9
28790,27385,SNB,176,35795,35795,333907,298112,641.3,1894.6,2523.8,87.6,706.6
28791,28420,Dairy,96,119304,0,838599,719295,911.9,2910.2,116.3,37.4,83.6
28792,28372,Dairy,64,83369,0,627328,543959,667.5,1017.5,48.6,16.1,51.2
28793,27620,Forest,128,66295,0,546408,480113,-1682.9,256.4,390.4,25.7,51.6
28794,27860,SNB,208,44050,3433,273988,229938,285.1,2135.4,1050.5,78.9,705.6
28795,28458,Dairy,48,49495,49452,362822,313327,396.3,1540,35.3,19.4,42.9
28796,27417,SNB,96,12396,0,99147,86751,259.2,1060.2,1666.1,48.3,389.5
28797,27030,SNB,128,955,558,117075,116120,282.3,902.1,487.4,26.9,158.3
28798,26976,SNB,112,-430,0,308285,308715,383.8,548.6,359.9,28.8,176.6
28799,27931,Dairy,80,114632,114439,713259,598627,769.5,2832.1,32.9,29.4,134.4
28800,27287,Forest,80,41131,0,357941,316810,-1087.7,158.6,235.8,16.1,32.4
28801,26936,Dairy,80,88041,0,676493,588452,729.6,2708.8,109.9,36.3,73.8
28802,27387,SNB,32,3593,0,32327,28734,88.6,337.2,579.2,17.1,127.8
28803,28174,SNB,32,3577,3577,58784,55207,117.8,364.9,447.8,15.9,133.4
28804,26873,Forest,656,534626,0,2963669,2429043,-1619.7,12301.9,2259.5,331.9,1532.7
28805,27677,Forest,32,23905,14493,143019,119114,-464.3,64.1,96.5,6.5,13.1
28806,28263,Dairy,32,58015,0,307103,249088,309.2,537.3,32.2,8.8,65.8
28807,27551,Dairy,80,135046,0,807470,672424,908.8,2996.3,316,69.5,350
28808,28156,SNB,256,409,0,294333,293924,602.5,1106.6,363.5,34.7,184.3
28809,27771,Dairy,80,83512,83508,626999,543487,383.1,2364.5,87.5,32.5,156.3
28810,27424,Dairy,160,154007,0,1141023,987016,1369.6,2697,93.2,40.6,303.8
28811,28202,Forest,96,87835,5162,471821,383986,-998.8,437.5,246.3,18.6,37.7
28812,28667,SNB,96,8103,8094,133723,125620,281.5,1088.4,456.9,39,339.6
28813,28283,Forest,64,38533,0,289789,251256,-957.3,127,185.3,12.8,25.9
28814,26926,Forest,96,62227,0,416568,354341,-1297.3,191.4,287.4,19.2,39.7
28815,27695,SNB,176,13042,0,217941,204899,109.8,744.3,117.7,21,110.4
28816,28379,Dairy,64,74595,0,453985,379390,-117.3,1116.3,139.4,21.2,73.1
28817,28199,SNB,240,29192,0,258161,228969,632.9,2673,1255.6,95.3,830.5
28818,26939,Dairy,80,150827,0,894967,744140,928.1,3007.8,320,68.8,363.1
28819,27179,SNB,368,52226,0,566137,513911,-670.5,2418.2,1728.4,106.6,724.5
28820,27014,Dairy,64,68976,0,712747,643771,699.8,2412,258.8,54.5,291.4
28821,28180,Forest,64,45245,45245,292730,247485,-934.7,127.7,191.4,12.6,24.4
28822,27586,Dairy,64,115751,17893,623252,507501,291.5,1821.6,196.8,38.7,151.7
28823,27406,Dairy,128,199692,0,1106422,906730,1161.7,4579.4,456.4,103.1,258.8
28824,27871,Forest,272,152120,6332,1064827,912707,-3168.8,544.3,811.1,54.1,107.7
28825,28428,Dairy,80,122822,0,779503,656681,813.9,3075.1,96.3,54.4,327.5
28826,28633,Forest,32,27195,11912,151978,124783,-496.4,63,92.6,6.3,12.4
28827,27636,Forest,96,123281,0,845953,722672,923.3,3583.1,375.6,79.6,215.8
28828,28601,Dairy,80,116351,0,701765,585414,796.3,3097.2,276.1,66.3,325.6
28829,27739,Dairy,368,415731,0,3458760,3043029,3479.1,6031.2,109.7,83.5,331.2
28830,28344,Forest,144,143039,0,893489,750450,1216.2,2472.2,146.6,41.5,297.8
28831,28510,SNB,80,21518,4618,132347,110829,-34.5,791.2,1162.1,35.9,273.9
28832,27443,Forest,80,68655,0,737849,669194,755.8,1245.8,8.3,10.4,55.8
28833,28342,Forest,80,62213,23390,362431,300218,-1124,160.6,230.7,16.2,31.8
28834,28313,Forest,64,33832,0,275982,242150,-933.7,128.4,197.4,12.7,25.6
28835,28542,Dairy,48,89322,89322,478578,389256,481.9,1867.1,192.7,39.5,109.9
28836,28293,Dairy,96,136956,0,912477,775521,929.3,3494.6,40,36,161.3
28837,27648,Dairy,64,73250,0,470945,397695,270.3,1828.6,242.3,44.8,183.7
28838,27658,Dairy,112,130101,0,789910,659809,1032.1,1751.9,26.1,16.8,104.7
28839,27313,Dairy,112,173320,0,1233566,1060246,1125,4153,133.8,72.5,225
28840,28499,SNB,32,5812,0,106149,100337,117.6,345.5,422,16.1,128.2
28841,27718,Dairy,80,75774,75774,569714,493940,28.1,1869.7,151.2,38.9,211.1
28842,28024,Dairy,64,60242,60177,498548,438306,-118.8,495.9,107.6,11.9,38.1
28843,27324,Dairy,48,61401,61293,344135,282734,413.8,1192.3,96.5,23.4,132.3
28844,28366,Forest,64,31988,0,274783,242795,-884.8,128.8,200.1,12.7,24.8
28845,27185,Dairy,64,96698,0,540343,443645,600.3,2208,133.1,35.1,156.1
28846,28467,Forest,48,25541,5330,184255,158714,-535.1,95.2,140.8,9.6,20.2
28847,28290,Dairy,96,162999,6472,977179,814180,970.1,3656.3,291.7,74.2,433.3
28848,28360,Dairy,96,113921,0,599330,485409,806.5,3735.2,381.9,81.9,432.5
28849,27547,Dairy,256,304531,0,2076721,1772190,2354.5,9403.1,208.5,134.9,496.6
28850,27486,Forest,80,73094,0,519845,446751,-385.6,631.8,152.9,17.1,77.4
28851,27798,SNB,48,-1689,0,83107,84796,138.1,349.9,110.1,12.8,97.5
28852,27300,Forest,416,472896,2508,2863658,2390762,-2535.3,6056.2,1386.5,175.6,739.6
28853,28242,Dairy,144,169739,0,1357014,1187275,1511.1,5342.8,575.1,128.7,318.5
28854,28375,SNB,32,11833,11833,95165,83332,127.3,355.2,372.4,16.6,121
28855,28135,Dairy,32,63334,7056,317673,254339,359.6,1282.6,130.6,27.9,148.4
28856,26957,Dairy,96,135074,135074,863293,728219,554,2895.5,326.9,64.9,307.1
28857,27096,Crop,64,70464,0,247361,176897,65.7,1130.2,22.4,15.6,5.1
28858,27206,Forest,112,100680,100680,617452,516772,-466,2051.9,375.1,52,158.5
28859,27943,SNB,80,13157,0,105147,91990,251.2,832.8,1311,38.7,328.9
28860,28339,Dairy,128,169318,4366,795228,625910,962.7,3785.1,752.9,79.3,421.7
28861,28509,Dairy,64,49918,0,544773,494855,597.2,2189.9,90,30,119
28862,27624,Dairy,176,266201,0,1795311,1529110,1668.8,4471.6,122.8,68.2,208.6
28863,27561,Dairy,64,66409,0,461724,395315,-161.3,617.1,129.6,15.2,43.2
28864,28304,Crop,64,110294,0,369524,259230,209.8,1443,81.1,26,79.2
28865,27337,Dairy,112,136870,0,1062802,925932,1019.3,1669.9,11.5,14,39.8
28866,27820,SNB,64,6562,0,103649,97087,193.9,697.1,288,25.9,218.1
28867,27616,SNB,192,11701,0,535122,523421,611.9,943.9,638.6,49,319.7
28868,28644,Dairy,48,48122,48122,472851,424729,509.7,1805.9,189.6,42.4,217.6
28869,28600,Dairy,48,53744,53744,435755,382011,462.5,1863.6,57.4,31.8,187.1
28870,28000,Dairy,80,61899,61899,383660,321761,521.6,928,169.9,21.7,101.7
28871,26999,Crop,112,173964,100033,516791,342827,237.2,2569.4,157.7,52.8,93.1
28872,28184,Forest,48,9554,0,105531,95977,162.1,542,662.2,24.5,190.2
28873,27057,Dairy,80,87171,87171,495964,408793,631.2,1573.3,126,31.9,101.6
28874,28558,Dairy,64,33644,0,516156,482512,573.8,1043.8,19.1,14.5,56.3
28875,26982,Forest,80,67039,20467,374255,307216,-1091.7,161.1,232.2,16.1,32.4
28876,27972,Forest,96,61403,5437,415349,353946,-1359.1,191.9,294.3,19,39
28877,28318,Dairy,32,13249,13249,229025,215776,-18.8,621.4,110.8,17.2,80.7
28878,27567,SNB,160,2027,1995,257765,255738,443.1,772.1,169.4,30.5,216.8
28879,28476,Dairy,64,86619,86619,632030,545411,641.5,2494.7,255.6,55.6,290.9
28880,28657,Dairy,64,38394,0,461129,422735,531.2,971.9,122.7,20,171.2
28881,27526,Dairy,160,194272,30424,976573,782301,219.2,3406.6,528.6,88.5,408.4
28882,27373,Dairy,320,334317,0,1885332,1551015,1636.5,9326.7,526.1,139.5,510.6
28883,28466,Forest,64,47890,11528,285144,237254,-879.4,128.4,194.4,12.9,25.7
28884,27108,Dairy,96,119173,0,861133,741960,905.6,3093.3,97.5,56.9,350.4
28885,28187,Dairy,64,82272,0,587701,505429,644.8,2198.5,89,30.4,101
28886,28062,Dairy,128,173964,0,1107197,933233,1203.3,4887.8,507.5,110.5,589.1
28887,28016,SNB,112,4718,4460,226240,221522,337.2,839.2,196.9,26.2,213.4
28888,27772,SNB,64,3790,0,73376,69586,176.2,383.7,408.4,20.1,144.3
28889,27359,Dairy,48,70241,0,542302,472061,537.7,819.6,47.6,13.3,96.7
28890,28123,Dairy,80,74218,74218,674550,600332,823.5,3239.6,95.5,53.4,328.8
28891,27276,SNB,192,21479,0,227598,206119,571.4,1972.7,2981.6,88.4,689.2
28892,28590,Forest,32,17295,0,137891,120596,-456.2,63.9,97.4,6.3,12.5
28893,28227,SNB,112,5681,0,314969,309288,393.3,1164.6,1424.3,54.3,463.5
28894,27732,Dairy,160,137009,136193,1514503,1377494,1563.6,3019.6,90.3,35.6,148.5
28895,28441,Dairy,112,136220,0,1002971,866751,810.4,3755.7,429.5,82.9,444.8
28896,27153,Dairy,160,183962,0,1357657,1173695,1515.7,3019.6,211.1,54.6,347.1
28897,27414,Dairy,80,99944,0,753664,653720,794.8,3068.7,318.4,69.7,177.8
28898,27172,Dairy,96,151913,0,1007318,855405,943.3,1616.9,28.7,21.8,146.3
28899,27011,Dairy,208,235741,0,1238287,1002546,361.5,5263,570.4,115.1,611.6
28900,27837,Forest,144,95773,15960,663419,567646,-2145.7,289,437.6,28.9,57.2
28901,27698,Forest,48,29407,0,214146,184739,-704.7,96,144.3,9.5,19.2
28902,28498,Dairy,80,102791,0,721193,618402,701.6,2704.5,148.2,42.3,158.4
28903,28479,SNB,64,15483,1435,117100,101617,214.3,740.4,878.4,32.8,258.9
28904,28653,Forest,48,54553,0,437599,383046,500.9,1806.2,58.2,31.2,204.4
28905,27962,Dairy,64,87176,0,577974,490798,584,2193.4,62.1,36.4,227.9
28906,27468,SNB,304,27030,26922,451047,424017,868.7,1479.5,1164.2,75.3,489.4
28907,27083,SNB,144,37217,37217,419544,382327,546.2,1526,1857.7,70.7,569.1
28908,28285,Dairy,64,67229,0,453611,386382,244,1806.4,236.1,42.4,221.5
28909,28042,Dairy,64,92130,92130,407260,315130,216,828.4,94.1,16.9,101.7
28910,27508,Forest,416,234262,52749,1653210,1418948,-4940.1,831.7,1258.7,82.7,167.1
28911,27267,Dairy,272,346439,346439,1737436,1390997,2296,10390.2,1083.5,230.2,1209.7
28912,27846,Dairy,80,89357,0,675298,585941,778.9,1306.3,24.2,18.4,141.2
28913,27654,SNB,128,4341,0,184615,180274,357.5,1071.9,540.3,29.9,195.6
28914,26891,Forest,48,28540,0,213509,184969,-669.7,95.4,142,9.4,19
28915,27127,Forest,608,304941,33222,2348799,2043858,-6878.2,1369.2,1969.6,126.6,304.1
28916,27031,Dairy,96,91171,0,675799,584628,872.2,1699.8,93.5,25.7,137.4
28917,27049,Dairy,64,84247,84126,599721,515474,651.3,2333.3,64.1,39.5,208.7
28918,26955,Dairy,128,128349,0,745200,616851,486,3619.4,212.8,75.2,305.2
28919,27813,Crop,128,229580,34924,567300,337720,142,2596.6,129.3,52.6,25.9
28920,27717,Dairy,112,131550,0,888544,756994,1039.6,2118.7,92.4,36.5,249.6
28921,27234,Dairy,144,248018,0,1408232,1160214,1039.2,4066.1,216.8,74.8,433
28922,27274,Dairy,352,326677,0,1954518,1627841,2498.3,7610.8,1338.3,153.8,963.9
28923,26904,Dairy,80,128855,128431,833437,704582,727.1,2355,66.9,38.8,119.5
28924,27666,SNB,96,2094,0,89855,87761,216.2,429.6,137.5,13.3,70.1
28925,27335,SNB,144,38075,38075,450700,412625,533.9,1625.7,1623.1,63.3,513.2
28926,27142,Dairy,336,396265,0,2286526,1890261,2808,8853.4,295,110.5,395.5
28927,27709,Forest,96,68106,68106,391665,323559,-1152.6,316,272.9,19.3,57.4
28928,27194,SNB,736,60053,0,710754,650701,1784.8,7288,4367.7,200.2,1307.3
28929,28452,Forest,96,87331,0,521880,434549,-235.4,1495.7,155,23.9,51.4
28930,28214,SNB,96,52739,52739,340116,287377,-209.6,777.1,911.2,37.6,276.6
28931,28592,Dairy,32,45352,45352,207655,162303,243.5,1261,128.3,27.1,138.8
28932,28557,Forest,64,22830,22830,244761,221931,-703.7,129,188.6,12.8,25.7
28933,28541,Forest,64,29015,0,245465,216450,-735,127.8,192.3,12.9,25.5
28934,26922,Dairy,160,188110,188088,1249879,1061769,1500.2,2523,91.2,41.4,310.5
28935,28163,Dairy,80,99182,0,732045,632863,763.3,2756.6,33.8,30.4,126.7
28936,28207,Dairy,176,185094,0,1142897,957803,1498.4,2955.4,173.6,49.3,186.5
28937,26947,SNB,144,28875,0,234912,206037,457.9,1958.6,831.3,49,316.5
28938,27923,Forest,96,42350,13221,251726,209376,-541.3,595.5,223.2,20.3,92.6
28939,28015,Dairy,32,80485,25691,371817,291332,330,1295.3,126.7,25.2,142.8
28940,28442,Forest,80,44282,44282,310863,266581,-972.5,161,241.8,15.8,32.2
28941,27589,Dairy,48,38551,38551,351279,312728,108.3,1186.7,177.1,30.6,149.8
28942,28147,Dairy,96,156521,0,930416,773895,1051.1,3498.7,387.6,79.7,454.5
28943,28613,Dairy,48,42546,0,367233,324687,36.9,1124.4,63.5,15.3,57.9
28944,27729,Dairy,192,268759,0,1749770,1481011,1830,7008.3,212.5,108.6,588.4
28945,27288,Dairy,80,99676,0,694204,594528,742.4,1152.2,8.4,9.9,29.6
28946,27988,Forest,96,62015,0,498908,436893,-923.5,883.2,308.7,28.6,104.5
28947,26927,Dairy,112,155572,0,990316,834744,770.2,3826.5,425.8,83,427.3
28948,26867,Dairy,96,87999,87879,838226,750227,618.4,2476.8,138.7,45.9,256.6
28949,26901,Dairy,128,172677,0,1131424,958747,971.3,3907.1,204.5,54.8,206.3
28950,26945,Forest,176,118801,43435,717864,599063,-2185.4,352.9,527.8,35.7,69.1
28951,27075,Dairy,256,343935,0,1700460,1356525,2198,9508.7,931.1,209.3,1137.7
28952,27692,Dairy,160,180558,0,1382940,1202382,1605,6063.8,639.7,131.8,345.1
28953,28546,SNB,208,25622,0,214529,188907,537.9,2160.6,3533.4,97.2,761.6
28954,28230,Dairy,112,158054,158045,1212345,1054291,1128.5,4201.1,131.7,75.7,257.5
28955,27637,Dairy,224,179089,0,1370481,1191392,1807.1,3355.7,88.1,38.4,204.9
28956,27473,Forest,144,117785,0,868755,750970,-760.2,2040.2,470.5,57.6,148
28957,27550,Forest,128,73293,0,565659,492366,-1754.4,256.6,378.5,25.3,51.7
28958,26934,Forest,208,194699,24883,979796,785097,-3107.1,418.5,631.5,41.4,83.2
28959,27213,Dairy,112,124788,124740,927700,802912,1005.1,2998.1,166.4,52.4,260.8
28960,27915,Dairy,48,58413,58413,487123,428710,476.6,1838.8,103.1,35.8,138.1
28961,28426,Dairy,112,108217,0,742444,634227,888.5,2147.7,109.9,30,170.2
28962,27808,SNB,80,-12057,0,205771,217828,231.7,332.3,27.8,8.6,51.7
28963,27450,Forest,112,61071,0,490799,429728,-1548.2,225.2,341.8,22.4,45.1
28964,28161,Forest,80,32013,0,339710,307697,-1090.5,159.7,242.6,15.8,32.1
28965,27760,Dairy,32,22300,0,272118,249818,288.7,1057.7,44.2,15,54.7
28966,28708,Dairy,48,47543,0,415635,368092,417,708.6,16.7,7.7,37.8
28967,27655,Dairy,80,86951,0,805272,718321,892.7,2943.9,315.5,67.3,360.1
28968,27619,Dairy,80,108117,0,750778,642661,816.3,3046.6,317.7,66.7,356.2
28969,27530,Dairy,80,96468,96246,635663,539195,750.4,2442.2,93.6,31.8,126.3
28970,28204,Dairy,80,125650,1438,723940,598290,771.3,3076.5,93.9,57.3,293.6
28971,27167,Dairy,64,81546,81417,561978,480432,567.6,1412.9,112,28.8,113
28972,27730,Dairy,48,99907,23928,471961,372054,514.3,1764.5,103.7,36.2,137.4
28973,28716,Dairy,32,51370,0,341688,290318,315.5,797.6,27.9,9.2,41.3
28974,28373,Dairy,128,150261,0,1205725,1055464,1250.7,2107.8,127.5,37.5,128.4
28975,27078,SNB,176,31092,31092,304551,273459,501.2,1335.4,92.2,29,174.3
28976,27463,Dairy,64,85471,0,441189,355718,555.8,1014.9,20.1,14,106
28977,27263,Dairy,80,104367,104151,690471,586104,758,1322.4,47.4,19.1,134.9
28978,27563,Crop,160,149338,17960,842609,693271,-1938.1,852.7,496.6,41.7,135.1
28979,27471,Forest,144,71568,0,513728,442160,-640.6,937.7,950.2,45.6,243
28980,27594,Forest,64,85505,85505,421326,335821,-504.5,672.2,205.6,23.8,83.2
28981,27719,Dairy,176,148884,0,1318050,1169166,1576.5,4063.5,230.6,68.3,327.4
28982,27122,Dairy,48,45339,45274,357853,312514,91.2,513.2,60,8,31.6
28983,28718,Dairy,32,47591,0,293732,246141,311.9,497.9,11.4,5.1,26.6
28984,27280,Dairy,176,165597,165543,989939,824342,-47.4,3341.5,578.8,87,421
28985,28446,Dairy,64,74670,0,434166,359496,620.5,2440.4,258.1,53.6,298.9
28986,27183,Dairy,272,416804,0,2758686,2341882,1618.6,8717.7,1027.2,197,522
28987,28250,Forest,192,100738,9863,737585,636847,-2251.2,384.4,575,38,76.2
28988,28280,Dairy,96,187516,19807,982310,794794,946.2,3736.3,297.7,74.7,425.7
28989,27262,SNB,48,3251,0,48339,45088,135.6,543.6,826.8,23.6,182.4
28990,27227,SNB,672,91265,0,1150843,1059578,2116.7,6939,7392.5,293.9,2382.2
28991,28211,Forest,96,49213,1449,394591,345378,-1217.1,191.6,285.9,19,38.8
28992,27191,Dairy,64,47745,0,574474,526729,609.3,956.6,6.7,8.2,44.6
28993,27071,Dairy,368,408640,0,2327089,1918449,3009.7,6069.3,366.4,107.1,753.7
28994,27162,Dairy,64,83127,0,613385,530258,297.7,837.3,97.3,16.8,56.6
28995,26892,SNB,80,3652,0,77776,74124,197.3,371.2,102.5,16.2,112.4
28996,27021,Forest,384,235719,0,1674011,1438292,-5127.9,764.5,1151.6,76.8,153.2
28997,27472,Dairy,160,223892,0,1429546,1205654,1491.7,3369.6,106.1,40.9,180.8
28998,28370,Dairy,64,117393,9644,569679,452286,578.2,2312.7,76,41.9,258.9
28999,28294,Forest,112,76698,19784,487781,411083,-1499,224.4,331.9,22.4,45.2
29000,28554,SNB,64,8932,0,78942,70010,173.3,722.2,887,29.1,241.2
29001,27926,Dairy,144,185285,185276,1037738,852453,1260.7,5565.7,173,98.4,573.4
29002,27728,Dairy,64,51412,0,488624,437212,216.8,1398.5,94.8,21.1,68.2
29003,28565,Dairy,64,75021,0,639508,564487,582.2,2120.2,41.4,23.9,52.3
29004,27647,Dairy,80,127295,0,801621,674326,779.5,1834,18.6,17.9,43.7
29005,27151,Dairy,528,686254,0,3254191,2567937,4415.5,19614.9,2065.8,449.7,2222.3
29006,28674,SNB,32,-619,0,71067,71686,75.5,159.8,34.9,6.7,46.2
29007,27509,Forest,80,87239,7834,517145,429906,-318.1,1345.7,275.7,37.1,167.7
29008,27686,Dairy,48,71808,0,292585,220777,391.5,1471.5,145.9,31,169.8
29009,27633,Dairy,112,154983,154725,858219,703236,968.1,1912.6,55.6,23.1,103.4
29010,27872,Dairy,240,264443,264185,2352402,2087959,2371.4,4669.4,123.5,62.9,350.8
29011,26889,Dairy,224,269934,269762,1633088,1363154,1687.7,7644.3,589.2,137.3,499.2
29012,28374,Dairy,64,71436,0,599106,527670,619.3,999.5,53.7,17.2,101.8
29013,27325,Dairy,176,161184,0,1309734,1148550,1193.1,3493.3,89.7,40.3,114.1
29014,28584,Dairy,64,153044,27346,754597,601553,689.9,2248.4,257.7,52.1,147.2
29015,27541,Dairy,160,178683,0,1161852,983169,1467.5,4770.2,447.4,99.9,554.5
29016,27754,Dairy,144,167518,0,1254398,1086880,1396.3,3453.2,230,66.5,294
29017,28551,Forest,64,54340,0,373998,319658,-149.1,1264.4,125.3,19.8,38.9
29018,28488,Forest,64,38136,38136,278869,240733,-833.9,126.8,185.8,12.9,25.3
29019,27681,SNB,112,15223,0,279349,264126,66.5,840.9,1013.3,37.6,268
29020,28331,Dairy,96,83642,83642,912116,828474,993.9,3583.6,379.2,83.5,441.2
29021,27155,Forest,128,108774,26699,579489,470715,-1749.1,254.5,380.8,25.7,50.7
29022,28524,Dairy,64,99477,99477,563430,463953,631.6,2378.2,76.1,44,134.1
29023,27682,Dairy,128,212583,0,1313848,1101265,917.5,3933.3,206.1,56.5,221.4
29024,27399,Forest,96,46846,46846,366934,320088,-1140.4,193.2,284.8,19.3,38.1
29025,27611,SNB,80,1511,0,76966,75455,197,387.2,324,20,129.2
29026,27113,Forest,80,46664,0,344237,297573,-1078.3,159.3,243.7,16.2,30.8
29027,28539,Forest,80,88330,88330,489987,401657,-815.6,772.7,252.9,27.5,93.2
29028,28445,Dairy,64,59972,0,585375,525403,560.1,986.8,6.7,8.1,44.9
29029,28071,Dairy,96,161496,38075,848133,686637,937.4,3584.9,382.2,83.6,435.3
29030,27224,Forest,80,56614,9112,364762,308148,-1180,160,241.6,15.8,32.6
29031,28453,Dairy,80,97424,0,558919,461495,132.4,1752.7,163.1,28.6,102.8
29032,28518,Forest,64,48059,27947,276086,228027,-896.6,127.6,189.6,13.1,26.2
29033,28104,Forest,128,104974,0,637295,532321,-730,844.1,255,23.2,71.1
29034,28195,Dairy,128,187049,15609,1244370,1057321,1281.1,4189.8,370.3,88.5,482.8
29035,27459,Dairy,112,125362,0,1029520,904158,1073.8,3948.5,102.8,50.4,162.4
29036,27947,Dairy,128,185775,0,1153623,967848,1279.1,4427.2,262.3,72.5,318.8
29037,28175,SNB,112,1663,0,150645,148982,308.1,1193.2,289,30.7,243.4
29038,27827,Dairy,80,81874,0,519952,438078,689.8,2257.7,449.5,52.9,191.3
29039,27062,Forest,144,85736,0,631019,545283,-1914.6,288.6,427.2,29.2,58.2
29040,27052,SNB,112,20580,0,198158,177578,-154.2,450.5,432.4,26.1,139.3
29041,28690,Forest,32,36623,16723,150595,113972,-410.4,64.5,94.4,6.3,12.7
29042,28646,Forest,64,79772,24150,361697,281925,-448.2,657.4,207.5,23.6,94.8
29043,28264,Dairy,96,82109,81948,805893,723784,590.2,1202,76.4,15.7,73.9
29044,27944,Forest,80,77736,1672,477210,399474,-215.9,1185.5,158.1,22.5,46.4
29045,28073,Crop,224,36350,0,407028,370678,703.6,2483.5,909.7,88.9,795.4
29046,28085,Dairy,32,24475,0,272181,247706,305.7,1072.2,13.4,11,51.7
29047,28635,Dairy,48,72818,0,444924,372106,468.2,1656.1,108.9,28,124.1
29048,28419,Forest,32,19139,19139,128048,108909,-367.6,63.7,97.5,6.4,12.9
29049,27701,Dairy,80,115710,0,787961,672251,773.2,1779.5,35.4,23.1,158.5
29050,28228,Dairy,112,162886,0,1035088,872202,1077.2,4470.5,134.7,73.8,461.3
29051,27479,Dairy,176,235345,0,1521133,1285788,1729,6568.3,701.9,151.2,771.9
29052,28399,Dairy,48,60550,0,451296,390746,499.6,1949.9,191.6,38.9,208.6
29053,27079,Dairy,128,201353,201353,1033159,831806,891.6,4279.1,496.5,100.9,505
29054,27374,Dairy,32,29211,0,218728,189517,-108.5,597.4,74.1,10.4,36.1
29055,28396,Dairy,48,64999,64876,466433,401434,486.6,1710.8,76.5,23.7,70.4
29056,27453,SNB,96,21052,0,277234,256182,364.3,1061.2,1206.8,51,385.2
29057,27600,Forest,64,74100,74100,331366,257266,-502.6,732.4,206.3,24.2,95.1
29058,28669,Dairy,64,107014,0,607751,500737,622.8,1961.1,186.2,41,115.4
29059,27527,Dairy,192,137594,0,927833,790239,-160.4,2027.3,325.6,46.9,246.9
29060,27340,SNB,176,11193,0,264789,253596,491.7,1644,769.1,49,351.4
29061,27558,Dairy,112,179717,3486,790836,611119,1062,4231.2,444.5,91.3,253.3
29062,28292,Dairy,32,28397,0,283188,254791,280.6,1157.7,38.4,22.8,131.4
29063,28059,Dairy,48,59029,59029,384085,325056,456.2,1743.6,102.7,34.1,108.3
29064,26989,SNB,64,-8006,0,85796,93802,155.9,282.1,25.2,7.1,40.3
29065,27139,Dairy,80,81710,0,596300,514590,697.3,1915.4,142,33.9,176.5
29066,27022,Forest,384,280122,85419,1752480,1472358,-5371.4,767.6,1146.2,76.4,153.6
29067,28652,SNB,48,-584,0,111370,111954,144.6,395.1,50.4,8.5,62.8
29068,27317,SNB,96,23585,0,283383,259798,369.7,1076.2,1280.2,48.4,376.9
29069,26997,Dairy,144,203896,203896,1412305,1208409,1574.3,5394.2,580.6,124.4,650.4
29070,28133,Forest,80,50778,0,425875,375097,-456.3,1382.2,273.2,38.6,158.7
29071,28683,Dairy,32,26285,0,271629,245344,283.4,1107.6,128.5,28.9,147.1
29072,28641,Dairy,48,47476,0,427389,379913,446.9,1651.8,20.2,16.8,40.6
29073,28378,Forest,96,63198,0,591903,528705,-570.4,1373.3,319,40.6,166.9
29074,28700,Forest,48,58211,14843,232133,173922,-731.2,95.2,145.1,9.5,20.2
29075,27559,Dairy,448,456522,0,3056909,2600387,3756.9,10381.9,549.7,154.4,550
29076,28664,Dairy,48,47615,47615,339692,292077,437.9,1423.6,345.6,35.7,203.7
29077,28165,Forest,64,39161,39161,284131,244970,-950.6,128.7,192.7,12.9,26.2
29078,27290,Dairy,144,143258,0,752063,608805,478.4,2263.5,256.5,48,282.4
29079,26887,SNB,320,69431,0,465961,396530,380.4,3196.1,4566.9,147.4,1152.6
29080,27978,Forest,96,47850,5469,365665,317815,-1106.5,190.1,290.7,19.1,39.1
29081,27829,Dairy,64,72010,0,572087,500077,618.8,2480.4,253.2,53.6,272.9
29082,28574,Crop,64,120149,119934,310174,190025,76.4,592.8,15.9,12.7,5.8
29083,28176,Dairy,80,82172,82013,682355,600183,764.8,2971.3,204.9,54.1,235.4
29084,27215,SNB,80,2530,0,86612,84082,194.8,336.6,114.8,11.1,57.4
29085,28040,Dairy,64,119910,119910,682374,562464,644.7,2382.4,165.1,46.8,145.3
29086,27817,Forest,64,55149,55149,362188,307039,-513.2,697.8,168,17.7,45.3
29087,27135,Forest,208,109925,109925,930675,820750,-3059.1,416.2,619.2,41.2,82
29088,28537,Dairy,96,132046,0,990941,858895,1016.4,1672.9,73.4,25.4,190.9
29089,28019,Dairy,80,105312,105053,595515,490203,650.5,1519.4,16.5,15.2,69.3
29090,27131,Dairy,128,161378,160856,1136524,975146,1194.6,4310.8,163.4,58,115
29091,27013,Dairy,352,427965,0,2246453,1818488,3008,5952.1,339,101.1,646.1
29092,28424,Dairy,80,84308,0,763748,679440,791.5,1293.6,78.9,22.9,94.4
29093,27873,Dairy,144,195593,0,1571951,1376358,1446,5013.1,76.3,55.7,118.4
29094,27903,Dairy,464,540269,540100,2958421,2418152,2788.2,14700.2,686.5,271.1,1537.1
29095,27393,Dairy,96,114875,2481,548859,433984,81.1,2073.5,299.8,51.5,141.7
29096,27635,Forest,128,169971,0,1066743,896772,1133.7,4472.5,53.4,48.2,201.3
29097,28508,Dairy,64,59816,0,499541,439725,661.8,1619.8,161.8,38.7,201.2
29098,27348,SNB,64,3302,0,112733,109431,200.1,314.2,223.5,15.7,98.1
29099,27548,SNB,336,17029,0,334209,317180,781.8,1737,483.2,70.2,519.4
29100,27859,Dairy,192,244767,0,1693794,1449027,1147.3,6161.9,680.8,137.3,362.9
29101,28044,Dairy,192,257687,0,1615558,1357871,1784.2,6468.1,320.9,99.7,415
29102,27232,SNB,192,32576,0,285900,253324,73.4,1850.2,910.6,70.8,554.1
29103,27199,Forest,64,92353,0,565811,473458,668.8,2601.4,252.9,51.8,289.9
29104,27870,Dairy,112,130570,130557,816761,686191,1007.2,3567,105.3,60,398.5
29105,27618,Forest,80,91498,604,594295,502797,-274.2,1335.3,273.3,36.5,158.6
29106,27377,Dairy,144,158418,0,881969,723551,875,4391.1,223.8,63.9,241
29107,27685,SNB,96,-5116,0,204967,210083,321.4,660.5,500.4,28.1,209.5
29108,28110,Dairy,80,81316,0,621308,539992,789.1,3095.2,233.9,67,347
29109,27157,Dairy,128,104248,0,1074529,970281,893.7,1659.2,86.4,20.5,99.8
29110,27564,SNB,32,8995,8995,62847,53852,116,345.4,431.1,15.5,131.9
29111,27823,Dairy,112,141685,0,841506,699821,1058.2,4050.2,304.3,72.1,349.8
29112,27797,SNB,64,68720,68720,213424,144704,138.1,996.1,506,27.8,140
29113,28391,Dairy,176,277517,0,1660215,1382698,1645.4,5837.9,111.9,80.8,389.5
29114,26986,Dairy,112,136010,136010,865804,729794,935.9,4229.5,133.8,74.9,464.4
29115,27489,Dairy,96,109525,109429,549431,439906,769,2935.1,35,32.4,141.5
29116,27407,Forest,48,54375,7646,293379,239004,-284.6,613,161.7,19.4,81.7
29117,28221,Forest,80,68433,0,572284,503851,-396.2,579.9,153.7,14.8,45.7
29118,27881,Crop,96,121951,0,562860,440909,-168.2,1270.6,156.7,28.4,86.7
29119,27012,SNB,160,36890,36890,302000,265110,523.8,1745.6,2153,80.3,631.5
29120,27304,Dairy,64,19622,19461,575068,555446,663.3,1130.7,19.4,15.2,111.7
29121,27847,Dairy,128,211155,211095,1097070,885915,1241.5,4923.7,332.7,95.3,516.2
29122,27593,Forest,80,58248,6427,354158,295910,-1072.2,159.7,242.6,15.9,32.8
29123,28415,Dairy,80,107087,0,698207,591120,745.4,3164.6,319.2,66.5,354
29124,27483,SNB,208,133906,133906,1135834,1001928,1317.9,4056.5,749.6,107.7,605.7
29125,27302,Forest,80,29404,29404,337971,308567,-1086,161.5,241.2,16,32.1
29126,28069,Dairy,80,122847,122632,794019,671172,824.7,3027.3,313.8,67.8,172.9
29127,27596,Dairy,80,108286,108286,717365,609079,849.6,2964.8,238.6,58.1,262.7
29128,27912,Forest,64,113890,0,689103,575213,702.7,1080.9,64.5,18,67.3
29129,27606,Dairy,96,138588,0,896514,757926,992.4,3630.6,340.5,77.7,403.5
29130,28583,Dairy,64,56798,0,556614,499816,640.6,1445.8,56.5,20.6,83.6
29131,27578,SNB,80,12487,12487,147211,134724,290.8,876.6,1121.6,39.5,325.9
29132,27354,Forest,240,191944,20057,1155276,963332,-1539.5,2870.2,784.7,88.8,371.9
29133,28640,Dairy,64,33264,0,522999,489735,554.4,954.6,6.7,7.9,23
29134,28003,Dairy,48,101691,18066,530071,428380,498.8,1893.1,189.3,40.6,222.3
29135,27946,Dairy,96,169775,5592,1029757,859982,900.5,3152.3,40,35.1,161.8
29136,27920,Dairy,128,103381,0,649720,546339,-103.5,1611.8,302,41.6,197.7
29137,28429,Forest,64,31529,1427,248176,216647,-780.1,126.8,192.9,12.7,25.7
29138,27696,Dairy,64,76139,0,561892,485753,588.6,986.9,22,10.1,26.4
29139,28260,Dairy,64,92023,91768,413613,321590,539.5,1071.6,63.5,17.9,132.4
29140,28596,Forest,32,15777,0,136172,120395,-434.3,64.7,95,6.4,12.9
29141,28018,Dairy,112,109717,0,946802,837085,1023.7,4048,71.7,50.2,263.4
29142,28328,Dairy,80,50822,0,548579,497757,744.7,2943.4,185,57.7,204.6
29143,27498,Dairy,176,183524,0,1629055,1445531,1777.2,6177.8,245,81,153.6
29144,28437,SNB,64,38743,0,289598,250855,368.1,1505.8,455.1,31.1,187.1
29145,26971,SNB,144,19544,0,374816,355272,485.8,1589.7,748.9,59,520.8
29146,26968,Dairy,96,98020,98020,832141,734121,951.6,3542.3,378,81.3,218.4
29147,26931,Dairy,160,228609,0,1496279,1267670,1583.5,4504.9,396.3,90.4,539.6
29148,26868,Forest,80,46342,11727,320134,273792,-925.9,159,240.6,15.8,31.4
29149,27422,Crop,224,375922,0,1015683,639761,257.4,4377.2,225.6,89.2,44.6
29150,28271,Forest,160,158623,0,790861,632238,-977.9,2104.2,529.4,62.5,262.1
29151,28208,Forest,32,20140,0,144332,124192,-459.4,63.9,97.9,6.5,12.9
29152,27015,Dairy,112,141367,0,1196352,1054985,1143,3743.9,157.8,51.5,203.6
29153,28673,Forest,48,32319,6183,220891,188572,-667.2,96.3,146.8,9.6,18.8
29154,28543,Forest,64,38897,17834,280823,241926,-868.1,128.7,191,12.5,26.1
29155,27662,Dairy,160,230205,229818,1454265,1224060,1605.6,2981.3,207.7,54.3,216.1
29156,28417,Forest,128,74911,74911,587986,513075,-1743.4,256.3,390.3,25.9,51.5
29157,27356,SNB,80,6227,0,77543,71316,195.8,813.3,466.7,21.8,144.2
29158,28026,Dairy,64,68264,0,568061,499797,654.7,1666.2,135.4,30.5,158.4
29159,27408,Forest,64,63013,4523,405681,342668,-495.2,786.6,208.6,23.3,86.7
29160,26866,Dairy,96,102505,0,827825,725320,943.2,1579.2,98.5,27.4,188.9
29161,27444,Dairy,112,146811,146585,978719,831908,1114.5,3818.6,155.7,51.7,100.7
29162,28243,Dairy,128,166040,0,1274956,1108916,1335.8,4507.2,369,82.4,384.9
29163,28149,SNB,64,2485,0,62494,60009,164.3,284.3,277.2,16,100.1
29164,28299,Dairy,80,71770,0,829295,757525,870.4,2939.1,275.2,61.4,321.5
29165,27544,Dairy,192,214290,0,1390283,1175993,1084.7,5623.9,472.3,104.3,466.8
29166,26917,Dairy,80,93686,0,616089,522403,761.7,3012.5,227.9,61.3,322.6
29167,27936,Forest,144,102690,102690,661990,559300,-2069,288.1,430.8,28.9,57.5
29168,27542,Dairy,192,224160,0,1238402,1014242,1599.4,3202.4,57.4,44.9,350.4
29169,27427,SNB,112,4086,0,193936,189850,336.3,629.6,523.8,29.9,197
29170,28575,SNB,64,10898,0,179461,168563,228.2,757.6,836.9,31.4,252
29171,27035,Crop,240,333941,0,1610139,1276198,1105.3,3723.7,145.5,66.8,307.1
29172,27806,Forest,80,44865,0,350048,305183,-1191.4,159.6,238,16.2,32.1
29173,28387,Dairy,64,70883,0,512341,441458,576.8,1412.7,33.7,21.6,113.3
29174,27281,Forest,48,31835,0,236586,204751,-311.4,670.5,160,20.6,86.2
29175,28013,SNB,160,27282,27282,286909,259627,519.3,1744.1,1993.3,72.7,566.3
29176,28023,Dairy,80,131184,0,788032,656848,480.3,1091.4,110.9,22.1,73.4
29177,28630,Dairy,48,28264,0,326303,298039,449.6,1312.4,93.1,23.7,114
29178,28588,Dairy,64,79332,0,560879,481547,663,2292.4,258.2,53.8,286.5
29179,27351,Dairy,96,135368,5914,799516,664148,602.5,3054.3,184.8,60.2,343.1
29180,27146,SNB,224,103992,63945,395287,291295,525.8,2482.4,3067.1,98.2,698.7
29181,27642,Forest,176,131873,0,921638,789765,-1028.4,1875.7,452.1,47.9,131.3
29182,28627,SNB,32,9252,9252,93084,83832,125.9,346.5,439.4,16.4,119.2
29183,28701,Dairy,48,66786,0,495840,429054,478.6,1616,20.1,18.7,83.7
29184,27707,Dairy,48,54404,0,416382,361978,468.8,1654.1,132.5,32.2,166.2
29185,27409,Forest,208,91669,9937,776992,685323,-2285.9,418.5,620.7,41.8,84.7
29186,28457,SNB,64,5075,5075,64385,59310,168.3,683.5,1078.7,33.1,244.2
29187,28702,Forest,80,95411,0,512104,416693,-333.2,1259.7,231.3,32,125.5
29188,27598,Dairy,112,143274,0,985555,842281,1052.9,4304.9,132.2,76.2,220.6
29189,28679,Dairy,48,68286,0,469816,401530,481.5,1861.9,57.6,32.4,192.7
29190,28416,Dairy,80,140081,21747,633688,493607,671.6,2572.4,33.7,30.7,129.7
29191,27876,Crop,64,86011,86011,256333,170322,64.9,1134.3,23.5,15.4,5
29192,27716,Crop,48,78047,0,209824,131777,52.8,972.2,46.5,20.4,9.7
29193,28124,Dairy,80,81664,0,508493,426829,685.7,3021,281.7,60.1,317.2
29194,27536,SNB,48,9994,9833,87018,77024,149.9,247.3,180.8,11.8,73.7
29195,28610,Dairy,32,36080,0,361043,324963,335.3,1068.1,44.1,14.6,31.1
29196,27349,Forest,48,31050,4361,211495,180445,-621.4,96.3,141.2,9.5,19.6
29197,28382,Crop,176,250464,0,770036,519572,203.2,3094.3,92,49.5,20
29198,26970,Dairy,208,236230,235824,1318352,1082122,1751.9,4796.9,574,96,504.7
29199,27785,Dairy,64,112220,0,603456,491236,592.7,2144.8,219.6,48.7,239.9
29200,27822,Dairy,96,156285,156285,774996,618711,865.7,3368.5,214.7,57.8,128.7
29201,27298,Dairy,128,114539,0,949807,835268,1195.2,3874,335.8,75.1,404.9
29202,28449,Forest,64,33998,3746,254541,220543,-698.6,127.8,184.8,12.7,25
29203,27460,Forest,80,62135,62135,358974,296839,-1098.9,160.9,243.1,16.1,32.2
29204,27630,Forest,80,42762,30518,308489,265727,-918,159.2,239.3,15.8,30.9
29205,26911,Forest,1264,642910,149938,4841576,4198666,-14185.8,2523.9,3791.5,252.4,504.9
29206,27763,Dairy,80,43145,42973,714763,671618,801.9,1354.9,57.3,21.8,153.3
29207,27569,Dairy,64,74934,0,547946,473012,677.1,2039.8,205.3,48.8,254.1
29208,28511,Dairy,80,111461,1915,550265,438804,127.7,1912.7,287.5,49.8,230.6
29209,28581,Dairy,64,62887,62672,418930,356043,351.3,858,17.6,12.9,34.6
29210,27462,Dairy,64,90701,12901,570662,479961,617.3,2504.8,253.8,57.6,295.9
29211,27346,Dairy,112,148161,0,691491,543330,612.4,3668.6,254.4,76.2,394.5
29212,28057,Dairy,96,123390,0,843305,719915,953.9,3644.9,381.8,80.1,433.5
29213,27277,SNB,320,29892,29349,470216,440324,874.9,2850.9,1898.9,95.1,630.7
29214,27609,Dairy,144,164403,0,1084238,919835,994.7,4490.3,396.8,86.1,375.2
29215,27058,Dairy,96,149989,5012,828813,678824,968.7,3350.4,332.4,75.3,193.8
29216,27652,Forest,144,114935,17260,669585,554650,-2031.2,286.6,420.6,28.7,59
29217,27154,Dairy,96,97175,0,680120,582945,870.2,2226.6,134.5,35.4,175.7
29218,27513,Dairy,80,99401,0,611827,512426,692.1,2748.1,33.5,30.8,126.7
29219,28289,Dairy,128,190716,190093,1306653,1115937,1347.3,2165.4,126.7,37.2,203.4
29220,26881,Forest,192,154201,0,851273,697072,-2658.4,382.1,569.1,38.4,78.1
29221,28430,SNB,112,14015,0,314508,300493,385.7,1112.7,525.7,31.4,199.4
29222,28020,Dairy,96,77528,0,690526,612998,906.7,3134,290.5,65.6,355
29223,27330,Dairy,80,103623,0,699333,595710,753.8,3012.6,95.3,56.4,334.2
29224,28107,Crop,48,60763,0,197265,136502,56.4,845.5,18.1,10.9,3.7
29225,28363,Forest,32,22360,4592,134961,112601,-416.2,63.8,96.5,6.5,12.9
29226,28091,Forest,80,51076,22002,278704,227628,-729.2,318,430.1,20.9,92
29227,28514,Forest,128,108154,36511,542207,434053,-1568.5,256.3,379.4,25.8,51.3
29228,27098,Dairy,192,252990,0,1345821,1092831,1702.7,7572.1,725.9,162.9,872.8
29229,27148,Forest,144,139792,0,684259,544467,-2151.6,288.4,434.6,29.1,57.7
29230,27392,Dairy,48,28331,0,387664,359333,384.1,739.4,4.9,6,35.4
29231,27755,Forest,64,99569,99569,427436,327867,-531.5,713.9,160.9,20.2,86.2
29232,28154,Forest,64,64019,0,380417,316398,-546.6,380.4,159.1,14,52.2
29233,27592,Forest,80,64392,0,411923,347531,-398.6,1289.5,269.9,37.6,150.7
29234,27163,Dairy,96,123112,0,610273,487161,775,3556.1,113.2,64.3,198.4
29235,28252,Forest,112,80601,80601,525790,445189,-1465.3,224,327.8,22.6,44.6
29236,28266,Dairy,80,97252,0,708387,611135,798.2,2945.7,316,65.9,183.7
29237,26954,Dairy,32,27445,0,198758,171313,260.7,1103.9,44.3,16.4,55.2
29238,27733,Dairy,80,70173,70160,608125,537952,758.5,3065.1,186.3,62.2,347.9
29239,28493,Dairy,96,109254,0,609682,500428,803.1,3560.8,293.1,74.8,405.4
29240,27418,SNB,208,24833,24833,213574,188741,556,2250.4,3600.3,104.4,833.5
29241,27661,Dairy,112,196219,13253,1033200,836981,1029.7,4367.2,447.3,95.2,476
29242,27646,SNB,128,19363,0,133615,114252,359.9,1381.2,2165.1,64.6,511.2
29243,28383,SNB,64,7123,0,117235,110112,224,717.3,949.3,32.3,246
29244,27744,Dairy,96,139989,0,725590,585601,890.8,3579.6,258,61.4,293.9
29245,28489,Forest,64,68771,30532,302291,233520,-864.7,127.6,188.1,12.9,25.5
29246,27065,Forest,192,146651,0,1045996,899345,-841.9,2642.4,644.3,81,338.4
29247,28048,SNB,80,8963,0,135944,126981,235.2,586.8,509.8,25.2,199.9
29248,28459,Dairy,80,93114,93105,619676,526562,704.4,3006.1,96.8,52.7,312.9
29249,27534,Dairy,176,198386,198386,1071355,872969,1392.7,6043.8,247.1,81,320
29250,28362,Forest,48,26093,0,211603,185510,-685.2,95.7,143.6,9.7,19.4
29251,28273,Dairy,32,29284,0,201254,171970,281,868.8,69,16.6,41.9
29252,28412,Dairy,48,63012,0,338426,275414,475.6,1865.5,189.3,39.1,211.9
29253,27861,Dairy,96,61405,61405,697950,636545,744.9,2461.1,225.1,37.4,112.9
29254,28634,Dairy,64,97345,23995,550538,453193,267.5,834.4,96,16.7,54.2
29255,28137,Dairy,128,229594,7095,1253948,1024354,1294.6,4796.4,515.1,108.8,560.8
29256,27888,Dairy,96,123071,9403,601411,478340,793.7,3486.5,382,83.3,432
29257,27291,Dairy,128,139009,0,1370303,1231294,1343,2164.8,106,34.4,236.2
29258,27333,Dairy,64,100330,0,550418,450088,623.3,2288.3,254.7,52.8,287.8
29259,27465,Dairy,144,180918,12042,1079060,898142,276.7,3868.6,523.2,90.9,456.7
29260,28129,Forest,160,194153,19886,1156418,962265,-726.4,1138.8,314.8,29.2,89.3
29261,28327,Dairy,128,126590,0,1023923,897333,670.6,3704,477.7,86,376.4
29262,28235,Forest,64,31187,17207,180142,148955,-254.1,430.1,528.5,22.7,144.7
29263,28004,Dairy,272,319629,0,1564732,1245103,2210.5,10510.4,1087.2,230.5,1223.8
29264,26965,SNB,336,75922,75866,630956,555034,-326,2833.4,1092.6,80.7,534.1
29265,28408,SNB,80,7239,0,223663,216424,285.9,881,316.2,32.2,294.9
29266,27982,Forest,112,74080,74080,514825,440745,-1611.4,224.5,332.3,22.5,44.6
29267,27993,SNB,240,9750,0,275745,265995,575.9,1193.2,293.9,48.3,352.2
29268,27169,Dairy,32,58749,0,348417,289668,317.5,478.3,3.3,3.9,10.8
29269,28668,Dairy,32,15354,15182,261390,246036,267.1,456.6,3.4,4.4,11.3
29270,27257,Dairy,80,102426,0,704252,601826,724.6,2719.4,110.9,37,71
29271,27270,SNB,112,26267,0,194665,168398,-168.5,939.8,1462.7,47.4,340
29272,27372,Dairy,304,356249,0,2174025,1817776,2861.4,10502.8,1075,225.9,1237.6
29273,28577,Forest,80,54733,54733,340730,285997,-1034.7,161.7,248.2,16,31.8
29274,28254,Dairy,32,27102,27102,301265,274163,339.4,516.4,32.6,9.2,62.2
29275,28448,Forest,64,52279,52279,294791,242512,-918.2,128.8,197.1,12.9,25.9
29276,28118,Crop,64,40121,0,576801,536680,628.1,2108.2,88.3,30.3,59.8
29277,28395,SNB,96,2209,0,84451,82242,201.9,416.9,141,13,68
29278,27400,Dairy,112,112275,111974,1038401,926126,1043.6,1932.1,33.5,24.6,105.6
29279,27082,Dairy,32,41453,0,202843,161390,260.8,1203.7,39,20.5,138.8
29280,28361,Dairy,64,65854,0,554382,488528,586.9,977.5,22,9.6,24.4
29281,27786,Forest,80,52119,0,363023,310904,-1141,159.8,237.8,15.9,32
29282,27670,Dairy,160,175385,175385,1079589,904204,1447.3,2668.4,159.1,47.6,328.2
29283,28167,Forest,112,114101,22155,636163,522062,-1203.5,866.8,346.3,32.4,112.1
29284,27447,Forest,96,66851,20234,375673,308822,-1112.7,191.4,292.8,19.1,37.1
29285,28346,Forest,64,36730,8974,252626,215896,-719.5,128.4,191.4,12.8,26.4
29286,27565,Dairy,80,107178,0,724031,616853,717.3,2989.3,95.7,54.4,152.5
29287,28612,Forest,80,77527,0,461581,384054,-634.6,696.8,256.1,27.3,99.4
29288,28220,Crop,80,125761,3520,357067,231306,90.7,1644.6,76.9,31.6,15.7
29289,28140,SNB,128,13793,0,188911,175118,366.7,1091.7,790.5,39.2,335.7
29290,28695,Dairy,64,60205,0,425969,365764,193.7,1823.8,154.2,33,140.6
29291,28480,Dairy,80,74055,0,618860,544805,376.8,971.4,65.6,13.4,48.1
29292,28568,Dairy,80,66839,66830,792848,726009,765.3,1860.8,80.1,28,152.7
29293,28335,Dairy,192,230514,15299,1537145,1306631,1781.3,3903.7,174.9,61.8,330
29294,27119,Dairy,128,119624,0,924775,805151,1114.3,1971.6,64.9,24,71.9
29295,27629,Dairy,64,59401,0,394152,334751,223.8,796.2,61.4,10.9,25.8
29296,27577,Dairy,80,113871,113871,687832,573961,423.9,2402.4,306.7,57.5,292.1
29297,27643,Forest,176,108048,108048,699681,591633,-2018.2,350.6,528.3,35.4,68.5
29298,28520,Dairy,64,58090,0,565253,507163,646.5,2398.2,251.8,54.5,218.4
29299,26902,Dairy,64,85571,0,604982,519411,683.5,2379.3,257.8,53.4,283.5
29300,27332,Forest,464,300214,112430,1856373,1556159,-5391.7,928.1,1403.9,93.8,187.1
29301,28238,Dairy,48,46360,46360,474199,427839,534.3,1937.2,191.3,40.4,225.6
29302,27704,Crop,48,86139,86139,212989,126850,54.2,951,47.6,18.3,9.7
29303,28103,Dairy,128,108936,0,1200162,1091226,1203.6,4307.7,54.3,48.9,209.5
29304,28142,Crop,64,94387,10464,268348,173961,110,1132.4,268.5,27.3,72.4
29305,27042,Dairy,64,62024,62024,358110,296086,-148.4,1336.2,218.9,33.4,171.9
29306,27512,Dairy,128,152271,0,1079074,926803,546.8,3643.4,473.5,89.9,230.5
29307,28188,Dairy,48,76659,0,418899,342240,145.6,1239.6,137.1,24.5,95.5
29308,28308,SNB,64,10692,10575,101235,90543,166.8,644,304.1,16.8,118.8
29309,27069,Dairy,112,125127,0,672426,547299,860.1,3653.4,46.5,42.6,107
29310,28401,Crop,48,62347,62347,195978,133631,51,486.5,12.2,9.4,4.3
29311,28298,Dairy,112,142410,142216,946726,804316,1005.6,3658.5,149.4,51,174.6
29312,27316,SNB,80,33741,33741,210325,176584,233.3,1014.4,922.5,37.4,259.6
29313,28151,Forest,64,20699,0,335869,315170,-496.5,724.7,208,24.9,90.5
29314,27805,Dairy,64,35698,35569,516906,481208,183.8,1674.8,65.3,20,43.2
29315,27844,Dairy,176,223267,0,1555151,1331884,1700.8,4820.4,180.4,62.2,252.1
29316,27046,Forest,64,37028,3585,268718,231690,-851.8,127.6,194.3,12.8,26.2
29317,28663,SNB,64,8039,8039,75929,67890,159.4,600.3,295.6,22.9,206.8
29318,28464,Dairy,96,96111,0,629236,533125,-128.7,1936.7,336.7,50,246.8
29319,27040,Dairy,160,260624,0,1498440,1237816,1596.5,6213.1,236.7,116.3,693.6
29320,28112,Dairy,112,167313,167283,1048115,880802,1136,4320,135.9,74.6,453.2
29321,28720,Dairy,32,37892,0,307706,269814,309.4,1203,38.3,22,66.1
29322,28307,Dairy,96,104907,0,821415,716508,942,3626.7,114.3,65.6,385.6
29323,27410,Dairy,80,123546,0,849421,725875,873,2943.2,320.5,65.4,377.8
29324,28593,Dairy,96,123981,0,832897,708916,814.4,1383.2,14,12.6,42.3
29325,28550,Dairy,80,103980,0,634712,530732,369.4,1045.2,79.9,16.1,77.4
29326,27245,Dairy,160,231007,0,1514895,1283888,1172.9,4138.3,302,83.6,481.4
29327,26950,Dairy,64,73639,73639,393713,320074,234.8,1614.6,113.7,26.2,91.8
29328,27221,Dairy,96,122830,122830,665575,542745,923.2,3462.6,384.9,81.3,442.8
29329,27945,Dairy,144,89926,89840,1117003,1027077,1197.3,2166.1,18.8,18.7,54.5
29330,27605,Dairy,80,106411,0,611260,504849,635.2,2057.2,93.1,31.1,125
29331,27750,SNB,64,3329,0,111926,108597,176.4,270.7,78.1,8.6,45.7
29332,27669,SNB,96,2427,0,209281,206854,314.2,638.2,528.7,28,193.7
29333,28572,SNB,112,33057,0,322598,289541,-346.6,759.4,432.8,31.8,193.1
29334,28201,Dairy,80,109172,1179,729860,620688,780.9,2616.3,262.4,58.4,265.6
29335,27101,Forest,80,47903,18436,290914,243011,-651.9,302.5,267.3,19.1,83.3
29336,27865,Dairy,32,11396,11392,134234,122838,164.1,432.3,39.2,7.3,50.8
29337,28349,Dairy,112,136596,0,951530,814934,1047.9,3811.8,120.3,65.8,412.6
29338,27467,Dairy,128,163718,0,1140922,977204,908.3,3845.9,201.3,53.7,105.5
29339,28053,Dairy,64,84045,0,422015,337970,549,1756.1,160.1,36.1,102
29340,28434,Dairy,80,68345,0,569862,501517,612.9,1091.1,470.5,26.3,170.1
29341,28421,Forest,96,63516,1386,422931,359415,-1291.6,193,287.2,19.6,38.3
29342,27961,Dairy,80,92975,0,738716,645741,780.8,1637.7,38.3,24.6,183.5
29343,27419,Dairy,96,159868,8100,943040,783172,1006.1,3665.8,385.8,82.8,424.2
29344,27216,Dairy,128,155703,0,875138,719435,1017.5,2198.9,37.7,21.2,76.6
29345,27308,Dairy,64,121457,24369,588214,466757,644,2337.2,254.4,54.5,148.1
29346,28012,Dairy,48,59882,0,332203,272321,470.9,1897.3,188.1,40.5,108.9
29347,28450,Crop,96,128243,0,414071,285828,-180.4,1498.4,77.9,22.5,13.1
29348,27743,Crop,160,200679,0,656519,455840,167.9,2850.4,56.2,39.4,13.1
29349,27644,Forest,160,78873,3438,602540,523667,-1730.7,319.7,484.2,32,63.7
29350,28081,Dairy,80,71756,71595,660258,588502,-31,807.6,100.3,12.6,29.5
29351,28320,Forest,48,26303,26303,192591,166288,-593.4,95,146.4,9.6,19.1
29352,27080,Dairy,256,270260,0,2607979,2337719,2511.7,4230.7,77.3,57.9,478.9
29353,27580,Forest,160,97111,0,701301,604190,-2138.6,318.2,476.2,32.3,62.7
29354,28046,Dairy,48,61326,4326,363037,301711,155.1,1305.9,174,30.6,158.6
29355,27791,SNB,176,1232,0,468485,467253,528.2,761.4,188.3,24.3,125.7
29356,27001,Dairy,192,204135,0,1450675,1246540,1799.7,6863.1,252,105.9,535
29357,27494,Forest,144,124434,18392,710912,586478,-1240.2,767.9,364,31.3,75.7
29358,28210,Dairy,64,86486,0,556368,469882,634,2147,89.4,27.5,98.9
29359,27334,Forest,240,117069,1753,938047,820978,-2903.2,481.7,715,47.9,94.9
29360,28169,SNB,64,10373,0,242703,232330,-714.6,127.4,190.8,12.9,26
29361,27496,Dairy,48,80783,80783,439589,358806,492.6,1781.7,193.3,39.9,215.6
29362,27434,Dairy,96,158762,14084,995188,836426,960.1,3544.4,298,71.1,342.3
29363,27880,Dairy,96,160646,25939,878873,718227,508.2,3155.4,330.3,62.4,323.4
29364,28461,Forest,112,156499,0,965111,808612,1103.1,4252.8,449,95.2,491.1
29365,28570,Forest,112,72858,49396,447331,374473,-1315.9,224.9,336.7,22.7,45.4
29366,28433,Forest,64,46175,13544,261264,215089,-725.8,128.7,191.7,12.6,26
29367,27641,Dairy,80,101129,101084,773603,672474,813,1259.4,35.3,18.7,67.7
29368,27103,Dairy,144,174154,0,1239671,1065517,1287.6,2451.2,134.1,42.1,254.8
29369,28377,Dairy,64,82515,105,376989,294474,213.8,841.5,95.4,17.3,55.9
29370,28724,Forest,48,28472,0,467663,439191,452.8,1107.9,65.9,16.7,105.6
29371,27295,Dairy,240,270364,269912,1488655,1218291,1940.7,8219.1,380,119.5,477.1
29372,28055,Forest,64,39816,10501,250344,210528,-735.9,128.4,197.3,12.9,25.9
29373,26987,SNB,96,6052,0,163006,156954,280.7,953.2,141,22.3,150.7
29374,28536,Forest,48,68864,0,362996,294132,435.8,693.3,16.8,7.6,30.1
29375,28694,SNB,48,5526,0,82974,77448,178.4,558.6,632.4,24.9,184.9
29376,27273,Dairy,80,64039,0,587533,523494,72.2,1873.5,290,47.3,223.7
29377,27143,Dairy,208,315686,5969,1894610,1578924,1704.8,3275,239,58.2,393.5
29378,27137,Dairy,96,122078,121933,749106,627028,862.3,2618.8,71.4,44.1,225
29379,28604,Forest,48,35620,35620,210605,174985,-654,96.4,141.9,9.6,19.1
29380,27482,Dairy,112,144135,0,1116420,972285,1140,2761.7,219.2,51.2,276.9
29381,27816,Forest,96,72637,16811,418241,345604,-1305.2,190.1,291,19.4,38.7
29382,27370,Crop,224,378088,0,1027662,649574,240.4,2113,55.6,44.4,20.2
29383,28394,Forest,112,174946,0,967291,792345,1108.2,4211.2,452.6,94.8,494.1
29384,28345,Forest,80,70614,0,441123,370509,-743.8,748.4,253.4,26.8,89
29385,28323,Dairy,64,74108,0,553286,479178,567.9,2287.1,88.8,28,60.1
29386,28244,Dairy,112,103238,0,877084,773846,1039.1,2325.6,93.6,30.4,170
29387,28185,SNB,112,26452,26443,259495,233043,402.6,1198.7,1222.9,52.9,437.9
29388,26864,SNB,64,1587,0,109033,107446,204.8,623.4,326.7,17.8,115.5
29389,27331,SNB,224,2416,0,235710,233294,519.5,1250.8,960.7,48.2,313.7
29390,26900,Forest,176,115300,115300,769619,654319,-2471,348,532.9,35.2,70
29391,28157,SNB,96,28304,3260,199063,170759,54.2,887.4,534.1,37.8,310.6
29392,28183,Dairy,48,42760,0,398896,356136,484.8,831,47.3,14.4,91
29393,28523,Forest,32,34376,13385,154810,120434,-493,64.2,92.8,6.6,12.6
29394,27653,SNB,208,21114,0,213506,192392,582.4,2246.8,3559.7,105.2,844.9
29395,28608,Dairy,112,124331,124301,1080837,956506,1042.5,3711.8,46.6,42.2,180.5
29396,28390,SNB,160,14299,0,159512,145213,432,1791.2,817.1,62.1,580.2
29397,27258,Dairy,96,116846,0,894889,778043,934,3591.7,114.4,64.5,195.9
29398,28279,Dairy,64,65478,0,367349,301871,249.1,1706.2,111.2,29.4,95.7
29399,28172,Dairy,112,125967,125741,1043859,917892,1116.6,3702.7,157.5,50.5,198.9
29400,28506,SNB,112,-24351,0,292768,317119,330.5,478.7,38.1,12.4,72.9
29401,27367,Dairy,128,150513,0,945438,794925,1092.2,4607.7,152.6,65.4,333.6
29402,28286,Dairy,64,57323,0,443092,385769,611.9,1998.7,206.2,46.1,153.4
29403,28317,Dairy,112,163480,0,886070,722590,1061.5,2952.9,270.6,66.2,344
29404,28598,Forest,64,18395,0,242482,224087,-714.7,128.8,196.4,12.7,25.7
29405,27560,Dairy,64,69692,69692,588918,519226,600.9,2181.5,89.9,30,114.6
29406,28009,Dairy,64,61128,0,392548,331420,536.9,1346.9,23.7,17.9,94.2
29407,27446,Forest,128,134207,0,829804,695597,-626.9,1675,382.7,50.4,193.6
29408,27102,Dairy,96,128156,127995,891012,762856,940.7,2529.1,211.3,47.2,236.7
29409,27904,Dairy,80,54772,0,657266,602494,794.4,2995.1,319.7,68.4,370
29410,28072,Dairy,224,236499,0,1818747,1582248,1777.9,8375,879.3,177.4,951.2
29411,27109,Dairy,208,219802,0,1590811,1371009,1918.6,4335.5,350.6,84.9,528.7
29412,28544,Dairy,112,108928,0,914633,805705,1025.4,4248.8,134.9,75,454.1
29413,27668,Dairy,96,96877,0,802928,706051,963.2,1623.5,95.2,28.1,94.8
29414,27229,Dairy,112,178514,178172,846388,667874,1014.7,3992.6,321.2,79,223.2
29415,27085,Crop,48,100328,13522,236016,135688,50.6,895.8,50,20.9,9.9
29416,27959,Forest,112,108940,0,963767,854827,1070.3,1928.3,111.6,31.5,226.1
29417,27048,Dairy,160,239619,0,1539768,1300149,1325.8,5475.3,626.7,127.7,647.3
29418,28014,Dairy,192,269911,269911,1888228,1618317,1907.1,7334.3,232,132.7,771.4
29419,28671,Forest,32,22367,3476,141182,118815,-419.9,64.6,93.3,6.4,12.7
29420,28472,Forest,32,35201,4633,166578,131377,-16.9,663.3,113.8,18.4,88.6
29421,28106,SNB,80,6368,0,78339,71971,207.9,788.5,1048.5,34.7,263.9
29422,27608,SNB,32,9372,0,121178,111806,121.6,141.5,94.5,8.2,48.5
29423,27342,Forest,240,68414,68414,592035,523621,-1171.6,1441.2,2236.6,82.8,512.8
29424,26929,SNB,160,24363,24363,185740,161377,449.2,1740.1,2643.8,80.1,663.8
29425,27799,Dairy,128,177933,0,1289960,1112027,1262.5,4288.9,66.6,52.9,249
29426,27722,Dairy,144,141738,0,1335304,1193566,1340.2,2315.9,131.6,39.5,144.3
29427,27211,Dairy,240,261619,261554,2063541,1801922,2261.3,9008.2,288.7,164.4,986.2
29428,26992,Forest,80,72699,5216,382450,309751,-1181.6,159.3,244.4,16.1,31.5
29429,27338,SNB,256,18404,0,278954,260550,611.7,1195.7,359.1,51.3,377.3
29430,28190,Dairy,48,60468,60468,472545,412077,511.9,1882.9,192.1,40.2,204.5
29431,27800,Forest,128,162536,0,1112440,949904,1219.1,4289,179.7,60.8,215.4
29432,26943,Dairy,656,753941,0,4030351,3276410,5306.7,24561.7,787.4,447.8,2614.3
29433,28039,Dairy,64,79358,79358,603797,524439,684,2428.9,259.2,52.7,274.4
29434,27259,Forest,176,111588,0,740842,629254,-1671.1,887.6,530.1,45.5,127.7
29435,27484,Forest,224,147587,13503,1008505,860918,-3289,449.8,671.1,45,90.3
29436,28130,SNB,96,9546,0,133365,123819,281.2,832.2,1117.4,39.9,299
29437,26951,Forest,288,160820,32479,1110473,949653,-3281,578.5,864.1,57.6,115.9
29438,28160,Forest,96,61220,22094,384737,323517,-1179.3,191.1,290.8,19,39.5
29439,28074,SNB,32,5395,5395,82408,77013,-153.3,201.8,343.5,11.6,64.7
29440,27737,Dairy,32,25170,0,272449,247279,299.5,1227.6,38,22.9,64.9
29441,28179,Forest,64,52553,14364,287812,235259,-936.9,129.3,190.7,13.1,25.4
29442,27089,Dairy,96,110714,0,704326,593612,151.3,1001.7,118.2,16.2,39.7
29443,27503,SNB,224,26106,0,708419,682313,889.2,2528.1,984.6,70.4,444.2
29444,26870,Forest,928,451827,25019,3574865,3123038,-10627.4,1859.9,2790.7,185.7,369.6
29445,27638,Dairy,64,83111,0,378764,295653,430.9,1723.6,150,36.1,182.3
29446,27047,SNB,352,44207,0,356855,312648,909.9,3803.7,1762.1,141.2,1304.9
29447,27241,Dairy,64,62525,62525,586509,523984,712.6,2368.8,257.6,53.9,145.4
29448,27562,Dairy,96,126307,125984,841357,715050,955.9,1673.4,95.9,28,192.9
29449,27188,SNB,160,26885,0,215859,188974,473.6,1669.2,2625.6,78,657.7
29450,27087,Dairy,384,434683,434683,2547252,2112569,3041,14075.2,1474.5,311.4,1277.1
29451,28643,Dairy,64,86930,10799,410620,323690,509.9,2469.5,259.8,54.5,276.7
29452,27128,Dairy,96,120760,120695,959292,838532,996.3,3269.5,133.9,45.2,88
29453,28305,Dairy,64,89408,0,576042,486634,608.6,2434.4,76.2,39.9,224.8
29454,28355,Forest,96,60047,524,442591,382544,-1405.5,192,291.1,19.2,38.6
29455,27476,Forest,64,47348,10280,283017,235669,-903.9,127.4,196.9,12.9,26
29456,26923,Dairy,192,269992,15159,1232229,962237,1652.1,7191,404.6,136.6,392.5
29457,27878,Dairy,96,141539,1421,674237,532698,485.2,3076,316.8,66.4,354
29458,27766,Forest,288,172011,172011,1189432,1017421,-3026.7,1132.5,879.2,67.4,179.9
29459,27790,Dairy,80,134276,0,827754,693478,828.8,3114.9,319.9,68.6,179.2
29460,26919,Dairy,80,66601,0,787751,721150,724,2559,28.7,26.3,108.9
29461,28527,Crop,32,54215,54215,147073,92858,37.3,639.2,31.9,12.8,6.6
29462,27390,SNB,800,159949,0,2297704,2137755,2936.5,7890.3,8312.8,355.6,2771.7
29463,28336,Dairy,32,40756,0,261227,220471,309.6,1082.6,13.3,12.2,49.6
29464,28400,Dairy,64,71151,71093,609020,537869,664.6,2684.7,213.9,51.5,243.4
29465,27747,Dairy,176,215805,0,1518681,1302876,1630.8,7093.5,210.7,117.4,681.8
29466,28491,Dairy,48,65279,65279,437768,372489,498.9,1134,83.7,22.4,135.9
29467,28229,SNB,80,-936,0,113231,114167,207.1,364.1,101.1,10.8,69.4
29468,27121,Dairy,128,167530,0,1199547,1032017,518.8,3360.9,137.8,42.7,168.3
29469,28659,Forest,48,43887,43887,316433,272546,-329.6,648.6,161,19.6,84.7
29470,27497,Dairy,96,126718,0,963358,836640,968.6,2895.2,267.2,56.8,294.9
29471,27106,Forest,64,49115,9194,280897,231782,-852,127.8,190.2,12.7,25.1
29472,27634,Dairy,240,293757,0,1508830,1215073,1968.5,9166,923.6,197.5,1006.6
29473,27322,SNB,32,4031,4031,91816,87785,116.5,351,422.9,16.1,134.4
29474,28637,Forest,80,80285,0,475085,394800,-775.4,710.2,214.8,23.3,87.8
29475,28108,Forest,112,81655,81655,449695,368040,-1356.2,224.2,333.2,22.7,44.8
29476,28661,Dairy,48,61348,61185,498428,437080,495.8,813.2,14.2,10.8,57.1
29477,27336,Dairy,48,67719,67672,318377,250658,399.1,1835.3,144.4,38.4,103.6
29478,28050,SNB,80,16864,0,304367,287503,332.6,827.5,941.1,39.6,326.5
29479,27203,Forest,80,85110,0,577689,492579,-288,1230.6,274.3,35.3,162.4
29480,28576,Dairy,64,66041,0,555910,489869,611.1,2336.1,77.8,42.7,264.9
29481,28475,Dairy,96,98581,0,608774,510193,422.4,1340.6,115.8,25.6,165.4
29482,27942,Forest,128,19677,0,175163,155486,371.1,1005.6,1123,46,346.3
29483,28197,Forest,96,50617,0,408497,357880,-1279,191.8,292.4,19.5,38.6
29484,27054,Dairy,64,99446,0,601490,502044,693.5,2069.2,206.2,45.9,244.8
29485,27321,Dairy,80,105243,105243,739142,633899,762.2,1352.2,80.3,22.5,172.6
29486,27518,Dairy,96,90562,0,632261,541699,750,3016.7,201.5,52.8,258.5
29487,28721,Dairy,48,79495,7073,464641,385146,495.5,1880.3,57.1,33.1,204
29488,27708,SNB,192,-7088,0,325065,332153,33.8,772.2,356,30.3,165.6
29489,28092,Dairy,48,58014,58014,472489,414475,491.6,1842,193,40.4,107.5
29490,27727,SNB,128,6823,0,179218,172395,339.7,1314.2,582.4,36.1,280.4
29491,26978,Dairy,48,42564,0,415683,373119,452.6,1855.9,102.4,35.8,106.3
29492,27761,Forest,64,56726,15612,290603,233877,-920.4,127,186.9,12.9,24.7
29493,28281,Dairy,64,70766,0,622812,552046,632.7,2464.8,76.8,44.6,268.2
29494,28365,Forest,160,66171,0,606964,540793,-1766.5,320.1,475.2,32.1,64.2
29495,28291,Dairy,144,164571,0,1067671,903100,677,4362,534.2,98.2,364.1
29496,28262,Forest,128,88553,11337,563677,475124,-1730.2,256.3,389.1,25.9,52
29497,27177,Crop,112,165924,165548,485281,319357,114.2,1096,28.9,22.6,10.2
29498,28580,Forest,48,30222,1078,225050,194828,-702.3,94.9,145.3,9.7,19.2
29499,26953,Dairy,96,128032,0,711072,583040,922.8,2266,192.5,46.2,289.2
29500,28595,Dairy,128,171575,0,1129678,958103,1294.1,4973.3,514.4,108.8,581.8
29501,26984,SNB,96,5645,0,102781,97136,236,874.1,500,24,152.3
29502,28707,Dairy,80,98674,0,784212,685538,847.7,1307.4,80.1,22.8,173.3
29503,27710,Dairy,128,203264,26426,1245552,1042288,1346.2,2212,128,37,260.4
29504,28564,Dairy,48,64209,4861,303432,239223,417.6,1827.5,191.8,41.8,199.2
29505,28256,Dairy,96,123582,0,895757,772175,911.3,3175.7,134.5,44.9,181.2
29506,27792,SNB,64,2326,0,100655,98329,156.1,267.5,37.6,7.1,40.8
29507,27067,Dairy,80,127641,127641,716299,588658,800.6,2916.1,320.8,67,338.4
29508,27957,Forest,80,64009,0,464530,400521,-694.4,780.2,254.8,25.9,96.8
29509,28274,Dairy,80,105848,1582,474223,368375,23.6,1944.9,285.5,47.1,227.3
29510,28432,SNB,32,9737,9737,60133,50396,103.5,361.9,467.3,15.6,125.8
29511,28255,Forest,96,53597,384,415052,361455,-1268.6,190.8,296,19.1,37.9
29512,28097,Dairy,80,95167,95029,709117,613950,684.8,1199.8,8.3,10.5,42.4
29513,28143,Dairy,80,80976,0,525096,444120,725.2,1598.7,88.4,24.2,127.6
29514,27445,Forest,64,61973,28024,292410,230437,-937.2,128.1,192.8,13,25.9
29515,28138,Forest,112,74036,2395,486588,412552,-1414.3,223.4,344.1,22.7,45.1
29516,27209,Dairy,80,127652,7000,715827,588175,830.7,2808,274.2,63.6,341.9
29517,27587,Forest,64,47279,6476,295104,247825,-928.6,126.1,194.9,12.7,26.5
29518,28222,SNB,176,3259,2855,162664,159405,387.2,876.8,541.7,31.2,185.3
29519,27830,Dairy,80,104733,0,841633,736900,860,1307.4,79.9,22.6,155.8
29520,28153,SNB,144,-12225,0,210275,222500,352.6,626.7,156.4,20.3,123
29521,28563,Forest,96,59380,1574,400997,341617,-1028.4,234.3,260.8,19.4,54.9
29522,27000,Forest,224,170439,170439,1050023,879584,-3120.1,446.2,673.1,44.8,89.8
29523,27384,Dairy,80,88139,0,626913,538774,732.3,1268.9,49.3,17.3,99.2
29524,26974,Dairy,192,206738,206210,1515395,1308657,1711.6,4072.5,85.8,55.7,272.4
29525,26878,Dairy,192,245997,0,1786694,1540697,1787.5,2817.6,20,24.4,70.5
29526,28404,Dairy,80,59971,0,782478,722507,817.4,1302,57.5,21.3,75.2
29527,28084,Forest,96,95546,2662,515243,419697,-78.1,1897.5,338.1,51.5,223
29528,27549,Dairy,48,48928,0,515780,466852,524.1,1813.3,58.4,31.4,195
29529,27205,SNB,80,9145,0,127872,118727,254.1,838.7,952,33.7,265
29530,27929,Dairy,80,101846,0,702258,600412,794.2,2951.8,96.9,55.2,332.2
29531,27236,Dairy,384,456551,0,3389986,2933435,2884.7,12605.3,1471.4,288.8,770.1
29532,27714,Dairy,208,240946,240645,1768541,1527595,227.8,4574.4,456.4,80.3,168.3
29533,27516,Dairy,144,253965,0,1412955,1158990,1411.6,4954.6,203.5,68.5,256.8
29534,27480,Dairy,112,199720,55818,1028890,829170,1126.4,4354.6,451,95.1,506.8
29535,28326,Forest,48,37255,9261,214474,177219,-659,95,138.3,9.6,18.9
29536,28431,Dairy,64,54792,54599,468038,413246,587.6,1648,156.4,35.6,103.4
29537,27849,Forest,80,59423,4830,359717,300294,-1056,159.4,238.3,15.9,32.8
29538,28162,Forest,32,21720,21720,143427,121707,-416.5,63.7,95.9,6.5,13.3
29539,27898,Dairy,144,183317,0,1254616,1071299,1438.1,5464.4,173.5,96,590
29540,27895,Dairy,128,153357,0,1077216,923859,169.9,2418.5,344.4,58,266.9
29541,28189,SNB,80,8378,0,265141,256763,274,840.4,182.7,23.5,192.3
29542,27736,Dairy,176,257473,0,1445892,1188419,1512.4,2753.2,42.4,29.3,199.7
29543,28715,Crop,32,43739,0,136714,92975,35.3,320.6,8.1,6.4,2.8
29544,27889,Dairy,144,200929,0,1562854,1361925,1530.4,5015.5,514.8,107.4,594.7
29545,26890,Forest,1120,595320,59327,4479739,3884419,-13269.6,2240,3380.3,223.7,446.9
29546,28649,Forest,32,20204,13085,126200,105996,-328,64.5,98.1,6.5,13
29547,27394,Forest,320,161205,161205,1213657,1052452,-3504.5,638.8,976,63.9,128.9
29548,28052,Forest,32,12533,12533,118503,105970,-389.3,64.7,97.2,6.3,13
29549,27602,SNB,96,1896,0,90830,88934,219.7,458.1,119.7,19.7,135.1
29550,28566,Forest,32,22024,3071,148159,126135,-444.8,63.8,96.7,6.5,12.5
29551,26946,Forest,64,53695,12650,301136,247441,-950.2,127.5,191.4,12.8,24.3
29552,27725,SNB,240,50969,0,364069,313100,143.4,2469.9,3648.7,108.3,848.4
29553,28435,Dairy,80,130278,0,723192,592914,780.1,2881,319.5,68.4,355.2
29554,27968,SNB,128,4792,0,172047,167255,355.6,1054.1,581.4,40.7,321
29555,28058,Dairy,64,78106,0,508645,430539,612.8,2515.4,210,52.7,276.6
29556,27886,Dairy,96,104571,0,654782,550211,827.8,3632.5,115.5,64.8,395.1
29557,28251,Dairy,64,83705,0,504774,421069,551.8,1084.4,40.1,16,63.6
29558,28535,SNB,48,15492,2740,124202,108710,-80.3,371.7,185.8,16.3,122.3
29559,27095,Dairy,176,233283,0,1423533,1190250,1623.2,6775.3,701.2,142.8,580.5
29560,27092,Dairy,64,110447,0,643171,532724,613.8,2187.5,26.8,24.5,101.5
29561,28553,Dairy,128,123153,0,962906,839753,1151.4,4445.9,461.6,99.7,520.5
29562,27922,Dairy,96,93818,0,837585,743767,976.7,3513,387.8,81.1,421.1
29563,27531,SNB,240,18337,0,596905,578568,758.7,2639.8,2055.3,97.2,807.9
29564,28380,Forest,64,53522,53522,271848,218326,-664.7,389.2,152,13.7,20.6
29565,27451,Dairy,128,209388,0,1098827,889439,923.7,3774.8,111.9,65.9,333.2
29566,26940,Dairy,64,75280,75129,640464,565184,626.3,1892.4,67.9,23.6,100.5
29567,28212,Dairy,96,120134,0,627778,507644,827.4,1589.1,95.6,27.2,191.1
29568,27429,Forest,96,86144,13497,482285,396141,-942.8,672.9,254,23.6,59.4
29569,27924,SNB,224,38031,0,244513,206482,626,2511.3,3833.3,111,904.1
29570,27867,Dairy,128,176893,0,1244346,1067453,1344.3,4453.2,176.5,64.2,238.5
29571,27540,Dairy,80,111917,111477,762707,650790,794.7,1302.2,79.5,23.2,81.7
29572,28726,Dairy,32,50077,0,364410,314333,338.7,1171.8,127.3,28,149
29573,27673,Forest,112,65929,65929,512685,446756,-1510.5,225.1,341.3,22.3,44.6
29574,27059,Dairy,144,224599,224115,1401696,1177097,1447.3,2466.7,143.7,42.6,291.6
29575,26903,Dairy,208,209802,0,1816248,1606446,1866.8,7015.2,290.6,97.8,181.4
29576,27060,Dairy,112,193904,13870,1103372,909468,1114.1,4008.7,443.4,94.6,535.2
29577,27665,Dairy,96,134537,0,727101,592564,850.9,1572.3,97.7,27.6,193.5
29578,28011,Forest,64,79237,16023,383389,304152,-148.6,910.9,177.6,24,62.4
29579,27801,Dairy,96,114115,114078,658071,543956,910,3265.9,275.3,66.5,356.1
29580,27455,Dairy,128,129803,0,1045563,915760,860.5,3892.9,203.9,57.4,218.6
29581,28045,SNB,128,14397,0,458504,444107,469.2,619.3,383.4,32.1,207.5
29582,28158,Dairy,96,151132,0,758758,607626,872.7,3508.7,380,80.6,324.7
29583,28351,Dairy,80,87737,87737,725636,637899,846.6,2971.5,317.5,65.6,256
29584,27699,Dairy,256,292901,0,2335041,2042140,2181,9206,330.8,165.7,492.1
29585,27997,Dairy,96,137669,137475,840637,702968,918.2,1465.4,33.6,15.6,73.7
29586,28626,Dairy,64,45090,0,468971,423881,267.9,808.1,63.4,14.8,94.5
29587,28094,Dairy,80,115406,115406,763759,648353,767,2770.6,33.5,30.2,129.7
29588,26977,SNB,112,60543,0,598719,538176,706,2521.9,451,67.4,424.4
29589,28036,Dairy,64,89373,89212,684638,595265,676.6,1481.8,112.2,29.5,83.6
29590,28136,Forest,96,102324,22874,472920,370596,-991.9,738.3,265.9,23.1,60.1
29591,27126,Dairy,112,140265,140248,745274,605009,944.7,4102.9,217.7,64.7,156.2
29592,27105,Dairy,80,95431,0,618339,522908,784.4,2361.2,221.1,49.4,261.7
29593,27741,Dairy,144,205113,0,1347179,1142066,1416.2,2481.1,141.7,43.2,299.1
29594,27326,Dairy,80,96873,0,771642,674769,815.5,3087.8,317,66.7,360.3
29595,28456,SNB,32,-138,0,29182,29320,70.9,340.6,57.6,7.5,45.7
29596,27168,SNB,176,-4775,0,157974,162749,380,744.7,79.7,19,117.9
29597,27401,Dairy,112,99882,0,917203,817321,1068.7,1803.5,81.3,25.6,173
29598,28364,Forest,64,79147,41818,311123,231976,-910.8,128.6,187,12.6,25.2
29599,27063,Dairy,80,101450,11026,668209,566759,800,1388.2,79.6,23.2,162.8
29600,27090,Forest,96,98353,0,850140,751787,902.8,2183.1,138,34.8,135.6
29601,28128,Dairy,64,91159,91159,422338,331179,508.5,2482.9,255.8,54.4,288.6
29602,27583,Dairy,112,60690,0,753112,692422,103.8,2664.1,220.7,53.8,188
29603,28713,Dairy,32,59275,7998,314357,255082,327.2,507.6,32.2,9.5,69.7
29604,27781,Forest,96,72110,17203,434133,362023,-1211.9,191.8,287,19,38.6
29605,28087,Dairy,112,138454,0,974564,836110,1125.6,1868.2,112.9,33.4,225.3
29606,28706,SNB,32,-4983,0,56115,61098,86.9,212.1,34,5.4,37.3
29607,28666,Dairy,96,145719,145408,1000930,855211,991.7,1903.5,142.8,38.3,204.6
29608,27517,Dairy,64,82802,0,456538,373736,564.1,2629.7,251.3,52.2,144.4
29609,27226,Dairy,32,24736,0,198038,173302,249.5,541.4,17.5,7.4,39.5
29610,28494,Dairy,112,94369,94175,830689,736320,905.5,3389.1,111.9,39.9,191.2
29611,26995,Dairy,112,133121,0,1012084,878963,1086.2,4351.6,268.1,83.7,457.5
29612,27525,Forest,112,94902,31024,499531,404629,-1482.4,223.1,337.1,22.4,44.7
29613,27275,Forest,64,38793,1394,278201,239408,-860,127.8,193.3,12.8,25.5
29614,27478,Dairy,144,143498,0,978222,834724,922.6,4107.4,135.7,55.2,161.3
29615,28269,Crop,176,108379,0,627628,519249,-660.6,1773.2,714.1,47.7,188.1
29616,28552,SNB,80,9847,0,153333,143486,260.9,823,880.3,34.1,273
29617,27825,Dairy,112,165342,165256,1133242,967900,1144,3557.8,284.8,72.6,369.7
29618,28171,Dairy,80,101286,101157,741574,640288,791.6,2839,150.6,44.5,175
29619,28232,Forest,96,96098,21700,517249,421151,-958.5,779.1,261.4,27,96.1
29620,28460,Dairy,32,41054,261,203160,162106,257.9,1261.1,39.2,20.7,115.6
29621,27129,Forest,80,52902,14774,329495,276593,-977.9,158.5,232.6,15.8,31.6
29622,27184,Dairy,32,18524,0,231567,213043,260.6,512.5,9.4,7.6,59.6
29623,27914,Forest,64,55615,14587,301397,245782,-940.2,127.7,194.6,12.9,25.5
29624,28606,Dairy,64,52845,52759,351076,298231,-180.8,857,134.5,18,41
29625,27403,Dairy,192,239586,239371,1482489,1242903,1639.4,4920.6,127.8,79,240.4
29626,27003,Dairy,64,77576,77322,572548,494972,613.7,2000.4,151.2,36.6,91.2
29627,27420,SNB,128,13633,0,181967,168334,383.8,1321.5,1375.5,56.4,436.2
29628,27992,Dairy,64,51577,0,585635,534058,652.5,1036.1,64.1,16.8,126.5
29629,27980,Forest,64,31926,0,279583,247657,-881,129.5,187.3,12.7,25.2
29630,26874,Dairy,32,33131,0,270320,237189,307.9,1246.4,127.9,27.8,144.8
29631,27916,SNB,128,11677,0,211442,199765,392.1,719.4,682.3,36.2,247
29632,27278,Forest,96,48150,0,422862,374712,-1376.2,192.6,282.2,19.6,38.6
29633,26994,Dairy,48,61063,61054,398499,337436,442.8,794.8,25.7,11.7,66
29634,26875,Forest,176,153238,0,1015992,862754,-1832.1,1376.2,443.1,40.5,110.1
29635,28603,Forest,48,55593,4345,267291,211698,-294.1,653.5,110.4,17.1,76.8
29636,27572,Dairy,80,90698,0,549832,459134,695.4,2945.2,313.6,70.7,218.4
29637,27495,SNB,96,25729,0,148779,123050,21,402.1,392.1,22.8,123.4
29638,27269,Forest,112,80190,18990,483203,403013,-1535.5,223.7,336.6,22.4,45.5
29639,28454,Dairy,32,24011,0,232954,208943,-71.1,625.9,66.8,12.9,70.7
29640,26942,Dairy,192,188022,0,1277624,1089602,788.9,4730.3,375.5,98.6,517.2
29641,28007,Forest,112,62905,62905,507883,444978,-1550.5,222.1,332.2,22.5,45.1
29642,27376,Dairy,80,108508,0,727328,618820,780.4,1296.1,58.6,18.7,108.3
29643,27939,Dairy,112,157234,157234,954078,796844,28,2197.9,170.5,33.1,122
29644,27519,Dairy,64,89820,89651,528365,438545,477.8,1119.1,53.3,16.9,50.2
29645,27363,Forest,80,61222,7927,366624,305402,-1089.4,160.1,243.7,16.2,31.4
29646,27027,Crop,96,133641,0,402034,268393,104.8,1624.9,30.1,21,7
29647,27570,Dairy,48,39620,0,419788,380168,456.6,824.3,14.3,11.5,87.2
29648,26896,Dairy,288,299166,0,1727235,1428069,2312.8,4212.9,100,46.3,145.9
29649,27679,SNB,96,43702,0,318798,275096,403.5,1084,1020.4,43.9,311.4
29650,28276,SNB,64,9061,0,76022,66961,179.3,683.9,951.8,28.3,228.3
29651,27874,Forest,64,29632,0,269102,239470,-633.3,263.4,208.6,16,77.9
29652,28120,Forest,32,33436,0,219238,185802,-115,523.8,70.1,11.2,37.7
29653,27074,Dairy,256,271018,0,1642556,1371538,780.7,6333.2,595.4,125.9,429.2
29654,27839,Forest,80,54518,34847,347071,292553,-1136.3,158.7,240.8,15.8,31.9
29655,27186,Dairy,80,105392,105255,863970,758578,809.3,2701.7,82.5,47.1,288.2
29656,27009,SNB,96,15370,0,100151,84781,265.1,1014.7,1678.8,46.7,384.8
29657,28008,Dairy,96,92376,0,893479,801103,979.2,3339.3,132.8,45,86.6
29658,27017,SNB,96,22204,0,209103,186899,100.3,894,1157.8,43.7,319.4
29659,27953,Forest,160,103042,1090,713912,610870,-2271,319.7,483.8,32,63.8
29660,28032,Dairy,48,61966,61848,268589,206623,277.8,1122,48.8,19.7,56
29661,27595,Dairy,128,110403,110403,663636,553233,859,3939.4,275.4,77,307.7
29662,27279,Dairy,144,146001,0,867118,721117,1095.1,4818,59.8,53.1,115.9
29663,28502,Dairy,80,121037,121037,754709,633672,799.9,3047.7,319.1,67,343
29664,28647,SNB,64,-2554,0,93329,95883,173.7,368.9,46,9,54.8
29665,28534,Crop,48,65455,0,199969,134514,53.5,841.6,16.9,11.3,3.8
29666,27963,Dairy,112,111534,0,958681,847147,1142.5,1892.9,111,32.9,221.9
29667,28200,Dairy,64,73957,73785,586995,513038,685.9,2540.5,75.8,42,131.8
29668,27492,SNB,80,9039,0,121463,112424,225.5,560,728.7,27.8,196.4
29669,27842,Dairy,48,70381,0,339493,269112,434.4,1820.1,189.7,42.8,208.4
29670,26893,Dairy,160,293321,19432,1509800,1216479,1319.3,5122.4,332.8,88.9,304.9
29671,28267,Dairy,48,47070,47070,448320,401250,453.8,1838.9,57.1,32.3,95.9
29672,28531,Dairy,112,170198,170194,1015208,845010,1071.2,4409,133.3,76.3,423.6
29673,28343,Dairy,128,171362,0,905185,733823,1113.6,4398.4,54.2,46.7,202.6
29674,28654,Forest,192,57682,0,364465,306783,-241.8,1659.1,2684.7,81.4,604.7
29675,27145,Dairy,48,61038,0,457582,396544,517.4,780.2,47.9,13.9,95.7
29676,28086,Forest,64,66819,25664,294279,227460,-877.6,129.3,195.1,12.9,26
29677,28198,Dairy,48,36508,8896,222422,185914,-687.4,96.7,142.3,9.3,19.2
29678,28650,Forest,32,16588,1749,122330,105742,-356,64,92,6.4,12.9
29679,27989,Dairy,80,114435,0,673853,559418,765.8,3055.5,234.2,54.7,270.9
29680,26912,Forest,48,42422,10556,211288,168866,-649.3,95.5,144.2,9.5,19.5
29681,28418,Forest,112,78026,31474,435295,357269,-1208.6,224.8,340.3,22.4,45.5
29682,27056,Dairy,32,44512,0,291004,246492,333.2,1229.4,38.2,23.7,135.4
29683,28623,Dairy,64,25238,25122,291623,266385,-143.2,1318.9,136.5,29.2,80.2
29684,27613,Forest,128,93021,6906,562645,469624,-1773.1,257.8,377.1,25.3,51.5
29685,28139,Forest,64,21984,21984,239258,217274,-743,127.8,197.9,13,25.9
29686,27769,Dairy,144,137607,137478,912557,774950,1213.3,5600.6,567.2,117.4,339.5
29687,28621,Dairy,48,50235,0,362297,312062,433.8,809,26.9,10,56.1
29688,28216,Dairy,96,105749,0,836337,730588,904.5,1614.5,95.4,28.2,94.3
29689,27166,Forest,160,114198,20236,719165,604967,-2244,320.8,478.9,32,63.8
29690,28066,Forest,112,68784,23022,443236,374452,-1384.1,222.9,334.8,22.3,45.6
29691,27309,Forest,80,79521,15434,422634,343113,-383.3,1295.3,268.2,37.2,169.5
29692,28670,Dairy,64,126004,2607,670711,544707,675.8,2510.3,256.3,55.3,217.3
29693,28196,Dairy,80,113243,0,757504,644261,821.2,2833.7,110.8,37.1,145.2
29694,27623,Dairy,80,131383,9948,698586,567203,745.6,2936.9,94.9,53.6,164
29695,28239,Dairy,112,154199,0,1083236,929037,1164.2,4009.4,312.7,86.2,226.5
29696,28209,SNB,80,16478,16478,230345,213867,300.9,854.9,1092.6,39.9,335.9
29697,27863,Forest,48,67305,0,333125,265820,451.1,1967.2,193.8,40.9,217.3
29698,26920,Forest,640,387023,116823,2531876,2144853,-7504,1277.2,1929.2,127.1,258.2
29699,28096,Dairy,80,125681,1796,719423,593742,786.2,3014.6,320.2,67.6,358
29700,28225,Dairy,64,96487,0,566328,469841,662.5,2421.3,259.8,51.8,283.6
29701,27938,Dairy,128,177717,0,1364175,1186458,1247.9,4423.2,79.1,57.6,283.4
29702,28315,SNB,112,29171,0,210624,181453,395.6,1228.4,1629.9,57.3,447.6
29703,26930,SNB,240,7511,0,228020,220509,557.3,1149.6,303.6,47,356.6
29704,28247,Dairy,96,86295,0,934077,847782,919.1,1373.3,10,12.5,35.6
29705,26885,Dairy,144,142206,0,1251272,1109066,348,1722,174,31.5,198.9
29706,27383,Forest,128,83162,83162,572797,489635,-1728.1,255.4,390.9,25.2,50.2
29707,28425,Forest,32,21438,0,175383,153945,-48.9,280.5,50.7,5.3,13.1
29708,27836,Crop,128,231823,18959,613906,382083,153.1,2476.2,126.6,50.4,25.6
29709,28245,Dairy,128,146856,0,1234216,1087360,1232,3727.6,144.6,49.2,197.2
29710,27773,Forest,64,48334,15131,290734,242400,-892.5,127.7,191.4,12.9,25.3
29711,27841,Crop,160,206057,0,657858,451801,174.2,2889.2,55.9,38.1,12.9
29712,27138,Dairy,64,35280,35086,477379,442099,565.2,1024.8,22.3,10.4,41.9
29713,28166,Dairy,192,302921,0,2043207,1740286,1699.2,6810,752.3,150.7,789.7
29714,27266,Dairy,48,101220,29534,482287,381067,486.3,1875.8,188.5,39.6,210
29715,27990,SNB,48,864,0,53977,53113,118.9,409.8,172.9,14.3,127.2
29716,27072,SNB,288,52530,0,548941,496411,-508.8,2275.8,3512.9,114.8,797.2
29717,27994,Forest,64,47676,47676,359937,312261,-511.7,667.1,166.6,16.9,45.9
29718,27289,SNB,128,28158,0,418892,390734,-180.2,530.7,424.6,30.3,164.1
29719,27985,Dairy,256,297400,0,2212727,1915327,2391.6,8592.6,358.7,120.1,448.5
29720,27093,Dairy,144,132929,0,952218,819289,151.6,2826.2,176.7,38,145.7
29721,27314,Forest,272,207938,61847,1197318,989380,-2571.6,1567.9,766.2,62.6,152.4
29722,27490,Dairy,272,311081,0,1951856,1640775,2370.2,9575,347.7,146.9,658.1
29723,27574,Dairy,96,116406,0,823210,706804,836.4,1366.2,10.1,12.3,70
29724,26906,SNB,208,23835,0,214134,190299,569.7,2235.4,3541.6,104,824.1
29725,28485,SNB,48,9676,0,79609,69933,147.7,505.7,766.3,24.3,191.3
29726,27180,SNB,48,3559,0,75060,71501,117.5,235.9,60.5,7.3,48.5
29727,28386,Forest,32,33004,33004,157103,124099,-513.2,65,94.1,6.4,12.5
29728,27070,Dairy,192,214006,0,1135429,921423,1292.6,5128.8,507.9,109.2,590.2
29729,28037,Dairy,80,128941,128909,662817,533876,285.5,1918,115.8,27.6,89.9
29730,28632,Forest,32,29777,11168,139290,109513,-368,64.2,97.2,6.5,11.8
29731,27425,Dairy,128,187860,16613,1128833,940973,1227,4945.9,510.7,108.9,609.4
29732,28186,Forest,96,90674,21023,449508,358834,-1361,192.6,289.7,19.2,38.3
29733,27073,SNB,368,48025,0,520650,472625,1105.6,3949,5485.1,173.9,1420.4
29734,28515,Dairy,64,77625,0,584939,507314,611.7,2517.8,258.3,54.8,270.3
29735,27402,Forest,112,79222,0,521292,442070,-1543.6,225,333.3,22.2,42.7
29736,27778,Dairy,48,20127,0,412822,392695,461.7,1031,22.8,15.9,94.2
29737,27323,SNB,80,21329,3581,151884,130555,272.2,882.1,1133.2,41.5,328.5
29738,28473,Forest,144,95414,0,758861,663447,-366.1,2454.1,419.2,57.1,228
29739,27793,Dairy,160,133369,0,942687,809318,880.6,2180.4,99.1,26.5,120.5
29740,27415,Dairy,64,86997,0,676305,589308,672.7,2040.9,198.3,43.2,237.5
29741,27292,SNB,128,2997,0,145819,142822,308,639.9,158.2,25.2,190.7
29742,27055,Forest,80,66925,17182,374074,307149,-1124.6,160.4,235.5,16.3,32.1
29743,28126,Forest,144,102747,0,625244,522497,-1887.3,288.3,433.2,29.1,57.3
29744,28704,Dairy,32,29766,29766,313700,283934,355.1,1309,128.9,26.7,108.3
29745,26932,SNB,48,12959,0,194063,181104,-108.7,258.1,119.3,12.6,90.6
29746,27412,Forest,112,87812,0,512921,425109,-1508.9,222.2,338.2,22.5,44.1
29747,27877,Forest,176,99158,0,759764,660606,-2428.3,351.6,536.4,35,70
29748,26944,Dairy,144,135457,0,1103185,967728,1364.4,5436.3,441.8,114.9,571.9
29749,28338,Forest,48,28158,0,210187,182029,-706.2,95.1,144.6,9.5,19.2
29750,27357,Dairy,64,65545,65437,479389,413844,-69.4,599.8,107.5,13.7,66.1
29751,27345,Dairy,96,144598,317,886491,741893,597.7,2970.9,367.6,70.9,353.4
29752,27487,Crop,368,506115,0,1465581,959466,586.5,6656.7,1401.2,155.4,374.3
29753,27905,Dairy,128,78834,78491,901745,822911,1106.1,2340.9,61.1,24.6,119.7
29754,27242,Dairy,128,166124,0,1121113,954989,1316.4,4702,512.4,111.7,580.4
29755,27352,Forest,64,37322,1158,292140,254818,-925.6,128.2,191.1,13,25.3
29756,27243,Dairy,208,312729,0,1924625,1611896,2056.4,7664.3,231.4,131.3,747.2
29757,28259,Dairy,96,97636,97593,687419,589783,894.8,3521.7,373,81.9,226.6
29758,27529,Dairy,32,52126,437,330326,278200,310.4,494.4,31.6,9.3,50.1
29759,27885,Dairy,128,107099,107099,1084765,977666,1185.8,4334.5,176.9,58.6,234.5
29760,28282,Dairy,112,169929,6651,995325,825396,1086.8,4314.7,447.9,95.3,486.6
29761,27404,Dairy,176,149802,149177,1145065,995263,1405.4,3875.7,38.5,35.6,146.9
29762,27779,Dairy,96,104483,0,576844,472361,235.7,2387.3,350.8,59.9,151.1
29763,28350,Forest,96,59159,59159,382955,323796,-1124.9,192.4,285.2,19,37
29764,27010,Dairy,96,136842,427,656426,519584,769.6,3204,118.9,42.8,165.2
29765,28587,Forest,96,77733,1924,500231,422498,-967.4,720.3,308.8,28.4,105.5
29766,27193,Forest,208,85436,0,726337,640901,-1789.6,705.8,803.8,47.4,183.9
29767,27767,Dairy,64,65378,65378,480224,414846,577.5,2541.4,254.6,57.9,170.5
29768,26960,SNB,368,136470,2787,915604,779134,-1708.6,2619.1,1872.3,118.9,832.6
29769,28060,Dairy,64,84638,84638,526614,441976,562.7,2455.6,77.2,46.4,263.5
29770,27834,SNB,64,8185,0,83775,75590,194.7,618.7,853.7,27.6,213.9
29771,28329,Dairy,144,180522,0,935893,755371,1203.2,4848.4,200.6,67.2,157.7
29772,27260,Dairy,96,89797,0,786470,696673,855.3,1455.8,44.5,17.4,98.5
29773,27240,Forest,112,93216,93216,578385,485169,-1210.9,733.7,346.3,32.9,116.3
29774,27621,Forest,48,60823,17677,322382,261559,-247.9,619.1,104.8,12.4,27
29775,27909,SNB,80,17977,0,207542,189565,279.5,601.5,556.6,27.7,205.2
29776,27136,SNB,96,36230,0,364213,327983,349.2,1132.1,342.6,38,353.7
29777,27329,Dairy,80,115044,0,714242,599198,794.2,3145.8,320.8,66.9,351
29778,27006,Dairy,112,124071,0,1015938,891867,1088.6,1866.8,33.5,25.2,211.7
29779,27582,Forest,64,38235,0,290185,251950,-927.2,128.5,191.6,13.1,25.9
29780,28403,Forest,96,83543,18871,451584,368041,-1339.6,192.4,281.2,19.3,39.2
29781,28443,Dairy,48,69264,0,523084,453820,536.6,1432.3,145.1,32.4,89.7
29782,28496,Forest,128,164725,12821,908515,743790,-262,1185.1,208.3,26.8,125.8
29783,28287,Dairy,80,102032,0,791057,689025,884,2278.1,226.3,49.6,285.8
29784,26990,Dairy,80,115700,0,712431,596731,790.2,1310.5,80.4,23,157.1
29785,27819,Forest,48,32727,2554,206429,173702,-592.8,97.3,143.3,9.4,19.4
29786,26925,Dairy,96,156806,0,919007,762201,978,3640.1,389,82.7,431.6
29787,26993,Dairy,144,205841,0,1330678,1124837,1492.9,5355.8,527.6,118.8,620.4
29788,28005,Dairy,80,59407,0,657601,598194,715.4,1218.4,8.4,10.5,57.8
29789,28356,Dairy,32,45703,0,283993,238290,380.8,1246.5,127.1,26.6,150.1
29790,27501,Crop,64,107541,7256,280161,172620,70.5,1303.1,64.8,25.7,13.1
29791,28660,Crop,144,113621,0,390408,276787,229.7,2161.6,442.2,37.6,122.5
29792,28540,Crop,48,85082,0,225215,140133,56.6,925.2,50.8,18.4,9.5
29793,28099,SNB,272,33207,0,418519,385312,568.7,2657.3,1302.9,92.4,710.7
29794,27748,Forest,80,53160,16278,362335,309175,-1233,160.2,242.7,15.9,31.8
29795,28028,Forest,160,96480,2384,668140,571660,-1935.5,321,475.7,31.7,62.3
29796,28192,Forest,64,40763,4810,282735,241972,-877.2,129.7,192.5,12.7,26
29797,27255,Forest,192,144294,144294,1083240,938946,-1483.2,2130.6,630.2,70.4,265.3
29798,28622,Forest,48,42414,16236,220234,177820,-699.8,97.6,143.5,9.6,19.7
29799,27768,Forest,144,114410,32841,662044,547634,-2070.1,288,430.8,28.7,58.2
29800,27703,Dairy,160,210947,210947,1235953,1025006,1515.5,4984.7,213.2,68.7,283.9
29801,28217,Forest,80,35701,0,275758,240057,-731.4,294.5,459.7,20.7,81.9
29802,28277,Dairy,48,90256,90256,469467,379211,514.8,1843.9,189.9,38.6,106
29803,27228,Forest,176,121521,121521,803246,681725,-2479.5,353.8,531.3,35,70.4
29804,27522,Dairy,64,74566,0,549817,475251,615,1040.9,64.2,18.8,129
29805,26908,Dairy,64,106192,0,579845,473653,688.1,2422,256.6,54.5,287.6
29806,26980,Dairy,160,150228,150228,986332,836104,1267.7,5498.3,67.3,59.7,260
29807,28465,Crop,176,289905,0,1083145,793240,718.4,3276.6,131.9,60.8,134.6
29808,28301,SNB,64,6927,0,64929,58002,155.3,310.5,287.4,16,105.3
29809,27556,Forest,128,112629,35339,591099,478470,-1788.9,257,388.2,25.9,51.2
29810,28332,Forest,112,70810,70810,498026,427216,-1529.5,225.1,333.4,22.2,44.7
29811,28063,SNB,32,4257,0,32277,28020,63.6,138.6,47.2,4.4,24.7
29812,27584,SNB,176,105459,0,667398,561939,915.6,3578.8,1512.6,99.5,574.4
29813,27510,Forest,128,102533,0,565012,462479,-1817.9,255.4,383.4,25.6,51.5
29814,28717,Dairy,32,47373,0,275937,228564,321.6,514.2,31.6,9.3,62
29815,28620,Dairy,32,45167,45167,332652,287485,338.5,1326.7,130.4,25.3,144.3
29816,27428,Dairy,176,234816,0,1717584,1482768,1792.7,6706.8,212.6,120.7,712.6
29817,27858,Dairy,48,51615,0,515231,463616,486.8,1598.1,67.7,22.3,84.8
29818,28064,Dairy,96,114676,114676,939972,825296,956.9,3624.7,115.1,65.7,355.4
29819,27004,Forest,208,160735,9854,952696,791961,-2356.2,1009,586.3,49.6,147.6
29820,28682,Forest,80,87176,5145,385239,298063,-923.9,449.1,210.4,19.3,27.7
29821,27019,Dairy,96,126546,17857,759158,632612,811.1,1601.4,268.8,32.1,214.6
29822,28341,Forest,80,27488,0,301984,274496,-907,161.4,236.1,16.1,32.6
29823,27464,Dairy,144,154750,0,1256362,1101612,1375.9,5167.6,124.5,76.9,377.2
29824,27355,Dairy,64,70443,0,595658,525215,623.3,1067.5,63.5,18.5,133.8
29825,27892,Forest,240,208067,208050,1271255,1063188,-2040,2683.8,592,68.3,259.9
29826,27382,Crop,48,65898,0,214611,148713,-208.8,339.6,55.2,9.8,9.3
29827,27176,Dairy,192,190514,190514,1763895,1573381,1842.6,6619,80.8,73.5,312.6
29828,28148,SNB,64,12681,0,105509,92828,198.3,744.3,961.7,31.8,249.4
29829,28268,Crop,64,86093,85964,270190,184097,68.1,1141,23.5,15.7,5.1
29830,28025,Dairy,96,109007,0,923360,814353,934.9,3283.9,116.4,42.1,88.8
29831,28492,Dairy,96,150501,0,782093,631592,904,3633.5,334.1,79.3,383.3
29832,27008,SNB,272,35428,35428,290429,255001,731.6,3067.2,4611.6,133.6,1087.6
29833,28116,SNB,112,10932,0,109743,98811,290.8,1165.4,506.6,41.8,387.8
29834,27343,Dairy,240,297734,0,1690359,1392625,-224.6,5174,853.1,130.2,607.2
29835,27640,Dairy,144,202538,202151,1377522,1174984,1493.6,5358,570.7,121.4,324.6
29836,27365,Forest,80,74609,20269,361572,286963,-1050.4,161.8,233.5,15.7,31.4
29837,27347,Dairy,128,141539,0,1156356,1014817,1169.7,1926.5,13.3,15.6,47.2
29838,28311,Dairy,32,80232,23976,381984,301752,349,1279.4,38.3,20.6,138.6
29839,26877,Crop,48,77103,77103,219955,142852,56.9,979.5,51.6,19.5,9.8
29840,28078,Dairy,64,92239,0,580160,487921,643.5,1623.8,160.5,38.6,211.5
29841,27219,Forest,96,66929,66929,437095,370166,-1327.1,192.2,288.4,19,39.2
29842,28359,SNB,112,1461,1461,150447,148986,309.9,522.4,224.9,19,119.5
29843,27312,SNB,64,35086,0,182278,147192,-368.6,446.9,648.2,22.9,130.8
29844,27481,SNB,240,27682,0,305894,278212,664.5,1910.4,2632.8,92.8,694.6
29845,27999,Dairy,80,133993,19353,710460,576467,753.8,3006.8,95.3,54.2,351.3
29846,27893,SNB,256,30396,30396,261608,231212,691.1,2792.3,4251.4,121.8,968.3
29847,28687,SNB,48,1318,0,45613,44295,114.6,234.5,59.8,9.3,67.7
29848,27499,Forest,144,72072,39044,528565,456493,-1421.1,358.2,348.6,25.4,68.1
29849,26981,SNB,256,35686,0,344823,309137,742.8,2780.5,4144.9,128.3,1060.7
29850,27156,Forest,160,103421,103421,700611,597190,-2127.4,323.2,469.6,32,63.4
29851,26928,Dairy,192,228826,10722,1435363,1206537,1756.8,7458,770.7,165.8,643.2
29852,28178,Dairy,128,125237,0,1171848,1046611,1223.9,1977.2,44.8,20.7,109.3
29853,27521,Forest,144,98786,2674,625337,526551,-1926.3,285.1,439.2,28.5,57.6
29854,27723,Dairy,80,105006,9095,554651,449645,326.2,1751.2,119.6,34.1,199.3
29855,27979,Forest,64,35520,35520,291441,255921,-461.2,666.3,165.1,17,53.4
29856,27537,Forest,128,63392,1517,498441,435049,-1487.7,255.6,381.8,25.5,50.9
29857,27310,Forest,96,38950,0,335606,296656,-620.3,345.1,272.8,18.9,67
29858,27029,Dairy,128,169536,0,1059636,890100,894.3,4098.8,241.8,67,333.6
29859,27933,Forest,80,51729,90,347343,295614,-1047.8,159.7,240.2,15.8,32.6
29860,27826,Forest,160,87999,0,703405,615406,-2150.7,321.4,486.6,32,65.6
29861,27751,Dairy,96,151647,1903,858486,706839,977.9,1604.8,94.7,26.7,193.2
29862,26969,Dairy,96,97419,0,796275,698856,913.8,1656,94.8,26.5,194.8
29863,27794,Forest,32,14368,5658,97734,83366,-155,219.3,116.5,9.6,68.4
29864,28710,Forest,32,29293,29293,141330,112037,-483.5,64.1,97.3,6.3,12.2
29865,27441,Forest,64,63910,16898,302666,238756,-964.1,128.9,190,12.7,24.8
29866,26975,SNB,96,4265,0,109337,105072,272,1021,1226.7,41.5,312.5
29867,28121,SNB,112,13266,0,113296,100030,304,1163.3,1873,54.5,443.5
29868,27230,Dairy,128,156117,0,1131997,975880,1291.9,4778.4,427.5,94.3,485.9
29869,28582,Dairy,128,156544,0,988945,832401,1180.7,4606,103.6,67.1,357.1
29870,28436,SNB,48,9570,1309,61201,51631,129.6,564.2,796.7,25.2,190.5
29871,28409,Dairy,64,82786,0,607154,524368,727.5,2468.3,253.2,54.8,144.4
29872,27296,Dairy,112,91713,91713,752713,661000,-5.9,2587.2,218,50.6,282.8
29873,27752,Forest,64,74191,34185,311279,237088,-893.1,128.8,192.5,12.9,26.7
29874,27803,Dairy,144,188035,0,1388390,1200355,1424.6,2380.9,121.8,37.7,240.2
29875,27485,SNB,192,13957,0,288622,274665,535.3,1596.3,630.1,57,498.8
29876,27477,Dairy,112,146588,0,1020410,873822,1071.8,3462.9,207.5,57.4,280.8
29877,28065,Forest,96,59461,8659,403556,344095,-1241.3,193.9,287.8,19,39.2
29878,27197,Dairy,96,146351,146093,911965,765614,938.1,3616.3,112,62.2,199.9
29879,28278,Dairy,128,172168,0,1118403,946235,1320.3,4906.9,512.9,107.8,595.7
29880,28628,SNB,96,16625,0,233708,217083,-190.1,332.9,170.3,14.8,61.9
29881,27897,Dairy,176,271062,0,1600429,1329367,1772.2,5543.7,508.8,114.6,563.3
29882,27828,Dairy,64,87127,0,448225,361098,572,2448.8,259,53.2,283.3
29883,26905,Dairy,96,78069,0,933867,855798,623.7,1433.8,70.8,20.3,78.9
29884,28638,Dairy,80,89800,0,656247,566447,746.9,2928.6,193.8,48.8,189.7
29885,28132,Dairy,64,62840,0,395699,332859,532.7,2339.8,250.3,52.5,142.6
29886,28384,Dairy,64,65998,0,553432,487434,650.9,2445.8,255.3,51.2,272.8
29887,27457,SNB,96,10255,10255,174367,164112,285.3,585,526.3,28.4,189.8
29888,28556,Dairy,64,98236,20726,487913,389677,275.6,1808.6,236.7,43.6,213.5
29889,28226,Dairy,368,372306,0,2186273,1813967,1866.5,10971.1,325.9,151.4,353
29890,27539,Dairy,128,187822,0,1421595,1233773,1362,4846.6,517.4,105.6,575.9
29891,28206,Dairy,64,114881,3918,574446,459565,651.3,2498.2,255.2,53.9,289.7
29892,28115,Dairy,32,33836,0,339626,305790,320.9,1244.5,38.8,23.5,134.5
29893,28681,SNB,32,5475,5475,34444,28969,91.1,349.2,524.1,14.6,130.7
29894,27117,Forest,112,58331,11177,368763,310432,-682.8,459.7,515.5,28.6,139.7
29895,27339,SNB,80,6544,0,168524,161980,268.4,872.7,589.6,34.2,309.6
29896,27848,Dairy,48,93155,93037,429611,336456,496.8,1778.5,195.1,40.7,145.8
29897,28617,Dairy,64,84428,0,418148,333720,572.7,2484.5,254.3,57.7,286.1
29898,27674,Dairy,80,94098,0,476893,382795,327.6,2264.1,299.8,57.8,155.1
29899,27585,Crop,96,118051,117943,408012,289961,110.2,918.8,13.8,14.5,5.3
29900,27726,Dairy,80,129035,0,747002,617967,756.3,2838.2,196.7,50.2,114.2
29901,28288,Dairy,96,110023,0,826747,716724,886.1,3324.4,39.8,35,75.8
29902,27524,Forest,48,29969,29969,191461,161492,-584.4,96,150.4,9.2,18.9
29903,27025,Dairy,96,106357,0,887778,781421,856.7,1487.8,10,11.8,34.2
29904,28117,Dairy,112,125815,125492,990405,864590,798.1,1638,143.1,32.1,214.3
29905,27738,Forest,64,52761,0,372915,320154,-549.9,682.1,205.4,23,94.3
29906,28618,SNB,80,20885,6982,174357,153472,-258,585.7,369.3,26,185.2
29907,27705,Dairy,80,120421,120421,771250,650829,818.1,3114.7,324.3,67.9,374.9
29908,27610,Dairy,80,114346,10972,697225,582879,448.4,2417.1,303.7,56.9,148.4
29909,28054,Dairy,64,59782,59782,428463,368681,558.3,2144,91.4,30,112.5
29910,26979,Dairy,288,313665,0,2291812,1978147,1299.4,3807.3,225.2,49.8,194.1
29911,28077,Dairy,176,232831,0,1217653,984822,1510.1,5796.7,247.1,84.7,320
29912,27869,Dairy,176,218972,0,1631556,1412584,1796.2,5702.2,531.7,119.6,661.3
29913,26879,Dairy,128,150058,0,1119815,969757,1230.4,4617.8,429.8,96.7,411.7
29914,28605,Forest,64,48228,48228,290112,241884,-885.7,127.9,190.1,12.7,25.5
29915,28159,Dairy,64,71265,0,554917,483652,687.6,2490.2,254.1,52.4,287.9
29916,27195,SNB,432,156785,9088,956840,800055,-1123.2,3351.6,4572.8,159,1074.9
29917,26956,Forest,784,407635,0,3151723,2744088,-9350.5,1569.4,2363,156.6,314.6
29918,27045,SNB,272,26959,0,334601,307642,750.7,2886.8,1538.8,89.4,712.2
29919,27431,Forest,96,67770,11817,417585,349815,-1271.2,195,286.9,19.4,38.6
29920,27807,Dairy,112,98417,0,831571,733154,307.7,1430.3,176.3,29.8,177.1
29921,27650,Dairy,240,346123,346123,2141802,1795679,739.7,6313.3,879.3,148.2,744.7
29922,27711,Dairy,80,131030,130936,716248,585218,785.3,1712.4,114.1,30.5,169.2
29923,27182,Forest,160,80676,1643,622833,542157,-1881.9,317,484.2,31.7,64.5
29924,27688,Dairy,96,99904,0,828762,728858,937.6,3798.9,392.3,80.9,419.4
29925,27178,SNB,64,25340,0,158624,133284,255.4,456,198.9,13.3,85.8
29926,28253,SNB,64,22895,1283,179374,156479,-274,421.9,581.3,23,136.4
29927,28079,Dairy,48,76185,75977,472884,396699,499.9,1094.3,96.7,22.2,67.6
29928,27237,Forest,48,29513,29513,226880,197367,32.1,834.1,363.8,24,139.9
29929,28512,Dairy,48,26408,0,198974,172566,-636,97,144.6,9.6,19.2
29930,27081,Dairy,64,92851,8603,514339,421488,587.5,1327,97.4,25.2,155.2
29931,27023,SNB,144,13527,0,281225,267698,244.8,1396,597.5,55.1,471.5
29932,27474,Dairy,80,156223,0,704844,548621,435.8,958.8,70.6,13.5,59
29933,28478,Dairy,48,110126,30310,511814,401688,495.2,1119.2,40,18.9,122.7
29934,28122,Dairy,64,54550,54335,603122,548572,689.7,1020.2,64.1,18.6,127
29935,28413,SNB,48,9285,0,141051,131766,180.2,570.9,627.5,24.6,198.8
29936,28246,Dairy,48,46539,0,509862,463323,420.8,694,16.8,7.9,18.8
29937,26985,SNB,464,4733,4613,561326,556593,1141.5,2060.8,728.5,67.3,361
29938,27965,Dairy,112,123509,0,1096883,973374,1084.8,2576.3,138,36.6,181.6
29939,27693,SNB,192,6210,5619,199551,193341,484.6,918,817,49,305.7
29940,28101,Dairy,64,73373,0,449093,375720,561.5,1013.1,35.8,13.5,77.6
29941,28125,Dairy,128,153802,0,1171849,1018047,1209.8,5012.3,152.9,87.2,478.8
29942,27776,Forest,64,49757,49757,290936,241179,-892.3,130.1,189.3,12.8,25
29943,27212,Dairy,144,180946,180946,1309734,1128788,1393.4,5223.5,438.2,113.3,612.3
29944,27690,Dairy,80,129391,19975,682294,552903,63.6,1920.6,152,37.3,110.6
29945,27207,Dairy,208,200505,0,1624640,1424135,1819.9,3190.3,43.6,31,153.6
29946,27851,SNB,128,3909,3909,183728,179819,327.3,613.6,148.1,25.1,177.4
29947,28067,SNB,624,17507,0,639176,621669,1473.6,5658.8,1035.5,127.5,910.3
29948,28114,Forest,96,77064,0,637925,560861,-621.2,1360.8,317.1,40.2,164.7
29949,27721,Dairy,192,190228,189766,1156544,966316,635.9,2508.6,279.6,48.8,285.4
29950,27416,Dairy,80,69675,0,694998,625323,749.1,2660.3,111.6,38.3,143.1
29951,27173,Dairy,48,96736,18314,479701,382965,473.8,1793.8,192.3,41.4,209.4
29952,27144,Dairy,112,127572,0,816983,689411,1008.6,3921.2,278.9,72.9,328.7
29953,27811,Dairy,80,81603,81603,704716,623113,775.8,2840.8,96.2,36.4,141.8
29954,27995,Forest,48,40683,11789,211932,171249,-669.6,94.6,146,9.6,18.2
29955,27514,Forest,32,18017,18017,128378,110361,-349.5,64.4,96.9,6.2,12.7
29956,27297,SNB,144,-8643,0,228671,237314,371.6,638.5,187.4,19.6,101.5
29957,28573,Dairy,64,56093,55378,528613,472520,586.8,940.7,22.3,10.2,25.3
29958,27809,Forest,96,67704,7375,444081,376377,-1362.3,191.8,283.9,19.4,38.5
29959,27165,Forest,48,30184,0,224062,193878,-729.1,94.9,145.4,9.7,19.2
29960,28021,Dairy,96,91158,0,591981,500823,777.1,1924.7,87.1,32.3,212.7
29961,28056,Dairy,128,202229,0,1195112,992883,1207.6,4521.8,66.5,52.6,154.6
29962,26938,SNB,240,-35323,0,608671,643994,707.3,1010.2,81.8,26.2,158.2
29963,28113,Crop,80,105763,13335,322511,216748,-448.1,1044.6,142.7,24.5,22.4
29964,28319,Dairy,144,174875,0,1172928,998053,1325.7,4835,124,60.6,245.3
29965,27405,Forest,80,60166,14716,355403,295237,-1097.3,159,230.6,16.3,30.9
29966,27687,Dairy,128,182068,0,1030705,848637,1205.6,3254.9,218.4,58.3,180.7
29967,28684,Forest,48,16566,16566,179137,162571,-564.8,96.4,139.4,9.6,19.1
29968,27749,Dairy,80,104899,0,650975,546076,774.2,3157.2,313.5,69.6,223.6
29969,27810,Dairy,64,118282,24632,588137,469855,612,2443.2,254.3,55.9,290.8
29970,27645,Dairy,144,152386,0,1339516,1187130,1443,2364.5,43.5,33.3,254.6
29971,28719,Forest,32,22909,8134,126771,103862,-372.1,63.9,97.3,6.5,12.5
29972,28296,Dairy,32,35806,0,301498,265692,314.5,1154.6,38.1,24.4,123.6
29973,27890,Dairy,80,104921,0,658810,553889,373.5,2526.8,303.9,59.3,296.5
29974,28334,Dairy,48,76744,0,433662,356918,463,813.9,48.3,14.3,94.2
29975,27757,SNB,192,10734,0,186786,176052,443.1,1856.8,349.4,43.2,302.2
29976,27158,Forest,128,152868,0,928108,775240,-636.8,1980.7,299.5,47.5,235.5
29977,27020,Dairy,128,143568,143213,930421,786853,1136.1,2845.3,40.7,31.2,101.6
29978,27588,Forest,48,35181,0,217034,181853,-634.5,96.7,147.6,9.6,19.2
29979,27368,SNB,64,6515,0,181050,174535,225.1,724.7,246.5,26.6,230.3
29980,27603,Dairy,80,73565,0,655119,581554,79.7,765.4,116,13.8,33.4
29981,28474,Dairy,32,44202,0,310095,265893,325.3,1217.9,127.5,27.4,147
29982,28469,Dairy,48,37822,0,293616,255794,442,1788.5,192.3,40.8,225.5
29983,28119,Dairy,80,125617,0,755997,630380,808.3,1347.7,79,22.2,80.9
29984,27235,Forest,80,74810,1710,377095,302285,-898.7,273,195.1,16.1,27.3
29985,28406,Forest,64,29179,29179,241252,212073,-706.9,127.2,196.3,12.7,25.2
29986,28658,SNB,80,36687,36687,373999,337312,443.5,1565.3,270,28.1,148.2
29987,28321,Dairy,64,95070,0,614285,519215,629.2,953.6,21.6,10.2,67.5
29988,28611,Dairy,64,97901,0,598917,501016,611.3,2191.6,89,29.6,119.6
29989,27283,Dairy,192,250042,0,1935746,1685704,1797.4,3213.8,101.7,37,144.5
29990,28098,Dairy,64,39011,0,277747,238736,-839.3,128.4,194.3,12.7,25.7
29991,27955,Dairy,128,120328,120328,971018,850690,1182.1,4710.1,512.8,110.3,578.4
29992,26916,Dairy,80,113901,0,668320,554419,733.4,2413.1,156.4,47.2,236
29993,28519,Dairy,80,96106,0,799554,703448,789.4,2419.3,67.5,39.9,254.6
29994,28248,Forest,176,77171,0,685465,608294,-2068.9,352.3,521.8,35,69.9
29995,28486,Dairy,64,135781,81977,661291,525510,685.5,2146.1,207.9,46.3,247.5
29996,27840,Dairy,48,83291,0,460261,376970,474.2,1436.5,145.1,32.7,117.8
29997,28001,Forest,32,21195,443,138475,117280,-450.5,64.8,98.2,6.4,12.7
29998,27225,Dairy,272,304778,304778,2125997,1821219,2559,10367.7,932.5,202.4,988.2
29999,28614,Dairy,48,52625,14466,258314,205689,-309.2,689.8,112,16.5,77.3
30000,27862,Dairy,96,116639,116635,873959,757320,992.4,3362.4,319.8,71,387.7
30001,28068,Forest,48,30732,2258,217749,187017,-689.9,96.6,147.9,9.8,20.2
30002,28559,Forest,48,34754,6278,208482,173728,-690.9,95.8,138.5,9.4,19.5
30003,27190,SNB,192,14451,0,263785,249334,530,930.4,553.4,44.6,305.6
30004,27969,Dairy,64,82540,82540,477552,395012,575.1,1119.6,52.9,17.7,132.5
30005,28330,SNB,80,9849,0,120865,111016,234,497.2,490.4,23.5,174.1
30006,28555,Forest,80,66269,18279,378138,311869,-1143.6,159.8,239.4,15.9,31.8
30007,28586,SNB,64,19073,2779,224906,205833,-34.5,581.5,645,26.7,199
30008,27901,Dairy,96,102139,0,907648,805509,926.1,3461.5,113.4,67.5,194.1
30009,27161,Dairy,80,100548,0,742730,642182,740.2,1308.8,20.8,16.5,64.2
30010,28444,Forest,80,49817,0,362306,312489,-1121.8,158.5,237.6,15.8,31
30011,28043,Forest,96,83203,12653,446845,363642,-1427.6,190.8,285.6,19.4,37.8
30012,28501,SNB,96,11318,11318,131504,120186,260.8,906.5,504.1,25.8,172
30013,26998,Dairy,32,19281,0,171550,152269,283.2,858.2,79.1,17.2,104.4
30014,27244,SNB,208,28695,28663,240321,211626,565,2107.9,3230.8,100.3,779.7
30015,27770,Forest,64,40774,6307,288212,247438,-879.7,127.6,196.9,12.7,25.9
30016,27845,Dairy,80,104984,0,759238,654254,804.6,1357.6,80.5,21.8,157.6
30017,28031,Dairy,128,180443,11813,1017371,836928,441.9,3427,230.5,51,194
30018,28696,Dairy,48,64602,0,304939,240337,371.8,1756.8,56,32.4,97.9
30019,28651,Dairy,80,113265,0,682465,569200,750.2,1310.2,78.2,22.6,163.3
30020,28393,Forest,112,52370,52370,423804,371434,-1311.6,224.3,337.5,22.7,45.5
30021,27919,Dairy,32,68114,10909,347095,278981,346.4,1242.5,127.6,28,133.7
30022,27256,Forest,208,92791,12117,716134,623343,-1788.9,720.3,1090.7,50.9,207.7
30023,28438,Dairy,48,37253,0,389688,352435,437.9,1788,57.9,31.6,196.4
30024,26888,Dairy,112,154017,0,1008798,854781,1087.8,3960.5,362,81.5,204.8
30025,27311,Dairy,96,49937,0,437175,387238,598.8,2369.4,827.8,63.9,416
30026,28181,Forest,80,68505,9331,392280,323775,-730.9,351.5,212.1,17.4,59.7
30027,27124,SNB,96,11391,0,204793,193402,-236.1,354.9,176.5,14.8,59.7
30028,27852,Dairy,144,128216,128216,1296035,1167819,1352.4,2163.7,15.1,18,102.7
30029,28353,SNB,96,9250,0,97989,88739,256.8,1039.4,1595.7,48.4,388.1
30030,27411,Dairy,112,144320,0,754261,609941,887.6,2341.8,46.9,31.2,193.5
30031,27454,SNB,80,17074,1288,132016,114942,-39.5,725.9,863,32.3,211.2
30032,27068,Forest,96,59535,15119,393453,333918,-1170.8,190.8,286.1,19.3,39.6
30033,28487,Dairy,80,95416,0,725861,630445,759.1,2651.8,33.5,29.8,123.1
30034,28258,Forest,64,50243,2441,344535,294292,-404.1,697.2,211.3,22.7,91.2
30035,28389,Dairy,48,75698,0,451926,376228,423.4,1299.6,46.4,16.7,65.9
30036,27315,Dairy,64,109113,24956,571706,462593,672.9,2393,253,55.6,291
30037,27233,Dairy,272,363724,0,1850021,1486297,2491.2,10335.5,1056.6,224.5,1191.2
30038,27239,Dairy,64,82834,0,567274,484440,577.8,2015,58.8,37.9,193.9
30039,27192,SNB,32,9805,1295,79245,69440,113.4,344.4,442.9,16,133.1
30040,28705,Forest,32,18395,0,132315,113920,-415.2,64.8,98.1,6.5,13.1
30041,27954,Dairy,112,151124,0,1095164,944040,1181.2,4254.8,446.9,96,523.1
30042,27294,Dairy,32,62157,0,322158,260001,329,1210.8,38.6,21.9,127.2
30043,28352,Dairy,64,120742,2026,717744,597002,687.7,2403.5,257,53.3,276.9
30044,27977,Dairy,80,71670,0,503804,432134,394.5,2355.2,300.8,54.7,155.5
30045,27528,SNB,112,12066,0,115933,103867,299.8,1203.1,1888.2,56.8,445.5
30046,26941,Dairy,256,231406,0,1402402,1170996,1396.4,7106.3,909.2,110.9,492.1
30047,27306,Crop,160,323255,117805,956826,633571,473.1,3606.4,252.2,78,163.6
30048,27430,Dairy,128,191911,191911,1252968,1061057,1319.4,4783.6,507.1,108.3,587.9
30049,28348,Dairy,80,110589,0,666770,556181,767.1,2931.2,149.5,44.1,94.2
30050,27660,SNB,48,7343,7330,79946,72603,139.3,549,236.4,19.2,165.5
30051,28272,Forest,64,56067,16875,304886,248819,-916.3,129.4,185.4,13,25
30052,27130,Dairy,96,175368,0,1008660,833292,960.8,3558.3,146.4,63.4,361.6
30053,27672,Dairy,128,161142,160728,1047103,885961,789.8,1900.1,82.2,29.4,210.7
30054,27908,Dairy,112,147814,0,1026673,878859,355.2,3064.3,188.5,60.8,336
30055,27782,SNB,48,15043,0,103253,88210,-169.4,374.9,202.9,17.1,110.4
30056,27599,Dairy,80,76689,0,655404,578715,741.6,2794.1,196.9,49.2,233.5
30057,28616,Dairy,64,90564,7298,528723,438159,283.2,1870.1,243.2,42.9,218.9
30058,28095,Dairy,80,80313,80205,621137,540824,636,949.9,145.3,21.8,146.2
30059,27231,Dairy,240,337249,337249,1659047,1321798,2164.2,8967.1,285.7,161.4,497.9
30060,27099,Dairy,144,163316,163136,985647,822331,1199.4,2353.3,68.6,30.9,99.4
30061,27366,Dairy,48,79229,2593,465281,386052,533.3,1697.8,192.4,40.1,211.9
30062,28049,Forest,48,68728,0,209386,140658,54.3,920.6,39.4,16.6,7.8
30063,28688,Forest,32,24719,0,364345,339626,349.4,1209.9,128.2,28.3,141.4
30064,28333,Forest,144,102024,102024,633958,531934,-1934.6,287.1,431.9,28.8,56.2
30065,28219,SNB,352,124698,448,647820,523122,1289.1,4871,4727.7,167.2,1260.9
30066,28615,SNB,64,11919,0,105389,93470,-79.6,384.4,481.1,19.5,118.5
30067,27925,Dairy,112,155542,0,784260,628718,1008,4116.6,449.3,96,507
30068,28521,Dairy,128,149497,0,1205272,1055775,1379.8,4930.9,512.3,109.7,581.5
30069,27777,Dairy,80,75403,0,751757,676354,826.6,1311.2,79.4,23.3,159
30070,27579,Dairy,64,98454,3859,455069,356615,641.4,2522.3,253.1,54.3,310
30071,27511,Forest,96,68454,0,728818,660364,-148,1924,336.8,51,234.4
30072,27617,Crop,128,161252,0,451502,290250,115.2,2166.6,41.7,28.2,9.6
30073,28249,Dairy,64,65898,65812,570789,504891,629.9,2388.3,77,41.9,194.2
30074,27299,Forest,112,76039,10141,437576,361537,-1369.1,347.9,386.4,23.7,68
30075,27535,Dairy,112,119674,0,970402,850728,315,1506.1,126.2,21.6,67.2
30076,28177,SNB,64,5199,0,96908,91709,189.1,470.9,543,23,157.5
30077,26918,Forest,112,54272,0,462372,408100,-1562,221.8,332.9,22.2,43.2
30078,26991,Dairy,80,123982,0,711610,587628,755.4,1298.7,78.9,23.3,81.8
30079,28607,Forest,80,51753,8087,343551,291798,-1044.2,160.2,233,15.8,31.4
30080,27821,Dairy,144,193535,193296,1027449,833914,1307.2,3727.7,190.4,66.2,210
30081,26886,Dairy,96,111793,0,757197,645404,1002.5,3585.6,385,81,414.9
30082,27305,SNB,48,9022,0,68902,59880,136.5,498.5,459.2,17.8,120.3
30083,27765,Forest,320,169178,169178,1226206,1057028,-3673.2,640.1,952.6,64.3,128.1
30084,27731,Forest,112,68651,68651,562100,493449,-412.7,1992.1,386.8,53.3,250
30085,28639,SNB,48,8846,0,101728,92882,167.8,538.3,629.5,25.3,184.4
30086,28631,Forest,64,57288,0,342672,285384,-510.4,715.3,209.9,23,91.8
30087,27282,Forest,80,52458,52458,362421,309963,-1201.2,159.9,238.9,15.8,33.1
30088,27930,Forest,32,16972,0,128656,111684,-408.9,64.2,92.1,6.3,12.3
30089,27369,Dairy,160,176431,0,1351823,1175392,1559.9,5815,630.9,136.3,363.2
30090,28191,Dairy,96,120146,0,909066,788920,957.6,2466.2,125.2,38.9,225.7
30091,26915,Dairy,128,158804,0,1257727,1098923,1289.9,4825.6,153,88.8,515.7
30092,28422,Forest,64,68139,0,593933,525794,525.6,1921.2,70.8,26.2,47.6
30093,27590,Dairy,80,130361,130336,648220,517859,722.7,3098.4,96.8,56,328
30094,27120,Dairy,160,208350,6259,1034294,825944,1367.5,5863.5,392,102.7,473.1
30095,27319,Dairy,112,168002,26275,1025707,857705,420,2833.7,212.4,44.2,87.4
30096,26880,SNB,624,14135,13917,633670,619535,1492,3216,821.3,126,935.4
30097,27996,Dairy,112,128699,0,1043306,914607,1204.1,4215.4,411.7,88.8,453.7
30098,27735,Dairy,128,106411,0,1054821,948410,1251,4769.3,517,111.5,580.5
30099,27111,Dairy,80,80638,0,717676,637038,759.4,1672.3,82.3,27.9,194.3
30100,28561,Dairy,48,57273,57273,379968,322695,464.7,830,47.7,13.9,95
30101,28398,Dairy,32,70383,3340,364659,294276,339.9,1313.3,127.6,27.7,139.1
30102,28223,Forest,64,41179,0,289762,248583,-925.9,128.1,198,12.9,25
30103,28609,Forest,64,45913,0,354734,308821,-420.7,618.7,204.2,23.3,91.5
30104,27002,Crop,32,44642,44534,134068,89426,32.8,267,2.8,3.7,1.1
30105,27253,SNB,128,-8400,0,122157,130557,280.4,619.3,145.8,16.8,103.3
30106,27571,Forest,384,376349,376332,2143468,1767119,-1465.9,5975.3,975.4,146.9,696.3
30107,27532,Dairy,80,82047,0,575687,493640,789.1,1257.5,79.1,24.4,168.6
30108,27272,Forest,208,177808,0,1186132,1008324,-1988,2002.4,539.6,54.4,150.2
30109,28709,Forest,32,24215,0,231217,207002,259.3,501.6,17.4,6.8,37.9
30110,28685,Forest,32,18571,0,142837,124266,-449.7,64.4,95.4,6.3,12.3
30111,27160,Forest,48,23685,1440,180930,157245,-567.7,94.9,144.1,9.6,19.5
30112,28371,Dairy,64,68600,0,378953,310353,164.8,1641.2,68.8,21.2,74.5
30113,26937,Forest,48,29111,511,215541,186430,-697.5,97.8,145.6,9.6,19.7
30114,28218,Dairy,64,90052,0,605571,515519,643.3,1092.3,63.4,18.8,130.3
30115,27506,Forest,288,169711,40579,1126560,956849,-3307.2,575.3,875.9,57.9,115.1
30116,27591,Dairy,192,262213,19966,1654043,1391830,1853.8,3911.6,288.2,75.6,453.4
30117,27159,Dairy,64,87854,0,631198,543344,640.1,2207.5,89.7,30.1,53.8
30118,27975,Dairy,80,110857,0,566920,456063,764.4,2979.1,322.6,63.5,357.8
30119,28155,Dairy,64,74649,0,597429,522780,665.1,2431.9,77.7,42.9,258
30120,27353,Dairy,32,58000,3585,329049,271049,343,1234.4,38.2,21.8,65.6
30121,27981,SNB,32,-4684,0,81863,86547,97.3,128,36.8,4.4,24.6
30122,28397,Forest,80,51692,14330,323400,271708,-977.4,161.3,237.3,15.9,32.2
30123,27964,Forest,48,27005,10684,217881,190876,-696.7,96,146.6,9.7,19.6
30124,27552,Dairy,64,105100,105100,587751,482651,610.1,2083.7,129.7,34.3,108.1
30125,28578,Dairy,64,93936,0,531766,437830,600.9,2497.9,256.6,51.8,307.6
30126,27064,SNB,208,34175,0,278277,244102,620.6,2211.1,3241.6,102.6,819
30127,28591,SNB,32,1486,0,39589,38103,91.2,286,101.3,9.8,78.9
30128,27746,Forest,64,70056,31866,294821,224765,-901.8,125.6,189.3,12.7,25.5
30129,26865,SNB,128,219437,2316,1220624,1001187,1312,4893.3,152.2,85.4,255.7
30130,28497,Dairy,80,110157,3131,553308,443151,714,2967.1,324.9,67.6,378
30131,28471,Dairy,48,83735,0,492906,409171,505.6,1175.9,93.4,22.2,137.6
30132,27217,Dairy,96,101152,101130,836373,735221,880.2,3668.5,159.2,66.9,250.9
30133,28303,Dairy,192,199797,0,1238324,1038527,1606.5,2912.7,78.4,33.2,170.2
30134,27956,Dairy,32,31275,0,288582,257307,354.1,510.1,31.7,8.9,51.5
30135,28145,Dairy,112,120577,0,875511,754934,46.9,2466.9,317.2,53.5,220.4
30136,28131,Dairy,80,88192,0,504945,416753,119.8,1611.7,141.6,31.7,107.9
30137,28562,Crop,96,150290,150290,439652,289362,-141.7,1340.1,104.3,29.4,19.2
30138,27438,Dairy,48,59857,0,401797,341940,395.2,1701.6,68.3,22.9,88.2
30139,27170,Forest,96,150875,0,1021601,870726,984.6,1787.9,51.3,19.6,91.9
30140,26924,Forest,112,96489,96489,498801,402312,-1479.7,223.6,337.3,22.4,43.5
30141,27423,Dairy,96,98999,98999,821403,722404,688.1,3046.5,364.8,71.8,367.4
30142,28411,Dairy,48,89969,6488,496199,406230,476.6,1945.5,195.8,42.5,219.2
30143,27902,SNB,48,12453,12453,92521,80068,171.5,560.2,660.6,24.3,190.5
30144,27875,Dairy,176,230322,0,1453242,1222920,1606.1,3606.7,205.6,62.1,407.6
30145,27657,SNB,64,9530,0,122438,112908,203.9,601.6,761.2,29.4,216.2
30146,27032,Forest,64,25720,0,214859,189139,-568.7,256.6,395.7,18.1,72.5
30147,27171,Dairy,112,185857,0,1122329,936472,1156.5,4252.3,447.7,92.1,501.9
30148,28030,Forest,96,74515,0,477602,403087,-1004.8,845.1,257.1,27.3,102.1
30149,28642,Forest,64,46750,0,351340,304590,-518.5,706.7,205.5,22.4,87
30150,28237,Dairy,64,54030,54030,480916,426886,305.9,1821.3,236.9,42.9,229.7
30151,27140,Dairy,32,46228,0,268872,222644,304.5,1210,41.5,17.5,90
30152,28722,Dairy,32,35076,0,203353,168277,259.7,551.9,9.6,7.6,58
30153,27557,Dairy,112,91350,0,811721,720371,257.6,2746.1,163,38.9,149.2
30154,28414,Dairy,32,30565,0,245995,215430,304.4,793.4,70.5,17.6,88.8
30155,27238,SNB,80,24314,24314,242032,217718,311,890.8,1045.6,40.2,317.3
30156,28080,Forest,112,53411,34153,436564,383153,-1291.9,224,327.8,22,45
30157,28697,Dairy,32,17074,17074,272040,254966,309.7,1064.1,44.4,14.5,26
30158,28686,SNB,48,5482,0,58550,53068,129,301.1,132.3,8.4,49.2
30159,28325,Dairy,80,95034,0,675912,580878,705.2,1266.7,23.6,18,70.3
30160,27796,Dairy,96,145692,16210,869611,723919,1018,3612.5,379.1,81.8,447.7
30161,27301,Dairy,64,73964,0,594216,520252,645.7,2122.2,87.2,29.6,57.9
30162,28689,Dairy,48,35742,0,306995,271253,428.9,1753.2,190.3,39.8,142.6
30163,27488,Dairy,112,173031,172966,1113039,940008,1116.9,4146.2,316.2,73.4,332.7
30164,27622,SNB,240,25425,0,694319,668894,862.8,2714.8,910.2,96.7,882
30165,28481,Dairy,96,115057,115025,802078,687021,941.3,3597.4,339.4,74.3,376.1
30166,28602,Dairy,32,29805,29672,172266,142461,-25.7,308.4,51.4,7.1,21.4
30167,27350,Dairy,48,44312,0,415220,370908,431.6,694.2,5,6,16.8
30168,27379,Dairy,80,97802,0,534995,437193,683.2,2684.2,110.6,37.3,140.9
30169,27018,SNB,96,6686,0,95688,89002,231.4,477.1,406.8,24.3,151.8
30170,26895,Dairy,64,39942,0,518058,478116,575.4,935.8,22.4,10.5,52.6
30171,28168,Forest,96,82958,82958,653756,570798,-157.2,1785.9,205.9,32.5,105.5
30172,27024,Dairy,80,79402,0,687044,607642,723.8,3017,93.8,56.6,315.4
30173,28407,Dairy,48,73900,0,458956,385056,515.6,1736.1,189.8,39.6,216.6
30174,27783,Dairy,160,216306,216140,1188832,972526,1418.7,5753.7,255,98.7,287.6
30175,28427,Dairy,96,101318,0,549744,448426,79.4,2444.6,159.8,43.1,235.6
30176,27784,Dairy,64,53291,0,501298,448007,252.9,771.1,66,10.6,44.8
30177,27507,Dairy,192,197378,0,1219221,1021843,939.6,2561.1,164,38.5,207.6
30178,28152,Crop,80,99308,0,413749,314441,223.2,1177.5,68.8,21.5,75.7
30179,28150,Forest,80,46105,0,347796,301691,-1071.9,160.2,242.9,15.8,31.7
30180,27775,Dairy,208,190944,190646,1391796,1200852,443.2,3623.3,437.3,72.9,291.7
30181,27220,Dairy,96,84186,0,674088,589902,750.6,1439,26,13.7,78
30182,28522,Dairy,48,86615,6920,435827,349212,426.8,1559.2,67.3,22.7,78
30183,27104,Forest,96,24786,0,240845,216059,-527,307.7,166.8,14.9,49.4
30184,27667,Forest,64,34956,8758,239376,204420,-704.5,127.8,196,12.7,25.5
30185,27934,Dairy,64,62415,0,405796,343381,557.1,1959.6,27,24.1,105.5
30186,27575,Dairy,304,385100,0,2752245,2367145,2980.8,10488.2,389.2,151.2,580.4
30187,28490,Dairy,80,93480,93480,461295,367815,620.3,3061.1,94.1,54.4,249.3
30188,26869,SNB,240,40322,0,396516,356194,760.1,2422.1,2308.1,101.8,858.8
30189,27091,Dairy,64,95017,0,671558,576541,685.8,2551.4,121.4,44.6,263.6
30190,27838,Dairy,32,39409,0,274567,235158,318.6,525.3,32.6,9.2,66.4
30191,27649,Dairy,128,151021,0,1112980,961959,1251.6,4876.7,153.3,88.3,495.2
30192,26963,Dairy,336,411700,0,2499401,2087701,3118.7,11843.5,828.3,209.7,487.6
30193,27328,Forest,48,50339,50339,299182,248843,-304.9,346.8,112.7,11,45.5
30194,28146,Forest,48,23785,0,211795,188010,-712.5,95.5,147.1,9.7,19.9
30195,27545,SNB,160,61141,19891,418281,357140,-212.5,1319.4,1674.6,65.2,455.7
30196,28270,Dairy,128,173382,0,1180753,1007371,1290.4,4720.2,200.9,90.7,520.4
30197,27381,Dairy,160,223675,0,1442293,1218618,1227.9,5052,210.8,92.2,533.5
30198,27941,Crop,64,76420,0,600231,523811,682.8,1130.6,63.2,18.5,64.4
30199,27364,Forest,64,24869,2905,179946,155077,-227.9,386.1,399.2,19.2,103.1
30200,27437,Forest,64,46228,6043,282311,236083,-860.7,127.9,191.4,12.9,26
30201,27038,SNB,176,38668,0,246353,207685,239.7,1768.9,2762.6,82.6,651.7
30202,28451,Forest,128,73744,73744,562315,488571,-1802.9,255.6,384.6,25.7,50.6
30203,27380,SNB,112,11724,0,112693,100969,280.1,1206.3,1673.4,53.6,421.5
30204,27854,Dairy,112,184555,0,1183325,998770,1168.9,3414.9,332.2,72.7,397.2
30205,26973,Forest,32,17032,0,142531,125499,-414.7,63.4,98.2,6.3,12.6
30206,27026,Forest,800,448848,448848,3166450,2717602,-9388.5,1600.8,2398.9,159.3,319.4
30207,27795,Dairy,64,90307,0,612885,522578,635.9,2218.9,89.7,28.4,114.9
30208,28624,Dairy,112,141099,0,1065805,924706,1078.9,1881.5,33.2,26.4,200.1
30209,28141,Dairy,48,68057,0,463280,395223,448.3,1768.8,20.3,18.1,76.3
30210,27984,Dairy,256,360355,0,2058339,1697984,2429.3,6988.3,598.4,142,789.3
30211,28310,Dairy,32,36333,0,342968,306635,349.7,1321.7,127.4,27.1,136.8
30212,27625,SNB,96,17558,17558,176425,158867,304.2,476.2,335,23.9,151.9
30213,27833,Dairy,208,233074,0,1299673,1066599,1735.6,7000,331,102.4,361.2
30214,28109,Dairy,96,150722,0,800637,649915,904.2,3561.8,203.2,68.5,392
30215,26897,Dairy,112,153111,0,1053033,899922,1161.1,4093.9,388.3,86,473.2
30216,27094,Dairy,80,97376,97215,585754,488378,729.3,1555,63.2,23.7,91.5
30217,27470,Dairy,112,88404,0,765115,676711,964.7,3910.5,190.1,60.5,207.5
30218,27204,Dairy,224,206664,0,1322168,1115504,673.4,3751.1,213.7,58,348.5
30219,27868,Crop,48,53072,0,185627,132555,48,422.1,4.3,5.9,1.7
30220,27084,Dairy,128,143559,0,1174801,1031242,1240.7,2134.6,128.6,34.7,206.8
30221,27700,Dairy,160,217536,0,1717802,1500266,1544.9,2738.3,77.5,32.5,178.8
30222,27198,Forest,96,78007,0,567977,489970,-540.4,1191.5,321,40.6,164.2
30223,27883,SNB,80,14648,1205,139121,124473,-42,687,1175.1,36,256.8
30224,28312,Dairy,64,97051,97051,656271,559220,654.3,2072.8,208.3,46.1,245.9
30225,28369,Forest,80,137360,11756,784906,647546,843.6,3169,317,66.7,362.9
30226,28309,Forest,32,51501,2382,287075,235574,300.8,1137.2,38.5,22.7,124.6
30227,27037,Dairy,176,193910,0,1591725,1397815,1649.5,6799.8,211.9,122.8,695.6
30228,28275,Dairy,96,111822,0,889589,777767,950.7,3107.4,133.7,44.4,86.6
30229,28017,Dairy,160,223094,0,1225042,1001948,1461.5,5890.9,458.2,127.3,684.4
30230,27208,Dairy,240,423926,0,2680564,2256638,2628,9132.5,960.3,205.5,1106.8
30231,27628,Dairy,160,151643,0,1030643,879000,15.5,3341.4,324.8,57.3,139.6
30232,27152,Forest,64,37259,0,436319,399060,-128,533.7,106.9,11.3,38.3
30233,27991,Dairy,176,210628,210359,1299676,1089048,1524,5021,78.7,59.7,232.8
30234,27398,Dairy,112,160532,0,731461,570929,915.8,3953.7,384.2,85.3,437.3
30235,27303,Dairy,192,176410,0,1525054,1348644,1421.4,2294.6,230.1,39.2,268.2
30236,28368,Dairy,80,61183,0,767334,706151,817.2,2625.1,255.1,58.9,162.4
30237,26910,SNB,496,74933,0,513850,438917,1379.8,5513.1,8020.8,244.8,1918.5
30238,27150,Forest,384,198465,43632,1495547,1297082,-4349.3,767.6,1153.9,76.6,154.6
30239,27656,Dairy,112,114329,0,1106632,992303,1156.6,1703.4,49.6,20.5,91.8
30240,28711,Crop,32,51368,0,245564,194196,208.7,919.4,68.4,17.8,85.7
30241,27223,SNB,80,3590,3429,187652,184062,251.8,400.8,266,20.3,124.3
30242,27553,Forest,128,-13246,0,336789,350035,394,549.8,144.9,17.8,92.5
30243,27386,Dairy,208,332281,0,2024499,1692218,2244.1,7990.9,837.4,174.7,926.4
30244,26913,Forest,64,36661,484,287947,251286,-931.1,127.7,192.3,12.7,26.2
30245,27523,Dairy,176,184583,0,977502,792919,-210.3,3739,628.3,94.4,452.6
30246,27787,SNB,48,5588,0,82923,77335,142.9,478,238.4,12.2,88.3
30247,27264,Forest,736,387491,43528,2824305,2436814,-8183.3,1468.5,2199.9,147.4,296.8
30248,28381,Dairy,80,101112,0,536784,435672,660,2724.9,258.1,55.1,297.8
30249,28367,Forest,64,4701,0,140983,136282,194.4,467.5,175.3,12.6,80
30250,28545,Forest,112,79733,15959,500184,420451,-1613.5,223.9,334.7,22.5,45.1
30251,27759,Dairy,80,122411,8590,679985,557574,460.4,2374.2,300.3,57.9,144.5
30252,27265,Dairy,128,235388,0,1344491,1109103,1374.1,2875.1,221.1,56.7,338.2
30253,27110,Crop,112,198976,8601,516418,317442,127.1,2171.7,113,43.8,22.2
30254,28504,Dairy,48,47246,47246,402347,355101,525.6,1791.7,193.9,40.1,228.6
30255,27614,Dairy,80,117532,0,867884,750352,834.9,3113.3,314.3,64.2,358.2
30256,27036,SNB,112,5506,0,144119,138613,293.1,956.1,489.1,27.3,168
30257,27086,Forest,240,106969,0,926859,819890,-2766.2,480.5,713.8,47.5,97.7
30258,27774,Forest,80,56681,9960,358884,302203,-1176.2,160.2,236.2,16.2,32.6
30259,28567,Dairy,112,125476,125347,847222,721746,990.8,2017.4,111.7,32.3,184.1
30260,28507,SNB,48,5144,5079,74876,69732,131.4,215.4,101.5,8.4,49.4
30261,27285,Forest,80,93071,93017,429502,336431,-526.1,398.4,209.5,17.4,55.3
30262,27831,Dairy,64,77261,0,545671,468410,631.1,2492.8,253.3,53.8,149.5
30263,27341,Forest,48,43280,12289,225053,181773,-694.9,96.6,142.8,9.4,20.5
30264,27678,Crop,448,590029,590029,1829458,1239429,494.5,8346.9,228.1,123.8,49.1
30265,28599,Forest,80,56971,0,351100,294129,-1123.7,159.9,242.3,16.1,31.7
30266,27500,Dairy,96,90732,0,770904,680172,906.8,1595.3,28.5,21.6,85.1
30267,28693,Forest,80,49521,0,359418,309897,-1123.8,161,239.7,15.8,32.5
30268,27555,Forest,48,41414,41414,259381,217967,-236.2,657.6,164.1,19.2,50.7
30269,27960,SNB,208,24051,24017,268464,244413,547.1,1506.7,1324.7,65.5,504.6
30270,27389,Forest,96,50685,15526,321925,271240,-665.6,489.6,631.4,29.3,163.4
30271,27680,Dairy,64,85147,85018,471758,386611,559.4,2254,78.7,40.9,109.5
30272,27261,Crop,112,192545,28237,512074,319529,125.4,2226.9,112.6,44.4,22.7
30273,28194,Forest,64,39793,0,282563,242770,-1040.1,126.9,191.6,12.7,24.7
30274,28560,Dairy,80,125940,0,714152,588212,765,3281,319.5,69.1,337.7
30275,28723,Dairy,64,75772,0,441282,365510,583.6,2414.4,78,43.3,276.7
30276,26909,Forest,240,141547,141547,963488,821941,-2811.4,481.6,723.9,48,95.6
30277,27252,Dairy,32,54588,110,287814,233226,323.8,1164.3,127,26.3,141
30278,28597,Dairy,128,103899,103630,874827,770928,447,2118.5,138.4,36,223.2
30279,27832,SNB,48,6962,6962,50645,43683,138.7,496.2,858.3,24.7,193.6
30280,27684,SNB,128,11557,11557,129787,118230,352.6,1453.7,2158,65.5,505.1
30281,28100,SNB,80,72271,72271,394046,321775,492.9,1706.6,726.5,50,299.8
30282,27631,Dairy,48,50254,50179,469913,419659,490.9,1667.7,107.5,28,97.5
30283,27928,Forest,80,48537,2848,350575,302038,-1077.1,160.6,235.6,15.8,32.1
30284,27812,Forest,112,92597,22982,511453,418856,-1555.2,223.8,334.8,22.3,44.7
30285,27835,Dairy,128,191374,0,937417,746043,836.4,3604.4,160,55.4,153.8
30286,27391,Dairy,80,102030,0,660739,558709,467,2300.2,304.8,56.6,287.4
30287,27983,Dairy,112,147602,0,1056333,908731,1111.2,4290.4,133.4,75.2,449.1
30288,27597,SNB,208,70668,0,508448,437780,-701,792.6,735.6,48.7,233.9
30289,27033,Dairy,112,104164,0,711292,607128,953.5,1598.9,39.1,17.6,89.7
30290,28648,Dairy,64,70560,70399,529447,458887,255.2,892.7,97.7,17.2,96.7
30291,27222,SNB,48,12728,12728,89045,76317,155.4,539.7,670.9,23.5,190.7
30292,28678,Dairy,32,28028,28028,270756,242728,296.1,1281.7,37.9,22,129.2
30293,27950,Dairy,64,65685,65653,453850,388165,625.7,1961.3,200.1,41.6,118.1
30294,28241,SNB,64,25613,16766,185349,159736,-348.5,406.8,146.8,13.4,65.2
30295,28672,Forest,80,88277,88277,382655,294378,-924.8,475.9,207,19.2,28.7
30296,28528,Dairy,80,65991,0,589805,523814,753,1997.5,153.5,37.3,207
30297,28675,Forest,32,31926,0,297091,265165,304.1,1190.9,38.3,22.3,123.5
30298,28047,Forest,128,62456,0,494466,432010,-1525.6,255.9,379.4,25.5,51.5
30299,28468,Dairy,96,77671,0,598861,521190,-672.5,1346.1,316.9,39.9,174.3
30300,27675,Dairy,80,135915,0,829635,693720,815,2806.1,112.8,38.2,95.5
30301,27043,Dairy,256,262086,0,1573376,1311290,2007.2,8618,139.2,99.6,423.7
30302,28205,SNB,144,13258,0,248843,235585,440,1405.5,735.9,39.1,257
30303,26958,Dairy,512,532567,0,4301040,3768473,4063.5,18247.6,770.8,321.1,1796.5
30304,28173,Dairy,80,89159,0,526459,437300,-25.6,1844.5,171.6,32.8,133.3
30305,28405,Forest,80,50057,10227,318377,268320,-940.7,160.5,243,16,32.6
30306,28503,Dairy,80,82143,82143,680159,598016,760.4,2636.5,110.9,35.8,148.3
30307,27998,Forest,96,70254,70254,516845,446591,-1035.3,408.6,257,21,46.3
30308,28548,Forest,96,71918,17493,410669,338751,-1207.3,192.9,287.2,19.3,38.9
30309,28517,Dairy,80,62954,0,767796,704842,793.2,2772.8,111.1,37.8,115.1
30310,26964,SNB,128,12307,12078,184179,171872,375.4,1262.3,678.5,35.1,231.5
30311,28324,Dairy,48,44191,0,432874,388683,435.8,727.2,5,6.4,34.8
30312,27824,Dairy,64,86819,3911,401667,314848,532.9,2488.8,254.7,54.3,274.1
30313,27715,SNB,64,11793,0,117658,105865,200.5,727.6,264.8,24.7,229.6
30314,27248,Dairy,64,79403,0,524262,444859,222,863.1,99.2,16.9,106.8
30315,28714,Forest,32,32535,15508,146617,114082,-453.4,63.6,89.7,6.3,13.1
30316,28193,Dairy,64,57072,3607,300196,243124,358.8,1490.2,120.4,25.1,171
30317,27504,Dairy,64,69525,69471,481390,411865,259.1,745.9,73.6,12.6,66.6
30318,28088,Dairy,144,225971,225001,1490539,1264568,1421.3,2893.5,177.1,45.3,254.5
30319,27362,Dairy,96,98042,0,602580,504538,530.1,2780.1,82.9,32.9,136.6
30320,28035,Dairy,256,270169,0,1727309,1457140,2131.3,9393.2,258.7,154.1,868.5
30321,26961,Dairy,288,384113,0,2121184,1737071,2830.3,10676.8,938.4,214.3,1079.3
30322,28075,Dairy,64,95402,95402,698886,603484,717.2,2457.2,255.6,53.8,278.1
30323,27713,SNB,160,11250,0,156820,145570,369,1629.3,280.2,34.9,256.8
30324,27780,Forest,272,162156,34066,1095637,933481,-3284.8,544.7,815.4,54.6,108.6
30325,28127,Dairy,128,116969,0,1089447,972478,1249.7,2207.1,126.8,36.5,262.1
30326,27218,Dairy,128,118807,118221,830819,712012,764.6,1825.1,137.9,31.4,99.3
30327,27894,Dairy,64,82305,82305,479924,397619,596.2,1985.3,89.9,28.5,121.9
30328,27005,Dairy,160,223165,0,1702741,1479576,1623.1,3449.9,245,63.4,397.6
30329,28516,Dairy,112,121452,0,737663,616211,1016.8,3879.1,199.7,56.5,234.6
30330,27671,Dairy,304,364517,0,2008690,1644173,2668.4,11462.4,722.4,229,935.5
30331,28006,Forest,96,64960,0,443674,378714,-1328.5,190.2,289.8,19.3,39.3
30332,28076,SNB,240,53313,0,551640,498327,-809.2,1602.9,2573.4,85.3,555.9
30333,27900,SNB,80,15961,0,151107,135146,253.2,827.6,316.3,29.4,249.4
30334,27448,Dairy,64,35727,35727,305415,269688,398.6,769,26.2,8.6,27.6
30335,27196,Dairy,224,231625,0,2029136,1797511,2039.7,3517.3,54.5,35,110.8
30336,27050,SNB,208,33194,0,368016,334822,674.8,2228.8,2168.9,85.1,653.9
30337,27181,Forest,80,66804,5562,442238,375434,-287.3,1270.1,270.3,36.6,154.2
30338,27251,Forest,448,227086,227086,1770623,1543537,-5138.1,897.3,1336.8,90,180.5
30339,27388,Dairy,128,180167,179909,1197872,1017705,1231,4355.1,180,58.2,235.9
30340,26996,Forest,32,29683,9996,150635,120952,-461.9,64.4,94.6,6.6,12.9
30341,26899,SNB,32,5240,0,41604,36364,81.6,350.9,97,9.7,88.6
30342,28665,SNB,64,27794,27794,167006,139212,-362,203.4,229.7,14.1,63.6
30343,27918,Dairy,256,287088,0,1851881,1564793,2340.4,8983.8,338.3,123.2,534.9
30344,26914,Forest,64,52559,14734,286624,234065,-827.5,128.1,190.4,13.1,24.7
30345,27436,Forest,304,126552,0,1020780,894228,-2526.6,1427.4,2135.1,90.8,470.1
30346,28144,Forest,32,20005,0,147820,127815,-457.3,63.9,96.5,6.4,13.3
30347,27097,Dairy,176,190197,0,1342848,1152651,311.6,4317.5,633.6,108,286.4
30348,27724,Forest,96,74373,0,804478,730105,902.1,3347.3,72.6,39.2,159.4
30349,28041,Forest,48,39334,1269,225365,186031,-709.8,95.6,141.4,9.6,19.9
30350,27039,Dairy,144,180357,0,1333281,1152924,1432.4,5556.4,173.8,99.9,577.7
30351,27286,Dairy,192,205110,0,1398292,1193182,1764.4,7540.4,407.9,137.7,507.3
30352,27573,Dairy,176,308999,308999,2010416,1701417,1940.8,6565.5,707,150,799.4
30353,27520,Forest,160,143901,143901,909347,765446,-1391,1482.6,512,53.1,192
30354,27344,Dairy,144,141767,141659,1271540,1129773,1407.4,4495.3,431.6,96.9,535.3
30355,27175,Dairy,64,99751,99697,604793,505042,617.8,2039,208.2,46.4,243.3
30356,27970,Dairy,128,230652,38915,1155181,924529,1291.5,4785.2,508.8,107.3,291.1
30357,28579,Dairy,80,118936,0,805207,686271,848.7,3037.3,321.2,68,369.9
30358,28231,Dairy,80,77805,0,588529,510724,18.8,1701.3,116.4,25.1,92.3
30359,27974,Dairy,80,104141,0,791873,687732,773.1,1345.9,79.7,22.4,157.6
30360,27612,Dairy,112,128545,128384,996531,867986,341.3,2214.4,174.3,33.6,72.6
30361,28513,Forest,80,62064,62064,474383,412319,-737.8,643.8,264,26.9,96.6
30362,27815,Forest,160,73088,0,573105,500017,-1317.5,791.5,1056,46.6,239.1
30363,28027,SNB,80,9180,9158,222997,213817,264.3,831,108.2,17.8,120.6
30364,27034,Dairy,32,47129,46909,199765,152636,236.7,550.6,9.5,7.2,28.2
30365,27041,Dairy,144,112021,0,1131821,1019800,718,3830.9,143.8,49.2,101.3
30366,26962,SNB,80,31587,2660,211075,179488,-264.4,514.9,671.8,24.9,156.1
30367,28337,Forest,64,62498,17128,300443,237945,-898.9,128,199.2,12.7,25.9
30368,27360,Crop,96,111662,0,402425,290763,-151.4,1472.7,75.5,22.5,13.4
30369,27706,Crop,112,132271,132110,602736,470465,416.6,1839.6,136.8,38,152
30370,27440,SNB,96,-626,0,87621,88247,194.2,415,41.8,10.5,61.2
30371,28038,Dairy,64,76772,76772,446523,369751,612.9,2413.6,259.2,54.4,288.6
30372,27856,SNB,128,13105,0,168774,155669,342.5,1028.9,563.5,40.6,333.1
30373,27456,Forest,80,56369,56369,349621,293252,-1081.8,160.2,240.9,16.2,31.7
30374,27307,Forest,128,98577,23271,568079,469502,-1703.2,254.3,384.1,25.6,52.1
30375,28484,Dairy,96,104532,0,814937,710405,814.5,1400.6,9.9,12,43.6
30376,28680,Dairy,64,112078,112078,602945,490867,623,2066,88.5,29.8,58.9
30377,28233,Dairy,80,84197,0,676336,592139,733.6,1271.6,79.4,23.2,160.7
30378,27632,Dairy,112,104405,0,967174,862769,1099.1,1843.2,112.9,32.7,226.9
30379,27435,Dairy,64,71834,71769,642622,570788,655.9,2384,174.6,42.2,170.3
30380,27515,Dairy,176,161320,0,1168267,1006947,534.5,4545.2,323.9,69.2,177.6
30381,27818,Forest,96,56414,11564,385672,329258,-1131.1,193,287.8,19.2,38.9
30382,28455,Dairy,96,124624,124598,843928,719304,887.4,3684.3,116.4,66.3,391.1
30383,27604,Dairy,128,201829,201829,1242712,1040883,1378.2,4879.1,513.5,112.9,577.3
30384,27115,Dairy,240,415357,88493,2167423,1752066,2430,9014.6,957.8,204.5,1083.1
30385,28236,Dairy,80,95029,0,613819,518790,745.6,2924.5,227.3,64.7,206.2
30386,28505,SNB,144,25269,0,219843,194574,431.9,1484.3,1710.8,62.8,462.3
30387,28022,Forest,64,53915,307,368693,314778,-502,355.5,161.8,14.4,51.4
30388,28105,SNB,128,10092,0,156963,146871,334.4,635.4,517.5,30.1,198.9
30389,27664,Dairy,144,115941,0,1095596,979655,350.9,3320.8,274.2,54.3,195.1
30390,27764,SNB,144,28282,0,372287,344005,503.1,1523.3,950.4,63.3,537.9
30391,27864,Crop,96,152532,0,427506,274974,110,1974,95.1,39.8,19
30392,28440,Dairy,32,40806,40806,277281,236475,322.4,526.8,31.9,10,69.3
30393,28549,Dairy,48,78565,0,544966,466401,464.9,1662.8,57.7,33.4,195.7
30394,26898,Dairy,224,253628,0,1521585,1267957,1884,5924.4,374.4,98.2,481
30395,26876,SNB,464,140893,24307,972922,832029,-1194.2,3513.6,4203.6,169.1,1156.2
30396,28070,Forest,64,46401,0,402263,355862,-81.5,1301.6,136.8,29.6,134.4
30397,27958,SNB,128,426,417,131048,130622,282.1,1243.1,236.4,28.4,208.6
30398,27948,SNB,64,-1596,0,173486,175082,208.1,633.3,303.4,17.3,114.2
30399,28495,Dairy,64,64165,0,405340,341175,271.6,1928.1,240.9,41.6,216.6
30400,27853,Dairy,176,177433,0,1143673,966240,-113.2,3343.2,314.4,54.2,141.8
30401,27076,SNB,320,91724,0,604131,512407,-593.9,2643.8,4405.4,132,918.8
30402,28170,Forest,96,91379,12275,549856,458477,-964.1,791.8,309,29.7,97.2
30403,26883,Dairy,96,77176,0,654523,577347,722.6,2757.2,498.2,59.4,380.5
30404,28645,Dairy,96,96878,96878,803606,706728,872.4,2345.8,125.2,36.3,173.8
30405,28439,SNB,64,7223,7223,64359,57136,166.9,765.6,1119.3,30.4,247.8
30406,27358,Forest,256,151386,151386,995777,844391,-2901.4,511.6,767.1,50.9,101.5
30407,28655,Dairy,64,84440,0,561824,477384,628.8,2312.1,257.3,53.2,268.7
30408,28302,Dairy,64,125691,18761,664954,539263,640,2440.8,164.3,47,131.5
30409,27187,Forest,48,38397,12797,224284,185887,-691.9,96.6,145.3,9.6,19.5
30410,27907,SNB,32,8051,0,148773,140722,197.8,437.8,97.8,11.2,89.7
30411,28625,Forest,32,18090,4277,129100,111010,-355.2,64.7,93.4,6.3,13
30412,27133,Forest,64,57362,0,394198,336836,-151.3,563.2,99.9,10.7,36.5
30413,27683,Dairy,112,129635,129626,802091,672456,1022.3,3712,503.1,82.7,419.1
30414,28629,Dairy,96,114586,0,823028,708442,891.7,1436.3,34,15.2,81.2
30415,26921,SNB,352,41027,0,442636,401609,365,1609.9,1476.5,86,531.6
30416,27249,Dairy,96,108016,0,809900,701884,873,3209.2,40.7,35.5,158.5
30417,27884,Forest,144,145846,0,979261,833415,-845.6,2031.2,484.3,57.5,142.3
30418,28699,Forest,48,69338,22314,341978,272640,-241.5,669.9,162.3,21.7,77.1
30419,27887,Forest,112,89275,0,530371,441096,-1611.9,223.5,338.5,22.4,44.4
30420,27053,Dairy,96,81162,0,599752,518590,457,1631.3,79.8,23.9,87.3
30421,27442,Dairy,80,86592,0,742648,656056,784.3,1406.8,24.2,18.4,141.1
30422,28691,Forest,32,20528,0,136352,115824,-427.7,64.2,94.9,6.4,12.9
30423,28111,Dairy,64,82880,82880,488575,405695,476.7,2051.5,196,44.7,216.3
30424,28692,Dairy,48,67325,0,316968,249643,411,824.1,36.5,12.8,97.7
30425,28213,Dairy,128,166950,0,821892,654942,1059.3,4836.1,504.7,110.6,289.3
30426,27320,Dairy,64,82176,0,605869,523693,661.1,2356.4,261.5,55.4,298.2
30427,27676,Dairy,160,196018,0,1530739,1334721,1716.2,5923.8,631.7,133.8,365
30428,27458,Dairy,80,64429,0,460703,396274,603.4,1498.2,43.1,17.4,41.8
30429,27935,Dairy,144,226974,226974,1399833,1172859,1503.8,5437.4,579,118.8,684
30430,27753,Dairy,208,229971,0,1257304,1027333,1260.7,6441.4,129.8,76.7,324.4
30431,27112,Dairy,128,159317,0,796767,637450,1090,4580.7,452.7,97.4,515.6
30432,27843,Dairy,272,319062,318044,1960559,1641497,2420.3,5711.8,327.1,87.1,268.1
30433,28569,Dairy,48,88792,88792,425998,337206,317.7,1505,58.8,21,65.5
30434,28061,Dairy,32,35080,0,309027,273947,297.6,1092.6,37.9,21.3,63.8
30435,28676,SNB,64,14715,0,117450,102735,-113.7,241.8,119.8,9.8,39
30436,27461,Dairy,64,100934,0,638998,538064,636.6,2453.1,211.3,54.1,168.9
30437,27475,Dairy,80,95604,0,621892,526288,619.7,2461,44.2,30.9,99.9
30438,27016,Dairy,64,85990,85990,607378,521388,623.2,1073.5,19,13.8,56.5
30439,27538,Dairy,64,105145,0,614573,509428,615.2,1657.5,75.2,23.9,93.6
30440,27543,Dairy,80,123954,0,775859,651905,725.2,1226.1,8.4,10.3,44.9
30441,27694,SNB,80,430,269,74019,73589,183.4,328.1,121.3,11.4,57.4
30442,27533,Forest,224,170174,170174,1293242,1123068,-1490,1415.7,543.5,50.7,196.2
30443,28529,Dairy,80,98076,0,569674,471598,24.7,1781.3,200,33.9,117
30444,28102,Dairy,64,67177,0,598486,531309,646.7,2255,26.6,23.9,103.4
30445,27566,SNB,192,21869,0,251535,229666,507,1867.2,912.5,52.2,360.4
30446,28215,Dairy,64,27448,0,591571,564123,592.4,964,10.4,8.7,23.8
30447,28392,Dairy,96,121315,121132,823367,702052,119.6,1131.5,115.6,21.2,72.4
30448,28532,SNB,48,-92,0,46436,46528,117,226.8,199.8,12.4,74.6
30449,27318,SNB,304,14923,0,537076,522153,-33.7,1577.8,440.1,51.9,315.6
30450,28300,Crop,96,111512,0,388723,277211,108.7,839.3,8.3,11.2,3.4
30451,27116,Dairy,288,334724,334680,1831108,1496384,2419.3,11057.5,1095.6,237,1253.9
30452,26988,Dairy,208,241310,0,1928885,1687575,1953.3,3242.5,21.8,26.2,148.7
30453,27857,SNB,64,9022,0,158422,149400,217.8,677.5,477.2,21,147.6
30454,26933,Dairy,64,87269,0,610616,523347,673.3,2216.4,90.2,29.5,117.4
30455,27913,Dairy,48,58375,0,389106,330731,416,1460,43,25.2,145.4
30456,27147,Dairy,176,205933,0,1170918,964985,1399.8,3682.3,158.1,56.6,190.1
30457,27077,Forest,176,165022,0,956995,791973,-1851.2,1461.5,560.8,56.2,203.6
30458,26966,Forest,64,46351,5278,292056,245705,-954.6,127.7,188.3,12.7,25
30459,28712,SNB,48,8624,0,152273,143649,-123.9,328.3,194,12,66.3
30460,27911,SNB,192,27529,0,243374,215845,535.7,1698,1343.5,68.9,574.9
30461,27254,SNB,144,29733,0,291822,262089,519.6,1457.9,1856.7,66.8,547.4
30462,28314,Dairy,160,197882,197882,1436325,1238443,1389.5,5358.4,627.4,124.8,648.4
30463,27966,SNB,32,-178,0,28520,28698,70.4,161.7,136.6,8.3,54.9
30464,27712,SNB,64,6926,0,65574,58648,169.2,747.5,1078.6,32.3,263.8
30465,27615,Dairy,160,235788,235788,1313269,1077481,1588.4,5755.7,511,117.3,602.5
30466,27449,Dairy,160,159260,0,1372843,1213583,1550.2,2713.9,158.2,46.4,329.6
30467,28462,Dairy,80,116340,0,666867,550527,732.4,2809.8,113,36.5,132.4
30468,28656,Dairy,32,46331,46331,271290,224959,302.2,1167.4,13.3,11.8,48.8
30469,28388,Dairy,144,227113,0,1417892,1190779,1550.4,5360,576.4,120.8,661.6
30470,27976,Dairy,112,121740,48361,658694,536954,-788.6,1455.9,369.2,43.3,172.8
30471,27088,Forest,96,71533,71533,430562,359029,-1287.6,193.4,277.7,19.5,38.2
30472,27740,Dairy,192,182284,181908,1901178,1718894,1786.3,2980,26.3,27.9,170.2
30473,27491,Dairy,96,73671,0,804604,730933,886.9,1578,28.8,22.3,179.5
30474,28265,Forest,48,52615,12929,235663,183048,-681,96,147,9.6,19.6
30475,28240,Dairy,80,82547,82031,678038,595491,64.2,1612.4,167.4,28.1,57.2
30476,27375,Forest,128,69016,0,577153,508137,-1863.4,255.7,390.3,25.7,51.5
30477,28376,SNB,112,19305,0,327250,307945,315.2,746.6,129.6,20,74.9
30478,26983,Dairy,160,229770,0,1463980,1234210,1565.2,5391.1,223.1,72.8,260.1
30479,26948,Dairy,160,220892,23340,1277108,1056216,1481.7,6093.5,638.5,137.5,761.9
30480,28234,SNB,80,12989,0,225509,212520,268.5,881.6,611.8,36.4,302.4
30481,27734,Dairy,112,148664,148664,936946,788282,1052,4346.1,360.8,91.1,472.2
30482,28525,Dairy,48,36083,35986,398394,362311,424.8,747.7,5,6.3,37.7
30483,28725,Forest,32,20819,761,147757,126938,-462.4,63.6,99.2,6.3,12.8
30484,27850,Dairy,48,82603,82603,336506,253903,115.1,1231.2,176.4,29.9,108.2
30485,26949,Crop,176,245022,0,768281,523259,209.1,3164.3,60.7,41.9,14.3
30486,27028,Forest,64,46617,0,358459,311842,-508,331.9,150.2,11.9,31.9
30487,28347,Dairy,48,40955,0,439913,398958,463.3,1848.6,57,32,157.6
30488,28306,SNB,64,12364,0,108991,96627,203.6,707.8,926.7,32.2,254.6
30489,28295,Forest,160,76919,12881,552096,475177,-1378,594.1,548.2,34.5,104.4
30490,27951,Forest,128,121243,0,702480,581237,-400.2,2607.5,448,64.5,264.9
30491,27940,SNB,96,127064,0,714900,587836,882.2,2169.9,189.4,46.4,198.2
30492,28636,Dairy,64,78245,78241,574722,496477,607.8,2526.2,77.8,45,265.9
30493,28402,Dairy,144,149949,0,1332929,1182980,1409.9,2417.6,142,39.3,143.6
30494,27361,Dairy,192,150792,0,1275683,1124891,1572,5892.1,904.1,121.1,740.3
30495,27932,Dairy,64,99302,14948,414655,315353,547.1,2427.5,258,51.6,280.1
30496,27421,Dairy,304,350382,349627,2626086,2275704,2823.8,5710.1,230.9,91.3,396.9
30497,27293,Forest,144,84834,15537,565112,480278,-1663.8,288.4,422.1,28.9,58
30498,28354,Dairy,80,93574,0,730402,636828,765.1,1221.6,8.3,9.9,28.4
30499,27568,Forest,48,39108,8883,219934,180826,-647.3,96.2,139.1,9.6,18.9
30500,27271,Dairy,464,565841,0,2868331,2302490,3656.6,16149.7,554.1,218.3,946
30501,27426,Dairy,96,100197,100197,604763,504566,865.2,3747.3,387.3,83.5,427.3
30502,27114,SNB,160,11437,0,316339,304902,481.8,1321.5,1431.9,53.8,386.9
30503,27202,Dairy,128,175479,175350,940652,765173,756.8,4160.4,329,73.2,335.6
30504,27756,SNB,224,39539,39539,275533,235994,673.3,2539.1,3636.4,111.8,916.7
30505,27554,Forest,32,19435,3473,123903,104468,-392.4,64.4,96.8,6.6,12.9
30506,27452,Dairy,80,97484,0,661299,563815,720.9,1785.2,121,30.1,208.6
30507,28410,Dairy,96,108535,0,747986,639451,270.8,2593,351.4,57.9,303.7
30508,26907,Dairy,1280,1570334,0,8053149,6482815,10520.9,48955.6,1533.1,874.4,5111.2
30509,27395,Crop,96,156188,0,518048,361860,258.2,1869.2,96.3,36.5,45.4
30510,27123,Forest,144,68120,68120,544967,476847,-1643.6,289.4,422.8,28.9,57.3
30511,27663,Dairy,48,62523,0,418486,355963,486.5,1819,197.5,39.3,226.2
30512,27397,Dairy,240,277068,0,2216843,1939775,2226.3,4429.4,201.5,60.8,311.1
30513,28083,Dairy,80,82715,0,867419,784704,778.9,1361.4,23.4,18.5,73
30514,28463,SNB,48,12108,0,92270,80162,171.6,557.2,671.2,23.8,202.4
30515,28033,Dairy,64,108668,0,605894,497226,643.8,2496.1,259.2,55.7,296.4
30516,26894,Dairy,224,265072,0,1570812,1305740,1953.9,8573.9,402.9,161.1,785.8
30517,28538,Dairy,32,64226,5306,341578,277352,314.6,1121.4,71.2,18.3,87.7
30518,27910,Dairy,96,153065,152957,789442,636377,906.6,1569,96.8,27.1,137.5
30519,27107,Forest,208,101187,5527,787293,686106,-2274.4,417.2,627.7,41.3,84.2
30520,27118,Dairy,64,47790,0,650592,602802,649.4,2280.4,89.5,30.9,108.8
30521,27210,Dairy,64,72244,0,496080,423836,251.8,1585.8,116.3,26.1,97.6
30522,27967,Dairy,48,81929,0,545125,463196,578.8,1841.9,188.6,39.6,104.3
30523,28051,Forest,32,29698,9430,143157,113459,-478.4,64.4,94.1,6.4,12.3
30524,27802,Forest,240,155592,19794,1047851,892259,-3126.4,635.8,879.5,53.7,154.6
30525,28340,Forest,80,47316,26816,282823,235507,-557.5,442.1,439.2,21.7,107.6
30526,28093,Dairy,96,154521,20262,865230,710709,975.6,3638.1,386.3,77.4,210.1
30527,27745,Dairy,80,99585,0,507968,408383,659.6,1254.1,60.3,18.7,114.7
30528,27433,Dairy,96,161746,9389,943681,781935,1012.7,1561.8,96.6,27.6,113
30529,28090,SNB,48,19609,0,199506,179897,233.2,752.4,56.1,17.7,111.2
30530,27702,Dairy,64,65556,0,611617,546061,585,1089.1,19.2,15,113.2
30531,27268,Dairy,128,139330,139330,1011458,872128,1229.7,4800.6,116,74.5,402.5
30532,27921,Dairy,96,125964,8022,684251,558287,-181.2,1959.3,333.9,50.6,229.8
30533,26872,Forest,224,124166,30989,859862,735696,-2601.5,447.8,673.1,44.8,88.6
30534,27855,Dairy,80,100047,100047,763479,663432,854.6,3139,320.8,65,356.6
30535,28261,Crop,80,84204,0,298282,214078,83.1,1487.6,27.8,19.3,6.5
30536,27971,Dairy,320,414909,414892,3187856,2772947,3272.2,7593.6,196.3,124.4,835.5
30537,27247,Dairy,144,205524,205137,1281680,1076156,1386.6,5497.6,579.7,122.1,333.4
30538,27581,Dairy,64,92908,92736,414139,321231,524.6,2237.6,89,29.5,56.6
30539,28470,Dairy,64,55051,54922,540751,485700,614.7,2213.8,89.3,30.9,114
30540,27651,Forest,80,45376,45376,370161,324785,-1137.7,159.2,243.5,16,31.4
30541,27214,Dairy,128,113785,0,941942,828157,891.5,2011.6,549.5,43.5,291
30542,28002,Crop,112,144828,0,470506,325678,118.9,971.4,9.6,13.2,3.9
30543,27627,Dairy,48,73152,0,532499,459347,509.6,750.5,16.4,8,41.5
30544,28089,Forest,144,95879,0,748949,653070,-1597.6,911.1,443.2,38.1,85.9
30545,27505,Dairy,80,135409,2438,773224,637815,784.9,2730.1,111.9,36.2,143.2
30546,28533,Dairy,32,51564,0,310700,259136,289.5,558.3,32.5,8.9,68.2
30547,27576,Dairy,64,41333,41333,587935,546602,607.2,1061.8,63.7,18.4,62.6
30548,27814,Dairy,80,128488,0,774291,645803,849.3,3100.2,320.9,66.8,364.6
30549,27896,Forest,64,76264,0,442082,365818,601.6,2567.2,76.2,44.4,264.8
30550,27100,Forest,80,76994,9999,431597,354603,-772.8,743.5,252,26.7,62.7
30551,28082,Dairy,112,141811,141764,867186,725375,1044.7,4242.1,266.7,81.7,446.9
30552,27502,Dairy,80,137127,136809,720027,582900,722.2,1473.9,29,15.9,38.3
30553,28547,Dairy,48,75291,74969,450099,374808,485.2,1617.9,66.5,21.2,43.1
30554,27327,Dairy,128,138267,0,1073907,935640,873.2,4132.8,500.1,95.2,515.2
30555,27378,Forest,128,196162,0,1220925,1024763,1364.2,4749.7,514.4,111.9,570.9
30556,28585,Dairy,32,38208,0,211381,173173,281.7,1246.9,128.1,28.1,154.3
30557,28358,Forest,112,68075,0,485480,417405,-1464.2,224.4,342.2,22.1,45.1
30558,28447,Dairy,96,94528,0,747523,652995,555.6,1723.4,130.4,32,162.8
30559,28483,Dairy,64,74896,0,495708,420812,242.8,1808.2,237.6,42.9,117.3
30560,26959,Dairy,112,126096,126096,811242,685146,1108.6,2956.4,252.9,60.8,172.8
30561,27882,SNB,240,83740,83697,763587,679847,-316.5,1931.4,875.1,79.1,588.5
30562,27125,Dairy,112,141139,0,755318,614179,905.3,4083.5,342.1,80.4,389.7
30563,27189,Dairy,64,72177,72177,589962,517785,641.3,1032.6,19.2,14.2,120.1
30564,26884,Dairy,112,181368,0,1174762,993394,1148.4,4276,268.5,83.2,457.7
30565,27469,Forest,64,45183,6883,291081,245898,-902,127.1,187.8,12.7,24.6
30566,27927,Forest,48,29608,1970,212880,183272,-688.1,96.1,143.7,9.6,18.3
30567,27689,Forest,112,111590,111590,643688,532098,-702.3,1364,361.5,42.4,187.3
30568,27899,SNB,112,11735,11731,260340,248605,357.1,521,345.9,26.7,178.1
30569,27762,Dairy,32,30253,30199,192103,161850,278.8,882.4,79,17.6,56.8
30570,27952,Dairy,32,58430,10915,321948,263518,318.8,1197.3,126,27.4,140.3
30571,27720,Dairy,160,264604,0,1662502,1397898,1740.1,5966.1,642.6,132.2,730
30572,27949,SNB,144,22631,0,246851,224220,428.7,1177,1584,56.4,413.2
30573,28526,Crop,48,51405,0,428036,376631,490.7,1722.7,195.1,38.5,227.8
30574,28571,Forest,32,37496,0,303614,266118,372,503.5,32.2,10.1,65.7
30575,28297,Forest,64,73328,27195,306981,233653,-925.8,126.7,187,12.6,25.7
30576,28423,Dairy,48,60337,60294,432949,372612,453.9,676.1,27.4,9.2,28.4
30577,26871,Dairy,144,174715,0,913523,738808,-85.7,3078.1,507.2,81.8,201.8
30578,26935,Dairy,128,168002,0,833829,665827,1086.2,4352.8,262.3,71.6,305.9
30579,27891,Forest,112,65914,21102,388187,322273,-1040.7,354,504.6,27.5,96
30580,27639,Forest,256,172512,45513,1054661,882149,-3108.6,512.7,757.1,51.6,102.4
30581,28589,Dairy,80,130506,0,807593,677087,824.6,3260.4,96.5,55.7,321.7
30582,27804,Forest,240,310732,0,2127808,1817076,2412,9147.6,963.8,205.4,1063.7
30583,27007,Forest,32,25026,0,212523,187497,-31.6,690.6,112.8,16.4,72.5
30584,27987,SNB,128,58846,58824,493408,434562,-94.8,1139,404.9,42,323.5
30585,27742,Dairy,48,55890,55874,441281,385391,436.5,775.7,14.2,11.5,60.4
30586,28619,Dairy,64,125172,24546,581813,456641,637.8,2409.9,258.5,57,283.5
30587,27051,Dairy,160,150953,0,998029,847076,1261.3,2644.1,72.1,29.2,89.6
30588,27284,Dairy,96,108422,108413,603497,495075,272.6,2400,234.6,49.5,210.9
30589,27396,Forest,272,126731,86860,929547,802816,-2351.1,694.6,886.4,55.9,159.8
