tick,income_costs_income,income_costs_costs,income_costs_debt,interventions_Build_Wetland,interventions_Clean_Races,interventions_Farm_Plan,interventions_Riparian_Planting,intervention_limits_Build_Wetland,intervention_limits_Clean_Races,intervention_limits_Farm_Plan,intervention_limits_Riparian_Planting,intervention_props_Build_Wetland,intervention_props_Clean_Races,intervention_props_Farm_Plan,intervention_props_Riparian_Planting,landuse_Crop,landuse_Dairy,landuse_Forest,landuse_SNB,env_metrics_ghg_emissions,env_metrics_nitrates,env_metrics_sediment,env_metrics_phosphates,env_metrics_e_coli
0,719112410,616362962,193829254,916,352,890,1109,9068,3558,9000,9068,0.101,0.0989,0.0989,0.1223,68,3558,1314,5442,0.9359712230215828,1,1,1,0.9899280575539569
1,718979993,616037553,243652400,1719,508,1718,1768,8731,3402,8651,8731,0.1969,0.1493,0.1986,0.2025,80,3402,1651,5249,0.9359712230215828,1,1,1,0.9899280575539569
2,713777943,613731077,233892263,2400,657,2384,2451,8394,3306,8295,8394,0.2859,0.1987,0.2874,0.292,99,3306,1988,4989,0.8964028776978418,1,1,1,0.9884892086330935
3,716534028,621073776,209855629,3836,993,3598,3855,8066,3209,7924,8066,0.4756,0.3094,0.4541,0.4779,142,3209,2316,4715,0.8251798561151079,1,1,1,0.9820143884892086
