farmer_id,farm_id,farm_type,size_ha,disposition,age,inherited,succession_stage,loan_principal,loan_rate,current_debt,debt_payments,debt_maturity,debt_free,debt_service_ratio,n_holdings,n_local_links,n_catchment_links,Build_Wetland,Clean_Races,Farm_Plan,Riparian_Planting,x,y
26864,30312,Forest,64,for_profit,75,FALSE,4,298125,3,91771.29976615992,20039,20,FALSE,0.21,1,15,9,0,0,0,0,38,259
26865,29026,Forest,128,pro_environmental,62,TRUE,2,0,0,0,0,21,TRUE,0,1,11,13,0,0,0,0,81,166
26866,29861,Dairy,96,for_profit,36,TRUE,4,720546,3,221804.42083457432,48432,20,FALSE,0.127,1,11,13,1,0,0,0,56,261
26867,29186,Dairy,96,for_profit,64,FALSE,1,1440,3,1440,97,5,FALSE,0.001,3,14,7,2,0,2,2,89,180
26868,29952,Forest,80,for_profit,52,FALSE,2,67557,3,54208.868656938146,4541,10,FALSE,0.335,1,6,8,0,0,0,0,44,222
26869,30381,SNB,240,for_profit,51,TRUE,2,800,3,800,54,5,FALSE,0.001,5,10,13,0,0,4,5,94,95
26870,29753,Forest,928,pro_environmental,56,TRUE,2,0,0,0,0,21,TRUE,0,5,10,12,0,0,0,0,137,37
26871,29924,Dairy,144,for_profit,64,TRUE,2,1600,3,1600,108,0,FALSE,0,3,9,14,0,0,1,2,118,70
26872,30259,Forest,224,for_profit,43,TRUE,4,0,0,0,0,21,TRUE,0,3,6,13,0,0,0,0,84,303
26873,29306,SNB,656,for_profit,65,TRUE,4,1003345,3,575281.520926247,67441,15,FALSE,0.385,3,9,11,1,0,0,0,106,207
26874,29760,Dairy,32,for_profit,70,TRUE,2,0,0,0,0,21,TRUE,0,1,9,14,0,1,0,0,28,273
26875,30404,Dairy,176,for_profit,57,TRUE,2,3437,3,1058.005726780014,403,20,FALSE,0,2,14,15,2,0,0,0,114,133
26876,30292,SNB,464,for_profit,52,FALSE,3,8191,3,8191,686,5,FALSE,0.003,8,11,10,5,0,0,7,148,26
26877,30495,Forest,48,for_profit,40,FALSE,5,92604,3,92604,6224,5,FALSE,0.602,1,14,9,0,0,0,0,134,217
26878,29982,Dairy,192,for_profit,81,TRUE,1,5760,3,5760,387,5,FALSE,0.002,1,14,9,1,1,0,1,63,189
26879,29587,Dairy,128,for_profit,80,TRUE,2,2235,3,2235,488,15,FALSE,0.001,3,11,11,3,2,3,0,18,254
26880,29874,SNB,624,for_profit,70,TRUE,2,254,3,254,55,15,FALSE,0,4,16,15,1,0,2,0,58,135
26881,28930,Dairy,192,pro_environmental,56,TRUE,3,0,0,0,0,21,TRUE,0,1,15,12,1,0,0,0,67,266
26882,28859,Dairy,256,for_profit,73,TRUE,2,4365,3,4365,512,10,FALSE,0.001,4,15,13,4,4,4,0,93,106
26883,28928,Dairy,96,for_profit,53,FALSE,2,1068608,3,1068608,71827,5,FALSE,0.595,2,12,11,1,1,1,1,66,139
26884,28981,Dairy,112,for_profit,55,TRUE,3,834,3,834,70,5,FALSE,0,3,12,15,3,1,2,3,103,172
26885,29406,Dairy,144,for_profit,67,FALSE,3,712220,3,571497.2606072574,47872,10,FALSE,0.251,2,9,11,0,0,2,0,84,182
26886,29348,Dairy,96,for_profit,54,FALSE,2,791872,3,243760.5792483978,92832,20,FALSE,0.176,2,13,8,0,0,0,0,126,88
26887,29589,SNB,320,pro_environmental,66,FALSE,3,293840,3,293840,24614,10,FALSE,0.422,4,9,10,0,1,4,1,11,319
26888,29249,Dairy,112,for_profit,39,FALSE,3,539973,3,539973,36295,5,FALSE,0.256,3,13,13,3,1,0,2,78,138
26889,29870,Dairy,224,for_profit,65,TRUE,4,5808,3,3330.0959027449608,681,15,FALSE,0.001,5,17,10,2,2,0,4,137,208
26890,29763,Forest,1120,for_profit,75,TRUE,1,0,0,0,0,21,TRUE,0,6,8,16,0,0,0,0,174,10
26891,29789,Dairy,48,for_profit,67,TRUE,2,1920,3,1540.6401678778104,129,10,FALSE,0.002,1,9,13,1,1,1,1,69,199
26892,30438,Forest,80,for_profit,71,TRUE,1,0,0,0,0,21,TRUE,0,1,16,11,0,0,0,0,101,247
26893,30258,Dairy,160,for_profit,48,FALSE,4,685902,3,685902,46103,5,FALSE,0.244,3,11,14,1,1,2,1,76,161
26894,29411,Dairy,224,for_profit,63,FALSE,2,1079679,3,866352.5186532013,72571,10,FALSE,0.29,4,9,10,2,0,3,0,75,121
26895,29754,Dairy,64,for_profit,63,FALSE,2,587668,3,180900.81741209113,39501,20,FALSE,0.155,1,10,11,1,0,0,0,71,125
26896,29121,Dairy,288,for_profit,47,FALSE,3,2155139,3,2155139,144859,5,FALSE,0.447,3,11,9,3,2,0,1,138,23
26897,29736,Dairy,112,for_profit,47,TRUE,3,800,3,641.9334032824211,54,10,FALSE,0,2,10,16,2,2,0,2,51,153
26898,28983,SNB,224,for_profit,67,FALSE,3,2356,3,2356,197,5,FALSE,0.004,8,12,9,0,0,4,4,137,53
26899,29455,SNB,32,for_profit,56,FALSE,2,39392,3,39392,2648,5,FALSE,0.528,2,11,9,0,0,2,1,11,283
26900,30341,SNB,176,for_profit,42,TRUE,2,5280,3,3027.359911586328,355,15,FALSE,0.006,1,13,9,1,0,0,0,28,272
26901,29262,Dairy,128,for_profit,79,TRUE,2,512,3,512,34,0,FALSE,0.001,2,14,10,2,0,2,0,95,190
26902,29759,Forest,64,pro_environmental,42,TRUE,4,0,0,0,0,21,TRUE,0,1,12,12,0,0,0,0,77,169
26903,29072,Dairy,208,for_profit,66,TRUE,2,0,0,0,0,21,TRUE,0,1,17,14,0,1,1,1,77,246
26904,30015,Dairy,80,pro_environmental,73,TRUE,3,64,3,51.35467226259368,4,10,FALSE,0,3,11,9,0,1,1,0,63,181
26905,30196,Dairy,96,for_profit,65,FALSE,2,1029538,3,826118.5401857215,69201,10,FALSE,0.4,2,7,15,0,1,2,0,112,171
26906,29042,SNB,208,pro_environmental,46,FALSE,2,129004,3,129004,8671,5,FALSE,0.306,1,15,10,0,0,0,1,52,132
26907,30530,Forest,1280,for_profit,63,FALSE,1,0,0,0,0,21,TRUE,0,2,11,9,0,0,0,0,128,34
26908,30106,Dairy,64,for_profit,50,FALSE,4,907677,3,907677,61010,5,FALSE,0.779,1,11,8,0,0,0,0,73,250
26909,30287,Forest,240,pro_environmental,60,TRUE,2,0,0,0,0,21,TRUE,0,2,7,15,0,0,0,0,16,249
26910,29382,Forest,496,pro_environmental,68,FALSE,2,1098996,3,338302.02551886183,73870,20,FALSE,0.129,4,6,13,0,0,0,0,124,240
26911,29969,Forest,1264,for_profit,72,FALSE,1,0,0,0,0,21,TRUE,0,6,10,13,0,0,0,0,152,20
26912,29613,Dairy,48,pro_environmental,59,TRUE,2,99023,3,30482.077708157496,21622,20,FALSE,0.035,1,15,12,0,1,0,0,77,239
26913,29975,Dairy,64,for_profit,58,TRUE,2,0,0,0,0,21,TRUE,0,1,14,12,0,1,0,0,136,214
26914,28886,Dairy,64,for_profit,40,FALSE,1,572938,3,572938,47993,10,FALSE,0.491,1,13,11,1,1,0,0,36,263
26915,29480,Dairy,128,for_profit,55,TRUE,2,1600,3,1600,108,5,FALSE,0.001,2,16,13,0,0,2,2,115,136
26916,29699,SNB,80,for_profit,46,FALSE,3,147142,3,147142,9890,5,FALSE,0.238,3,12,15,1,0,0,0,30,256
26917,30395,Dairy,80,for_profit,49,TRUE,3,781676,3,448184.5807290065,52541,15,FALSE,0.315,3,13,10,0,2,0,0,140,107
26918,28922,Dairy,112,for_profit,76,TRUE,1,448,3,359.48270583815577,30,10,FALSE,0,1,10,9,0,0,1,1,49,272
26919,29856,Dairy,80,for_profit,75,TRUE,1,2588,3,1483.8650475729955,217,15,FALSE,0.001,3,12,10,0,2,2,2,86,179
26920,30220,Forest,640,pro_environmental,57,TRUE,2,0,0,0,0,21,TRUE,0,9,12,12,0,0,0,0,144,65
26921,29604,SNB,352,for_profit,55,TRUE,3,1280,3,1280,86,0,FALSE,0.13,2,14,12,0,0,1,2,60,127
26922,29488,Dairy,160,pro_environmental,63,FALSE,2,1736886,3,995867.2438249111,116746,15,FALSE,0.337,3,10,11,0,0,2,1,60,204
26923,29291,SNB,192,for_profit,53,FALSE,3,214079,3,214079,14389,5,FALSE,0.493,4,8,16,4,0,2,0,163,48
26924,30203,Dairy,112,for_profit,51,FALSE,3,1300326,3,1043403.3681957717,87402,10,FALSE,0.511,1,17,17,0,0,0,0,39,261
26925,29036,Dairy,96,pro_environmental,53,TRUE,2,384,3,384,26,0,FALSE,0,2,14,14,2,0,2,2,93,144
26926,30328,Dairy,96,for_profit,49,TRUE,1,6732,3,6732,564,5,FALSE,0.003,1,15,11,1,0,0,1,88,143
26927,30578,Dairy,112,for_profit,65,TRUE,2,0,0,0,0,21,TRUE,0,2,16,13,0,0,1,1,79,170
26928,29425,SNB,192,for_profit,45,TRUE,3,4800,3,1477.5756440337698,323,20,FALSE,0.003,2,11,11,0,0,0,1,64,138
26929,29136,SNB,160,for_profit,63,TRUE,2,6400,3,6400,430,5,FALSE,0.019,2,9,11,0,0,0,2,138,235
26930,30505,SNB,240,for_profit,58,TRUE,3,0,0,0,0,21,TRUE,0,1,14,8,0,0,0,1,55,130
26931,29711,Dairy,160,for_profit,57,FALSE,4,2257714,3,2257714,151754,5,FALSE,0.79,3,11,9,2,0,2,0,87,217
26932,30558,Dairy,48,for_profit,66,TRUE,2,640,3,640,43,0,FALSE,0,3,8,11,3,1,3,3,109,133
26933,30123,Dairy,64,for_profit,48,TRUE,2,4301,3,1323.9693427060924,504,20,FALSE,0.001,1,14,9,1,0,0,1,142,212
26934,30280,Forest,208,for_profit,44,FALSE,3,708726,3,218165.89081114114,47638,20,FALSE,0.118,1,15,13,0,0,0,0,113,166
26935,29713,Forest,128,for_profit,54,FALSE,1,205742,3,63333.20169891581,13829,20,FALSE,0.087,2,12,14,0,0,0,0,123,206
26936,30222,Forest,80,for_profit,54,TRUE,3,0,0,0,0,21,TRUE,0,1,14,12,0,0,0,0,90,260
26937,28793,Dairy,48,for_profit,53,TRUE,2,1920,3,1920,129,5,FALSE,0.002,1,14,11,1,1,0,0,90,255
26938,29750,SNB,240,for_profit,62,TRUE,3,0,0,0,0,21,TRUE,0,1,12,13,0,0,0,1,77,148
26939,29978,Dairy,80,for_profit,58,TRUE,4,584,3,584,128,15,FALSE,0,2,13,17,1,0,2,0,113,115
26940,30215,Forest,64,for_profit,53,TRUE,5,430297,3,246716.6454310345,28923,15,FALSE,0.359,2,13,9,1,0,0,0,71,181
26941,29458,Forest,256,for_profit,71,TRUE,1,0,0,0,0,21,TRUE,0,4,11,8,0,0,0,0,141,21
26942,30197,Dairy,192,for_profit,64,FALSE,3,2488594,3,1996889.5197602666,167273,10,FALSE,0.587,7,11,10,0,0,5,1,113,65
26943,29886,Dairy,656,for_profit,68,FALSE,2,0,0,0,0,21,TRUE,0,2,7,12,0,0,0,2,45,217
26944,30098,Dairy,144,for_profit,45,FALSE,1,706262,3,706262,47472,5,FALSE,0.279,3,12,13,2,0,0,1,124,90
26945,30149,Forest,176,pro_environmental,50,TRUE,3,0,0,0,0,21,TRUE,0,2,12,12,0,0,0,0,127,166
26946,30334,Dairy,64,for_profit,57,FALSE,4,711057,3,218883.43848327507,47794,20,FALSE,0.174,1,11,14,0,0,0,0,45,138
26947,28873,Dairy,144,for_profit,62,FALSE,1,9481,3,9481,794,5,FALSE,0.002,2,14,8,1,0,0,1,129,224
26948,28979,Dairy,160,for_profit,73,TRUE,2,5329,3,5329,625,10,FALSE,0.002,3,9,11,2,2,0,2,57,142
26949,29996,Dairy,176,for_profit,58,FALSE,1,2173886,3,669183.5430220824,146119,20,FALSE,0.172,1,12,10,0,0,0,0,118,114
26950,29678,Dairy,64,for_profit,54,TRUE,3,192,3,110.08581496677556,13,15,FALSE,0,2,13,13,0,0,2,0,111,55
26951,28915,Forest,288,for_profit,52,TRUE,3,322846,3,259057.0393951456,21700,10,FALSE,0.173,4,10,11,0,0,0,0,139,39
26952,29522,Dairy,144,for_profit,58,FALSE,1,1447201,3,829772.4036756904,97275,15,FALSE,0.337,2,12,13,0,1,0,1,60,124
26953,29953,Dairy,96,for_profit,60,FALSE,2,1366823,3,783686.5826579847,91872,15,FALSE,0.457,4,14,11,3,1,2,0,120,51
26954,29179,Dairy,32,for_profit,54,TRUE,1,800,3,641.9334032824211,54,10,FALSE,0.001,2,11,10,0,2,1,1,146,239
26955,29782,Forest,128,pro_environmental,58,FALSE,5,911044,3,911044,61236,5,FALSE,0.712,3,10,13,1,0,0,1,143,82
26956,29599,Forest,784,for_profit,71,TRUE,3,0,0,0,0,21,TRUE,0,2,9,8,0,0,0,0,21,248
26957,29331,Dairy,96,pro_environmental,56,TRUE,3,256,3,256,17,0,FALSE,0,3,9,12,3,3,2,0,79,193
26958,30266,Dairy,512,for_profit,64,FALSE,4,2570970,3,2570970,172810,5,FALSE,0.284,6,9,15,2,1,0,3,98,220
26959,30316,Dairy,112,for_profit,63,FALSE,2,985601,3,790862.7552606968,66248,10,FALSE,0.397,3,7,13,3,3,0,3,56,200
26960,29302,SNB,368,for_profit,66,TRUE,5,604574,3,604574,50643,10,FALSE,0.575,5,8,13,2,0,1,2,148,60
26961,29680,Dairy,288,pro_environmental,63,FALSE,2,-71600,3,-71600,-4813,0,FALSE,0,2,12,12,0,2,0,0,179,32
26962,29383,SNB,80,for_profit,78,TRUE,0,2400,3,2400,161,5,FALSE,0.012,3,15,11,0,1,0,2,102,237
26963,29629,Dairy,336,for_profit,74,FALSE,2,4683,3,2685.0618306740103,549,15,FALSE,0,5,17,9,5,0,2,0,109,72
26964,29883,Dairy,128,for_profit,43,FALSE,3,1486264,3,1486264,99900,5,FALSE,0.66,4,15,10,0,0,3,0,80,123
26965,30073,Dairy,336,pro_environmental,57,TRUE,3,5487,3,5487,460,5,FALSE,0.001,4,10,11,3,2,0,2,109,59
26966,28986,Forest,64,for_profit,46,FALSE,4,415275,3,415275,27913,5,FALSE,0.33,1,9,15,0,0,0,0,54,218
26967,29062,Dairy,256,for_profit,64,FALSE,2,2078054,3,639683.7452889482,139678,20,FALSE,0.148,2,11,14,0,0,0,0,61,140
26968,29029,Dairy,96,for_profit,74,TRUE,2,0,0,0,0,21,TRUE,0,1,9,12,0,0,0,1,69,286
26969,29273,Dairy,96,for_profit,68,TRUE,4,3188,3,2558.1046120804476,267,10,FALSE,0.001,1,12,8,1,0,1,1,76,255
26970,30431,Dairy,208,for_profit,44,TRUE,2,3651,3,3651,428,10,FALSE,0,6,13,9,4,0,5,4,136,133
26971,29074,SNB,144,for_profit,50,TRUE,3,16670,3,16670,1120,5,FALSE,0.037,3,14,10,3,0,3,1,133,77
26972,29683,SNB,432,for_profit,61,TRUE,5,8681,3,8681,727,5,FALSE,0.004,3,9,16,3,0,0,3,39,223
26973,29423,Dairy,32,pro_environmental,49,FALSE,3,100569,3,57662.60586142527,11790,15,FALSE,0.092,1,19,11,0,1,1,0,52,238
26974,29447,Dairy,192,for_profit,46,TRUE,5,231818,3,132916.00757274986,27176,15,FALSE,0.037,4,10,11,3,4,2,4,129,88
26975,29440,Forest,96,for_profit,60,FALSE,2,222424,3,127529.82973005253,14950,15,FALSE,0.301,2,8,12,0,0,1,0,140,197
26976,28816,Forest,112,for_profit,56,TRUE,2,0,0,0,0,21,TRUE,0,1,13,7,0,0,0,0,99,159
26977,30549,Dairy,112,for_profit,57,TRUE,3,2148,3,2148,252,10,FALSE,0,2,14,13,1,0,2,2,97,252
26978,30343,Dairy,48,for_profit,75,TRUE,2,1600,3,917.3817913897963,108,15,FALSE,0.001,2,9,12,0,0,2,2,42,258
26979,29444,Forest,288,pro_environmental,61,FALSE,3,2465962,3,759092.7896485006,165751,20,FALSE,0.279,3,11,15,1,1,1,0,69,162
26980,29202,Dairy,160,for_profit,66,FALSE,2,1353819,3,1353819,90998,5,FALSE,0.76,2,12,13,1,0,1,2,126,44
26981,29510,Forest,256,pro_environmental,76,FALSE,1,0,0,0,0,21,TRUE,0,2,12,9,0,0,0,0,96,110
26982,29315,Dairy,80,for_profit,62,FALSE,2,1065751,3,611062.8509721668,71635,15,FALSE,0.389,1,11,12,0,0,1,0,72,145
26983,30565,Dairy,160,pro_environmental,48,FALSE,2,1720320,3,986368.902102309,115633,15,FALSE,0.367,3,10,12,0,2,0,0,69,137
26984,29472,SNB,96,for_profit,40,TRUE,3,-12757,3,-12757,-1069,5,FALSE,0.02,2,10,13,2,1,0,0,105,71
26985,28975,SNB,464,for_profit,49,FALSE,2,881994,3,881994,59284,5,FALSE,0.816,6,12,11,3,0,5,5,97,94
26986,30392,Dairy,112,pro_environmental,56,TRUE,4,128,3,128,9,0,FALSE,0,3,12,9,3,0,2,3,140,72
26987,30108,Dairy,96,pro_environmental,48,TRUE,2,0,0,0,0,21,TRUE,0,1,10,17,1,0,0,0,35,271
26988,29300,Forest,208,for_profit,48,FALSE,3,488190,3,488190,32814,5,FALSE,0.34,1,16,6,0,0,0,0,118,144
26989,29549,SNB,64,for_profit,70,TRUE,1,0,0,0,0,21,TRUE,0,3,14,14,3,1,3,0,133,59
26990,29145,Dairy,80,for_profit,77,FALSE,3,3200,3,3200,215,5,FALSE,0.002,1,13,9,0,1,0,1,54,276
26991,29309,Dairy,80,for_profit,67,FALSE,3,310457,3,249115.89822856322,20868,10,FALSE,0.171,1,12,17,1,0,0,1,59,253
26992,29717,Forest,80,for_profit,47,FALSE,2,257479,3,79259.31234378563,17307,20,FALSE,0.112,1,11,17,0,0,0,0,119,156
26993,30586,Dairy,144,for_profit,48,FALSE,5,1900984,3,1900984,127776,5,FALSE,0.725,2,13,13,1,0,1,1,46,243
26994,30321,Dairy,48,for_profit,70,FALSE,2,999,3,999,218,15,FALSE,0,2,14,18,2,0,2,0,115,85
26995,30122,Dairy,112,for_profit,32,FALSE,3,857395,3,687988.1128841642,57630,10,FALSE,0.323,2,10,12,2,1,2,1,106,126
26996,30475,Forest,32,pro_environmental,58,FALSE,4,183131,3,183131,15340,10,FALSE,0.291,1,12,12,0,0,0,0,83,272
26997,29081,Dairy,144,for_profit,51,TRUE,2,628,3,193.3161467610849,137,20,FALSE,0,2,16,12,1,2,0,0,85,165
26998,29244,Dairy,32,for_profit,82,FALSE,2,640,3,513.5467226259368,43,10,FALSE,0.001,2,7,12,0,1,1,2,119,175
26999,28938,Dairy,112,for_profit,65,FALSE,2,0,0,0,0,21,TRUE,0,2,14,12,0,0,0,0,116,95
27000,29485,Forest,224,for_profit,50,FALSE,3,2652057,3,2128054.9696362093,178260,10,FALSE,0.483,1,12,8,0,0,0,0,48,153
27001,29398,Dairy,192,for_profit,55,FALSE,3,8800,3,8800,591,0,FALSE,0.026,3,15,13,0,0,3,3,73,128
27002,29401,Crop,32,pro_environmental,61,TRUE,3,0,0,0,0,21,TRUE,0,1,15,11,1,0,1,0,116,126
27003,29483,Dairy,64,pro_environmental,68,TRUE,2,2518,3,2020.48538683142,211,10,FALSE,0.002,3,11,12,3,3,3,1,88,133
27004,30371,Forest,208,pro_environmental,70,TRUE,1,480,3,385.1600419694526,32,10,FALSE,0,2,13,12,1,0,0,0,26,275
27005,29118,Dairy,160,pro_environmental,82,TRUE,2,7642,3,7642,896,10,FALSE,0.001,3,9,15,3,0,0,3,88,164
27006,30496,Dairy,112,pro_environmental,43,FALSE,2,1368809,3,784825.2828065474,92005,15,FALSE,0.36,2,10,8,0,2,2,0,111,110
27007,30353,Dairy,32,for_profit,75,FALSE,2,64,3,51.35467226259368,4,10,FALSE,0,2,13,15,0,2,2,2,56,256
27008,30351,SNB,272,for_profit,59,FALSE,2,343331,3,196853.50488728136,23077,15,FALSE,0.314,2,14,10,1,0,0,0,50,129
27009,30252,SNB,96,pro_environmental,50,FALSE,3,-24378,3,-24378,-2858,10,FALSE,0.193,2,13,9,1,1,1,0,103,228
27010,30401,Dairy,96,pro_environmental,47,FALSE,3,1303451,3,1045910.9205523437,87612,10,FALSE,0.631,2,11,12,0,0,1,0,20,252
27011,29922,Dairy,208,for_profit,66,TRUE,3,2025,3,2025,237,10,FALSE,0.001,4,10,14,4,0,2,2,56,202
27012,29946,Forest,160,pro_environmental,50,FALSE,4,792811,3,454568.9846334599,53289,15,FALSE,0.416,1,10,13,0,0,0,0,44,273
27013,30029,SNB,352,for_profit,82,FALSE,2,0,0,0,0,21,TRUE,0,4,9,15,1,0,0,2,71,113
27014,28998,SNB,64,for_profit,50,TRUE,4,273979,3,273979,59825,20,FALSE,1,1,11,10,0,0,1,0,132,130
27015,30164,Dairy,112,for_profit,82,TRUE,1,4800,3,4800,323,0,FALSE,0,2,11,13,0,2,2,2,121,111
27016,29426,Forest,64,for_profit,68,TRUE,5,0,0,0,0,21,TRUE,0,1,13,10,0,0,0,0,73,177
27017,29422,Forest,96,pro_environmental,46,FALSE,3,463729,3,463729,31170,5,FALSE,0.301,2,13,12,0,0,0,0,77,276
27018,29020,SNB,96,for_profit,63,TRUE,2,0,0,0,0,21,TRUE,0,1,11,9,0,0,0,0,46,222
27019,29980,Dairy,96,pro_environmental,53,TRUE,2,800,3,800,54,0,FALSE,0,2,13,14,0,1,0,2,79,134
27020,29824,Dairy,128,for_profit,41,FALSE,3,1061107,3,1061107,71323,5,FALSE,0.463,4,14,14,4,1,4,0,93,122
27021,29670,Dairy,384,pro_environmental,59,FALSE,4,1998480,3,1998480,134329,5,FALSE,0.286,1,9,13,0,0,0,1,72,257
27022,30397,Dairy,384,for_profit,70,FALSE,1,1536,3,1232.5121343022483,103,10,FALSE,0,1,16,12,1,0,1,0,107,148
27023,29182,Crop,144,for_profit,45,TRUE,4,-127872,3,-127872,-8595,5,FALSE,-0.047,2,13,14,1,0,1,0,13,300
27024,30522,Dairy,80,for_profit,64,TRUE,4,320,3,320,22,0,FALSE,0,1,9,16,1,1,1,0,61,163
27025,29271,Forest,96,for_profit,54,FALSE,3,223875,3,179641.050824815,15048,10,FALSE,0.271,1,11,16,0,0,0,0,46,150
27026,30107,Forest,800,for_profit,47,FALSE,3,3114043,3,3114043,209313,5,FALSE,0.696,9,11,7,0,0,0,0,159,12
27027,29327,Forest,96,pro_environmental,55,FALSE,5,286338,3,229762.40853635233,19246,10,FALSE,0.272,2,11,14,0,0,0,0,114,91
27028,29376,Forest,64,pro_environmental,55,TRUE,3,800,3,800,54,5,FALSE,0.001,2,16,9,0,0,1,1,87,126
27029,30449,Dairy,128,pro_environmental,55,TRUE,3,44296,3,44296,9672,15,FALSE,0.036,4,13,17,3,2,0,3,123,65
27030,29735,SNB,128,pro_environmental,53,FALSE,2,74365,3,74365,6229,10,FALSE,0.292,2,16,16,0,0,1,2,94,91
27031,29536,Dairy,96,pro_environmental,59,FALSE,2,433368,3,133402.91702158892,29129,20,FALSE,0.087,2,12,13,1,0,0,0,54,141
27032,30448,SNB,64,for_profit,67,TRUE,3,44464,3,44464,5213,15,FALSE,0.28,2,14,12,2,0,0,2,127,53
27033,29623,Dairy,112,for_profit,50,TRUE,2,5926,3,3397.7528098599582,496,15,FALSE,0.002,2,8,13,1,2,0,2,125,42
27034,29963,Forest,32,for_profit,59,FALSE,3,381190,3,305873.24249653256,25622,10,FALSE,0.569,1,9,13,0,0,0,0,121,225
27035,30144,Dairy,240,for_profit,48,TRUE,2,1581,3,1581,185,10,FALSE,0,4,10,9,3,4,2,4,116,119
27036,29595,SNB,112,for_profit,65,FALSE,2,64,3,64,4,5,FALSE,0,4,12,14,1,0,4,0,129,43
27037,29681,Dairy,176,for_profit,42,TRUE,4,3508,3,3508,294,5,FALSE,0,2,12,12,1,1,2,0,98,243
27038,29582,SNB,176,for_profit,80,TRUE,2,8642,3,8642,724,5,FALSE,0.002,2,15,16,1,0,1,2,24,268
27039,30544,Dairy,144,pro_environmental,67,TRUE,1,1600,3,1600,108,0,FALSE,0,2,10,13,0,2,2,2,59,158
27040,29098,Dairy,160,for_profit,45,TRUE,4,4320,3,4320,290,0,FALSE,0,2,14,18,2,0,2,0,47,143
27041,30354,Dairy,144,pro_environmental,56,FALSE,2,1645439,3,1645439,110599,5,FALSE,0.609,2,13,12,2,0,0,0,120,74
27042,30348,Forest,64,for_profit,77,TRUE,2,0,0,0,0,21,TRUE,0,2,15,10,0,1,0,0,127,76
27043,30116,Dairy,256,for_profit,65,FALSE,2,8960,3,8960,602,0,FALSE,0.234,2,14,9,2,2,0,1,91,111
27044,29608,Crop,64,for_profit,75,FALSE,2,0,0,0,0,21,TRUE,0,2,9,11,2,0,0,0,105,139
27045,30137,SNB,272,for_profit,67,TRUE,3,64,3,19.70100858711693,4,20,FALSE,0,4,14,11,3,0,1,4,12,314
27046,30417,SNB,64,for_profit,48,FALSE,2,67236,3,67236,4519,5,FALSE,0.399,1,12,15,1,0,0,0,144,88
27047,29910,SNB,352,for_profit,63,TRUE,1,-351648,3,-351648,-23636,0,FALSE,0,1,16,13,1,1,0,0,129,206
27048,29189,Dairy,160,for_profit,66,FALSE,3,919491,3,919491,61804,5,FALSE,0.278,3,13,10,0,3,1,0,122,133
27049,30163,Dairy,64,for_profit,74,TRUE,3,640,3,513.5467226259368,43,10,FALSE,0,2,9,13,0,1,2,2,147,215
27050,29287,SNB,208,for_profit,74,FALSE,3,481956,3,148359.67647832073,32395,20,FALSE,0.115,7,12,12,0,0,2,0,95,80
27051,29495,SNB,160,pro_environmental,61,FALSE,1,-168478,3,-168478,-36788,15,FALSE,-0.137,2,11,7,2,1,2,0,18,275
27052,29957,Forest,112,for_profit,49,FALSE,2,0,0,0,0,21,TRUE,0,2,8,7,0,0,0,0,103,211
27053,29689,Dairy,96,for_profit,53,TRUE,1,64,3,64,4,5,FALSE,0,4,13,10,4,4,4,0,145,211
27054,29715,Dairy,64,pro_environmental,49,FALSE,3,800,3,800,54,0,FALSE,0.163,2,13,14,2,0,2,2,133,213
27055,28890,Forest,80,for_profit,60,FALSE,3,740998,3,740998,49807,5,FALSE,0.471,1,11,15,0,0,0,0,83,197
27056,29875,Dairy,32,for_profit,63,TRUE,3,73193,3,73193,15982,20,FALSE,0.126,1,11,10,1,1,0,0,110,99
27057,30302,Forest,80,for_profit,57,TRUE,3,0,0,0,0,21,TRUE,0,2,16,12,0,0,0,0,9,310
27058,29740,Forest,96,for_profit,58,TRUE,5,429265,3,246124.93417558807,28853,15,FALSE,0.39,2,12,7,0,0,0,0,85,260
27059,30422,Dairy,144,for_profit,72,TRUE,4,0,0,0,0,21,TRUE,0,1,12,14,0,0,0,0,92,185
27060,29288,Dairy,112,for_profit,58,TRUE,6,105899,3,32598.704818235874,23124,20,FALSE,0.015,1,12,8,0,0,0,1,48,259
27061,30192,SNB,128,for_profit,70,FALSE,4,93101,3,93101,10914,15,FALSE,0.361,2,8,11,2,1,1,0,142,196
27062,29293,SNB,144,for_profit,52,FALSE,3,158542,3,158542,18586,15,FALSE,0.372,1,13,10,0,0,0,1,67,275
27063,29612,Dairy,80,pro_environmental,48,TRUE,4,1920,3,1920,129,5,FALSE,0.002,2,14,15,0,1,0,0,94,73
27064,29217,SNB,208,pro_environmental,73,TRUE,1,-68962,3,-21228.45240913684,-5777,20,FALSE,-0.044,2,11,11,2,1,1,2,84,97
27065,28858,Dairy,192,for_profit,61,FALSE,4,198178,3,198178,43273,15,FALSE,0.142,2,16,11,0,0,1,0,57,124
27066,29728,Forest,272,for_profit,66,FALSE,3,1830926,3,1830926,123067,5,FALSE,0.684,2,13,11,1,0,0,0,73,137
27067,30296,Dairy,80,for_profit,72,FALSE,2,333732,3,191349.7875025622,22432,15,FALSE,0.131,1,18,10,0,1,1,0,88,245
27068,29958,Forest,96,for_profit,55,FALSE,3,420123,3,240883.24396503464,28239,15,FALSE,0.434,2,10,10,0,0,0,0,14,285
27069,30400,Forest,112,for_profit,67,FALSE,2,328875,3,101237.01873575126,22106,20,FALSE,0.232,4,11,10,0,0,0,3,121,173
27070,29352,Dairy,192,for_profit,64,TRUE,2,522,3,160.68635128867245,114,20,FALSE,0,6,14,8,0,2,2,0,145,94
27071,29457,Forest,368,for_profit,55,TRUE,3,0,0,0,0,21,TRUE,0,2,12,10,0,0,0,0,72,117
27072,29921,Forest,288,for_profit,60,FALSE,2,398183,3,398183,26764,5,FALSE,0.692,2,14,9,1,0,1,1,111,232
27073,28838,SNB,368,for_profit,74,FALSE,2,6470,3,6470,1413,15,FALSE,0.001,6,13,10,3,0,6,0,49,135
27074,29516,Dairy,256,for_profit,54,FALSE,3,42660,3,42660,9315,15,FALSE,0.061,5,14,12,1,0,4,0,139,58
27075,29132,SNB,256,for_profit,53,TRUE,3,1080,3,1080,236,15,FALSE,0.002,4,13,13,1,0,4,4,77,121
27076,28925,Forest,320,for_profit,66,FALSE,2,0,0,0,0,21,TRUE,0,4,7,10,0,0,0,0,87,282
27077,29208,Dairy,176,for_profit,65,TRUE,2,1987,3,1139.2735121822034,166,15,FALSE,0,2,13,13,1,1,0,2,129,118
27078,29180,SNB,176,for_profit,65,TRUE,4,0,0,0,0,21,TRUE,0,2,10,13,0,0,2,2,96,268
27079,29867,Dairy,128,for_profit,46,TRUE,3,640,3,640,43,0,FALSE,0,3,14,15,0,1,0,3,136,75
27080,30147,Forest,256,for_profit,75,FALSE,4,1524430,3,1223228.1724572764,102466,10,FALSE,0.37,2,10,15,1,0,0,0,96,151
27081,28970,Dairy,64,for_profit,70,TRUE,1,480,3,385.1600419694526,32,10,FALSE,0,3,10,12,2,3,3,2,123,86
27082,29981,Forest,32,for_profit,45,FALSE,5,45802,3,45802,3079,5,FALSE,0.269,1,7,12,0,0,0,0,122,203
27083,29486,Forest,144,for_profit,55,FALSE,4,219907,3,219907,14781,5,FALSE,0.221,1,12,15,0,0,0,0,100,137
27084,29188,Dairy,128,for_profit,57,TRUE,2,3200,3,3200,215,5,FALSE,0.001,2,16,14,2,2,0,2,60,214
27085,28850,Dairy,48,for_profit,71,TRUE,1,1920,3,1920,129,5,FALSE,0.002,1,9,9,0,1,1,0,106,144
27086,30430,Forest,240,for_profit,64,TRUE,2,0,0,0,0,21,TRUE,0,1,9,17,0,0,0,0,34,237
27087,30497,SNB,384,for_profit,67,TRUE,2,4516,3,4516,529,10,FALSE,0.007,5,7,12,0,0,5,4,82,117
27088,29790,Forest,96,for_profit,50,FALSE,3,252407,3,202535.60565288254,16966,10,FALSE,0.309,1,10,9,0,0,0,0,64,254
27089,28740,Dairy,96,for_profit,75,TRUE,2,1920,3,1540.6401678778104,129,10,FALSE,0.001,2,10,8,2,1,0,0,61,175
27090,30344,Crop,96,for_profit,75,FALSE,2,1920,3,1920,129,0,FALSE,0,3,12,12,1,1,1,0,135,96
27091,30071,Dairy,64,for_profit,62,FALSE,3,848000,3,486212.3494365921,56999,15,FALSE,0.432,3,13,9,0,2,0,1,104,171
27092,29929,Dairy,64,for_profit,47,FALSE,2,294700,3,168970.2587016081,19808,15,FALSE,0.131,2,12,8,2,0,0,0,65,172
27093,29194,Dairy,144,for_profit,59,FALSE,1,430194,3,246657.58897821378,28916,15,FALSE,0.123,4,15,12,0,2,2,0,35,253
27094,29024,Dairy,80,pro_environmental,63,FALSE,2,46638,3,46638,10184,15,FALSE,0.197,4,12,19,1,3,0,3,75,126
27095,29210,SNB,176,pro_environmental,50,FALSE,2,320,3,320,22,0,FALSE,0.152,2,7,9,0,0,1,2,46,133
27096,29719,SNB,64,for_profit,54,FALSE,5,59674,3,34214.90063712169,4011,15,FALSE,0.181,1,10,11,1,0,0,0,83,263
27097,28795,Dairy,176,for_profit,77,FALSE,2,2385772,3,734408.0415453615,160361,20,FALSE,0.278,2,13,12,0,0,0,0,91,247
27098,29301,Dairy,192,for_profit,80,FALSE,2,0,0,0,0,21,TRUE,0,4,13,10,0,0,0,2,20,276
27099,29467,Dairy,144,for_profit,62,FALSE,3,1700556,3,1364554.625690426,114304,10,FALSE,0.543,4,11,12,4,0,0,3,97,118
27100,29147,Dairy,80,for_profit,41,TRUE,2,0,0,0,0,21,TRUE,0,2,14,12,0,1,0,2,94,143
27101,29766,SNB,80,for_profit,65,FALSE,3,0,0,0,0,21,TRUE,0,2,15,18,0,0,1,0,84,114
27102,29838,Dairy,96,pro_environmental,67,TRUE,1,3021,3,3021,354,10,FALSE,0.001,2,15,17,1,1,0,0,58,243
27103,29802,Dairy,144,for_profit,81,FALSE,1,3265,3,3265,273,5,FALSE,0,4,10,10,4,1,0,3,55,194
27104,29602,SNB,96,for_profit,37,TRUE,3,357249,3,204833.57974513335,24013,15,FALSE,0.215,2,10,14,1,0,0,1,55,136
27105,30103,Dairy,80,for_profit,63,FALSE,1,2240,3,2240,151,0,FALSE,0,4,13,11,0,2,3,2,112,78
27106,29550,Dairy,64,pro_environmental,78,FALSE,2,3388,3,3388,397,10,FALSE,0.002,1,15,10,1,1,1,0,84,142
27107,29509,Forest,208,for_profit,59,FALSE,2,428030,3,428030,28770,5,FALSE,0.406,3,14,13,0,0,0,0,106,241
27108,30205,Dairy,96,for_profit,44,TRUE,4,0,0,0,0,21,TRUE,0,2,12,14,1,0,2,2,117,168
27109,30313,Dairy,208,pro_environmental,83,FALSE,2,7174,3,7174,841,10,FALSE,0,3,11,10,2,1,0,1,13,312
27110,29889,Dairy,112,for_profit,66,TRUE,3,0,0,0,0,21,TRUE,0,1,15,12,0,0,0,0,122,164
27111,30101,Dairy,80,for_profit,75,FALSE,3,398861,3,122780.68728228197,26810,20,FALSE,0.081,2,13,13,0,0,2,0,86,227
27112,30213,Dairy,128,for_profit,35,FALSE,3,1188762,3,953882.5454410217,79903,10,FALSE,0.46,2,15,16,0,0,2,0,172,21
27113,28737,Dairy,80,for_profit,70,TRUE,2,4326,3,4326,362,5,FALSE,0.002,1,9,10,1,0,1,0,81,137
27114,29901,Forest,160,for_profit,67,FALSE,2,0,0,0,0,21,TRUE,0,3,9,13,0,0,1,0,117,67
27115,28782,Dairy,240,pro_environmental,58,TRUE,3,224756,3,69186.24821884457,49077,20,FALSE,0.016,1,13,10,1,0,1,0,73,270
27116,29363,Forest,288,for_profit,79,FALSE,1,0,0,0,0,21,TRUE,0,2,12,11,0,0,1,0,131,27
27117,29795,SNB,112,for_profit,76,FALSE,2,3665,3,3665,307,10,FALSE,0.012,4,16,10,3,0,4,3,105,116
27118,30508,Dairy,64,pro_environmental,64,FALSE,3,681582,3,390794.3225869001,45813,15,FALSE,0.292,2,11,12,2,2,0,0,66,181
27119,29998,Forest,128,for_profit,47,TRUE,3,0,0,0,0,21,TRUE,0,2,12,13,0,1,0,0,93,125
27120,30241,Dairy,160,for_profit,68,TRUE,2,2880,3,2880,194,0,FALSE,0,3,14,10,3,0,3,0,99,120
27121,29199,SNB,128,for_profit,56,TRUE,4,0,0,0,0,21,TRUE,0,2,10,10,1,0,2,2,120,65
27122,29744,Dairy,48,pro_environmental,60,TRUE,2,64,3,64,4,0,FALSE,0.001,2,13,12,0,0,1,2,58,162
27123,29270,Forest,144,pro_environmental,81,TRUE,2,0,0,0,0,21,TRUE,0,3,7,11,0,0,0,0,87,303
27124,30139,SNB,96,for_profit,71,TRUE,1,0,0,0,0,21,TRUE,0,3,12,14,2,0,1,0,62,131
27125,29615,Dairy,112,for_profit,52,TRUE,3,3979,3,3192.8162645759417,333,10,FALSE,0.002,4,13,14,3,3,4,3,142,229
27126,28790,Forest,112,for_profit,61,TRUE,2,0,0,0,0,21,TRUE,0,2,13,11,0,0,1,0,95,104
27127,29553,SNB,608,for_profit,62,FALSE,2,140220,3,140220,16438,10,FALSE,0.196,5,9,11,1,0,5,5,99,211
27128,29484,Dairy,96,for_profit,56,TRUE,2,233396,3,71845.88437810536,27361,20,FALSE,0.037,2,10,13,0,0,0,2,85,173
27129,29948,Dairy,80,for_profit,77,TRUE,3,2554,3,786.1933739296351,214,20,FALSE,0.001,2,13,13,2,0,1,1,112,48
27130,30373,Dairy,96,for_profit,81,TRUE,2,3053,3,1750.4791306956552,358,15,FALSE,0.001,3,14,15,2,0,0,1,87,172
27131,28884,Dairy,128,for_profit,63,FALSE,3,1423719,3,816308.6791598059,95696,15,FALSE,0.347,2,15,11,1,0,1,1,94,239
27132,29445,Dairy,320,for_profit,70,FALSE,4,2104224,3,1688464.5919856864,141437,10,FALSE,0.312,3,8,14,3,0,3,3,145,79
27133,28953,Dairy,64,for_profit,64,TRUE,2,0,0,0,0,21,TRUE,0,3,13,12,3,3,3,3,95,124
27134,28727,SNB,144,for_profit,78,TRUE,1,6242,3,5008.68537911109,523,10,FALSE,0.014,3,7,11,0,0,0,2,125,205
27135,29260,Dairy,208,for_profit,47,TRUE,4,7178,3,4115.604061622474,841,15,FALSE,0.001,1,12,12,0,0,1,1,43,246
27136,29665,SNB,96,for_profit,52,TRUE,2,0,0,0,0,21,TRUE,0,1,12,21,0,0,0,1,107,130
27137,28744,Dairy,96,for_profit,65,TRUE,4,2400,3,2400,161,0,FALSE,0.001,2,10,12,2,0,1,2,149,214
27138,30447,SNB,64,for_profit,69,TRUE,2,128,3,128,9,0,FALSE,0,2,10,13,0,0,2,1,131,77
27139,30460,Dairy,80,for_profit,69,FALSE,4,1073199,3,861152.8580866137,72136,10,FALSE,0.61,3,14,12,1,0,2,0,92,113
27140,30264,Dairy,32,for_profit,60,FALSE,4,181451,3,145599.32244874822,12196,10,FALSE,0.345,2,17,11,0,1,1,1,122,83
27141,30234,SNB,160,pro_environmental,57,FALSE,3,284449,3,284449,23827,10,FALSE,0.64,4,11,13,4,0,4,0,54,139
27142,30064,Dairy,336,for_profit,64,TRUE,3,784013,3,629105.1666345759,65674,10,FALSE,0.129,6,15,11,2,0,4,5,141,30
27143,29151,Dairy,208,pro_environmental,71,TRUE,2,0,0,0,0,21,TRUE,0,2,12,9,0,0,0,1,40,141
27144,30369,Dairy,112,for_profit,40,FALSE,3,1021178,3,819410.3361214201,68639,10,FALSE,0.592,3,8,10,2,1,2,0,64,240
27145,30233,Dairy,48,for_profit,76,FALSE,2,202874,3,116320.57096650846,13636,15,FALSE,0.123,1,9,10,0,1,1,1,68,197
27146,29385,SNB,224,for_profit,80,FALSE,2,5280,3,5280,355,0,FALSE,0.115,2,7,9,1,0,1,0,9,291
27147,29169,SNB,176,for_profit,63,FALSE,3,182268,3,146254.8969368504,12251,10,FALSE,0.281,3,12,13,2,0,0,2,63,119
27148,29462,Dairy,144,for_profit,61,FALSE,3,1625382,3,1625382,109251,5,FALSE,0.509,1,11,10,0,1,0,0,119,117
27149,29693,SNB,48,for_profit,49,TRUE,2,0,0,0,0,21,TRUE,0,1,12,12,0,0,1,0,122,130
27150,30315,Forest,384,for_profit,47,FALSE,3,1234645,3,1234645,82988,5,FALSE,0.798,3,10,8,0,0,0,0,149,30
27151,30247,Dairy,528,for_profit,48,FALSE,5,4863291,3,4863291,326890,5,FALSE,0.554,5,8,13,0,4,3,1,166,47
27152,30561,Dairy,64,for_profit,77,FALSE,4,722583,3,222431.46699851114,48569,20,FALSE,0.166,2,10,13,2,0,1,0,96,189
27153,30441,Forest,160,for_profit,64,FALSE,2,1592296,3,912964.5980642545,107027,15,FALSE,0.314,2,13,9,1,0,0,1,89,268
27154,30514,Dairy,96,for_profit,74,TRUE,1,0,0,0,0,21,TRUE,0,3,10,11,0,0,3,0,126,27
27155,28781,Forest,128,for_profit,47,FALSE,3,404302,3,404302,27175,5,FALSE,0.457,1,11,13,0,0,0,0,101,151
27156,29911,Forest,160,for_profit,59,TRUE,3,0,0,0,0,21,TRUE,0,1,13,17,0,0,0,0,61,246
27157,29037,Dairy,128,for_profit,64,TRUE,3,442,3,442,52,10,FALSE,0,3,14,12,0,2,3,3,140,83
27158,28985,Dairy,128,pro_environmental,60,TRUE,2,3200,3,3200,215,5,FALSE,0.001,3,8,13,0,2,0,0,112,135
27159,30548,Dairy,64,for_profit,71,TRUE,2,0,0,0,0,21,TRUE,0,2,15,13,0,1,0,2,123,157
27160,29242,Forest,48,for_profit,59,FALSE,2,47885,3,27455.516925437747,3219,15,FALSE,0.108,1,12,17,0,0,0,0,38,235
27161,29007,Dairy,80,pro_environmental,52,FALSE,2,128858,3,128858,15106,10,FALSE,0.201,2,14,15,0,1,2,0,49,161
27162,30337,Dairy,64,for_profit,56,TRUE,2,2119,3,652.2880811890747,248,20,FALSE,0,2,10,9,1,0,0,2,124,126
27163,28760,Forest,96,for_profit,62,FALSE,4,233644,3,187479.86009564745,15705,10,FALSE,0.368,1,12,11,0,0,0,0,79,117
27164,30552,Dairy,96,for_profit,61,FALSE,2,425027,3,130835.32151182106,28568,20,FALSE,0.069,1,9,9,1,1,0,0,86,202
27165,29512,Dairy,48,for_profit,70,TRUE,1,2659,3,818.5153411428737,581,20,FALSE,0.001,1,11,16,0,1,0,1,95,148
27166,29088,Dairy,160,for_profit,64,TRUE,3,0,0,0,0,21,TRUE,0,1,9,10,0,0,0,0,104,152
27167,29634,Dairy,64,for_profit,58,TRUE,2,192,3,192,13,5,FALSE,0,2,13,9,0,0,1,0,65,134
27168,29785,Forest,176,for_profit,49,FALSE,2,186694,3,186694,12549,5,FALSE,0.524,1,10,11,0,0,0,0,13,326
27169,29781,Dairy,32,for_profit,39,TRUE,4,318632,3,98083.93387703503,21417,20,FALSE,0.138,1,12,11,0,0,0,0,120,126
27170,29078,Dairy,96,for_profit,64,TRUE,1,2785,3,1596.8176806378642,233,15,FALSE,0.001,2,11,14,2,2,2,0,118,163
27171,30560,Dairy,112,for_profit,52,FALSE,4,398645,3,319879.4269394009,33393,10,FALSE,0.143,2,12,15,0,0,0,2,79,175
27172,30148,Dairy,96,for_profit,60,FALSE,4,1236860,3,992477.1864798691,83136,10,FALSE,0.496,2,13,9,2,2,2,1,120,154
27173,29638,Forest,48,for_profit,52,FALSE,2,104628,3,32207.455100826097,7033,20,FALSE,0.097,1,11,13,0,0,0,0,48,235
27174,30338,Forest,80,for_profit,54,TRUE,2,0,0,0,0,21,TRUE,0,1,13,13,0,0,0,0,68,264
27175,29022,Dairy,64,for_profit,53,FALSE,2,704559,3,216883.17045516433,47357,20,FALSE,0.206,2,14,14,0,0,1,0,44,264
27176,29354,Dairy,192,for_profit,73,FALSE,1,0,0,0,0,21,TRUE,0,1,8,11,0,0,0,0,38,135
27177,30437,Forest,112,for_profit,67,FALSE,1,0,0,0,0,21,TRUE,0,1,12,9,0,0,0,0,120,37
27178,30484,Dairy,64,for_profit,61,TRUE,2,0,0,0,0,21,TRUE,0,2,16,12,1,0,1,0,118,173
27179,28883,SNB,368,pro_environmental,54,TRUE,4,-27185,3,-27185,-2277,5,FALSE,0.004,6,8,10,5,1,4,0,145,106
27180,29258,Forest,48,pro_environmental,62,FALSE,6,81724,3,81724,5493,5,FALSE,0.369,2,12,13,0,0,0,0,97,255
27181,29570,Dairy,80,for_profit,68,FALSE,1,2293,3,2293,192,5,FALSE,0.002,4,8,13,4,4,1,4,68,107
27182,29507,SNB,160,for_profit,58,TRUE,3,0,0,0,0,21,TRUE,0,1,12,12,0,0,0,0,108,54
27183,29092,SNB,272,for_profit,59,FALSE,1,828194,3,664556.7412476017,55668,10,FALSE,0.607,4,12,17,0,1,3,0,123,125
27184,29240,Dairy,32,for_profit,57,FALSE,3,145302,3,145302,9767,5,FALSE,0.252,2,13,14,2,0,1,1,113,56
27185,28960,Dairy,64,for_profit,68,TRUE,2,1920,3,591.030257613508,129,20,FALSE,0.001,2,15,12,0,2,0,0,86,135
27186,29014,Dairy,80,pro_environmental,67,FALSE,2,1230275,3,705394.927126301,82694,15,FALSE,0.461,2,15,12,0,0,0,0,116,135
27187,30112,Forest,48,for_profit,48,TRUE,4,116880,3,93786.47021956171,7856,10,FALSE,0.283,1,14,12,0,0,0,0,112,113
27188,30055,Dairy,160,for_profit,46,FALSE,4,1504192,3,1206988.8621877392,101105,10,FALSE,0.543,3,11,13,0,0,0,0,8,300
27189,30582,Forest,64,pro_environmental,45,TRUE,4,344467,3,276406.09203560714,23154,10,FALSE,0.625,1,8,14,0,0,0,0,68,195
27190,28784,SNB,192,for_profit,54,TRUE,2,2985,3,2985,652,15,FALSE,0.008,4,7,6,4,0,0,4,63,147
27191,29903,Dairy,64,for_profit,44,FALSE,2,894196,3,894196,60104,5,FALSE,0.711,1,14,9,1,1,0,0,83,175
27192,29214,SNB,32,for_profit,70,FALSE,3,31641,3,9739.993948515106,2127,20,FALSE,0.099,2,14,13,0,0,0,1,98,136
27193,29125,Forest,208,for_profit,64,FALSE,3,781369,3,448008.5580977836,52520,15,FALSE,0.303,4,10,9,0,0,0,0,179,38
27194,29443,SNB,736,for_profit,50,TRUE,3,-113160,3,-113160,-9479,5,FALSE,-0.151,6,10,10,2,1,6,5,108,201
27195,29508,SNB,432,for_profit,59,FALSE,2,229400,3,184074.40339123423,15419,10,FALSE,0.181,4,8,15,2,0,2,0,76,111
27196,30274,Forest,224,for_profit,67,TRUE,3,0,0,0,0,21,TRUE,0,3,10,12,2,0,0,0,110,86
27197,29923,Dairy,96,pro_environmental,68,FALSE,3,1402007,3,803859.8082506463,94237,15,FALSE,0.426,1,10,11,0,1,0,0,128,69
27198,30359,Dairy,96,for_profit,52,FALSE,1,1300865,3,400443.0083699979,87439,20,FALSE,0.218,2,8,11,1,1,0,2,103,127
27199,30242,Dairy,64,pro_environmental,62,TRUE,3,4785,3,4785,561,10,FALSE,0.002,1,12,13,0,1,1,1,84,141
27200,30573,SNB,160,for_profit,60,FALSE,4,223438,3,223438,15019,5,FALSE,0.459,4,10,12,0,1,3,2,89,95
27201,29131,Dairy,160,for_profit,43,TRUE,4,275858,3,275858,32339,10,FALSE,0.214,3,10,9,3,1,1,3,49,145
27202,29876,Dairy,128,pro_environmental,61,FALSE,2,926,3,926,109,10,FALSE,0.001,3,10,11,3,0,2,0,88,253
27203,28794,Dairy,80,for_profit,47,TRUE,3,1920,3,1920,129,5,FALSE,0.001,2,12,12,2,2,2,2,71,172
27204,29647,Dairy,224,for_profit,53,TRUE,4,4355,3,4355,365,5,FALSE,0,4,12,15,2,2,0,4,102,105
27205,30585,SNB,80,for_profit,59,FALSE,3,64158,3,64158,7521,15,FALSE,0.303,3,11,12,3,0,2,2,84,86
27206,29257,Forest,112,for_profit,65,FALSE,2,865,3,694.0904922991177,72,10,FALSE,0.001,4,7,18,3,2,0,0,134,137
27207,29245,Dairy,208,pro_environmental,56,TRUE,3,4279,3,4279,502,10,FALSE,0.001,5,8,10,3,4,0,5,78,198
27208,28896,Dairy,240,for_profit,54,TRUE,3,14352,3,11516.285254886632,1202,10,FALSE,0.002,2,13,11,2,1,2,0,112,168
27209,29436,Dairy,80,for_profit,61,TRUE,4,649638,3,649638,76157,15,FALSE,0.439,2,12,12,2,2,0,0,84,145
27210,29812,Dairy,64,for_profit,66,TRUE,2,0,0,0,0,21,TRUE,0,2,10,14,0,1,0,1,81,276
27211,30440,SNB,240,for_profit,67,FALSE,4,960,3,960,65,0,FALSE,0.119,1,11,11,0,0,1,1,65,258
27212,29049,Forest,144,for_profit,48,FALSE,5,756899,3,756899,50876,5,FALSE,0.764,3,11,10,0,0,0,0,132,69
27213,28987,Dairy,112,for_profit,68,TRUE,4,231,3,231,19,5,FALSE,0,4,8,16,0,0,4,0,134,111
27214,28889,Dairy,128,for_profit,57,TRUE,2,3533,3,1087.5572396606892,771,20,FALSE,0,3,14,13,3,3,0,1,70,179
27215,29212,SNB,80,for_profit,80,FALSE,1,0,0,0,0,21,TRUE,0,2,13,12,0,0,1,0,40,231
27216,29305,Dairy,128,for_profit,84,FALSE,3,0,0,0,0,21,TRUE,0,3,11,12,1,1,0,2,139,119
27217,29919,Dairy,96,for_profit,65,TRUE,1,3200,3,3200,215,5,FALSE,0.002,2,10,10,2,2,1,0,99,193
27218,29772,Dairy,128,for_profit,58,FALSE,4,564957,3,453330.96214778343,37974,10,FALSE,0.223,3,15,13,1,2,0,2,54,212
27219,30435,Dairy,96,for_profit,77,TRUE,2,3840,3,1182.060515227016,258,20,FALSE,0.001,1,12,7,0,1,0,0,108,161
27220,29964,Forest,96,for_profit,76,FALSE,1,0,0,0,0,21,TRUE,0,2,10,7,0,0,0,0,119,210
27221,28942,Forest,96,for_profit,63,TRUE,6,316529,3,181486.21315426304,21276,15,FALSE,0.281,1,12,12,0,0,0,0,95,129
27222,30223,Forest,48,for_profit,72,FALSE,2,591098,3,338914.08882932866,39731,15,FALSE,0.388,1,15,15,0,0,0,0,84,258
27223,30251,SNB,80,pro_environmental,58,TRUE,2,22537,3,22537,1888,10,FALSE,0.091,2,11,11,2,0,2,2,110,122
27224,29043,Crop,80,for_profit,52,FALSE,3,831797,3,667447.8488126349,55910,10,FALSE,0.383,1,11,18,0,0,0,0,56,253
27225,30310,Dairy,272,for_profit,58,TRUE,4,2552,3,2552,214,5,FALSE,0,8,11,14,8,3,4,0,120,60
27226,29839,Dairy,32,pro_environmental,69,FALSE,2,49156,3,49156,5763,10,FALSE,0.212,2,13,7,2,1,0,1,23,274
27227,30038,Dairy,672,pro_environmental,74,TRUE,4,6664,3,6664,558,5,FALSE,0,8,10,8,4,5,6,1,101,97
27228,29187,Dairy,176,for_profit,30,TRUE,2,7040,3,7040,473,5,FALSE,0.002,1,9,7,0,1,0,0,97,165
27229,29586,Forest,112,for_profit,74,FALSE,2,0,0,0,0,21,TRUE,0,4,15,13,0,0,0,0,148,224
27230,30349,Dairy,128,for_profit,56,FALSE,3,241747,3,241747,52787,15,FALSE,0.189,2,14,8,0,1,2,2,59,216
27231,29435,Forest,240,for_profit,60,TRUE,3,0,0,0,0,21,TRUE,0,2,13,10,0,1,1,0,28,256
27232,28778,SNB,192,for_profit,56,TRUE,1,3564,3,3564,240,5,FALSE,0.009,2,9,11,2,0,2,2,126,234
27233,30134,Forest,272,for_profit,79,FALSE,2,0,0,0,0,21,TRUE,0,4,9,8,1,0,0,3,152,234
27234,29410,Dairy,144,pro_environmental,60,FALSE,4,1082508,3,1082508,72762,5,FALSE,0.37,4,10,10,0,4,1,0,126,100
27235,30262,Forest,80,for_profit,61,FALSE,3,539815,3,433156.60011612513,36284,10,FALSE,0.544,2,12,11,1,0,1,0,119,121
27236,30209,Dairy,384,for_profit,53,TRUE,2,0,0,0,0,21,TRUE,0,3,10,10,0,3,2,0,46,247
27237,30162,Dairy,48,for_profit,55,FALSE,2,480,3,480,32,0,FALSE,0.024,3,13,13,1,0,2,2,142,235
27238,28906,SNB,80,for_profit,67,FALSE,4,68222,3,68222,7998,15,FALSE,0.266,1,15,12,0,0,0,0,135,93
27239,29415,Forest,64,for_profit,62,FALSE,6,225546,3,180981.88922092115,15160,10,FALSE,0.413,2,12,11,0,0,0,0,86,145
27240,29268,Dairy,112,pro_environmental,54,TRUE,1,755,3,232.41033567614505,165,20,FALSE,0,2,16,15,0,1,2,0,54,224
27241,30333,Forest,64,for_profit,79,FALSE,3,0,0,0,0,21,TRUE,0,1,11,12,0,0,0,0,111,150
27242,30216,Dairy,128,for_profit,52,FALSE,5,1190812,3,955527.499786933,80041,10,FALSE,0.41,1,10,16,0,0,0,0,72,265
27243,30261,Crop,208,for_profit,58,TRUE,3,64,3,51.35467226259368,4,10,FALSE,0,3,12,10,0,0,1,0,42,239
27244,29129,SNB,208,for_profit,67,FALSE,1,2276,3,2276,267,10,FALSE,0.001,4,10,14,3,0,1,0,129,40
27245,29175,Dairy,160,for_profit,68,FALSE,2,960,3,960,65,5,FALSE,0,4,13,9,3,2,0,0,89,162
27246,29041,Forest,128,for_profit,59,FALSE,2,218874,3,125494.38888040642,14712,15,FALSE,0.142,1,17,12,0,0,0,0,90,203
27247,28833,Forest,144,for_profit,70,FALSE,2,757369,3,607725.5746382549,50907,10,FALSE,0.618,1,11,12,0,0,0,0,60,279
27248,30386,Dairy,64,for_profit,58,TRUE,3,958384,3,769023.3784642747,64418,10,FALSE,0.708,2,17,11,0,1,0,0,68,182
27249,29428,Dairy,96,pro_environmental,53,FALSE,3,716886,3,716886,48186,5,FALSE,0.41,1,13,11,0,1,1,1,82,238
27250,29747,Dairy,64,for_profit,70,FALSE,3,463169,3,265564.25433513784,31132,15,FALSE,0.187,1,10,13,0,0,0,1,99,170
27251,30075,Dairy,448,for_profit,60,TRUE,3,13440,3,4137.2118032945555,903,20,FALSE,0.001,1,13,9,1,0,0,1,107,246
27252,29492,Forest,32,for_profit,64,FALSE,2,257179,3,147457.08232989776,17286,15,FALSE,0.675,1,12,15,0,0,0,0,74,240
27253,29872,SNB,128,pro_environmental,63,FALSE,1,3680,3,3680,247,0,FALSE,0,3,12,9,3,0,3,1,86,83
27254,28923,Dairy,144,for_profit,51,TRUE,2,800,3,800,54,0,FALSE,0.175,4,14,13,0,0,2,2,100,86
27255,29219,Forest,192,pro_environmental,47,TRUE,5,0,0,0,0,21,TRUE,0,2,15,14,0,0,0,0,76,138
27256,29290,Forest,208,for_profit,49,TRUE,3,0,0,0,0,21,TRUE,0,3,11,11,1,0,1,0,117,209
27257,30554,Forest,80,for_profit,60,FALSE,2,736149,3,590698.2911161886,49481,10,FALSE,0.405,1,10,13,0,0,0,0,60,254
27258,29554,Dairy,96,for_profit,55,TRUE,4,3840,3,3840,258,5,FALSE,0.002,1,11,15,1,1,1,0,59,194
27259,30415,Dairy,176,for_profit,73,FALSE,1,800,3,800,54,0,FALSE,0,2,12,8,0,0,0,1,56,113
27260,30270,Dairy,96,for_profit,58,TRUE,1,837,3,479.9053496207872,98,15,FALSE,0,2,10,9,0,0,2,2,73,105
27261,29853,Crop,112,for_profit,52,TRUE,3,0,0,0,0,21,TRUE,0,1,15,7,0,0,0,0,54,238
27262,30080,SNB,48,for_profit,59,TRUE,4,0,0,0,0,21,TRUE,0,1,10,11,0,0,0,0,100,256
27263,30208,Dairy,80,for_profit,66,TRUE,3,2240,3,2240,151,5,FALSE,0.002,4,14,11,3,0,0,3,136,86
27264,30256,Forest,736,for_profit,76,TRUE,1,0,0,0,0,21,TRUE,0,4,10,15,0,0,0,0,94,285
27265,30445,Dairy,128,for_profit,58,FALSE,6,1761503,3,1761503,118401,5,FALSE,0.783,3,11,14,1,0,1,1,120,147
27266,29894,Forest,48,for_profit,49,TRUE,2,573123,3,459883.4973617887,38523,10,FALSE,0.487,1,8,11,0,0,0,0,55,255
27267,30363,Dairy,272,for_profit,75,FALSE,3,10240,3,10240,688,0,FALSE,0.036,2,7,12,0,1,0,2,137,199
27268,28918,Dairy,128,for_profit,65,TRUE,2,5001,3,5001,419,5,FALSE,0.002,3,10,11,3,3,3,0,44,126
27269,30547,Forest,112,for_profit,77,TRUE,2,0,0,0,0,21,TRUE,0,1,14,9,0,0,0,0,87,262
27270,29994,SNB,112,pro_environmental,55,TRUE,2,1090,3,1090,91,5,FALSE,0.004,2,13,12,2,0,1,0,100,259
27271,29663,Dairy,464,for_profit,60,FALSE,3,4052542,3,2323580.1497764923,272394,15,FALSE,0.303,5,8,11,0,1,2,2,135,48
27272,30442,Dairy,208,for_profit,49,FALSE,2,1454351,3,1454351,97755,5,FALSE,0.324,2,11,7,0,0,2,2,85,155
27273,29569,Dairy,80,for_profit,75,FALSE,2,704686,3,216922.2646440794,47366,20,FALSE,0.143,2,12,10,1,2,2,0,85,218
27274,29218,SNB,352,for_profit,72,TRUE,4,737,3,737,62,5,FALSE,0,5,12,10,1,0,4,0,141,100
27275,30541,Dairy,64,for_profit,70,FALSE,2,665118,3,381354.4639534991,55715,15,FALSE,0.327,1,12,13,1,1,1,0,83,246
27276,29630,SNB,192,for_profit,36,FALSE,1,193214,3,193214,22651,15,FALSE,0.446,4,13,11,2,0,4,4,14,295
27277,30408,SNB,320,for_profit,79,TRUE,1,3104,3,3104,209,0,FALSE,0.001,6,12,8,1,0,6,5,92,85
27278,29058,SNB,96,for_profit,56,TRUE,2,0,0,0,0,21,TRUE,0,1,9,9,0,0,0,0,51,233
27279,29220,Dairy,144,for_profit,55,FALSE,3,1428077,3,818807.3978141039,95989,15,FALSE,0.339,1,11,14,0,0,1,0,122,45
27280,30301,Dairy,176,for_profit,63,FALSE,3,64,3,64,4,0,FALSE,0.041,3,16,11,0,0,3,0,100,122
27281,28840,Forest,48,for_profit,54,TRUE,3,0,0,0,0,21,TRUE,0,2,12,14,0,0,0,0,102,199
27282,29928,Dairy,80,pro_environmental,78,FALSE,1,3631,3,1117.7244090597121,793,20,FALSE,0.001,1,10,9,1,0,0,1,136,125
27283,28893,Dairy,192,for_profit,67,FALSE,2,0,0,0,0,21,TRUE,0,3,11,15,1,0,2,0,115,124
27284,28926,SNB,96,pro_environmental,46,TRUE,2,1063,3,1063,89,5,FALSE,0.001,3,13,14,1,0,3,3,89,88
27285,30093,SNB,80,for_profit,52,FALSE,4,80728,3,80728,6762,10,FALSE,0.447,2,12,12,1,0,0,1,94,267
27286,30543,Dairy,192,for_profit,39,FALSE,3,2225683,3,1785925.328522286,149601,10,FALSE,0.543,4,10,15,3,0,1,0,138,76
27287,29012,SNB,80,for_profit,50,TRUE,2,-79920,3,-64129.14698791386,-5372,10,FALSE,-0.25,1,10,12,0,1,0,0,78,196
27288,30057,Dairy,80,for_profit,64,TRUE,2,0,0,0,0,21,TRUE,0,1,11,7,1,1,1,0,77,250
27289,30089,Dairy,128,for_profit,35,FALSE,3,473183,3,473183,31805,5,FALSE,0.218,2,15,12,1,0,0,1,108,153
27290,29265,Dairy,144,for_profit,57,TRUE,2,800,3,800,54,0,FALSE,0,3,11,13,0,3,2,3,84,214
27291,29266,Forest,128,for_profit,78,TRUE,3,0,0,0,0,21,TRUE,0,3,13,10,0,0,1,0,118,129
27292,28861,SNB,128,for_profit,54,TRUE,4,2695,3,2695,226,5,FALSE,0.01,2,11,9,1,0,1,0,12,291
27293,30420,Forest,144,for_profit,57,FALSE,5,386129,3,386129,25954,5,FALSE,0.505,1,13,10,0,0,0,0,68,119
27294,30352,Dairy,32,for_profit,70,TRUE,3,0,0,0,0,21,TRUE,0,1,14,9,0,0,0,0,48,150
27295,29154,Forest,240,for_profit,62,FALSE,2,628156,3,193364.16796951598,42222,20,FALSE,0.157,2,9,16,0,0,0,0,144,74
27296,28788,Forest,112,for_profit,67,FALSE,2,2400,3,2400,161,0,FALSE,0,2,13,7,0,0,0,1,10,300
27297,29148,Dairy,144,for_profit,50,FALSE,2,1185870,3,951561.9561881558,79709,10,FALSE,0.366,2,17,12,0,1,2,2,14,309
27298,29984,Forest,128,for_profit,48,FALSE,3,1638952,3,1638952,110163,5,FALSE,0.717,2,15,12,0,1,0,1,127,209
27299,29409,Dairy,112,for_profit,67,TRUE,2,0,0,0,0,21,TRUE,0,2,19,12,0,0,0,0,82,127
27300,28937,SNB,416,for_profit,70,FALSE,2,755192,3,432999.6186270269,50761,15,FALSE,0.291,2,13,9,0,0,1,0,103,145
27301,29039,Forest,64,for_profit,53,FALSE,4,142588,3,142588,9584,5,FALSE,0.322,1,9,10,0,0,0,0,120,166
27302,29914,Dairy,80,for_profit,62,FALSE,2,1045310,3,838774.2572314343,70261,10,FALSE,0.576,1,12,10,1,1,0,0,62,262
27303,29968,Dairy,192,for_profit,48,TRUE,2,2664,3,2664,582,15,FALSE,0.001,3,17,13,0,3,1,2,73,169
27304,29830,Dairy,64,for_profit,42,FALSE,4,686007,3,550463.5102319547,46110,10,FALSE,0.446,2,9,14,0,0,2,2,72,159
27305,30081,SNB,48,for_profit,64,FALSE,3,51318,3,51318,3449,5,FALSE,0.44,2,10,12,1,0,0,0,78,287
27306,29974,Dairy,160,for_profit,79,TRUE,1,6400,3,6400,430,0,FALSE,0.001,2,11,8,0,2,2,1,107,170
27307,28845,Dairy,128,for_profit,58,TRUE,2,0,0,0,0,21,TRUE,0,1,8,11,0,1,0,0,75,263
27308,29945,Forest,64,for_profit,71,TRUE,4,129501,3,39864.067391253586,8705,20,FALSE,0.091,1,10,9,0,0,0,0,92,115
27309,29880,Crop,80,for_profit,38,TRUE,3,960,3,960,65,0,FALSE,0,2,12,11,2,0,0,0,84,125
27310,29977,SNB,96,pro_environmental,32,TRUE,3,3251,3,3251,272,5,FALSE,0,3,14,12,3,0,2,2,28,258
27311,29893,Forest,96,for_profit,55,TRUE,2,1440,3,1440,97,0,FALSE,0,2,15,9,1,1,0,0,47,129
27312,29531,SNB,64,pro_environmental,79,TRUE,2,1877,3,577.7936424690388,220,20,FALSE,0.003,2,7,11,1,0,1,2,105,190
27313,28837,Dairy,112,pro_environmental,53,FALSE,1,373438,3,373438,43778,10,FALSE,0.208,1,13,13,0,1,0,1,120,131
27314,28741,SNB,272,for_profit,70,FALSE,1,800,3,800,54,5,FALSE,0.001,4,12,11,2,0,4,2,86,95
27315,30464,Forest,64,for_profit,46,FALSE,3,196564,3,157726.24685350724,13212,10,FALSE,0.361,1,15,16,0,0,0,0,127,217
27316,28993,Dairy,80,for_profit,53,TRUE,4,1600,3,1600,108,0,FALSE,0.012,3,8,14,2,2,0,3,148,218
27317,30176,Dairy,96,for_profit,61,FALSE,2,774562,3,774562,52063,5,FALSE,0.41,1,11,12,0,0,0,0,44,241
27318,29965,Dairy,304,for_profit,66,TRUE,2,2062,3,1654.5833469604402,173,10,FALSE,0,5,14,12,3,0,5,2,88,81
27319,29961,Dairy,112,for_profit,29,TRUE,2,1576,3,1576,344,15,FALSE,0,2,12,9,1,2,1,0,120,103
27320,29374,Forest,64,for_profit,61,FALSE,4,205407,3,117772.90101500243,13807,15,FALSE,0.266,1,15,13,0,0,0,0,110,159
27321,30110,Forest,80,for_profit,76,FALSE,3,0,0,0,0,21,TRUE,0,1,14,14,0,0,0,0,78,172
27322,29337,Crop,32,for_profit,57,FALSE,1,-31968,3,-31968,-2149,0,FALSE,0.071,1,13,10,0,0,1,1,56,234
27323,29030,SNB,80,for_profit,48,FALSE,2,79201,3,79201,6634,10,FALSE,0.334,1,10,15,0,0,1,1,71,276
27324,28897,SNB,48,for_profit,53,FALSE,4,109863,3,62991.44734216075,9203,15,FALSE,0.362,2,13,18,0,0,0,0,25,267
27325,30132,Dairy,176,pro_environmental,70,FALSE,2,1280,3,1280,86,0,FALSE,0.171,6,14,12,2,3,0,4,92,120
27326,29811,Dairy,80,for_profit,54,TRUE,4,577,3,462.99446711744616,48,10,FALSE,0,1,10,7,0,1,1,1,88,208
27327,30367,Dairy,128,for_profit,65,TRUE,3,642,3,515.1515561341429,54,10,FALSE,0,3,15,8,0,1,3,2,97,203
27328,29935,Dairy,48,for_profit,52,FALSE,4,541889,3,541889,36423,5,FALSE,0.781,2,12,12,0,0,1,0,108,106
27329,29983,Dairy,80,for_profit,52,TRUE,1,0,0,0,0,21,TRUE,0,1,13,10,1,1,0,0,80,232
27330,29353,Dairy,80,pro_environmental,59,TRUE,2,3627,3,2079.5898483567444,425,15,FALSE,0.001,1,14,14,0,1,1,0,44,267
27331,30462,SNB,224,pro_environmental,45,FALSE,2,205614,3,205614,24104,15,FALSE,0.431,3,12,15,0,0,2,0,102,243
27332,30454,SNB,464,for_profit,61,TRUE,3,18251,3,18251,1529,10,FALSE,0.019,3,9,18,3,0,3,3,4,303
27333,29493,Dairy,64,for_profit,61,TRUE,4,64,3,64,4,0,FALSE,0,3,11,8,3,0,3,2,97,250
27334,29115,Forest,240,for_profit,76,TRUE,1,0,0,0,0,21,TRUE,0,6,14,10,0,0,0,0,137,32
27335,30327,Crop,144,pro_environmental,63,TRUE,3,-30041,3,-9247.468733837182,-3522,20,FALSE,-0.003,2,11,11,2,0,1,0,114,139
27336,29203,Dairy,48,pro_environmental,57,TRUE,3,1362,3,1362,297,15,FALSE,0.002,3,14,11,2,0,0,2,9,308
27337,28944,Dairy,112,for_profit,77,TRUE,1,5600,3,5600,376,5,FALSE,0.003,1,11,14,0,1,1,1,75,156
27338,30571,SNB,256,for_profit,52,TRUE,2,6618,3,5310.394078653828,554,10,FALSE,0.007,2,8,12,1,1,1,1,140,112
27339,29213,Dairy,80,for_profit,60,FALSE,3,1034773,3,593301.1927636211,69553,15,FALSE,0.4,2,13,9,0,1,0,2,125,164
27340,29339,Dairy,176,pro_environmental,57,FALSE,3,2079279,3,2079279,139760,5,FALSE,0.758,4,11,13,1,0,3,0,49,221
27341,29578,Dairy,48,for_profit,76,FALSE,3,1594,3,1594,134,5,FALSE,0,1,12,14,1,0,1,1,74,153
27342,30588,SNB,240,for_profit,70,FALSE,3,287592,3,287592,24091,10,FALSE,0.604,2,6,12,2,0,0,2,36,228
27343,29918,Dairy,240,for_profit,51,FALSE,2,1933125,3,1551171.8877754128,129936,10,FALSE,0.5,3,10,11,2,1,0,0,46,117
27344,29936,SNB,144,for_profit,52,FALSE,3,1786718,3,1024439.0997177463,120096,15,FALSE,0.399,4,12,11,0,0,0,2,95,195
27345,29908,Dairy,96,for_profit,45,FALSE,2,404322,3,404322,27177,5,FALSE,0.201,3,12,12,2,3,3,1,81,189
27346,29667,Dairy,112,pro_environmental,64,TRUE,2,198,3,198,43,15,FALSE,0,3,13,14,3,0,3,0,140,126
27347,29120,Dairy,128,for_profit,64,FALSE,4,1768074,3,1768074,118842,5,FALSE,0.703,1,15,9,1,1,0,1,122,162
27348,29546,Dairy,64,for_profit,77,FALSE,3,805071,3,247823.60444123147,54113,20,FALSE,0.213,1,12,13,0,0,1,0,28,263
27349,30118,Dairy,48,pro_environmental,53,TRUE,3,1920,3,1100.8581496677557,129,15,FALSE,0.001,1,8,11,0,1,1,0,110,44
27350,29917,Forest,48,pro_environmental,62,FALSE,2,438555,3,251451.48220184506,29478,15,FALSE,0.288,1,15,11,0,0,0,0,53,271
27351,30096,Dairy,96,for_profit,82,FALSE,2,0,0,0,0,21,TRUE,0,3,8,11,0,0,2,0,108,81
27352,29377,Forest,64,for_profit,69,FALSE,3,214493,3,66027.00679494487,14417,20,FALSE,0.149,1,11,10,0,0,0,0,98,162
27353,29784,Dairy,32,for_profit,62,FALSE,3,218162,3,218162,14664,5,FALSE,0.478,2,13,15,1,1,0,1,104,158
27354,30279,SNB,240,for_profit,85,TRUE,4,5677,3,5677,476,5,FALSE,0.009,3,10,14,2,0,0,0,104,66
27355,30556,Dairy,64,for_profit,66,TRUE,1,0,0,0,0,21,TRUE,0,1,13,12,0,0,1,0,59,236
27356,29321,Dairy,80,for_profit,55,TRUE,3,4000,3,2293.4544784744908,269,15,FALSE,0.002,1,11,9,0,1,0,1,22,260
27357,30188,Dairy,64,for_profit,61,FALSE,3,1600,3,1600,108,0,FALSE,0.206,2,18,12,0,0,2,1,52,148
27358,28849,Forest,256,for_profit,57,FALSE,2,48461,3,14917.665267816776,10582,20,FALSE,0.013,2,9,10,0,0,1,1,86,286
27359,30455,Forest,48,for_profit,53,FALSE,3,309953,3,309953,20834,5,FALSE,0.728,1,13,10,0,0,0,0,98,143
27360,29059,Dairy,96,for_profit,52,FALSE,3,457955,3,457955,30782,5,FALSE,0.238,2,15,12,0,0,0,0,81,173
27361,29157,Dairy,192,for_profit,49,FALSE,2,1894502,3,583181.2526610969,127340,20,FALSE,0.219,5,12,17,0,0,0,0,92,77
27362,30419,Dairy,96,for_profit,59,TRUE,1,4000,3,3209.667016412105,269,10,FALSE,0.002,2,13,14,0,2,0,2,132,22
27363,30357,Dairy,80,for_profit,71,FALSE,4,320,3,320,22,0,FALSE,0.152,1,12,15,1,1,1,0,144,215
27364,29564,Dairy,64,pro_environmental,50,TRUE,3,598,3,598,131,15,FALSE,0.001,3,13,15,3,3,3,1,149,235
27365,29807,Forest,80,for_profit,51,TRUE,4,0,0,0,0,21,TRUE,0,1,13,10,0,0,0,0,67,270
27366,29528,Dairy,48,for_profit,45,FALSE,3,397987,3,397987,26751,5,FALSE,0.422,1,15,15,0,0,0,1,138,212
27367,28934,Dairy,128,pro_environmental,59,TRUE,5,1760,3,1760,118,0,FALSE,0,5,13,14,1,5,5,0,123,171
27368,30070,Forest,64,for_profit,52,FALSE,2,928639,3,532447.8183590182,62419,15,FALSE,0.382,1,11,11,0,0,0,0,115,97
27369,29863,Dairy,160,for_profit,48,TRUE,4,4595,3,4595,539,10,FALSE,0,2,11,11,2,0,0,0,15,290
27370,29252,Dairy,224,for_profit,73,FALSE,3,11200,3,11200,753,5,FALSE,0.003,1,12,10,0,0,0,1,83,168
27371,30033,SNB,160,pro_environmental,65,FALSE,2,2854,3,2854,623,15,FALSE,0.053,4,10,11,4,0,4,4,53,164
27372,30399,Forest,304,for_profit,38,FALSE,2,904350,3,904350,60787,5,FALSE,0.348,2,15,13,0,0,1,1,179,22
27373,28995,Dairy,320,for_profit,60,FALSE,3,1440,3,1440,97,5,FALSE,0,2,10,11,1,0,2,0,144,71
27374,29607,Dairy,32,for_profit,60,FALSE,4,471687,3,471687,31705,5,FALSE,0.778,2,10,12,1,0,1,0,135,128
27375,29193,Forest,128,for_profit,54,FALSE,3,0,0,0,0,21,TRUE,0,1,13,8,0,0,0,0,100,161
27376,30473,Dairy,80,for_profit,65,TRUE,2,192,3,192,13,5,FALSE,0,2,12,17,0,2,1,2,90,218
27377,29662,Dairy,144,for_profit,42,TRUE,2,0,0,0,0,21,TRUE,0,3,17,14,0,0,1,0,133,23
27378,30152,Dairy,128,for_profit,73,TRUE,2,806,3,806,94,10,FALSE,0,1,15,10,0,1,1,1,82,199
27379,29576,Dairy,80,pro_environmental,50,TRUE,2,800,3,641.9334032824211,54,10,FALSE,0,2,14,7,0,1,0,2,11,306
27380,28973,SNB,112,pro_environmental,61,TRUE,2,1062,3,1062,232,15,FALSE,0.014,2,9,10,2,0,1,2,109,240
27381,29238,Dairy,160,for_profit,49,TRUE,3,0,0,0,0,21,TRUE,0,3,17,9,3,0,3,2,91,223
27382,29920,Crop,48,for_profit,50,TRUE,4,0,0,0,0,21,TRUE,0,2,13,11,2,0,1,0,115,127
27383,28757,Dairy,128,pro_environmental,79,FALSE,1,1934,3,1934,422,15,FALSE,0.001,1,13,11,0,1,1,0,82,242
27384,30320,Dairy,80,for_profit,42,FALSE,2,742795,3,742795,49927,5,FALSE,0.5,2,11,18,0,0,2,0,113,81
27385,29854,Forest,176,for_profit,74,FALSE,2,0,0,0,0,21,TRUE,0,1,12,14,0,0,0,0,93,136
27386,30377,Forest,208,for_profit,78,FALSE,1,0,0,0,0,21,TRUE,0,1,12,11,0,0,0,0,113,146
27387,29229,Dairy,32,for_profit,55,FALSE,2,299417,3,299417,20126,5,FALSE,0.557,1,11,12,0,0,0,1,53,111
27388,30009,Forest,128,for_profit,39,TRUE,3,900907,3,516547.2984597545,60555,15,FALSE,0.584,1,12,14,0,0,0,0,133,98
27389,30031,SNB,96,for_profit,63,TRUE,3,1920,3,591.030257613508,129,20,FALSE,0.002,2,13,16,1,0,0,0,103,249
27390,29163,SNB,800,for_profit,48,TRUE,2,1440,3,1155.4801259083579,97,10,FALSE,0,4,11,9,2,0,2,2,92,164
27391,30340,Dairy,80,pro_environmental,66,TRUE,2,1196,3,1196,140,10,FALSE,0,2,12,12,2,1,2,1,132,115
27392,29084,Forest,48,pro_environmental,32,FALSE,6,97981,3,97981,6586,5,FALSE,0.299,1,15,13,0,0,0,0,90,232
27393,30288,Dairy,96,for_profit,65,FALSE,2,445597,3,445597,29951,5,FALSE,0.257,3,12,9,0,2,0,2,123,74
27394,29255,SNB,320,for_profit,59,TRUE,2,0,0,0,0,21,TRUE,0,4,10,7,0,0,0,0,101,272
27395,29303,Dairy,96,for_profit,59,FALSE,2,1324138,3,1324138,89003,5,FALSE,0.642,2,14,14,0,1,2,0,91,180
27396,29990,SNB,272,pro_environmental,48,FALSE,2,380476,3,380476,25574,5,FALSE,0.696,2,7,9,0,0,1,0,109,196
27397,29226,Dairy,240,pro_environmental,69,FALSE,3,3241387,3,2600943.235331746,217872,10,FALSE,0.557,2,13,15,2,0,2,0,46,139
27398,28765,SNB,112,for_profit,55,TRUE,3,800,3,246.26260733896163,54,20,FALSE,0.001,2,8,13,0,0,1,2,139,202
27399,29810,Dairy,96,for_profit,47,TRUE,2,2880,3,2310.9602518167158,194,10,FALSE,0.001,1,11,8,1,0,1,1,54,124
27400,29003,Dairy,112,pro_environmental,64,TRUE,3,5600,3,4493.533822976947,376,10,FALSE,0.002,1,12,11,0,1,0,1,80,148
27401,28763,SNB,112,pro_environmental,62,FALSE,2,192,3,192,13,0,FALSE,0,2,11,11,2,0,2,0,113,83
27402,29658,Dairy,112,for_profit,39,TRUE,3,3360,3,1034.3029508236389,226,20,FALSE,0,1,11,8,1,0,1,0,66,200
27403,29263,Dairy,192,for_profit,45,TRUE,2,4640,3,4640,312,5,FALSE,0.001,3,11,12,3,1,0,3,103,197
27404,30097,Dairy,176,for_profit,53,FALSE,2,145930,3,145930,31864,15,FALSE,0.086,3,14,10,0,0,2,3,124,47
27405,29045,Dairy,80,for_profit,74,FALSE,1,1551,3,1551,339,15,FALSE,0.002,1,13,10,0,1,1,1,60,165
27406,30111,Dairy,128,for_profit,63,FALSE,2,3075,3,3075,258,5,FALSE,0.001,3,7,10,2,1,3,3,72,108
27407,30584,Crop,48,pro_environmental,81,FALSE,1,0,0,0,0,21,TRUE,0,2,11,11,1,0,1,1,87,150
27408,30157,Forest,64,for_profit,63,FALSE,3,549687,3,315170.52797730186,36948,15,FALSE,0.459,2,11,15,0,0,0,0,82,185
27409,29047,Forest,208,for_profit,39,TRUE,2,0,0,0,0,21,TRUE,0,1,7,8,0,0,0,0,81,221
27410,28967,Crop,80,for_profit,78,FALSE,2,2400,3,1925.800209847263,161,10,FALSE,0.001,2,8,10,2,0,0,2,111,132
27411,29429,Dairy,112,pro_environmental,67,FALSE,2,493362,3,395881.9346377772,33162,10,FALSE,0.206,3,17,10,0,0,3,2,144,231
27412,28864,Dairy,112,for_profit,59,FALSE,2,448,3,448,30,0,FALSE,0.178,1,13,14,0,1,1,0,87,200
27413,29635,Dairy,656,for_profit,73,FALSE,3,1418615,3,1418615,309761,15,FALSE,0.215,3,10,12,2,2,0,1,51,252
27414,29313,Dairy,80,pro_environmental,80,TRUE,0,4000,3,4000,269,0,FALSE,0.001,1,12,9,0,0,1,1,56,238
27415,29960,Dairy,64,for_profit,48,TRUE,2,480,3,480,32,0,FALSE,0,2,10,12,2,2,0,2,133,127
27416,29384,Dairy,80,for_profit,58,TRUE,2,0,0,0,0,21,TRUE,0,2,13,13,2,1,0,0,147,213
27417,29993,SNB,96,pro_environmental,63,FALSE,2,32989,3,26470.926301104733,2763,10,FALSE,0.136,1,17,13,0,0,1,0,58,114
27418,30125,SNB,208,for_profit,51,TRUE,5,40316,3,40316,8803,20,FALSE,0.096,1,12,12,1,0,1,0,65,119
27419,29642,Forest,96,for_profit,64,FALSE,3,598128,3,342944.83507524757,40204,15,FALSE,0.517,1,17,11,0,0,0,0,119,142
27420,30520,Dairy,128,for_profit,55,TRUE,3,1600,3,1600,108,0,FALSE,0,4,11,13,3,0,2,3,14,292
27421,30183,Forest,304,for_profit,49,FALSE,3,467442,3,375083.2923714268,31419,10,FALSE,0.212,5,13,9,2,1,0,4,80,131
27422,30479,Dairy,224,for_profit,53,TRUE,1,16337,3,9367.041453709438,1915,15,FALSE,0.002,1,14,15,0,1,0,1,64,202
27423,29500,Dairy,96,for_profit,65,TRUE,1,0,0,0,0,21,TRUE,0,2,11,9,1,0,2,0,127,111
27424,29498,Dairy,160,for_profit,83,TRUE,1,2560,3,2560,172,0,FALSE,0,2,12,15,0,2,2,1,70,122
27425,30140,Dairy,128,for_profit,55,TRUE,3,6811,3,5465.260512195712,571,10,FALSE,0.002,1,15,13,0,0,1,1,75,243
27426,28887,Dairy,96,pro_environmental,60,TRUE,2,1985,3,1985,433,15,FALSE,0.001,2,11,10,2,2,2,1,96,88
27427,30011,SNB,112,for_profit,60,TRUE,3,-28425,3,-16297.86088765935,-2381,15,FALSE,-0.051,3,9,13,3,2,0,0,40,259
27428,29064,Dairy,176,for_profit,78,TRUE,1,1600,3,1600,108,0,FALSE,0,2,14,14,0,2,2,1,86,160
27429,29577,Forest,96,pro_environmental,78,TRUE,3,0,0,0,0,21,TRUE,0,2,12,12,0,0,0,0,128,80
27430,28914,SNB,128,for_profit,57,TRUE,4,0,0,0,0,21,TRUE,0,1,16,11,0,0,1,0,68,186
27431,30393,Dairy,96,for_profit,38,FALSE,4,157143,3,157143,34313,15,FALSE,0.167,1,14,13,1,0,1,0,79,271
27432,29692,SNB,240,for_profit,65,FALSE,1,4320,3,4320,290,5,FALSE,0.006,4,10,16,1,0,0,0,129,153
27433,29172,Dairy,96,for_profit,64,TRUE,3,0,0,0,0,21,TRUE,0,2,8,19,0,2,0,0,97,170
27434,29542,Dairy,96,for_profit,61,TRUE,2,2216,3,2216,484,15,FALSE,0,2,11,10,2,0,2,0,122,148
27435,28746,Forest,64,for_profit,65,FALSE,2,128,3,128,9,0,FALSE,0.122,2,12,12,0,0,1,0,125,146
27436,30388,SNB,304,for_profit,72,FALSE,2,29418,3,29418,6424,20,FALSE,0.035,3,13,15,2,0,0,3,56,118
27437,29848,Dairy,64,for_profit,52,TRUE,4,1920,3,1920,129,0,FALSE,0,1,10,13,1,0,0,0,85,230
27438,29568,Dairy,48,for_profit,72,FALSE,3,249134,3,142844.37201006594,16746,15,FALSE,0.163,1,10,11,0,1,0,0,97,201
27439,30124,Dairy,96,for_profit,71,TRUE,3,5768,3,5768,483,5,FALSE,0.002,2,14,8,0,1,1,0,62,196
27440,29362,SNB,96,for_profit,59,FALSE,2,59791,3,59791,7009,15,FALSE,0.31,2,7,14,2,0,2,2,152,89
27441,28999,Dairy,64,for_profit,71,FALSE,2,548295,3,168780.69536364498,64277,20,FALSE,0.119,1,14,11,1,1,0,0,132,129
27442,29350,Dairy,80,for_profit,45,TRUE,2,0,0,0,0,21,TRUE,0,1,14,10,0,0,0,1,50,236
27443,28969,Dairy,80,for_profit,40,FALSE,3,674170,3,674170,45315,5,FALSE,0.429,1,13,9,0,0,1,0,110,157
27444,29973,Dairy,112,for_profit,40,TRUE,2,5600,3,3210.8362698642873,376,15,FALSE,0.002,1,12,13,0,1,0,1,31,266
27445,30384,Dairy,64,for_profit,69,FALSE,4,374724,3,214853.10899796878,25187,15,FALSE,0.184,1,15,8,1,1,0,0,67,245
27446,29048,Dairy,128,pro_environmental,71,TRUE,3,3040,3,3040,204,0,FALSE,0,3,12,12,2,2,0,2,97,187
27447,29539,SNB,96,for_profit,64,FALSE,4,45261,3,25951.010787558484,3042,15,FALSE,0.134,1,12,12,0,0,0,0,26,252
27448,30078,SNB,64,for_profit,66,TRUE,3,0,0,0,0,21,TRUE,0,2,13,12,1,0,1,1,128,50
27449,28959,Dairy,160,for_profit,72,FALSE,4,600391,3,344242.3569464445,40356,15,FALSE,0.118,1,12,11,1,0,0,1,75,250
27450,30016,Dairy,112,for_profit,36,FALSE,3,1581854,3,1581854,106325,5,FALSE,0.775,1,14,12,0,0,1,0,77,259
27451,30043,Forest,128,pro_environmental,76,FALSE,1,0,0,0,0,21,TRUE,0,2,11,13,0,1,1,0,104,143
27452,29206,Dairy,80,pro_environmental,60,FALSE,3,163509,3,163509,35703,15,FALSE,0.209,3,13,8,0,2,2,2,138,107
27453,30538,Dairy,96,for_profit,61,TRUE,3,384,3,308.1280335755621,26,10,FALSE,0,1,14,14,0,1,1,0,76,185
27454,30562,Forest,80,for_profit,51,TRUE,3,64,3,64,4,0,FALSE,0,3,13,11,2,0,1,2,95,90
27455,29573,Dairy,128,for_profit,53,FALSE,2,1416632,3,1416632,95220,5,FALSE,0.629,3,9,13,0,0,1,2,118,171
27456,29296,Forest,80,for_profit,53,FALSE,2,143612,3,143612,9653,5,FALSE,0.606,1,16,12,0,0,0,0,73,281
27457,30074,SNB,96,for_profit,65,TRUE,2,0,0,0,0,21,TRUE,0,2,9,12,2,1,0,0,131,60
27458,28839,Forest,80,for_profit,76,TRUE,4,64,3,51.35467226259368,4,10,FALSE,0,2,6,10,0,0,1,0,13,328
27459,30020,Dairy,112,pro_environmental,41,FALSE,2,1565201,3,1565201,105206,5,FALSE,0.726,3,10,14,1,3,0,3,116,174
27460,30493,Dairy,80,for_profit,57,FALSE,3,566515,3,324819.090968244,38079,15,FALSE,0.223,1,10,8,0,1,1,1,70,266
27461,30102,Dairy,64,for_profit,61,TRUE,2,2747,3,1575.0298630923567,322,15,FALSE,0.001,2,13,13,2,1,2,2,126,104
27462,28919,Dairy,64,pro_environmental,61,FALSE,2,4741,3,4741,397,5,FALSE,0.002,1,14,11,1,0,0,1,79,275
27463,29625,Dairy,64,pro_environmental,59,TRUE,3,2400,3,2400,161,0,FALSE,0,2,12,11,2,2,0,2,46,226
27464,29962,Forest,144,for_profit,77,TRUE,2,0,0,0,0,21,TRUE,0,4,9,12,0,0,0,1,126,66
27465,29334,Dairy,144,for_profit,59,TRUE,3,384,3,384,26,5,FALSE,0,2,12,8,0,0,2,2,115,57
27466,29351,Forest,288,for_profit,36,FALSE,4,2536487,3,2536487,170492,5,FALSE,0.724,6,13,14,1,3,3,0,90,125
27467,30567,Dairy,128,for_profit,67,FALSE,1,523,3,160.99417954784616,61,20,FALSE,0,2,10,13,0,2,2,2,75,152
27468,30305,Forest,304,for_profit,60,FALSE,2,320409,3,183710.86399838328,37562,15,FALSE,0.101,3,11,13,2,0,0,0,149,55
27469,30525,Dairy,64,for_profit,61,TRUE,2,0,0,0,0,21,TRUE,0,1,12,15,0,0,0,0,107,159
27470,29438,Dairy,112,pro_environmental,75,FALSE,1,2347,3,2347,275,10,FALSE,0.001,3,10,13,0,1,2,2,80,143
27471,29888,Dairy,144,for_profit,63,TRUE,4,4000,3,4000,269,5,FALSE,0.002,3,14,13,3,1,0,2,65,124
27472,30339,Dairy,160,for_profit,68,FALSE,2,448,3,448,30,0,FALSE,0,2,11,12,2,0,2,0,51,263
27473,28786,Dairy,144,for_profit,70,FALSE,2,1609682,3,1291635.8055780674,108196,10,FALSE,0.48,2,10,11,1,2,0,2,75,134
27474,29236,Dairy,80,pro_environmental,41,FALSE,3,1056245,3,1056245,70996,5,FALSE,0.773,2,11,14,0,1,0,0,91,148
27475,29834,Dairy,80,for_profit,71,FALSE,5,797595,3,457311.95618971536,53611,15,FALSE,0.304,3,10,10,0,3,0,0,70,138
27476,29666,Dairy,64,for_profit,62,FALSE,3,484561,3,484561,32570,5,FALSE,0.416,1,12,13,1,0,1,1,71,274
27477,28931,Dairy,112,for_profit,65,FALSE,4,987269,3,792201.1864065407,66360,10,FALSE,0.368,3,15,7,1,3,0,2,43,145
27478,30387,Dairy,144,for_profit,65,TRUE,3,0,0,0,0,21,TRUE,0,3,13,13,2,0,2,1,136,99
27479,29712,Dairy,176,pro_environmental,70,FALSE,3,1593607,3,913716.2777695744,107115,15,FALSE,0.285,1,12,12,1,0,1,1,66,282
27480,29707,Dairy,112,for_profit,55,FALSE,1,981060,3,787218.980780315,65943,10,FALSE,0.386,1,10,13,1,0,0,1,71,246
27481,29841,Dairy,240,for_profit,64,FALSE,2,1613504,3,925124.4937091263,108453,15,FALSE,0.3,4,13,9,0,2,3,1,175,38
27482,30325,Dairy,112,for_profit,72,TRUE,4,480,3,480,32,0,FALSE,0,4,11,11,2,0,2,4,93,148
27483,29304,Dairy,208,for_profit,51,TRUE,3,4480,3,4480,301,0,FALSE,0,2,10,13,0,1,1,0,51,157
27484,30503,Dairy,224,for_profit,59,TRUE,2,0,0,0,0,21,TRUE,0,1,9,11,0,0,0,0,62,211
27485,30574,SNB,192,pro_environmental,59,FALSE,2,631738,3,194466.80879387617,42463,20,FALSE,0.2,5,9,12,0,0,5,3,97,263
27486,29239,Forest,80,pro_environmental,37,FALSE,1,1093958,3,877810.2274850385,73531,10,FALSE,0.519,2,11,12,0,1,1,0,105,86
27487,30117,SNB,368,for_profit,53,TRUE,1,1152,3,1152,77,0,FALSE,0.01,3,13,14,3,0,1,1,40,255
27488,29655,Dairy,112,for_profit,50,TRUE,2,2381,3,1365.1787783119407,279,15,FALSE,0.001,4,15,9,0,2,4,0,87,176
27489,29674,Dairy,96,for_profit,60,FALSE,2,894166,3,512682.2542999054,60102,15,FALSE,0.329,4,15,10,3,3,0,0,135,61
27490,28952,Dairy,272,pro_environmental,67,TRUE,2,4144,3,4144,486,10,FALSE,0.001,5,10,11,5,5,5,5,101,113
27491,29325,Dairy,96,for_profit,62,FALSE,1,4800,3,2752.145374169389,323,15,FALSE,0.002,1,11,17,1,0,0,1,93,249
27492,30239,Forest,80,for_profit,57,TRUE,3,291546,3,89746.09764905613,19596,20,FALSE,0.255,3,11,11,0,0,0,0,122,76
27493,29820,Dairy,128,pro_environmental,76,FALSE,1,320,3,183.47635827795926,22,15,FALSE,0,2,9,11,0,0,1,0,79,228
27494,30066,Dairy,144,for_profit,57,TRUE,2,640,3,640,43,0,FALSE,0,3,11,14,1,3,0,3,79,141
27495,29732,SNB,96,for_profit,67,TRUE,3,-12774,3,-12774,-1070,5,FALSE,0.02,2,9,12,2,1,0,2,27,247
27496,30329,Dairy,48,for_profit,61,FALSE,2,649253,3,520971.4848516521,43640,10,FALSE,0.581,2,11,11,1,1,0,0,118,165
27497,29215,Dairy,96,for_profit,68,TRUE,1,3200,3,3200,215,0,FALSE,0,2,11,12,0,2,2,1,90,152
27498,29857,SNB,176,for_profit,58,FALSE,2,0,0,0,0,21,TRUE,0,1,11,12,0,0,0,1,100,133
27499,28846,SNB,144,for_profit,66,FALSE,3,158523,3,90891.32107280292,10655,15,FALSE,0.233,2,13,18,1,0,0,0,65,129
27500,29563,Dairy,96,for_profit,67,TRUE,3,800,3,800,54,0,FALSE,0,4,10,9,3,0,3,2,47,112
27501,29721,Forest,64,for_profit,45,TRUE,3,504174,3,504174,59105,15,FALSE,1.154,1,11,12,0,0,0,0,83,133
27502,30579,SNB,80,for_profit,77,TRUE,1,0,0,0,0,21,TRUE,0,2,13,15,0,0,0,0,56,151
27503,30141,Dairy,224,for_profit,48,TRUE,5,1752643,3,1752643,205463,15,FALSE,0.4,2,11,14,2,0,2,2,44,259
27504,29345,Dairy,64,for_profit,67,TRUE,3,531,3,304.45608201748865,44,15,FALSE,0,3,8,11,2,0,3,3,116,171
27505,28972,Dairy,80,for_profit,60,TRUE,1,0,0,0,0,21,TRUE,0,1,9,10,0,0,0,0,107,140
27506,28879,Forest,288,pro_environmental,36,FALSE,2,609846,3,609846,40991,5,FALSE,0.404,3,9,13,0,0,0,0,146,19
27507,30143,Dairy,192,for_profit,64,TRUE,2,384,3,384,26,0,FALSE,0,4,9,20,4,0,4,4,121,34
27508,29718,Forest,416,pro_environmental,57,TRUE,2,0,0,0,0,21,TRUE,0,8,9,9,0,0,0,0,141,33
27509,29976,Dairy,80,for_profit,56,TRUE,2,2091,3,2091,457,15,FALSE,0.001,2,11,11,2,0,0,0,59,249
27510,29709,Forest,128,for_profit,67,FALSE,1,333776,3,102745.68503396158,22435,20,FALSE,0.118,1,9,11,0,0,0,0,65,278
27511,29033,Dairy,96,for_profit,55,FALSE,3,637813,3,365698.7703198126,42871,15,FALSE,0.189,2,19,12,0,0,2,1,86,223
27512,29005,Dairy,128,pro_environmental,48,TRUE,1,5760,3,5760,387,0,FALSE,0.001,2,16,8,2,0,0,2,56,163
27513,30173,Dairy,80,for_profit,49,FALSE,3,563713,3,563713,37890,5,FALSE,0.39,2,9,11,0,1,1,0,69,105
27514,29809,Forest,32,pro_environmental,49,FALSE,4,294231,3,236095.88397648753,19777,10,FALSE,0.439,1,11,13,0,0,0,0,103,255
27515,30576,Dairy,176,for_profit,55,TRUE,2,320,3,320,22,0,FALSE,0,3,9,12,3,0,2,0,89,117
27516,28824,Dairy,144,for_profit,81,FALSE,2,7200,3,2216.3634660506546,484,20,FALSE,0.001,1,15,9,1,0,1,1,138,86
27517,29307,Dairy,64,for_profit,67,TRUE,2,0,0,0,0,21,TRUE,0,2,13,12,0,0,0,2,87,110
27518,29609,Dairy,96,pro_environmental,67,TRUE,2,595,3,595,130,15,FALSE,0.001,4,15,11,4,1,1,0,122,89
27519,30498,Dairy,64,pro_environmental,53,TRUE,3,640,3,640,43,0,FALSE,0,2,11,12,0,2,0,0,70,159
27520,29954,Dairy,160,pro_environmental,43,TRUE,2,6528,3,6528,439,0,FALSE,0,2,16,11,2,0,2,2,85,177
27521,29571,Forest,144,for_profit,42,FALSE,3,227501,3,227501,15292,5,FALSE,0.534,1,11,9,0,0,0,0,59,262
27522,30228,Dairy,64,pro_environmental,74,FALSE,2,1920,3,1920,129,0,FALSE,0,1,13,12,1,0,0,0,80,257
27523,29797,Dairy,176,pro_environmental,59,TRUE,3,1920,3,1920,129,5,FALSE,0.001,3,13,15,0,2,3,0,127,222
27524,28876,Forest,48,for_profit,59,TRUE,3,0,0,0,0,21,TRUE,0,1,10,10,0,0,0,0,55,183
27525,29868,Dairy,112,pro_environmental,47,FALSE,3,1564026,3,1255000.6662527397,105127,10,FALSE,0.615,1,10,13,0,0,0,0,25,277
27526,30526,Dairy,160,pro_environmental,32,TRUE,3,384,3,384,26,5,FALSE,0,3,10,8,0,3,3,0,107,249
27527,30523,Forest,192,for_profit,74,TRUE,1,0,0,0,0,21,TRUE,0,3,10,15,0,0,0,0,118,228
27528,30409,Forest,112,for_profit,63,FALSE,1,0,0,0,0,21,TRUE,0,1,8,15,0,0,0,0,82,102
27529,30006,Dairy,32,pro_environmental,61,FALSE,2,466717,3,374501.5402247021,31371,10,FALSE,0.56,2,10,13,2,1,0,0,84,174
27530,29211,Dairy,80,for_profit,62,FALSE,2,0,0,0,0,21,TRUE,0,2,13,15,1,0,0,0,120,42
27531,30542,SNB,240,for_profit,84,FALSE,2,5442,3,4366.751975828669,456,10,FALSE,0.004,5,14,15,1,0,0,3,126,108
27532,29130,Dairy,80,for_profit,43,TRUE,2,480,3,480,32,5,FALSE,0,2,16,14,2,0,0,2,132,84
27533,29840,Dairy,224,for_profit,70,TRUE,2,1920,3,1920,129,0,FALSE,0,2,10,15,1,2,0,2,91,225
27534,29925,SNB,176,pro_environmental,83,TRUE,3,0,0,0,0,21,TRUE,0,1,11,10,0,0,0,0,38,230
27535,30129,Dairy,112,for_profit,43,FALSE,4,409311,3,328438.00403866376,34287,10,FALSE,0.14,3,13,13,1,0,3,0,115,88
27536,30272,Dairy,48,for_profit,69,TRUE,4,0,0,0,0,21,TRUE,0,1,18,10,0,1,0,0,77,257
27537,28872,Dairy,128,for_profit,53,FALSE,2,1142562,3,655103.4839586928,76798,15,FALSE,0.305,1,11,17,0,0,1,0,123,231
27538,29380,Dairy,64,for_profit,69,FALSE,3,450060,3,450060,52761,15,FALSE,0.519,3,11,17,0,0,0,2,58,185
27539,29403,Dairy,128,pro_environmental,67,TRUE,5,1785,3,1785,390,15,FALSE,0.001,1,10,10,1,0,1,0,127,123
27540,29850,Dairy,80,for_profit,62,FALSE,2,833509,3,668821.5862956593,56025,10,FALSE,0.432,2,8,10,1,0,1,2,58,239
27541,29633,SNB,160,for_profit,46,TRUE,2,5854,3,5854,686,10,FALSE,0.013,6,15,10,6,0,6,5,127,50
27542,29799,SNB,192,for_profit,54,TRUE,2,0,0,0,0,21,TRUE,0,2,16,11,0,0,1,0,51,122
27543,30030,Dairy,80,for_profit,44,TRUE,2,1600,3,1600,108,5,FALSE,0.001,3,14,12,3,3,0,3,134,83
27544,29650,Dairy,192,for_profit,61,FALSE,2,467927,3,268292.3184372833,54855,15,FALSE,0.101,4,14,12,0,0,3,3,126,81
27545,30058,SNB,160,for_profit,55,TRUE,2,0,0,0,0,21,TRUE,0,2,16,16,2,0,0,2,20,281
27546,29087,Dairy,160,for_profit,48,FALSE,4,1836483,3,1836483,123441,5,FALSE,0.684,1,16,11,0,1,1,0,53,215
27547,29412,SNB,256,for_profit,63,TRUE,2,480,3,480,32,0,FALSE,0,6,7,11,4,1,6,0,101,92
27548,29527,SNB,336,for_profit,60,FALSE,2,244642,3,244642,20493,10,FALSE,0.355,2,13,13,0,0,2,2,33,241
27549,30265,Dairy,48,for_profit,48,FALSE,3,257447,3,257447,17304,5,FALSE,0.242,1,12,15,0,0,0,1,114,114
27550,29023,SNB,128,for_profit,34,TRUE,2,144767,3,83004.13112132915,9731,15,FALSE,0.202,1,13,10,0,0,0,0,47,229
27551,29714,Dairy,80,for_profit,52,FALSE,4,1104213,3,1104213,74220,5,FALSE,0.668,3,12,10,2,0,0,0,71,173
27552,28748,Dairy,64,for_profit,77,TRUE,1,192,3,192,13,5,FALSE,0,2,15,11,2,0,2,0,146,214
27553,29232,SNB,128,pro_environmental,71,FALSE,1,22730,3,22730,1904,5,FALSE,0.05,1,9,11,1,1,0,1,42,137
27554,30175,Forest,32,for_profit,65,TRUE,3,0,0,0,0,21,TRUE,0,1,17,10,0,0,0,0,100,248
27555,29102,Dairy,48,for_profit,39,TRUE,3,222689,3,222689,48625,20,FALSE,0.244,2,10,11,0,0,1,1,120,67
27556,28948,Forest,128,for_profit,64,TRUE,5,0,0,0,0,21,TRUE,0,1,9,11,0,0,0,0,57,246
27557,30088,Forest,112,for_profit,62,FALSE,4,332834,3,267071.57793512667,22372,10,FALSE,0.227,3,12,9,0,0,0,0,87,235
27558,29679,Dairy,112,for_profit,66,TRUE,2,4942,3,3965.5435987771557,414,10,FALSE,0.002,1,13,12,0,0,1,1,115,46
27559,29094,Dairy,448,pro_environmental,60,FALSE,5,3037542,3,3037542,204171,5,FALSE,0.387,7,12,10,6,2,0,4,101,76
27560,30072,Dairy,64,for_profit,74,TRUE,2,0,0,0,0,21,TRUE,0,1,13,12,0,1,0,0,74,142
27561,29344,Dairy,64,for_profit,67,TRUE,3,2455,3,2455,288,10,FALSE,0.001,2,12,15,2,2,2,0,73,165
27562,29559,Forest,96,for_profit,54,TRUE,4,0,0,0,0,21,TRUE,0,1,12,11,0,0,0,0,99,200
27563,29006,Dairy,160,for_profit,79,FALSE,2,576,3,576,39,0,FALSE,0,2,11,13,0,0,1,0,121,121
27564,29506,SNB,32,for_profit,62,TRUE,3,45733,3,45733,5361,15,FALSE,0.483,1,11,15,1,0,0,1,79,230
27565,29529,Forest,80,for_profit,80,TRUE,1,0,0,0,0,21,TRUE,0,1,16,11,0,0,0,0,50,264
27566,30519,SNB,192,for_profit,78,TRUE,1,448,3,448,30,5,FALSE,0.001,3,9,12,0,0,2,0,142,200
27567,29297,SNB,160,for_profit,77,TRUE,2,4800,3,4800,323,0,FALSE,0,4,8,10,0,0,1,4,15,323
27568,29370,Forest,48,for_profit,54,TRUE,2,0,0,0,0,21,TRUE,0,1,7,10,0,0,0,0,41,272
27569,28777,Forest,64,pro_environmental,58,FALSE,4,259579,3,259579,17448,5,FALSE,0.404,2,14,9,0,0,0,0,138,89
27570,29209,Dairy,48,for_profit,83,TRUE,2,192,3,192,13,5,FALSE,0,1,11,14,1,1,1,0,123,169
27571,30456,SNB,384,for_profit,61,FALSE,4,1065535,3,1065535,71621,5,FALSE,0.338,4,9,10,0,0,1,2,22,255
27572,29806,Dairy,80,for_profit,73,FALSE,1,577,3,330.8308085199453,48,15,FALSE,0,3,14,12,2,3,3,0,135,63
27573,30504,Dairy,176,for_profit,58,FALSE,3,2244535,3,1801052.489170636,150868,10,FALSE,0.462,1,12,10,0,1,0,0,67,161
27574,29815,Dairy,96,for_profit,56,TRUE,2,4148,3,1276.871619052516,347,20,FALSE,0.001,1,13,12,0,1,1,0,90,237
27575,29044,Dairy,304,for_profit,64,TRUE,3,7958,3,7958,933,10,FALSE,0.001,5,12,11,0,5,5,4,91,74
27576,29299,Dairy,64,for_profit,60,FALSE,2,576893,3,576893,67629,15,FALSE,0.459,1,14,11,0,1,0,0,59,198
27577,29298,Dairy,80,pro_environmental,73,TRUE,2,2643,3,813.5900889960946,577,20,FALSE,0.001,2,16,17,2,1,2,0,116,146
27578,30120,SNB,80,for_profit,69,FALSE,2,65294,3,37437.20417937835,5469,15,FALSE,0.158,1,10,8,1,0,1,0,61,264
27579,30534,Dairy,64,pro_environmental,76,TRUE,3,0,0,0,0,21,TRUE,0,1,13,9,0,0,0,0,98,122
27580,29167,Dairy,160,for_profit,54,FALSE,4,967701,3,967701,65045,5,FALSE,0.332,1,15,11,1,1,1,0,80,262
27581,29261,Dairy,64,for_profit,55,FALSE,2,201547,3,161724.68953920263,16883,10,FALSE,0.15,1,9,11,1,1,1,0,137,200
27582,28847,Forest,64,for_profit,62,FALSE,1,280843,3,161025.15902455285,18877,15,FALSE,0.364,1,13,13,0,0,0,0,103,164
27583,29741,Dairy,112,for_profit,56,FALSE,1,1576,3,1576,344,15,FALSE,0.001,3,7,9,0,2,2,2,139,97
27584,28988,Dairy,176,for_profit,51,TRUE,2,448,3,256.86690158914297,30,15,FALSE,0,2,9,14,0,0,1,1,85,206
27585,28913,Crop,96,for_profit,63,TRUE,2,3200,3,3200,215,5,FALSE,0.002,2,15,13,2,0,0,2,66,190
27586,29887,Forest,64,for_profit,72,TRUE,3,0,0,0,0,21,TRUE,0,3,17,18,1,0,0,0,128,125
27587,29931,Forest,64,for_profit,41,TRUE,5,0,0,0,0,21,TRUE,0,1,13,10,0,0,0,0,86,208
27588,29364,Dairy,48,pro_environmental,60,FALSE,3,224588,3,180213.17397049046,15096,10,FALSE,0.206,1,12,13,1,1,1,0,107,92
27589,29387,Dairy,48,for_profit,64,TRUE,3,395945,3,121883.06007853146,26614,20,FALSE,0.136,2,17,14,0,2,0,0,109,119
27590,29427,Dairy,80,for_profit,58,FALSE,1,2880,3,2880,194,0,FALSE,0.158,2,13,10,1,2,0,2,108,78
27591,28754,Dairy,192,for_profit,49,FALSE,3,571274,3,571274,66971,10,FALSE,0.223,7,12,9,6,0,5,4,103,123
27592,29727,Dairy,80,for_profit,79,FALSE,2,2400,3,2400,161,0,FALSE,0.167,2,11,9,2,0,0,1,79,127
27593,29643,Dairy,80,for_profit,59,TRUE,2,0,0,0,0,21,TRUE,0,1,14,15,1,1,1,1,42,269
27594,30260,Dairy,64,for_profit,77,FALSE,1,1440,3,1440,97,0,FALSE,0,2,13,14,2,0,2,0,55,151
27595,29379,Dairy,128,for_profit,56,TRUE,2,287,3,88.34671038285249,63,20,FALSE,0,4,16,16,3,0,3,0,99,77
27596,29114,Dairy,80,for_profit,69,TRUE,2,1730,3,1730,145,5,FALSE,0.001,2,11,13,2,2,0,2,111,98
27597,29168,SNB,208,for_profit,65,TRUE,2,5177,3,5177,434,5,FALSE,0.004,3,11,11,3,0,0,3,10,285
27598,29463,Dairy,112,for_profit,66,TRUE,1,3360,3,3360,226,5,FALSE,0.002,1,12,10,1,0,0,0,65,252
27599,29116,Dairy,80,for_profit,41,TRUE,3,2671,3,1531.4542280013413,224,15,FALSE,0.001,2,13,9,0,2,2,0,93,268
27600,30037,Dairy,64,pro_environmental,46,FALSE,3,706731,3,706731,47503,5,FALSE,0.618,2,13,14,2,0,2,2,149,229
27601,29139,Dairy,128,for_profit,65,TRUE,2,512,3,410.83737810074945,34,10,FALSE,0,1,11,11,1,1,1,1,62,198
27602,29275,Forest,96,for_profit,64,FALSE,3,0,0,0,0,21,TRUE,0,1,14,16,0,0,0,0,96,100
27603,29705,Dairy,80,for_profit,56,FALSE,3,88880,3,88880,19407,15,FALSE,0.101,2,12,10,2,0,2,2,117,60
27604,30342,Crop,128,for_profit,60,FALSE,2,746669,3,599139.7153693525,50188,10,FALSE,0.215,1,8,12,1,0,0,0,93,221
27605,29661,Dairy,80,for_profit,37,FALSE,5,803464,3,803464,54005,5,FALSE,0.515,3,11,15,0,0,0,3,118,57
27606,29927,Dairy,96,for_profit,57,TRUE,3,0,0,0,0,21,TRUE,0,2,12,11,2,0,0,0,50,240
27607,29127,Dairy,208,for_profit,83,TRUE,1,2897,3,2897,243,5,FALSE,0,4,10,13,4,0,0,4,134,104
27608,30536,Crop,32,for_profit,59,FALSE,3,52953,3,16300.429808025045,11563,20,FALSE,0.022,1,14,12,1,0,0,0,85,186
27609,28912,Dairy,144,for_profit,68,TRUE,3,480,3,480,32,5,FALSE,0,4,10,9,3,4,0,0,106,108
27610,29775,SNB,80,for_profit,66,FALSE,3,194028,3,194028,13042,5,FALSE,0.396,2,15,12,0,0,0,1,131,85
27611,29481,SNB,80,for_profit,79,FALSE,2,0,0,0,0,21,TRUE,0,1,8,11,0,0,0,0,95,279
27612,29369,Dairy,112,pro_environmental,50,FALSE,2,846229,3,846229,56880,5,FALSE,0.428,3,12,10,0,0,0,2,121,125
27613,29390,Dairy,128,for_profit,63,FALSE,2,918716,3,737193.1106625159,61752,10,FALSE,0.316,1,16,10,0,0,0,0,96,137
27614,29779,Forest,80,for_profit,77,TRUE,4,0,0,0,0,21,TRUE,0,2,12,12,0,0,0,1,104,157
27615,29939,Forest,160,for_profit,56,TRUE,4,2400,3,2400,161,0,FALSE,0,2,13,13,0,0,0,1,103,118
27616,29898,Dairy,192,for_profit,41,TRUE,3,0,0,0,0,21,TRUE,0,1,13,16,0,0,0,0,98,180
27617,29548,Crop,128,for_profit,49,TRUE,5,-111888,3,-89780.8057830794,-7521,10,FALSE,-0.036,2,12,12,2,0,1,0,109,67
27618,28761,Dairy,80,pro_environmental,82,TRUE,1,297,3,297,35,10,FALSE,0,2,14,12,0,2,2,2,65,165
27619,30300,Dairy,80,for_profit,37,FALSE,2,1012451,3,1012451,68053,5,FALSE,0.644,1,13,12,0,0,1,0,94,182
27620,29660,Forest,128,for_profit,72,FALSE,3,231611,3,132797.32130348883,15568,15,FALSE,0.152,1,14,10,0,0,0,0,57,257
27621,28780,Dairy,48,for_profit,62,FALSE,2,145397,3,44757.30539907876,17045,20,FALSE,0.046,2,8,8,0,2,0,2,111,144
27622,29791,Forest,240,for_profit,69,FALSE,2,5632,3,5632,660,10,FALSE,0.001,2,14,15,1,0,0,1,132,125
27623,29970,Forest,80,for_profit,47,TRUE,5,0,0,0,0,21,TRUE,0,1,12,11,0,0,0,0,78,250
27624,28812,Dairy,176,for_profit,50,TRUE,3,640,3,640,43,0,FALSE,0.22,3,11,6,0,2,0,2,88,157
27625,29046,Dairy,96,pro_environmental,64,FALSE,2,839706,3,481456.8715754752,56441,15,FALSE,0.275,1,13,12,0,0,0,0,52,268
27626,29649,Forest,592,for_profit,64,FALSE,2,2415367,3,1938130.9481075641,162351,10,FALSE,0.635,3,11,15,0,0,0,0,104,233
27627,30336,Dairy,48,for_profit,52,TRUE,2,1568,3,899.0341555620004,184,15,FALSE,0.001,1,12,10,1,0,1,1,71,174
27628,29441,Dairy,160,for_profit,55,TRUE,1,3840,3,3840,258,0,FALSE,0,3,13,14,3,3,0,3,59,119
27629,28798,Forest,64,pro_environmental,73,TRUE,2,0,0,0,0,21,TRUE,0,2,13,19,0,0,0,0,91,132
27630,29420,SNB,80,for_profit,77,FALSE,1,0,0,0,0,21,TRUE,0,1,7,13,0,0,0,0,53,127
27631,30210,Dairy,48,for_profit,56,TRUE,3,0,0,0,0,21,TRUE,0,3,15,11,3,0,0,3,76,192
27632,29196,Dairy,112,pro_environmental,70,TRUE,1,6995,3,2153.2586729200457,1527,20,FALSE,0.001,1,10,17,0,1,0,1,82,270
27633,29099,Dairy,112,for_profit,66,TRUE,2,3446,3,1975.8110332057738,404,15,FALSE,0.001,3,11,12,3,3,0,1,57,182
27634,29581,Dairy,240,for_profit,48,TRUE,2,800,3,800,54,5,FALSE,0,2,15,15,0,0,1,1,23,265
27635,29317,Dairy,128,for_profit,58,TRUE,4,0,0,0,0,21,TRUE,0,2,12,12,2,2,2,0,57,212
27636,30244,Dairy,96,for_profit,54,TRUE,5,1324931,3,1063146.8324304768,89056,10,FALSE,0.608,1,15,16,1,0,0,0,88,138
27637,28905,Dairy,224,for_profit,48,TRUE,3,1544,3,1544,337,15,FALSE,0,4,15,15,2,4,4,0,89,86
27638,29152,Dairy,64,for_profit,58,FALSE,3,249225,3,199982.3155413267,16752,10,FALSE,0.18,3,14,13,3,3,2,0,134,109
27639,30271,SNB,256,for_profit,54,TRUE,2,3840,3,1182.060515227016,258,20,FALSE,0.001,5,11,11,1,0,0,0,166,10
27640,30319,SNB,144,for_profit,54,TRUE,3,333000,3,333000,72712,20,FALSE,0.722,1,13,17,0,0,1,1,81,181
27641,29955,Crop,80,for_profit,64,TRUE,3,1825,3,1825,153,5,FALSE,0,3,11,10,2,0,0,0,85,188
27642,28814,Dairy,176,for_profit,53,TRUE,3,826,3,254.2661420774779,180,20,FALSE,0,3,13,10,2,0,3,2,25,261
27643,29066,Forest,176,pro_environmental,71,FALSE,3,342566,3,196414.8817182731,23026,15,FALSE,0.214,3,8,19,0,0,0,0,113,236
27644,29124,Forest,160,for_profit,72,FALSE,2,614670,3,189212.79606629943,41315,20,FALSE,0.241,1,12,12,0,0,0,0,80,219
27645,30481,Dairy,144,for_profit,51,FALSE,2,1401933,3,803817.3793427945,94232,15,FALSE,0.284,1,11,9,1,0,0,0,54,151
27646,29274,Forest,128,for_profit,63,FALSE,3,193504,3,110948.15385068196,13007,15,FALSE,0.163,1,8,12,0,0,0,0,49,210
27647,29469,Dairy,80,pro_environmental,73,TRUE,4,2870,3,2870,627,15,FALSE,0.001,2,15,11,2,2,0,0,115,154
27648,29556,Dairy,64,for_profit,57,FALSE,2,624946,3,192376.0392575684,52350,20,FALSE,0.181,4,11,17,3,0,3,1,104,91
27649,30207,Dairy,128,for_profit,50,TRUE,2,6400,3,6400,430,0,FALSE,0,1,13,13,0,0,0,1,89,229
27650,30507,Dairy,240,for_profit,68,FALSE,3,800,3,800,54,0,FALSE,0,3,12,10,0,0,1,1,118,152
27651,30227,Dairy,80,pro_environmental,49,TRUE,3,4000,3,3209.667016412105,269,10,FALSE,0.002,1,10,9,0,1,1,1,71,148
27652,29340,Dairy,144,for_profit,60,FALSE,4,1981538,3,1590019.2900918024,133190,10,FALSE,0.554,2,11,13,0,1,1,2,81,161
27653,29142,SNB,208,for_profit,62,TRUE,2,10400,3,10400,699,5,FALSE,0.025,1,8,11,0,0,0,1,36,234
27654,29804,SNB,128,for_profit,54,FALSE,2,141028,3,80860.32454757512,9479,15,FALSE,0.246,3,12,14,0,0,2,1,86,115
27655,30202,Forest,80,for_profit,69,FALSE,2,0,0,0,0,21,TRUE,0,2,14,15,0,0,1,0,63,183
27656,29453,Forest,112,for_profit,73,FALSE,3,0,0,0,0,21,TRUE,0,3,14,14,1,1,0,0,78,179
27657,30002,Forest,64,for_profit,59,FALSE,4,180458,3,55550.071993967926,12130,20,FALSE,0.128,2,12,12,0,0,0,0,96,127
27658,29101,Forest,112,for_profit,59,FALSE,2,0,0,0,0,21,TRUE,0,2,12,12,0,0,0,0,138,81
27659,30307,Dairy,64,for_profit,62,TRUE,3,640,3,640,43,0,FALSE,0,3,13,11,3,2,3,0,117,73
27660,28921,Forest,48,pro_environmental,57,FALSE,3,0,0,0,0,21,TRUE,0,1,15,16,0,0,0,0,145,236
27661,30186,Forest,112,for_profit,53,TRUE,4,509162,3,291934.9672922572,34224,15,FALSE,0.382,1,9,11,0,0,0,0,33,273
27662,29869,Dairy,160,for_profit,71,FALSE,2,1376,3,788.9483405952249,92,15,FALSE,0,2,13,13,0,0,2,2,94,217
27663,29076,Dairy,48,for_profit,30,FALSE,2,270575,3,270575,18187,5,FALSE,0.309,1,13,12,1,0,0,0,76,130
27664,28756,Forest,144,for_profit,50,FALSE,3,515180,3,515180,34628,5,FALSE,0.52,2,8,8,0,0,0,0,94,260
27665,28834,Dairy,96,for_profit,45,FALSE,2,904949,3,726146.2392087795,60827,10,FALSE,0.432,2,7,13,0,0,1,0,109,44
27666,28828,SNB,96,for_profit,41,FALSE,1,49786,3,49786,3346,5,FALSE,0.256,1,10,8,0,0,1,0,152,228
27667,30277,SNB,64,for_profit,44,FALSE,3,85040,3,68237.52076892136,5716,10,FALSE,0.547,1,8,14,0,0,0,0,109,233
27668,29627,Dairy,96,for_profit,60,FALSE,2,105797,3,105797,23101,15,FALSE,0.113,2,12,15,0,2,1,0,75,130
27669,28907,SNB,96,for_profit,50,TRUE,4,0,0,0,0,21,TRUE,0,3,13,17,0,0,3,0,64,160
27670,28996,Dairy,160,for_profit,71,TRUE,2,4055,3,2324.989477553515,475,15,FALSE,0.001,3,18,7,3,0,0,0,128,55
27671,30114,SNB,304,for_profit,47,TRUE,3,-159840,3,-159840,-10744,0,FALSE,0.086,3,15,12,0,1,0,3,14,282
27672,30190,SNB,128,for_profit,72,TRUE,1,5600,3,3210.8362698642873,376,15,FALSE,0.008,2,11,15,0,0,0,2,65,159
27673,30160,Dairy,112,pro_environmental,68,FALSE,2,1253652,3,385909.51276962995,84265,20,FALSE,0.175,1,11,11,1,1,0,0,87,148
27674,30474,Dairy,80,for_profit,52,FALSE,2,236086,3,236086,19776,5,FALSE,0.216,2,7,15,0,0,2,0,107,51
27675,29254,Forest,80,for_profit,58,TRUE,2,0,0,0,0,21,TRUE,0,2,16,11,0,0,0,0,66,185
27676,28994,Dairy,160,pro_environmental,37,TRUE,2,640,3,640,43,5,FALSE,0,1,15,15,0,0,1,1,91,198
27677,30236,Dairy,32,for_profit,68,FALSE,2,0,0,0,0,21,TRUE,0,1,15,11,0,0,0,1,89,266
27678,30200,Crop,448,for_profit,54,FALSE,3,5276030,3,3025083.658016442,354632,15,FALSE,0.315,2,13,12,1,0,0,2,46,254
27679,28769,Dairy,96,for_profit,59,FALSE,2,993738,3,993738,66795,5,FALSE,0.545,2,13,12,0,2,2,2,121,85
27680,29146,Dairy,64,for_profit,62,TRUE,3,521662,3,299102.01253748994,35064,15,FALSE,0.31,2,18,15,1,1,0,0,106,114
27681,28764,SNB,112,for_profit,67,TRUE,3,2939,3,2939,642,15,FALSE,0.013,4,9,11,0,0,0,4,119,92
27682,28874,Dairy,128,for_profit,73,TRUE,3,448,3,448,30,0,FALSE,0,2,14,13,0,0,1,0,132,132
27683,30406,Dairy,112,for_profit,65,TRUE,4,1997,3,614.733033569883,234,20,FALSE,0,3,10,16,3,0,1,2,138,123
27684,30238,Forest,128,for_profit,75,TRUE,4,0,0,0,0,21,TRUE,0,1,17,10,0,0,0,0,128,211
27685,29466,SNB,96,for_profit,61,TRUE,2,11142,3,11142,1306,10,FALSE,0.067,3,13,10,3,0,2,3,136,78
27686,30008,Dairy,48,for_profit,39,TRUE,1,1827,3,1466.015409746229,153,10,FALSE,0.002,2,10,11,0,2,2,1,118,226
27687,30345,Dairy,128,for_profit,46,FALSE,4,623100,3,623100,41882,5,FALSE,0.262,5,13,13,4,0,1,4,112,79
27688,30092,Forest,96,pro_environmental,51,TRUE,3,917930,3,917930,76892,10,FALSE,0.525,1,11,17,0,0,0,0,58,179
27689,29844,Forest,112,for_profit,56,FALSE,4,289686,3,289686,19471,5,FALSE,0.457,2,13,8,1,0,0,0,95,71
27690,29388,Crop,80,for_profit,60,FALSE,3,729642,3,585476.9652972403,49043,10,FALSE,0.444,2,10,15,1,0,0,1,90,183
27691,29424,Dairy,128,for_profit,55,TRUE,3,5926,3,5926,496,5,FALSE,0.001,2,14,14,1,0,0,1,147,232
27692,30065,Dairy,160,pro_environmental,68,FALSE,1,8000,3,8000,538,5,FALSE,0.003,1,17,11,0,1,0,1,27,269
27693,29971,Dairy,192,for_profit,65,TRUE,4,7104,3,7104,478,0,FALSE,0.193,2,10,8,0,2,2,0,103,70
27694,30518,SNB,80,for_profit,65,FALSE,2,57847,3,57847,6781,15,FALSE,0.357,1,10,9,1,0,1,1,108,250
27695,29985,Forest,176,for_profit,61,TRUE,5,0,0,0,0,21,TRUE,0,2,9,12,0,0,0,1,37,240
27696,29651,Forest,64,for_profit,52,FALSE,3,159930,3,159930,10750,5,FALSE,0.366,1,8,12,0,0,0,0,91,140
27697,30253,SNB,144,for_profit,55,TRUE,3,64,3,36.69527165559185,4,15,FALSE,0,3,11,15,3,0,2,1,50,218
27698,29259,Forest,48,for_profit,65,FALSE,3,0,0,0,0,21,TRUE,0,1,8,11,0,0,0,0,90,129
27699,29729,Dairy,256,pro_environmental,75,TRUE,3,800,3,800,54,0,FALSE,0.001,2,9,13,0,2,2,2,61,227
27700,29368,Dairy,160,for_profit,64,FALSE,2,2609319,3,803222.1253988651,175387,20,FALSE,0.243,2,16,19,1,0,0,1,122,114
27701,30131,Crop,80,for_profit,67,TRUE,3,0,0,0,0,21,TRUE,0,3,11,11,2,0,0,0,134,86
27702,29733,SNB,64,pro_environmental,33,TRUE,5,262900,3,262900,30820,15,FALSE,1.283,1,10,13,1,0,0,0,45,146
27703,29431,Dairy,160,for_profit,51,TRUE,4,7474,3,7474,876,10,FALSE,0.001,3,13,12,0,3,0,3,124,54
27704,29611,Dairy,48,pro_environmental,60,FALSE,4,523228,3,419846.91341581824,35169,10,FALSE,0.48,1,14,12,1,0,1,1,88,223
27705,29416,Dairy,80,pro_environmental,62,TRUE,3,0,0,0,0,21,TRUE,0,1,13,13,0,0,0,0,111,155
27706,29473,Dairy,112,for_profit,58,TRUE,2,0,0,0,0,21,TRUE,0,2,14,14,0,0,2,0,127,71
27707,28791,Dairy,48,for_profit,68,TRUE,2,0,0,0,0,21,TRUE,0,2,7,10,2,0,0,1,101,221
27708,28933,SNB,192,for_profit,81,TRUE,2,2370,3,729.5529742416738,199,20,FALSE,0.002,4,9,14,2,0,0,1,143,57
27709,29652,Dairy,96,for_profit,63,TRUE,3,3368,3,3368,282,5,FALSE,0.002,2,11,14,2,0,0,2,60,209
27710,29460,Dairy,128,pro_environmental,83,TRUE,2,0,0,0,0,21,TRUE,0,1,14,12,0,1,0,0,74,150
27711,28984,Dairy,80,for_profit,53,TRUE,5,940002,3,289359.1792797983,63183,20,FALSE,0.187,3,10,16,0,2,0,3,114,76
27712,28819,Dairy,64,for_profit,65,TRUE,5,3200,3,3200,215,5,FALSE,0.003,1,12,10,0,0,1,1,62,128
27713,29745,Forest,160,for_profit,63,FALSE,4,389466,3,389466,26178,5,FALSE,0.458,1,12,16,0,0,0,0,59,131
27714,30286,Dairy,208,for_profit,54,FALSE,2,8800,3,8800,591,0,FALSE,0.154,3,17,10,3,1,3,1,65,175
27715,29552,Forest,64,for_profit,47,TRUE,6,140664,3,112871.15029914808,9455,10,FALSE,0.258,1,14,12,0,0,0,0,72,240
27716,29474,Dairy,48,pro_environmental,60,FALSE,3,446421,3,446421,30007,5,FALSE,0.511,1,11,8,1,0,0,0,16,311
27717,29871,Dairy,112,pro_environmental,66,TRUE,2,1228,3,1228,268,15,FALSE,0.001,4,12,13,3,0,1,3,126,61
27718,28916,Dairy,80,for_profit,56,TRUE,2,128,3,128,9,5,FALSE,0,2,9,10,0,2,2,0,86,220
27719,29724,Forest,176,pro_environmental,41,FALSE,4,1478770,3,1478770,99397,5,FALSE,0.743,3,12,12,2,1,0,0,135,105
27720,29396,Dairy,160,pro_environmental,44,TRUE,3,1687422,3,1354015.6840420368,113421,10,FALSE,0.515,2,11,13,1,0,1,0,108,164
27721,29251,Dairy,192,for_profit,61,FALSE,3,2146806,3,2146806,144299,5,FALSE,0.746,3,11,12,2,0,2,0,175,32
27722,29702,Dairy,144,pro_environmental,46,FALSE,4,1299273,3,1299273,108836,10,FALSE,0.489,2,8,14,0,0,1,1,111,138
27723,30201,Dairy,80,for_profit,64,FALSE,1,0,0,0,0,21,TRUE,0,3,16,18,0,3,0,3,15,302
27724,30224,Dairy,96,for_profit,70,FALSE,2,0,0,0,0,21,TRUE,0,2,11,14,0,0,0,1,67,140
27725,30053,Dairy,240,for_profit,62,FALSE,2,2612151,3,1497712.352350405,175578,15,FALSE,0.367,3,11,12,3,3,0,0,40,235
27726,30174,Forest,80,for_profit,65,FALSE,3,866006,3,496536.33477144496,58209,15,FALSE,0.325,2,10,10,0,0,1,0,96,134
27727,29389,SNB,128,for_profit,50,FALSE,2,201042,3,201042,13513,5,FALSE,0.677,2,14,12,1,0,2,0,99,255
27728,30360,SNB,64,for_profit,72,FALSE,1,480,3,480,32,5,FALSE,0.002,3,13,9,2,0,2,0,92,256
27729,29108,Dairy,192,pro_environmental,57,FALSE,2,2168869,3,667639.168645808,145782,20,FALSE,0.243,3,11,11,0,1,1,2,52,260
27730,30563,Dairy,48,for_profit,70,FALSE,2,25430,3,25430,5553,15,FALSE,0.224,2,11,10,0,0,2,2,57,192
27731,30453,Forest,112,for_profit,43,TRUE,3,0,0,0,0,21,TRUE,0,2,10,13,0,0,0,0,127,24
27732,29504,Dairy,160,for_profit,48,FALSE,3,2399871,3,1375998.7231777636,161309,15,FALSE,0.427,2,11,9,0,1,2,0,99,151
27733,30056,Dairy,80,for_profit,76,TRUE,2,1600,3,1600,108,0,FALSE,0,2,11,14,2,0,2,2,141,80
27734,29737,Forest,112,for_profit,64,TRUE,2,0,0,0,0,21,TRUE,0,3,10,12,2,0,2,1,127,95
27735,29591,Dairy,128,for_profit,60,TRUE,3,800,3,800,54,5,FALSE,0,3,14,13,2,3,3,1,116,78
27736,28742,Dairy,176,for_profit,44,TRUE,4,389395,3,389395,85026,15,FALSE,0.216,4,15,12,2,4,4,0,119,89
27737,29122,Dairy,32,for_profit,57,TRUE,5,1280,3,1280,86,0,FALSE,0,1,15,12,0,1,1,0,80,271
27738,28909,Dairy,64,for_profit,46,FALSE,6,1026767,3,1026767,69015,5,FALSE,0.745,2,13,11,0,0,2,2,85,184
27739,29878,Dairy,368,for_profit,54,FALSE,2,4334421,3,1334257.2709559368,291341,20,FALSE,0.184,1,8,9,0,0,1,1,87,196
27740,30524,Crop,192,for_profit,76,FALSE,2,1956419,3,602241.054984355,131502,20,FALSE,0.143,3,13,13,3,0,0,0,75,167
27741,29482,Dairy,144,for_profit,62,FALSE,4,753668,3,753668,50658,5,FALSE,0.266,1,13,12,0,0,1,0,52,230
27742,29475,Dairy,48,for_profit,61,FALSE,3,299024,3,299024,20099,5,FALSE,0.319,2,12,12,0,0,0,0,66,171
27743,29530,Forest,160,pro_environmental,56,TRUE,3,800,3,246.26260733896163,54,20,FALSE,0,2,17,12,0,0,0,1,84,150
27744,29405,Dairy,96,for_profit,73,TRUE,2,0,0,0,0,21,TRUE,0,2,11,13,0,1,1,1,69,125
27745,30511,Dairy,80,for_profit,69,FALSE,2,744062,3,229043.3101773031,50013,20,FALSE,0.224,2,10,10,0,1,0,0,141,74
27746,29767,Dairy,64,for_profit,82,TRUE,1,0,0,0,0,21,TRUE,0,1,15,11,0,1,1,0,70,249
27747,29143,Forest,176,for_profit,39,FALSE,3,844356,3,844356,56754,5,FALSE,0.703,1,16,11,0,0,0,0,70,261
27748,29805,Dairy,80,for_profit,66,FALSE,3,258346,3,258346,30286,10,FALSE,0.227,1,12,9,1,1,1,0,96,133
27749,30034,Forest,80,for_profit,69,FALSE,3,402299,3,230663.6108089523,27041,15,FALSE,0.32,3,12,17,0,0,0,0,98,196
27750,29828,SNB,64,for_profit,61,FALSE,3,92419,3,74158.55399744758,6212,10,FALSE,0.391,1,9,12,0,0,1,0,21,278
27751,29414,Dairy,96,for_profit,63,TRUE,2,1856,3,1856,125,5,FALSE,0.001,2,11,15,0,0,1,2,61,160
27752,30478,Dairy,64,for_profit,61,TRUE,2,1920,3,1540.6401678778104,129,10,FALSE,0.001,1,11,14,1,0,0,0,71,145
27753,29538,Dairy,208,for_profit,55,TRUE,3,9600,3,9600,645,0,FALSE,0,2,8,11,1,0,0,1,180,11
27754,30276,Dairy,144,for_profit,55,FALSE,3,477281,3,477281,55952,10,FALSE,0.247,3,14,17,0,3,3,3,59,218
27755,30004,Dairy,64,for_profit,50,FALSE,2,764231,3,764231,64017,10,FALSE,0.704,2,9,10,1,1,0,0,98,147
27756,29067,SNB,224,for_profit,83,TRUE,2,1185,3,679.435889248068,139,15,FALSE,0.001,4,14,12,3,0,2,1,170,26
27757,29639,SNB,192,for_profit,40,FALSE,2,120180,3,120180,8078,5,FALSE,0.309,1,9,12,0,1,1,1,106,224
27758,29195,Dairy,96,for_profit,61,FALSE,3,1562057,3,1253420.707663911,104995,10,FALSE,0.601,2,16,11,0,0,1,1,124,121
27759,29333,Forest,80,for_profit,54,FALSE,2,563405,3,452085.6113454155,37870,10,FALSE,0.653,2,13,14,0,0,1,1,136,122
27760,29400,Dairy,32,for_profit,80,TRUE,2,0,0,0,0,21,TRUE,0,1,11,14,0,1,1,1,76,260
27761,29204,SNB,64,pro_environmental,50,TRUE,3,256,3,256,17,0,FALSE,0,1,11,9,0,0,1,0,79,236
27762,29476,Dairy,32,for_profit,77,FALSE,3,800,3,800,54,0,FALSE,0,2,12,9,1,0,1,1,119,206
27763,29386,Dairy,80,pro_environmental,69,TRUE,2,128,3,128,9,0,FALSE,0,2,12,13,2,2,1,2,141,91
27764,29025,Dairy,144,for_profit,60,FALSE,5,1122109,3,643376.4778466331,75423,15,FALSE,0.227,3,11,16,1,3,0,0,101,139
27765,30243,SNB,320,for_profit,55,FALSE,3,0,0,0,0,21,TRUE,0,2,11,12,0,0,0,0,97,275
27766,30555,Forest,288,pro_environmental,45,FALSE,2,1126706,3,904087.7713484043,75732,10,FALSE,0.604,4,11,9,0,0,0,0,139,27
27767,28800,Dairy,64,for_profit,61,FALSE,2,551927,3,316454.86248524755,37098,15,FALSE,0.278,3,12,13,3,1,0,0,119,44
27768,29100,Dairy,144,for_profit,62,TRUE,3,576,3,576,39,0,FALSE,0,1,18,14,1,0,1,0,72,192
27769,30434,Dairy,144,for_profit,49,FALSE,1,384,3,384,26,0,FALSE,0.009,2,12,13,0,2,2,2,120,223
27770,29079,Dairy,64,for_profit,66,TRUE,1,0,0,0,0,21,TRUE,0,1,10,16,0,0,1,1,75,236
27771,29110,Dairy,80,for_profit,65,TRUE,4,935832,3,536572.022874935,62903,15,FALSE,0.421,3,12,11,0,0,0,1,77,127
27772,30436,SNB,64,for_profit,53,TRUE,3,0,0,0,0,21,TRUE,0,2,7,19,0,0,0,0,52,109
27773,30486,Forest,64,pro_environmental,49,FALSE,3,200487,3,114951.95200647881,13476,15,FALSE,0.26,1,15,14,0,0,0,0,130,92
27774,29761,SNB,80,pro_environmental,59,FALSE,4,241988,3,241988,16265,5,FALSE,0.438,1,11,16,0,0,0,0,93,158
27775,29786,Crop,208,pro_environmental,74,TRUE,3,-86236,3,-86236,-7224,5,FALSE,-0.014,6,13,12,6,0,5,1,131,63
27776,28796,Dairy,64,for_profit,49,TRUE,2,2400,3,1925.800209847263,161,10,FALSE,0.001,2,13,12,0,2,2,2,69,183
27777,30083,Dairy,80,for_profit,79,FALSE,1,0,0,0,0,21,TRUE,0,1,12,11,1,0,1,0,76,188
27778,29140,Dairy,48,pro_environmental,69,TRUE,1,1733,3,1733,203,10,FALSE,0.001,2,18,11,2,0,2,2,116,71
27779,30045,Dairy,96,for_profit,70,FALSE,2,470262,3,269631.12248909276,31609,15,FALSE,0.161,2,13,10,0,2,2,2,137,72
27780,30133,Forest,272,for_profit,64,FALSE,3,558196,3,320049.2790166367,37520,15,FALSE,0.279,2,11,12,0,0,0,0,181,6
27781,30529,Forest,96,pro_environmental,63,TRUE,3,0,0,0,0,21,TRUE,0,1,13,15,0,0,0,0,88,140
27782,28758,SNB,48,for_profit,66,FALSE,2,0,0,0,0,21,TRUE,0,2,11,11,1,0,1,0,63,124
27783,29190,Dairy,160,for_profit,61,FALSE,3,1240436,3,1240436,83377,5,FALSE,0.434,4,14,14,2,0,0,0,137,70
27784,29173,Dairy,64,for_profit,52,TRUE,3,0,0,0,0,21,TRUE,0,2,14,9,0,2,0,0,46,265
27785,29056,Dairy,64,for_profit,64,TRUE,2,0,0,0,0,21,TRUE,0,2,9,16,0,1,0,0,112,99
27786,30390,Dairy,80,for_profit,65,FALSE,2,544476,3,312182.7301554692,36597,15,FALSE,0.199,1,15,9,1,0,0,1,73,194
27787,28775,Forest,48,for_profit,56,FALSE,3,85017,3,85017,5714,5,FALSE,0.26,1,11,10,0,0,0,0,55,177
27788,29133,SNB,208,pro_environmental,54,FALSE,2,15037,3,15037,3283,15,FALSE,0.23,3,10,11,2,0,0,3,87,91
27789,29913,Dairy,160,for_profit,63,FALSE,3,1599296,3,1283301.9051699536,107498,10,FALSE,0.561,4,11,9,0,3,2,1,147,92
27790,29610,Forest,80,for_profit,57,TRUE,2,0,0,0,0,21,TRUE,0,2,7,14,0,0,0,0,98,173
27791,29070,SNB,176,for_profit,70,FALSE,2,0,0,0,0,21,TRUE,0,1,8,16,1,0,0,0,55,234
27792,29174,SNB,64,for_profit,37,FALSE,5,208834,3,208834,14037,5,FALSE,0.673,3,9,15,2,0,0,0,19,283
27793,29843,Dairy,160,pro_environmental,52,TRUE,2,7623,3,2346.5748196811305,894,20,FALSE,0.001,2,12,11,2,2,0,0,125,214
27794,30295,SNB,32,for_profit,64,FALSE,2,18061,3,18061,2117,15,FALSE,0.202,2,20,10,0,0,2,2,91,208
27795,29540,Crop,64,for_profit,74,FALSE,2,148343,3,45664.16745060448,32391,20,FALSE,0.033,1,13,10,1,0,0,0,90,219
27796,30465,Crop,96,for_profit,56,FALSE,4,967254,3,967254,65015,5,FALSE,0.478,1,8,11,1,0,1,1,94,139
27797,28875,SNB,64,for_profit,50,TRUE,3,107854,3,86543.8565970278,7249,10,FALSE,0.391,2,16,9,0,0,0,0,52,142
27798,30551,SNB,48,for_profit,73,TRUE,1,3877,3,1193.4501608164428,455,20,FALSE,0.009,3,9,12,0,0,1,1,48,126
27799,29357,Dairy,128,for_profit,54,TRUE,2,64,3,64,4,5,FALSE,0,3,10,13,3,3,2,3,91,150
27800,29407,Dairy,128,for_profit,58,TRUE,5,1205273,3,691059.6899085962,81013,15,FALSE,0.293,2,12,9,0,0,1,0,90,250
27801,29624,SNB,96,for_profit,50,TRUE,2,1635,3,937.4495180764482,137,15,FALSE,0.004,4,14,12,3,0,0,0,86,106
27802,30229,SNB,240,for_profit,57,TRUE,4,-223298,3,-68737.43461696932,-26177,20,FALSE,-0.09,2,13,9,0,1,2,0,58,231
27803,30410,Forest,144,for_profit,58,FALSE,2,1311587,3,1052439.383263726,88159,10,FALSE,0.704,2,13,12,1,0,0,1,131,121
27804,28955,Forest,240,for_profit,57,TRUE,1,0,0,0,0,21,TRUE,0,1,10,10,0,0,0,0,78,242
27805,30457,Forest,64,for_profit,79,FALSE,1,0,0,0,0,21,TRUE,0,2,17,13,0,0,0,0,90,216
27806,29465,Dairy,80,for_profit,45,TRUE,2,2400,3,1925.800209847263,161,10,FALSE,0.001,1,10,13,1,0,0,0,78,167
27807,29083,Dairy,112,for_profit,68,FALSE,2,156959,3,156959,34273,15,FALSE,0.132,2,11,12,2,2,0,2,83,227
27808,29813,Dairy,80,for_profit,70,TRUE,2,0,0,0,0,21,TRUE,0,1,15,7,0,1,1,0,98,154
27809,28989,Forest,96,for_profit,56,FALSE,3,151518,3,86874.90891737447,10184,15,FALSE,0.131,1,10,11,0,0,0,0,89,206
27810,30331,Forest,64,for_profit,46,TRUE,4,0,0,0,0,21,TRUE,0,1,12,11,0,0,0,0,83,139
27811,30199,Dairy,80,for_profit,64,TRUE,3,1920,3,1920,129,0,FALSE,0,2,11,13,2,2,0,0,92,146
27812,29158,Forest,112,for_profit,61,FALSE,4,294349,3,236190.56915347168,19785,10,FALSE,0.305,1,15,14,0,0,0,0,112,157
27813,29408,SNB,128,for_profit,63,FALSE,4,140992,3,140992,9477,5,FALSE,0.372,1,13,10,0,1,0,0,81,251
27814,29783,Dairy,80,for_profit,68,TRUE,3,0,0,0,0,21,TRUE,0,1,12,8,0,0,1,0,140,211
27815,28956,Dairy,160,for_profit,76,FALSE,2,1064389,3,327649.0129536376,71544,20,FALSE,0.139,2,10,10,0,1,1,0,83,131
27816,29932,Forest,96,for_profit,67,FALSE,4,160363,3,128677.9579382236,10779,10,FALSE,0.196,1,13,16,0,0,0,0,37,266
27817,30000,Dairy,64,for_profit,61,TRUE,6,640,3,640,43,0,FALSE,0.249,2,11,14,2,1,0,0,94,175
27818,29393,SNB,96,for_profit,47,FALSE,3,144789,3,144789,9732,5,FALSE,0.745,1,15,15,1,0,1,0,60,115
27819,29418,Dairy,48,for_profit,42,TRUE,2,1920,3,1920,129,5,FALSE,0.002,1,11,10,0,1,1,0,142,78
27820,29534,SNB,64,pro_environmental,74,FALSE,2,91237,3,28085.326882231053,6133,20,FALSE,0.119,2,8,17,1,0,1,1,8,284
27821,29694,SNB,144,for_profit,62,TRUE,2,384,3,384,26,5,FALSE,0.001,4,11,12,0,0,3,3,104,112
27822,30467,Dairy,96,for_profit,61,FALSE,2,785001,3,785001,92026,15,FALSE,0.461,3,9,11,3,0,0,2,80,119
27823,30218,Dairy,112,for_profit,55,FALSE,2,518298,3,518298,34838,5,FALSE,0.254,3,11,8,2,0,1,0,91,78
27824,29107,Forest,64,for_profit,79,FALSE,2,0,0,0,0,21,TRUE,0,1,14,13,0,0,0,0,129,51
27825,29682,Dairy,112,pro_environmental,62,TRUE,1,3200,3,3200,215,0,FALSE,0,3,12,13,0,2,2,2,119,161
27826,29080,Forest,160,for_profit,64,TRUE,2,0,0,0,0,21,TRUE,0,1,11,13,0,0,0,0,90,242
27827,29780,Dairy,80,for_profit,58,TRUE,2,842,3,842,184,15,FALSE,0.001,3,15,14,0,3,2,0,119,53
27828,29742,Dairy,64,for_profit,46,TRUE,3,0,0,0,0,21,TRUE,0,2,7,13,0,0,0,0,31,253
27829,29505,Dairy,64,for_profit,39,TRUE,5,738196,3,227237.58960899015,49618,20,FALSE,0.195,1,11,11,0,0,0,0,46,270
27830,29513,Dairy,80,for_profit,58,TRUE,2,960,3,960,65,5,FALSE,0.001,2,10,14,2,0,1,0,80,176
27831,28964,Forest,64,pro_environmental,47,FALSE,3,146474,3,83982.86282001814,9845,15,FALSE,0.192,1,9,13,0,0,0,0,67,285
27832,30527,Dairy,48,for_profit,64,TRUE,3,192,3,192,13,0,FALSE,0,1,12,11,0,0,1,0,127,47
27833,29859,Forest,208,pro_environmental,59,FALSE,2,256,3,256,17,0,FALSE,0.101,3,9,12,0,0,2,0,145,196
27834,30358,SNB,64,for_profit,81,FALSE,1,1730,3,1388.1809845982355,116,10,FALSE,0.009,3,15,21,0,0,0,3,10,308
27835,29329,Dairy,128,for_profit,61,TRUE,4,0,0,0,0,21,TRUE,0,2,16,12,2,0,0,1,124,63
27836,29825,Dairy,128,for_profit,63,FALSE,2,996947,3,306888.45949844475,67010,20,FALSE,0.108,1,10,8,0,0,1,0,122,116
27837,29814,Forest,144,for_profit,57,FALSE,3,1557152,3,1557152,104665,5,FALSE,0.55,1,9,15,0,0,0,0,46,238
27838,29077,Forest,32,for_profit,77,FALSE,2,0,0,0,0,21,TRUE,0,1,11,12,0,0,0,0,75,255
27839,29951,Dairy,80,for_profit,36,FALSE,4,888588,3,888588,59727,5,FALSE,0.61,1,12,17,1,0,1,1,13,302
27840,30165,Dairy,48,pro_environmental,55,TRUE,2,1048,3,1048,229,15,FALSE,0.001,3,11,13,3,2,0,1,90,264
27841,30389,Dairy,160,for_profit,55,FALSE,4,1774203,3,1423650.2123798516,119254,10,FALSE,0.447,2,16,12,2,2,2,2,82,150
27842,30303,Dairy,48,pro_environmental,53,TRUE,3,2400,3,2400,161,0,FALSE,0,1,11,10,1,1,0,1,137,129
27843,28801,Dairy,272,for_profit,68,TRUE,4,5254,3,5254,440,5,FALSE,0,5,18,11,5,0,0,0,173,27
27844,30540,Dairy,176,for_profit,64,TRUE,1,256,3,256,17,5,FALSE,0,4,11,11,4,4,4,4,98,131
27845,29701,Dairy,80,for_profit,59,TRUE,2,320,3,256.7733613129684,22,10,FALSE,0,1,15,15,0,0,1,0,131,218
27846,30077,Dairy,80,pro_environmental,48,FALSE,5,727006,3,583361.7947334247,48866,10,FALSE,0.4,1,10,11,0,0,1,1,81,228
27847,30289,Dairy,128,for_profit,61,TRUE,2,179,3,179,15,5,FALSE,0,4,12,11,3,0,2,0,56,189
27848,29052,Dairy,48,pro_environmental,60,TRUE,1,1406,3,1406,118,5,FALSE,0.001,3,12,11,1,3,3,0,106,94
27849,29324,Forest,80,pro_environmental,57,FALSE,2,148419,3,45687.562398301685,9976,20,FALSE,0.084,1,14,17,0,0,0,0,33,264
27850,29378,Dairy,48,for_profit,65,TRUE,2,1280,3,1280,86,5,FALSE,0.001,3,11,12,1,2,2,1,115,55
27851,30179,Dairy,128,pro_environmental,49,FALSE,2,985202,3,985202,66221,5,FALSE,0.436,3,10,13,0,2,1,3,105,193
27852,29177,Forest,144,for_profit,63,FALSE,5,356442,3,356442,23959,5,FALSE,0.358,1,8,18,0,0,0,0,36,131
27853,28990,SNB,176,for_profit,52,TRUE,3,2400,3,2400,161,5,FALSE,0.005,3,12,11,3,0,3,0,109,64
27854,29248,Crop,112,for_profit,54,FALSE,1,372877,3,114782.0777959125,43713,20,FALSE,0.048,2,9,12,0,1,1,0,103,140
27855,30564,Dairy,80,for_profit,61,FALSE,2,404230,3,231770.77595843584,27171,15,FALSE,0.147,1,13,12,0,1,0,0,112,152
27856,29950,Forest,128,for_profit,50,FALSE,2,57468,3,57468,12548,15,FALSE,0.209,2,12,13,1,0,1,0,52,124
27857,29135,Forest,64,for_profit,41,TRUE,3,263481,3,81106.8975553462,17710,20,FALSE,0.217,2,10,12,0,0,0,0,44,122
27858,29165,SNB,48,for_profit,75,FALSE,2,0,0,0,0,21,TRUE,0,1,14,14,0,0,0,0,64,165
27859,29572,Forest,192,pro_environmental,74,FALSE,2,1143204,3,351910.49720041285,76841,20,FALSE,0.237,3,13,12,0,1,1,1,83,179
27860,30402,SNB,208,pro_environmental,50,TRUE,3,800,3,800,54,0,FALSE,0.144,2,14,9,0,0,2,1,10,297
27861,29061,Dairy,96,for_profit,67,TRUE,1,4484,3,4484,376,5,FALSE,0.001,2,14,12,2,2,2,2,93,187
27862,29069,Dairy,96,for_profit,48,FALSE,3,844317,3,677494.1065740049,56751,10,FALSE,0.361,4,17,19,0,2,0,0,126,152
27863,30167,Dairy,48,for_profit,44,TRUE,2,1440,3,1440,97,0,FALSE,0,1,12,7,1,1,0,0,137,20
27864,30311,Dairy,96,for_profit,70,FALSE,2,3840,3,3840,258,5,FALSE,0.002,1,15,13,0,1,0,1,45,236
27865,29178,Dairy,32,for_profit,70,TRUE,2,449,3,360.2851225922588,38,10,FALSE,0.001,2,8,12,2,0,1,0,127,157
27866,29817,Dairy,80,for_profit,70,TRUE,2,3738,3,3738,438,10,FALSE,0.002,2,13,11,2,2,2,0,106,154
27867,30082,Dairy,128,for_profit,66,FALSE,3,460905,3,369837.8940498553,38608,10,FALSE,0.145,2,15,16,0,1,0,1,75,180
27868,30104,Forest,48,for_profit,51,TRUE,3,147385,3,45369.26797831608,9907,20,FALSE,0.138,1,15,11,0,0,0,0,101,201
27869,28844,SNB,176,for_profit,59,FALSE,4,1810179,3,1452517.957525462,121672,10,FALSE,0.428,2,12,16,1,0,0,2,47,148
27870,29200,Dairy,112,for_profit,61,TRUE,2,3776,3,3776,443,10,FALSE,0.001,3,14,11,3,0,2,3,96,83
27871,28891,Forest,272,for_profit,65,FALSE,3,0,0,0,0,21,TRUE,0,1,13,18,0,0,0,0,42,226
27872,30068,Forest,240,for_profit,59,TRUE,3,0,0,0,0,21,TRUE,0,3,15,13,0,0,0,0,80,186
27873,30172,Dairy,144,for_profit,53,TRUE,2,394,3,121.28433411443861,46,20,FALSE,0,2,12,12,0,0,2,0,117,159
27874,29111,Forest,64,for_profit,82,FALSE,3,0,0,0,0,21,TRUE,0,2,15,15,0,1,0,0,67,184
27875,29230,Dairy,176,for_profit,54,FALSE,3,852275,3,683879.7391031567,57286,10,FALSE,0.235,3,13,10,0,2,0,0,111,76
27876,28881,Forest,64,for_profit,51,FALSE,2,654593,3,375319.8118570131,43999,15,FALSE,0.859,1,11,10,0,0,0,0,83,253
27877,29800,Dairy,176,for_profit,71,TRUE,1,921,3,921,201,15,FALSE,0,1,23,12,0,0,1,0,68,272
27878,30317,Dairy,96,for_profit,59,TRUE,2,3388,3,1042.9221420805025,397,20,FALSE,0.001,3,17,13,1,2,0,0,57,184
27879,29896,Crop,48,pro_environmental,27,TRUE,2,0,0,0,0,21,TRUE,0,1,13,10,0,0,1,1,77,186
27880,30535,Dairy,96,for_profit,73,FALSE,3,256,3,256,17,0,FALSE,0.157,3,14,13,0,0,1,0,114,73
27881,29272,Dairy,96,for_profit,46,FALSE,3,918878,3,526851.2160679208,61763,15,FALSE,0.339,3,11,12,1,0,2,0,64,163
27882,30235,Forest,240,pro_environmental,42,TRUE,3,0,0,0,0,21,TRUE,0,2,14,14,0,0,0,0,118,99
27883,28730,SNB,80,pro_environmental,36,TRUE,2,10734,3,10734,2344,20,FALSE,0.045,2,13,12,1,0,0,1,62,123
27884,29367,Forest,144,pro_environmental,75,FALSE,0,0,0,0,0,21,TRUE,0,2,11,14,0,0,0,0,72,154
27885,30308,Dairy,128,for_profit,56,FALSE,3,511449,3,293246.24989032495,34377,15,FALSE,0.126,1,14,12,0,0,0,0,49,266
27886,29617,Dairy,96,pro_environmental,46,TRUE,3,1131,3,648.4742537886623,133,15,FALSE,0,3,10,8,2,2,2,1,60,146
27887,28941,Dairy,112,pro_environmental,77,TRUE,2,0,0,0,0,21,TRUE,0,2,12,14,0,2,2,2,114,152
27888,29464,Dairy,96,for_profit,65,FALSE,2,410509,3,235370.9261260212,27593,15,FALSE,0.146,1,10,12,0,0,0,0,55,185
27889,28898,Dairy,144,for_profit,62,TRUE,1,5120,3,5120,344,5,FALSE,0.002,2,12,13,2,1,2,0,117,133
27890,29557,Dairy,80,for_profit,50,TRUE,3,255759,3,146642.90599003932,17191,15,FALSE,0.115,2,9,16,1,0,0,0,53,161
27891,28789,SNB,112,for_profit,58,TRUE,2,800,3,800,54,5,FALSE,0.003,2,9,11,0,1,2,2,140,64
27892,28822,Dairy,240,pro_environmental,60,TRUE,3,5280,3,5280,355,0,FALSE,0,3,13,15,2,0,2,0,41,248
27893,30027,SNB,256,for_profit,71,FALSE,4,396856,3,396856,33243,10,FALSE,0.652,5,9,12,3,0,0,2,92,278
27894,29197,SNB,64,for_profit,67,FALSE,1,0,0,0,0,21,TRUE,0,2,10,11,0,0,0,0,110,57
27895,29816,Dairy,128,for_profit,47,TRUE,4,931331,3,747315.5980155256,62600,10,FALSE,0.284,3,13,11,0,1,1,3,70,188
27896,30471,Forest,64,for_profit,57,FALSE,3,663038,3,532032.7998069624,44567,10,FALSE,0.467,1,10,13,0,0,0,0,144,91
27897,29891,Forest,176,for_profit,53,TRUE,3,0,0,0,0,21,TRUE,0,2,13,16,0,0,0,1,107,119
27898,29907,Dairy,144,for_profit,61,TRUE,3,0,0,0,0,21,TRUE,0,1,10,11,0,0,0,0,60,241
27899,29430,SNB,112,for_profit,59,TRUE,2,11572,3,11572,2527,20,FALSE,0.033,3,12,11,3,1,0,3,98,140
27900,29497,SNB,80,pro_environmental,65,FALSE,4,112888,3,90583.22253718243,7588,10,FALSE,0.324,2,11,8,1,0,0,0,39,243
27901,29269,Dairy,96,for_profit,67,TRUE,3,4060,3,4060,476,10,FALSE,0,1,13,15,0,1,1,0,47,262
27902,30151,Dairy,48,for_profit,40,FALSE,2,467922,3,467922,31452,5,FALSE,0.535,1,13,13,1,1,1,1,63,266
27903,29601,Dairy,464,for_profit,68,TRUE,4,3680,3,3680,247,0,FALSE,0,5,12,16,5,0,0,4,175,20
27904,28943,Dairy,80,for_profit,68,FALSE,1,813138,3,250306.85500798572,54656,20,FALSE,0.17,3,13,11,1,3,3,0,53,222
27905,29358,Dairy,128,for_profit,55,TRUE,3,1920,3,1920,129,0,FALSE,0.011,4,12,11,4,1,4,4,103,111
27906,29050,Dairy,64,for_profit,62,TRUE,1,0,0,0,0,21,TRUE,0,2,12,13,0,1,1,0,59,211
27907,30128,Forest,32,pro_environmental,39,FALSE,5,226151,3,226151,15201,5,FALSE,0.601,2,19,13,0,0,1,0,134,61
27908,28963,Forest,112,for_profit,43,FALSE,5,310536,3,249179.28915213735,20873,10,FALSE,0.193,2,11,17,1,1,1,0,131,123
27909,29097,SNB,80,for_profit,61,TRUE,2,0,0,0,0,21,TRUE,0,2,12,16,0,0,2,0,83,225
27910,29708,Dairy,96,for_profit,56,FALSE,2,10120,3,10120,2210,15,FALSE,0.096,3,13,11,3,3,3,0,136,113
27911,28768,SNB,192,pro_environmental,67,TRUE,1,-1615,3,-1615,-189,10,FALSE,-0.022,5,10,10,4,1,2,5,132,46
27912,28731,Forest,64,pro_environmental,72,FALSE,2,262763,3,262763,57376,20,FALSE,0.355,2,13,11,0,0,0,0,87,169
27913,29138,Dairy,48,pro_environmental,37,FALSE,2,28941,3,28941,6319,15,FALSE,0.059,3,11,9,2,3,3,3,110,95
27914,29191,Dairy,64,for_profit,44,TRUE,2,3200,3,2567.7336131296843,215,10,FALSE,0.002,1,14,13,0,1,1,1,76,150
27915,29166,SNB,48,for_profit,80,FALSE,1,0,0,0,0,21,TRUE,0,2,15,8,0,0,1,1,113,161
27916,29909,SNB,128,for_profit,41,TRUE,3,4800,3,4800,323,5,FALSE,0.013,3,9,10,0,0,0,3,44,228
27917,29739,Dairy,144,for_profit,51,TRUE,2,2315,3,2315,271,10,FALSE,0.001,4,16,11,4,4,4,0,137,67
27918,29614,Dairy,256,for_profit,66,FALSE,3,3228631,3,2590707.607216408,217015,10,FALSE,0.557,3,9,9,3,2,3,1,56,250
27919,30521,Dairy,32,for_profit,67,TRUE,2,800,3,800,54,0,FALSE,0,2,16,17,0,2,0,2,124,111
27920,29241,SNB,128,for_profit,54,FALSE,2,23233,3,23233,5073,15,FALSE,0.179,3,11,11,3,0,1,0,144,96
27921,30589,Forest,96,for_profit,56,FALSE,3,1528637,3,876464.8434029525,102748,15,FALSE,0.486,3,8,10,1,0,1,0,63,177
27922,29515,SNB,96,for_profit,66,TRUE,2,263248,3,263248,57481,20,FALSE,0.926,1,11,11,0,0,1,0,16,319
27923,30426,SNB,96,for_profit,58,TRUE,2,0,0,0,0,21,TRUE,0,2,17,14,0,0,2,1,91,96
27924,28852,SNB,224,for_profit,76,FALSE,2,39960,3,12300.817236581133,8725,20,FALSE,0.027,3,12,18,0,0,2,0,179,15
27925,29117,Dairy,112,for_profit,41,FALSE,2,1046999,3,1046999,70375,5,FALSE,0.525,1,10,9,1,1,0,0,98,125
27926,29112,Dairy,144,for_profit,79,TRUE,2,1280,3,733.905433111837,86,15,FALSE,0,2,11,16,0,2,0,0,100,117
27927,29459,Forest,48,for_profit,73,FALSE,3,0,0,0,0,21,TRUE,0,1,16,8,0,0,0,0,132,92
27928,30069,Dairy,80,pro_environmental,42,FALSE,2,944055,3,541286.7919190589,63455,15,FALSE,0.371,1,13,11,0,0,1,0,89,139
27929,29762,Dairy,80,for_profit,54,TRUE,3,4101,3,4101,344,5,FALSE,0.002,2,12,11,1,1,1,0,88,237
27930,29198,Forest,32,pro_environmental,47,FALSE,3,152747,3,122566.75193897495,10267,10,FALSE,0.568,1,12,13,0,0,0,0,52,146
27931,28805,Dairy,80,pro_environmental,46,TRUE,4,782,3,240.721698673835,171,20,FALSE,0,2,14,11,0,2,2,0,131,79
27932,29089,Dairy,64,pro_environmental,46,TRUE,2,1920,3,1920,129,0,FALSE,0,1,12,12,1,0,0,0,127,30
27933,30468,Forest,80,pro_environmental,44,FALSE,2,380234,3,305106.1320796101,25558,10,FALSE,0.559,1,9,14,0,0,0,0,55,273
27934,30459,Dairy,64,for_profit,58,FALSE,3,169389,3,169389,19858,10,FALSE,0.208,1,11,14,0,1,1,0,109,77
27935,29748,Forest,144,for_profit,63,TRUE,2,0,0,0,0,21,TRUE,0,1,12,15,0,0,0,0,90,190
27936,30323,Dairy,144,for_profit,61,FALSE,2,1453301,3,833269.9217553639,97685,15,FALSE,0.294,1,13,9,1,0,1,0,57,221
27937,29755,Dairy,64,for_profit,51,TRUE,3,2560,3,2560,172,5,FALSE,0.002,1,12,11,1,1,0,0,59,177
27938,30278,Dairy,128,for_profit,46,FALSE,3,1825423,3,1825423,122697,5,FALSE,0.777,2,13,16,0,0,1,0,69,175
27939,29038,Dairy,112,for_profit,44,FALSE,2,1509837,3,1509837,101485,5,FALSE,0.639,3,14,12,2,1,1,2,72,163
27940,30380,SNB,96,for_profit,56,TRUE,2,-31968,3,-31968,-2149,5,FALSE,-0.121,2,12,9,0,1,0,0,93,208
27941,29002,SNB,64,for_profit,63,TRUE,2,3755,3,3755,440,10,FALSE,0.013,1,12,9,1,0,0,1,82,201
27942,29019,SNB,128,for_profit,77,FALSE,2,192,3,192,13,0,FALSE,0.122,3,7,10,2,0,3,2,143,61
27943,30013,SNB,80,pro_environmental,59,TRUE,2,767,3,767,90,10,FALSE,0.005,2,14,10,2,0,2,0,130,57
27944,29796,Forest,80,for_profit,60,FALSE,2,536189,3,430247.03696574754,36040,10,FALSE,0.513,2,10,13,1,1,0,0,87,122
27945,29055,Dairy,144,for_profit,37,TRUE,4,237202,3,237202,51794,15,FALSE,0.176,4,13,12,2,0,1,1,57,146
27946,28929,Crop,96,for_profit,67,TRUE,2,800,3,246.26260733896163,54,20,FALSE,0,2,15,10,1,0,0,1,132,131
27947,28865,Dairy,128,for_profit,57,TRUE,3,1746,3,1746,381,15,FALSE,0,2,10,13,0,0,2,2,132,73
27948,28783,Forest,64,for_profit,55,TRUE,2,388301,3,388301,45521,15,FALSE,0.878,1,8,8,0,0,0,0,110,141
27949,29567,Forest,144,for_profit,67,FALSE,1,0,0,0,0,21,TRUE,0,3,15,9,1,0,0,0,33,257
27950,29437,SNB,64,for_profit,60,TRUE,3,0,0,0,0,21,TRUE,0,2,15,10,0,0,0,0,54,116
27951,30155,Dairy,128,for_profit,66,TRUE,2,2741,3,2741,321,10,FALSE,0.001,4,12,8,0,4,4,3,119,63
27952,28823,Forest,32,for_profit,60,TRUE,4,0,0,0,0,21,TRUE,0,1,16,10,0,0,0,0,78,181
27953,28817,Dairy,160,for_profit,50,FALSE,2,502322,3,502322,33764,5,FALSE,0.454,1,11,10,0,0,0,0,58,226
27954,29892,SNB,112,for_profit,65,TRUE,5,0,0,0,0,21,TRUE,0,2,16,8,0,0,0,0,77,155
27955,30195,Dairy,128,for_profit,66,FALSE,3,238513,3,238513,52080,15,FALSE,0.19,3,15,14,0,2,0,0,9,304
27956,29503,Dairy,32,for_profit,66,TRUE,2,-7253,3,-2232.678363786861,-850,20,FALSE,-0.006,2,14,13,0,2,2,0,45,231
27957,29149,Dairy,80,for_profit,73,TRUE,1,3200,3,2567.7336131296843,215,10,FALSE,0.002,2,13,12,0,0,0,1,123,146
27958,29547,Forest,128,for_profit,54,FALSE,3,166730,3,51324.20565203134,11207,20,FALSE,0.092,2,12,13,0,0,0,0,142,61
27959,30086,Dairy,112,for_profit,75,FALSE,3,1192316,3,683630.6174891978,80142,15,FALSE,0.335,1,16,14,1,0,1,1,41,265
27960,29311,SNB,208,for_profit,63,TRUE,2,0,0,0,0,21,TRUE,0,2,9,6,0,2,0,0,138,62
27961,30054,Dairy,80,for_profit,55,TRUE,5,853743,3,262806.2214717339,57385,20,FALSE,0.192,2,10,12,1,0,0,0,72,140
27962,29499,Forest,64,for_profit,41,TRUE,2,800,3,800,54,5,FALSE,0.001,2,9,14,0,0,0,1,51,159
27963,29103,Forest,112,pro_environmental,56,FALSE,5,657139,3,657139,44170,5,FALSE,0.278,1,18,15,0,0,0,0,50,270
27964,29346,Dairy,48,for_profit,78,TRUE,1,1920,3,1920,129,5,FALSE,0.002,1,11,10,1,1,0,0,140,213
27965,29479,Dairy,112,for_profit,84,FALSE,2,1895,3,1895,222,10,FALSE,0.001,3,13,13,1,3,2,0,84,189
27966,28829,SNB,32,for_profit,70,TRUE,3,0,0,0,0,21,TRUE,0,1,12,10,0,0,0,0,143,64
27967,30290,Dairy,48,for_profit,71,FALSE,1,1920,3,1920,129,5,FALSE,0.002,1,13,13,1,1,0,0,112,117
27968,29283,SNB,128,for_profit,44,FALSE,3,981548,3,787610.5601563172,65975,10,FALSE,0.364,2,9,14,0,1,2,1,141,53
27969,30282,Dairy,64,for_profit,56,FALSE,1,275146,3,157758.70648358556,18494,15,FALSE,0.164,2,16,12,0,0,1,0,115,49
27970,30499,Dairy,128,for_profit,75,TRUE,2,512,3,512,34,0,FALSE,0,1,10,15,0,0,1,0,42,263
27971,28997,SNB,320,for_profit,73,TRUE,2,0,0,0,0,21,TRUE,0,3,16,10,3,0,3,0,125,136
27972,29322,Dairy,96,for_profit,74,TRUE,2,3840,3,3840,258,0,FALSE,0.001,1,17,13,1,1,0,0,128,215
27973,29756,Dairy,32,for_profit,65,TRUE,2,1600,3,1283.8668065648421,108,10,FALSE,0.002,1,10,9,0,0,1,1,92,230
27974,28901,Forest,80,for_profit,50,TRUE,4,341465,3,105112.57651874817,22952,20,FALSE,0.18,2,12,13,0,0,0,0,114,157
27975,30230,Forest,80,pro_environmental,51,FALSE,4,159557,3,159557,10725,5,FALSE,0.757,1,10,12,0,0,0,0,106,78
27976,29223,Dairy,112,for_profit,51,FALSE,2,358532,3,358532,30033,5,FALSE,0.205,2,8,12,1,2,0,0,92,128
27977,29402,Dairy,80,for_profit,75,FALSE,1,3200,3,2567.7336131296843,215,10,FALSE,0.002,2,11,16,0,2,2,0,93,131
27978,29684,Forest,96,for_profit,64,FALSE,4,99561,3,99561,6692,5,FALSE,0.203,2,15,12,0,0,0,0,91,280
27979,29267,SNB,64,for_profit,71,TRUE,2,0,0,0,0,21,TRUE,0,2,9,8,0,0,2,1,20,272
27980,29774,Dairy,64,for_profit,78,TRUE,2,5254,3,4215.8976260573,440,10,FALSE,0.003,1,15,15,0,1,0,1,84,170
27981,28736,SNB,32,pro_environmental,63,TRUE,1,1156,3,1156,252,20,FALSE,0.011,1,15,16,1,0,0,1,127,61
27982,30572,Dairy,112,for_profit,66,TRUE,3,1776,3,1018.2937884426739,208,15,FALSE,0,3,11,14,0,0,3,1,69,150
27983,29086,Dairy,112,for_profit,65,FALSE,2,448,3,448,30,0,FALSE,0.165,1,9,20,1,0,1,0,44,253
27984,29449,Dairy,256,for_profit,68,FALSE,3,643742,3,516549.36611979036,43270,10,FALSE,0.163,4,12,11,0,1,3,0,55,197
27985,30513,SNB,256,pro_environmental,43,TRUE,2,16510,3,16510,1110,5,FALSE,0.022,1,10,16,1,0,0,1,82,249
27986,29821,Dairy,128,for_profit,66,TRUE,2,3840,3,3081.280335755621,258,10,FALSE,0.001,1,13,13,1,1,0,1,18,288
27987,30100,SNB,128,for_profit,46,TRUE,3,4000,3,3209.667016412105,269,10,FALSE,0.006,3,16,15,0,0,3,1,121,138
27988,30060,Dairy,96,for_profit,73,TRUE,3,480,3,480,32,0,FALSE,0,2,11,14,2,0,2,2,53,154
27989,29543,Dairy,80,for_profit,72,TRUE,1,2400,3,1925.800209847263,161,10,FALSE,0.001,2,12,14,2,0,0,2,107,74
27990,30291,SNB,48,for_profit,66,FALSE,2,39258,3,22509.10897898789,2639,15,FALSE,0.21,2,15,16,0,0,2,0,50,137
27991,29855,Dairy,176,for_profit,74,TRUE,3,1600,3,1600,108,0,FALSE,0.184,6,14,16,5,0,6,5,36,257
27992,29381,Dairy,64,for_profit,64,FALSE,3,498901,3,400326.5210387539,33534,10,FALSE,0.318,1,15,15,0,0,1,1,112,102
27993,29641,SNB,240,for_profit,51,FALSE,2,202593,3,202593,13617,5,FALSE,0.386,3,10,9,1,0,0,3,91,274
27994,29397,Dairy,64,pro_environmental,65,TRUE,3,800,3,800,54,0,FALSE,0,2,11,8,1,0,2,1,32,252
27995,30512,Forest,48,for_profit,68,TRUE,2,0,0,0,0,21,TRUE,0,1,10,11,0,0,0,0,69,263
27996,29053,Dairy,112,for_profit,49,FALSE,2,1072530,3,1072530,72091,5,FALSE,0.517,3,13,10,0,2,0,0,118,85
27997,29803,Dairy,96,for_profit,54,FALSE,3,941989,3,941989,63316,5,FALSE,0.539,1,11,9,0,0,1,1,78,235
27998,28974,Dairy,96,for_profit,49,FALSE,2,776142,3,622789.344363031,52169,10,FALSE,0.298,2,13,9,0,0,2,2,82,155
27999,29788,Forest,80,for_profit,61,TRUE,2,0,0,0,0,21,TRUE,0,1,9,13,0,0,0,0,15,314
28000,29637,Forest,80,for_profit,63,FALSE,3,263364,3,263364,17702,5,FALSE,0.63,2,14,12,0,0,0,1,93,81
28001,29885,SNB,32,for_profit,31,FALSE,2,94378,3,75730.48841873542,6344,10,FALSE,0.347,1,12,11,0,0,0,0,85,271
28002,29137,Crop,112,for_profit,49,FALSE,4,738877,3,423645.1911729491,49664,15,FALSE,0.166,2,11,11,1,0,0,0,109,90
28003,30178,Dairy,48,for_profit,80,TRUE,2,950,3,950,80,5,FALSE,0.001,2,8,12,1,2,2,2,82,153
28004,30429,Forest,272,for_profit,70,TRUE,2,0,0,0,0,21,TRUE,0,3,8,13,0,0,0,0,129,162
28005,29616,Dairy,80,for_profit,43,FALSE,3,733796,3,733796,49323,5,FALSE,0.504,1,11,11,0,0,0,0,68,280
28006,29865,Forest,96,for_profit,75,FALSE,2,453783,3,139687.23093262003,30501,20,FALSE,0.21,1,11,13,0,0,0,0,81,195
28007,29073,Dairy,112,for_profit,66,FALSE,4,1037700,3,319433.3845445506,69750,20,FALSE,0.145,1,10,12,0,1,1,0,84,199
28008,28908,Dairy,96,for_profit,81,TRUE,1,2695,3,2695,226,5,FALSE,0.002,1,15,14,1,1,1,0,50,150
28009,29842,Dairy,64,pro_environmental,70,FALSE,1,192,3,192,13,0,FALSE,0.246,2,11,12,0,2,2,0,145,76
28010,29517,Dairy,96,for_profit,49,FALSE,2,565816,3,565816,38032,5,FALSE,0.3,1,15,9,1,1,0,0,93,254
28011,29915,Dairy,64,for_profit,58,FALSE,4,767047,3,615491.363984464,51558,10,FALSE,0.65,3,11,12,0,2,2,0,36,251
28012,30378,Dairy,48,for_profit,75,FALSE,2,1440,3,1440,97,0,FALSE,0.1,1,13,13,1,1,0,1,55,144
28013,28950,SNB,160,for_profit,45,TRUE,2,128,3,128,9,0,FALSE,0,3,15,14,1,0,3,1,177,28
28014,29419,Forest,192,pro_environmental,65,TRUE,3,0,0,0,0,21,TRUE,0,2,10,10,0,0,0,1,108,84
28015,28733,Forest,32,for_profit,73,TRUE,3,0,0,0,0,21,TRUE,0,1,12,13,0,0,0,0,64,185
28016,29777,SNB,112,pro_environmental,40,FALSE,3,136214,3,136214,9156,5,FALSE,0.415,3,9,13,0,0,0,3,99,216
28017,28935,Dairy,160,for_profit,33,TRUE,3,6782,3,5441.990426326724,568,10,FALSE,0.002,4,13,14,0,3,0,4,123,80
28018,28802,SNB,112,for_profit,52,TRUE,3,0,0,0,0,21,TRUE,0,2,12,12,0,0,0,0,107,96
28019,29941,Dairy,80,for_profit,48,TRUE,3,640,3,640,43,5,FALSE,0,3,15,12,0,3,0,1,123,58
28020,30532,Dairy,96,for_profit,71,FALSE,4,949780,3,292369.1239979987,63840,20,FALSE,0.165,2,12,11,0,2,2,0,106,80
28021,29890,Dairy,96,pro_environmental,52,FALSE,2,190876,3,190876,41679,15,FALSE,0.216,2,13,12,2,2,2,2,130,23
28022,30372,Dairy,64,for_profit,54,TRUE,1,64,3,64,4,0,FALSE,0,3,16,11,0,2,3,3,87,272
28023,29162,Dairy,80,for_profit,65,FALSE,2,1076526,3,863822.4986275145,72359,10,FALSE,0.491,2,15,7,1,0,0,0,131,134
28024,29764,Dairy,64,for_profit,53,FALSE,3,536599,3,536599,36068,5,FALSE,0.401,2,16,11,2,2,0,0,108,166
28025,28779,Dairy,96,for_profit,73,FALSE,2,3894,3,3894,326,5,FALSE,0,2,13,14,1,2,0,0,84,163
28026,30024,Forest,64,for_profit,67,FALSE,2,516154,3,158886.78728554302,34694,20,FALSE,0.361,3,13,12,0,0,0,0,89,263
28027,30488,SNB,80,for_profit,59,TRUE,4,18061,3,18061,3944,15,FALSE,0.102,1,16,11,0,0,1,1,51,236
28028,29518,Forest,160,for_profit,71,TRUE,2,0,0,0,0,21,TRUE,0,3,12,17,0,0,0,0,25,256
28029,29323,SNB,96,for_profit,48,FALSE,6,108958,3,108958,7324,5,FALSE,0.561,1,14,10,0,0,0,0,143,239
28030,28863,Dairy,96,for_profit,45,TRUE,3,682564,3,210112.48789463876,45879,20,FALSE,0.125,2,11,12,0,1,0,1,130,80
28031,29000,Dairy,128,for_profit,67,TRUE,2,0,0,0,0,21,TRUE,0,2,12,16,2,2,2,0,87,248
28032,29106,SNB,48,for_profit,71,TRUE,1,0,0,0,0,21,TRUE,0,2,14,12,2,0,2,2,11,289
28033,30374,Dairy,64,for_profit,33,FALSE,2,282171,3,282171,18966,5,FALSE,0.228,2,11,9,2,0,2,0,93,87
28034,29999,Crop,80,for_profit,62,FALSE,2,1030782,3,827116.7466278257,69285,10,FALSE,0.551,2,13,14,0,0,0,0,130,82
28035,28739,SNB,256,for_profit,73,TRUE,1,8471,3,2607.61318346043,710,20,FALSE,0.005,2,9,11,0,1,1,1,108,48
28036,28855,Dairy,64,for_profit,57,TRUE,4,1440,3,1155.4801259083579,97,10,FALSE,0.001,2,11,11,1,0,0,0,72,166
28037,29341,Dairy,80,pro_environmental,52,FALSE,2,1294485,3,1294485,87010,5,FALSE,0.747,3,11,14,3,2,0,1,128,129
28038,29752,Forest,64,for_profit,47,TRUE,6,122577,3,70281.19240199191,10268,15,FALSE,0.094,3,9,11,0,2,2,0,103,107
28039,29866,Dairy,64,for_profit,58,TRUE,2,1920,3,591.030257613508,129,20,FALSE,0,1,17,12,1,0,0,0,71,142
28040,30184,Forest,64,for_profit,71,TRUE,3,0,0,0,0,21,TRUE,0,2,16,11,1,0,0,0,76,164
28041,29675,Dairy,48,pro_environmental,40,TRUE,1,1440,3,1440,97,0,FALSE,0,1,12,8,1,0,0,0,106,132
28042,28770,Dairy,64,for_profit,53,TRUE,3,894683,3,512978.6832912482,60137,15,FALSE,0.514,2,13,14,0,0,0,1,118,82
28043,28771,Crop,96,pro_environmental,60,FALSE,3,503183,3,288506.8262105574,33822,15,FALSE,0.131,1,11,10,0,0,0,0,128,131
28044,29015,Dairy,192,for_profit,61,TRUE,2,1860,3,1860,218,10,FALSE,0.001,7,13,12,6,1,0,6,115,62
28045,30411,Forest,128,for_profit,52,FALSE,4,236802,3,72894.34742885099,15917,20,FALSE,0.064,1,10,13,0,0,0,0,122,118
28046,28968,Dairy,48,for_profit,68,FALSE,2,531875,3,304957.7751846549,35750,15,FALSE,0.351,2,14,12,0,0,1,1,60,120
28047,29478,Forest,128,for_profit,52,TRUE,3,0,0,0,0,21,TRUE,0,1,11,8,0,0,0,0,49,213
28048,29013,Dairy,80,pro_environmental,61,TRUE,3,884080,3,272144.8073702865,59424,20,FALSE,0.253,2,10,12,1,0,1,0,91,131
28049,30136,Crop,48,for_profit,47,TRUE,2,0,0,0,0,21,TRUE,0,2,10,12,2,0,0,0,107,90
28050,29332,Forest,80,for_profit,42,FALSE,2,1302631,3,1045252.9388139792,87557,10,FALSE,0.57,1,11,8,0,0,0,0,110,131
28051,30423,Dairy,32,pro_environmental,56,TRUE,2,0,0,0,0,21,TRUE,0,1,17,15,0,0,0,1,78,261
28052,29592,Dairy,32,for_profit,71,FALSE,2,0,0,0,0,21,TRUE,0,1,10,8,1,0,0,0,152,224
28053,30391,Forest,64,for_profit,43,FALSE,5,509272,3,509272,34231,5,FALSE,0.676,2,16,15,0,0,0,0,97,114
28054,29171,Dairy,64,for_profit,66,FALSE,1,3279,3,3279,716,15,FALSE,0,1,12,12,0,0,1,1,44,127
28055,29452,SNB,64,for_profit,60,TRUE,3,0,0,0,0,21,TRUE,0,1,13,13,0,0,0,0,12,307
28056,30061,Dairy,128,for_profit,74,TRUE,1,1608,3,1608,351,15,FALSE,0.001,2,15,10,2,1,2,0,97,245
28057,29520,Dairy,96,for_profit,68,FALSE,2,962161,3,551668.1136158736,64672,15,FALSE,0.315,1,13,11,0,0,1,0,38,263
28058,29986,Dairy,64,for_profit,59,TRUE,3,3555,3,2852.5915608362584,298,10,FALSE,0.003,2,15,10,1,0,1,1,147,229
28059,30470,Dairy,48,pro_environmental,69,FALSE,1,458,3,458,100,15,FALSE,0.001,2,7,12,2,1,2,2,83,212
28060,29330,SNB,64,for_profit,67,TRUE,4,800,3,458.69089569489813,54,15,FALSE,0.003,2,10,11,0,0,0,2,150,236
28061,29150,Forest,32,for_profit,64,FALSE,3,71369,3,21969.39502896794,4797,20,FALSE,0.099,1,14,11,0,0,0,0,59,219
28062,30284,Forest,128,for_profit,62,TRUE,2,0,0,0,0,21,TRUE,0,1,14,13,0,0,0,0,100,198
28063,29673,Forest,32,for_profit,51,FALSE,2,93662,3,75155.95802279764,6296,10,FALSE,0.442,1,12,12,0,0,0,0,61,132
28064,29433,Dairy,96,for_profit,41,FALSE,3,474057,3,474057,31864,5,FALSE,0.244,3,11,9,1,3,3,0,66,168
28065,30012,SNB,96,for_profit,49,TRUE,3,2880,3,886.5453864202619,194,20,FALSE,0.004,1,11,11,1,0,1,0,180,18
28066,29010,SNB,112,for_profit,59,TRUE,4,3144,3,2522.7982748999148,263,10,FALSE,0.011,1,8,11,1,0,1,0,111,250
28067,30269,SNB,624,for_profit,54,TRUE,3,2048,3,2048,138,5,FALSE,0.001,3,15,17,0,0,1,0,31,246
28068,28848,Dairy,48,for_profit,60,TRUE,3,0,0,0,0,21,TRUE,0,1,12,15,0,0,0,0,96,247
28069,30094,Forest,80,for_profit,26,TRUE,2,0,0,0,0,21,TRUE,0,1,14,13,0,0,0,0,44,144
28070,30087,Dairy,64,pro_environmental,47,TRUE,2,2884,3,2884,242,5,FALSE,0.001,2,13,14,0,2,0,2,79,125
28071,29448,Forest,96,for_profit,59,TRUE,4,285140,3,285140,62262,20,FALSE,0.435,1,13,11,0,0,0,0,84,252
28072,28785,Dairy,224,for_profit,58,TRUE,2,1246,3,1246,272,15,FALSE,0.001,5,15,13,3,3,1,0,134,67
28073,28904,Dairy,224,for_profit,63,TRUE,3,0,0,0,0,21,TRUE,0,1,9,9,0,0,0,1,31,270
28074,29310,SNB,32,for_profit,68,TRUE,3,800,3,800,54,0,FALSE,0.004,2,11,12,0,0,0,2,17,309
28075,30206,Crop,64,for_profit,59,FALSE,3,677732,3,677732,45554,5,FALSE,0.462,1,12,12,0,0,1,0,123,128
28076,29356,Forest,240,for_profit,43,FALSE,2,191425,3,153602.62715417182,12867,10,FALSE,0.151,3,10,13,0,0,0,1,111,194
28077,28903,Forest,176,for_profit,58,TRUE,3,0,0,0,0,21,TRUE,0,1,10,13,0,0,0,0,104,75
28078,30326,Dairy,64,for_profit,45,FALSE,4,212088,3,212088,24863,10,FALSE,0.245,2,15,12,2,0,2,0,133,70
28079,29109,Dairy,48,for_profit,46,FALSE,3,325922,3,261525.27333076653,21907,10,FALSE,0.336,3,11,7,1,0,0,0,87,189
28080,30492,Forest,112,for_profit,54,FALSE,2,160357,3,160357,10779,5,FALSE,0.707,1,10,16,0,0,0,0,133,231
28081,29997,Dairy,80,for_profit,73,TRUE,1,1280,3,1280,86,5,FALSE,0.001,2,13,13,1,2,0,2,122,141
28082,29471,Dairy,112,for_profit,52,FALSE,4,762820,3,762820,51273,5,FALSE,0.382,4,9,15,0,4,2,3,129,145
28083,29899,Forest,80,for_profit,48,TRUE,4,0,0,0,0,21,TRUE,0,1,11,17,0,0,0,0,131,128
28084,28982,Dairy,96,for_profit,73,FALSE,2,1293,3,1293,282,15,FALSE,0.001,3,14,9,0,2,0,2,173,33
28085,28745,Forest,32,for_profit,58,TRUE,3,0,0,0,0,21,TRUE,0,1,15,12,0,0,0,0,78,268
28086,30022,Dairy,64,pro_environmental,37,FALSE,2,508873,3,508873,34204,5,FALSE,0.437,1,14,13,1,1,0,1,81,134
28087,28803,Dairy,112,for_profit,69,TRUE,2,0,0,0,0,21,TRUE,0,1,12,14,0,0,1,0,62,260
28088,28734,Dairy,144,for_profit,50,TRUE,2,0,0,0,0,21,TRUE,0,4,15,9,3,2,1,3,89,186
28089,29009,Dairy,144,for_profit,54,FALSE,5,908910,3,729324.6119717816,61093,10,FALSE,0.254,2,13,9,0,0,0,0,107,158
28090,30095,Dairy,48,for_profit,64,FALSE,1,231,3,231,19,5,FALSE,0,2,15,19,0,2,1,0,127,221
28091,29864,Forest,80,pro_environmental,34,TRUE,2,0,0,0,0,21,TRUE,0,3,12,13,0,0,0,0,86,279
28092,29192,Dairy,48,for_profit,50,TRUE,2,1431,3,1148.2583751214306,120,10,FALSE,0.001,3,8,11,2,0,3,1,127,142
28093,28977,Crop,96,for_profit,48,FALSE,4,216303,3,216303,14539,5,FALSE,0.33,1,8,13,0,0,0,0,66,279
28094,30091,Forest,80,pro_environmental,58,TRUE,3,724323,3,415300.45705301967,48686,15,FALSE,0.264,1,10,9,0,0,0,0,124,155
28095,29183,Crop,80,for_profit,69,FALSE,2,0,0,0,0,21,TRUE,0,2,15,9,0,0,0,0,79,160
28096,30413,Dairy,80,pro_environmental,42,TRUE,5,3200,3,3200,215,0,FALSE,0,1,8,9,0,1,0,0,89,240
28097,29018,Dairy,80,for_profit,69,TRUE,3,0,0,0,0,21,TRUE,0,2,14,13,0,2,0,0,136,102
28098,30182,Forest,64,for_profit,69,TRUE,3,0,0,0,0,21,TRUE,0,1,12,8,0,0,0,0,48,269
28099,29207,Forest,272,for_profit,77,FALSE,3,0,0,0,0,21,TRUE,0,5,9,18,0,0,0,0,76,106
28100,29371,Dairy,80,for_profit,64,FALSE,2,994,3,994,117,10,FALSE,0,3,13,12,0,0,3,1,135,74
28101,28965,Dairy,64,for_profit,67,TRUE,3,747562,3,428624.8542093368,50248,15,FALSE,0.379,3,12,10,0,2,0,0,92,206
28102,29541,Dairy,64,for_profit,53,FALSE,2,651405,3,522698.28570648184,43785,10,FALSE,0.415,1,14,12,0,0,1,0,89,210
28103,29308,Dairy,128,for_profit,52,TRUE,4,307329,3,94604.55106359467,20657,20,FALSE,0.038,1,12,11,0,0,0,0,65,196
28104,30502,Dairy,128,for_profit,61,TRUE,4,0,0,0,0,21,TRUE,0,2,11,11,0,0,0,0,131,210
28105,28932,SNB,128,for_profit,56,TRUE,3,0,0,0,0,21,TRUE,0,2,11,14,0,0,2,0,35,244
28106,29860,SNB,80,for_profit,71,FALSE,3,63808,3,19641.90556135558,4289,20,FALSE,0.093,3,7,6,1,0,2,2,107,268
28107,30185,Crop,48,for_profit,64,FALSE,2,0,0,0,0,21,TRUE,0,1,11,12,1,0,1,0,66,192
28108,29930,Forest,112,pro_environmental,36,FALSE,4,452659,3,452659,30426,5,FALSE,0.761,1,16,12,0,0,0,0,51,216
28109,29256,Dairy,96,for_profit,73,FALSE,1,3200,3,3200,215,0,FALSE,0.168,2,14,10,0,2,0,2,177,26
28110,30021,Dairy,80,for_profit,57,FALSE,3,125363,3,125363,14696,10,FALSE,0.12,2,13,17,2,2,1,0,118,46
28111,29456,Dairy,64,for_profit,60,FALSE,3,612420,3,491416.0685477753,41164,10,FALSE,0.413,2,16,16,0,2,2,0,100,195
28112,29626,Dairy,112,for_profit,62,TRUE,2,0,0,0,0,21,TRUE,0,1,12,11,0,0,0,1,100,177
28113,29691,Crop,80,for_profit,54,FALSE,3,200343,3,200343,43746,15,FALSE,0.236,2,10,9,2,0,0,2,118,96
28114,28885,Dairy,96,for_profit,59,FALSE,3,128,3,128,9,0,FALSE,0,2,13,14,0,1,1,0,91,193
28115,29561,Crop,32,for_profit,73,TRUE,2,480,3,147.757564403377,32,20,FALSE,0,2,13,13,2,0,0,0,114,74
28116,30463,SNB,112,for_profit,51,TRUE,4,0,0,0,0,21,TRUE,0,3,12,13,0,0,0,0,107,237
28117,29051,Forest,112,pro_environmental,50,FALSE,3,245734,3,197181.07865275306,16517,10,FALSE,0.277,2,14,11,0,0,0,0,42,243
28118,30212,Dairy,64,pro_environmental,57,TRUE,2,1920,3,1540.6401678778104,129,10,FALSE,0.001,1,14,12,1,0,1,0,104,164
28119,29434,Forest,80,for_profit,55,FALSE,3,1127648,3,1127648,75796,5,FALSE,0.717,1,12,10,0,0,0,0,57,229
28120,29001,Dairy,32,pro_environmental,44,TRUE,2,0,0,0,0,21,TRUE,0,2,12,11,0,0,2,0,70,190
28121,30531,Forest,112,for_profit,52,TRUE,2,0,0,0,0,21,TRUE,0,1,11,14,0,0,0,0,121,213
28122,29477,Crop,64,for_profit,57,TRUE,6,0,0,0,0,21,TRUE,0,1,8,11,0,0,0,0,76,196
28123,30248,Dairy,80,for_profit,52,TRUE,2,0,0,0,0,21,TRUE,0,1,8,11,0,0,1,1,71,241
28124,30255,Dairy,80,for_profit,54,FALSE,2,803532,3,644767.5392579129,54010,10,FALSE,0.577,2,6,12,2,0,2,2,99,66
28125,29645,Dairy,128,for_profit,67,FALSE,3,1280,3,1280,86,0,FALSE,0.213,2,10,11,0,2,2,0,129,91
28126,29757,Dairy,144,for_profit,70,TRUE,2,0,0,0,0,21,TRUE,0,1,10,14,0,0,0,1,80,253
28127,29017,Forest,128,for_profit,75,FALSE,4,1815633,3,1041017.9087790188,122039,15,FALSE,0.446,1,12,10,0,0,0,0,91,138
28128,29768,Forest,64,for_profit,61,FALSE,3,147556,3,147556,9918,0,FALSE,1.305,1,8,13,0,0,0,0,125,31
28129,30332,Dairy,160,for_profit,50,FALSE,2,2565838,3,2058871.3995142006,172465,10,FALSE,0.623,2,14,14,0,2,0,2,119,135
28130,29040,Forest,96,for_profit,62,TRUE,2,0,0,0,0,21,TRUE,0,3,12,11,0,0,1,0,126,162
28131,30487,Dairy,80,for_profit,52,FALSE,3,81203,3,81203,17731,15,FALSE,0.108,3,12,13,0,2,1,3,88,108
28132,29995,Dairy,64,for_profit,70,TRUE,3,0,0,0,0,21,TRUE,0,1,16,11,0,0,0,0,102,66
28133,30480,Dairy,80,pro_environmental,55,TRUE,4,1920,3,1920,129,0,FALSE,0.085,2,11,14,2,1,0,1,119,80
28134,29653,Dairy,160,for_profit,79,TRUE,2,1920,3,1920,129,5,FALSE,0.001,4,9,12,3,4,0,4,14,317
28135,29057,Dairy,32,pro_environmental,60,FALSE,1,960,3,960,65,5,FALSE,0.002,1,12,15,1,0,0,1,47,239
28136,28976,Dairy,96,pro_environmental,75,TRUE,3,1871,3,575.9466729139965,409,20,FALSE,0,2,10,10,2,2,2,2,85,122
28137,29726,Forest,128,pro_environmental,67,FALSE,3,0,0,0,0,21,TRUE,0,1,12,9,0,0,0,0,111,146
28138,30494,Dairy,112,for_profit,63,FALSE,2,4480,3,4480,301,0,FALSE,0,1,13,11,0,1,1,0,74,253
28139,30485,Forest,64,pro_environmental,50,FALSE,3,147858,3,147858,9938,0,FALSE,1.453,1,14,12,0,0,0,0,127,29
28140,30368,SNB,128,pro_environmental,75,FALSE,1,2400,3,2400,161,5,FALSE,0.002,3,10,12,2,0,2,0,97,74
28141,28992,Forest,48,for_profit,69,TRUE,3,0,0,0,0,21,TRUE,0,1,16,12,0,0,0,0,112,149
28142,29877,SNB,64,for_profit,67,FALSE,2,108451,3,87022.8993992273,7290,10,FALSE,0.277,2,11,10,0,0,0,0,101,142
28143,29185,Dairy,80,for_profit,74,FALSE,2,0,0,0,0,21,TRUE,0,2,13,14,1,1,1,0,110,52
28144,30506,Dairy,32,pro_environmental,61,TRUE,2,1045,3,321.68053083651864,123,20,FALSE,0.001,1,12,10,0,0,1,1,143,216
28145,29526,Dairy,112,for_profit,57,TRUE,3,735575,3,226430.77174169588,49442,20,FALSE,0.136,3,13,11,2,2,0,0,103,85
28146,29134,Dairy,48,for_profit,58,TRUE,2,192,3,59.10302576135079,13,20,FALSE,0,1,12,11,0,0,1,1,84,160
28147,29700,Forest,96,pro_environmental,51,FALSE,2,428700,3,131965.97470776606,28815,20,FALSE,0.199,1,10,10,0,0,0,0,117,75
28148,30569,Forest,64,for_profit,49,TRUE,3,0,0,0,0,21,TRUE,0,1,8,12,0,0,0,0,33,248
28149,28821,Forest,64,pro_environmental,57,FALSE,3,255914,3,205349.68120952186,17201,10,FALSE,0.604,1,10,13,0,0,0,0,28,252
28150,28927,Forest,80,for_profit,63,TRUE,2,0,0,0,0,21,TRUE,0,1,13,16,0,0,0,0,70,270
28151,28871,Dairy,64,for_profit,45,FALSE,3,598248,3,480044.21830862726,40212,10,FALSE,0.389,2,10,9,0,2,2,2,92,169
28152,29644,Dairy,80,for_profit,52,TRUE,4,3200,3,3200,215,5,FALSE,0.002,2,13,13,0,0,1,1,121,158
28153,30537,SNB,144,for_profit,71,FALSE,2,4130,3,4130,346,5,FALSE,0.003,2,13,9,2,0,0,0,95,214
28154,30347,Dairy,64,for_profit,54,TRUE,2,2400,3,2400,161,5,FALSE,0.002,2,12,10,0,2,2,1,124,67
28155,30314,Dairy,64,for_profit,64,TRUE,3,5254,3,1617.3296736986306,440,20,FALSE,0.001,1,11,10,0,1,1,1,60,200
28156,29851,Dairy,256,for_profit,47,FALSE,2,537965,3,537965,117467,15,FALSE,0.23,3,15,13,3,0,0,2,98,206
28157,30189,Forest,96,for_profit,58,FALSE,3,121587,3,97563.44588112466,8173,10,FALSE,0.17,3,14,10,0,0,0,0,136,25
28158,29723,Dairy,96,for_profit,54,FALSE,2,275975,3,275975,32353,10,FALSE,0.223,4,13,10,2,0,0,3,99,88
28159,29342,Dairy,64,for_profit,53,FALSE,3,870175,3,698242.9990016009,58489,10,FALSE,0.599,1,12,11,0,1,1,0,43,269
28160,29521,Dairy,96,for_profit,66,TRUE,2,0,0,0,0,21,TRUE,0,1,15,9,0,1,0,0,7,307
28161,29640,Dairy,80,for_profit,63,TRUE,2,0,0,0,0,21,TRUE,0,1,14,10,1,0,1,0,62,172
28162,29082,Dairy,32,for_profit,75,TRUE,1,2244,3,1286.6279624241893,188,15,FALSE,0.002,1,14,9,1,1,0,1,73,254
28163,29912,Dairy,80,for_profit,42,FALSE,1,1078955,3,618633.5442056111,72523,15,FALSE,0.393,1,15,15,1,0,0,0,125,74
28164,29359,Forest,80,for_profit,59,FALSE,2,800,3,800,54,5,FALSE,0.002,3,14,10,2,0,0,1,59,196
28165,28807,Dairy,64,for_profit,49,FALSE,2,1004417,3,805961.0289058994,67513,10,FALSE,0.641,1,10,11,0,1,1,1,119,140
28166,29847,Dairy,192,for_profit,54,TRUE,2,3043,3,936.7213926655753,664,20,FALSE,0,3,10,8,0,3,0,3,124,142
28167,29659,Forest,112,pro_environmental,33,TRUE,2,0,0,0,0,21,TRUE,0,2,11,12,0,0,0,0,75,194
28168,29933,Forest,96,for_profit,49,TRUE,4,1440,3,1440,97,0,FALSE,0,3,6,9,1,0,0,0,91,171
28169,29937,Dairy,64,for_profit,83,TRUE,3,0,0,0,0,21,TRUE,0,1,11,13,0,0,0,1,118,214
28170,29028,Dairy,96,for_profit,55,TRUE,3,3200,3,3200,215,5,FALSE,0.002,2,11,15,1,1,1,0,67,179
28171,28820,Dairy,80,for_profit,45,TRUE,3,800,3,246.26260733896163,54,20,FALSE,0,2,13,11,0,0,0,2,109,125
28172,30249,Crop,112,for_profit,60,TRUE,3,5600,3,5600,376,0,FALSE,0,1,9,7,1,0,0,1,46,157
28173,28946,Dairy,80,for_profit,63,FALSE,3,778126,3,446149.1398793604,52302,15,FALSE,0.295,3,13,12,0,0,0,1,56,156
28174,30424,SNB,32,for_profit,61,FALSE,3,78530,3,78530,5278,5,FALSE,0.829,1,10,15,1,0,0,1,66,145
28175,28854,SNB,112,for_profit,51,FALSE,2,70125,3,56269.474881474714,4714,10,FALSE,0.204,2,13,13,0,0,0,0,141,76
28176,30036,Dairy,80,for_profit,49,FALSE,3,1158719,3,1158719,77884,5,FALSE,0.774,3,12,16,1,3,1,2,140,94
28177,30049,Dairy,64,for_profit,84,FALSE,1,1280,3,1280,86,0,FALSE,0,3,12,14,0,1,0,0,61,134
28178,30052,Dairy,128,for_profit,84,TRUE,2,6240,3,6240,419,5,FALSE,0.003,2,11,12,2,1,0,1,56,216
28179,29451,Dairy,64,for_profit,59,TRUE,1,0,0,0,0,21,TRUE,0,1,12,13,1,0,1,0,105,89
28180,29392,Dairy,64,for_profit,60,FALSE,2,897223,3,276190.5941806065,60307,20,FALSE,0.22,1,18,11,0,0,0,1,134,215
28181,30427,Dairy,80,pro_environmental,52,TRUE,3,1056,3,1056,71,0,FALSE,0,2,13,18,1,2,2,1,88,135
28182,29054,Dairy,112,for_profit,43,FALSE,2,1561894,3,895533.1973006091,104984,15,FALSE,0.408,3,12,14,0,0,1,0,52,140
28183,29668,Forest,48,pro_environmental,59,FALSE,4,188092,3,188092,12643,5,FALSE,0.574,1,10,14,0,0,0,0,69,266
28184,29091,Forest,48,for_profit,59,FALSE,2,162912,3,162912,35573,20,FALSE,0.495,2,9,10,0,0,0,0,128,106
28185,30042,SNB,112,pro_environmental,69,TRUE,2,1643,3,1643,193,10,FALSE,0.01,3,13,8,0,0,3,3,71,132
28186,28880,SNB,96,for_profit,62,FALSE,5,119789,3,96120.70055724742,8052,10,FALSE,0.313,1,12,13,0,0,0,0,102,154
28187,29704,Dairy,64,for_profit,69,FALSE,3,46626,3,14352.800412233031,10181,20,FALSE,0.011,1,14,11,1,0,0,0,85,192
28188,30085,Dairy,48,for_profit,49,FALSE,3,529022,3,529022,35559,5,FALSE,0.538,3,9,10,0,0,2,2,83,160
28189,30105,SNB,80,pro_environmental,80,FALSE,2,1440,3,1155.4801259083579,97,10,FALSE,0.003,3,13,14,2,0,2,0,103,159
28190,30250,Crop,48,for_profit,37,FALSE,4,154603,3,154603,12951,5,FALSE,0.242,1,10,14,0,0,1,0,42,115
28191,30156,Dairy,96,for_profit,62,TRUE,4,1084714,3,333905.62232134305,72910,20,FALSE,0.263,3,9,11,0,1,0,0,125,150
28192,28924,Dairy,64,for_profit,46,TRUE,4,0,0,0,0,21,TRUE,0,1,15,9,0,0,0,1,55,222
28193,30477,Dairy,64,for_profit,53,TRUE,4,898,3,514.8805304175232,75,15,FALSE,0,2,12,12,1,0,2,0,139,78
28194,29822,Dairy,64,for_profit,78,TRUE,1,1280,3,1027.0934452518736,86,10,FALSE,0.001,2,8,12,2,1,0,0,73,174
28195,29233,Dairy,128,for_profit,79,FALSE,2,2107,3,2107,460,15,FALSE,0.001,5,9,15,5,2,0,3,89,175
28196,29551,Dairy,80,pro_environmental,74,FALSE,1,503,3,503,59,10,FALSE,0,1,13,19,1,0,1,0,96,185
28197,29605,Forest,96,for_profit,42,TRUE,3,0,0,0,0,21,TRUE,0,1,12,12,0,0,0,0,73,238
28198,28774,Forest,48,for_profit,41,TRUE,3,0,0,0,0,21,TRUE,0,1,10,14,0,0,0,0,19,254
28199,29065,SNB,240,for_profit,54,FALSE,2,346254,3,346254,23274,5,FALSE,0.691,2,12,13,0,0,2,0,7,290
28200,29355,Forest,64,for_profit,67,FALSE,3,185214,3,57014.10319459805,12449,20,FALSE,0.129,1,15,11,0,0,0,0,86,131
28201,29648,SNB,80,for_profit,42,TRUE,3,0,0,0,0,21,TRUE,0,2,15,10,0,0,0,0,100,186
28202,30533,Dairy,96,for_profit,77,FALSE,3,64,3,64,4,5,FALSE,0,2,14,11,0,2,1,0,53,220
28203,29618,Dairy,32,for_profit,67,FALSE,2,306964,3,94492.19374899627,20633,20,FALSE,0.176,1,11,13,0,0,0,0,136,231
28204,30171,Dairy,80,for_profit,81,TRUE,1,563,3,563,123,15,FALSE,0,2,12,9,1,0,2,2,129,76
28205,30059,Forest,144,for_profit,43,FALSE,4,386907,3,386907,26006,5,FALSE,0.423,2,14,7,0,0,0,0,104,81
28206,28818,Crop,64,pro_environmental,77,FALSE,1,-31968,3,-31968,-2149,5,FALSE,-0.029,3,14,13,0,0,1,1,55,155
28207,29404,SNB,176,for_profit,72,FALSE,1,-136149,3,-78062.88344745587,-11405,15,FALSE,-0.202,2,12,10,2,1,0,2,62,142
28208,29698,Forest,32,for_profit,63,FALSE,3,0,0,0,0,21,TRUE,0,1,12,11,0,0,0,0,99,204
28209,28947,Crop,80,for_profit,44,FALSE,2,95372,3,95372,6410,5,FALSE,0.372,1,13,16,0,0,0,1,57,220
28210,28750,Dairy,64,for_profit,63,FALSE,3,797440,3,639879.2163919173,53600,10,FALSE,0.521,2,14,12,0,0,0,2,136,115
28211,29580,Forest,96,for_profit,59,FALSE,3,771999,3,771999,51890,5,FALSE,0.451,1,11,10,0,0,0,0,114,53
28212,30142,Forest,96,for_profit,59,TRUE,4,0,0,0,0,21,TRUE,0,2,11,11,0,0,0,0,99,72
28213,30161,Forest,128,for_profit,75,FALSE,2,0,0,0,0,21,TRUE,0,1,12,11,0,0,0,0,129,28
28214,30273,SNB,96,pro_environmental,47,FALSE,2,181927,3,181927,12228,5,FALSE,0.607,2,13,16,1,0,0,1,47,231
28215,29676,Forest,64,for_profit,72,FALSE,2,480963,3,480963,56384,15,FALSE,0.371,2,14,8,1,1,0,1,107,174
28216,30126,Forest,96,for_profit,65,FALSE,4,434521,3,249138.53336030355,29207,15,FALSE,0.38,1,12,12,0,0,0,0,84,270
28217,29343,SNB,80,for_profit,55,TRUE,3,0,0,0,0,21,TRUE,0,3,11,13,3,1,3,3,99,108
28218,28870,Forest,64,for_profit,61,FALSE,4,284744,3,228483.3562303121,19139,10,FALSE,0.516,1,12,11,0,0,0,0,128,94
28219,30324,SNB,352,for_profit,74,FALSE,4,2000218,3,1146852.2325063222,134446,15,FALSE,0.485,7,11,12,2,0,3,3,168,22
28220,29523,Dairy,80,for_profit,60,TRUE,2,360503,3,110973.01091689711,24231,20,FALSE,0.071,1,11,8,1,0,0,0,112,104
28221,28759,Dairy,80,for_profit,43,FALSE,3,1000948,3,803177.4451859159,67279,10,FALSE,0.486,2,7,9,2,0,0,0,68,177
28222,30181,SNB,176,for_profit,49,FALSE,3,224528,3,180165.02896524427,15092,10,FALSE,0.45,4,15,19,1,0,0,0,111,238
28223,30528,Dairy,64,pro_environmental,63,FALSE,2,256,3,256,17,5,FALSE,0,1,12,14,0,0,1,0,81,171
28224,30428,Forest,176,for_profit,58,TRUE,1,0,0,0,0,21,TRUE,0,1,15,10,0,0,0,0,39,269
28225,29734,Forest,64,for_profit,59,FALSE,2,385125,3,309030.752423928,25886,10,FALSE,0.265,1,12,14,0,0,0,0,82,255
28226,28843,Dairy,368,pro_environmental,59,TRUE,2,10805,3,10805,2359,15,FALSE,0,3,7,9,1,3,3,2,57,206
28227,30559,Forest,112,for_profit,49,FALSE,2,1502790,3,1205863.8738984868,101011,10,FALSE,0.548,1,13,8,0,0,0,0,43,251
28228,29294,Dairy,112,for_profit,77,FALSE,3,964771,3,296983.7774312717,64848,20,FALSE,0.139,3,14,15,3,0,0,0,102,129
28229,30304,SNB,80,for_profit,73,TRUE,4,960,3,295.515128806754,65,20,FALSE,0.001,3,13,16,1,1,3,0,146,238
28230,28810,Dairy,112,for_profit,76,FALSE,2,0,0,0,0,21,TRUE,0,3,8,11,0,0,0,0,61,191
28231,30298,Dairy,80,for_profit,68,TRUE,2,1498,3,1498,327,15,FALSE,0,2,10,13,1,0,2,0,88,129
28232,29181,Dairy,96,for_profit,38,TRUE,3,0,0,0,0,21,TRUE,0,2,10,15,0,2,2,2,97,239
28233,29253,Dairy,80,for_profit,67,TRUE,2,540661,3,166430.73443311293,36341,20,FALSE,0.114,1,16,12,0,1,0,0,32,267
28234,28762,Dairy,80,for_profit,46,FALSE,2,771786,3,771786,64650,10,FALSE,0.654,3,12,11,2,0,2,0,131,119
28235,29446,SNB,64,for_profit,51,FALSE,4,78495,3,62985.703113317046,5276,10,FALSE,0.422,2,13,10,0,0,0,1,99,103
28236,29746,Dairy,80,for_profit,67,TRUE,2,864,3,864,58,0,FALSE,0,4,12,13,0,3,3,1,94,84
28237,30461,Forest,64,for_profit,51,FALSE,4,809075,3,809075,54383,5,FALSE,0.698,2,13,14,1,0,1,0,110,116
28238,29276,SNB,48,for_profit,55,TRUE,2,-31968,3,-31968,-2149,0,FALSE,0,2,11,12,0,1,1,0,101,174
28239,28797,Dairy,112,for_profit,79,FALSE,4,0,0,0,0,21,TRUE,0,4,10,13,4,1,0,0,91,156
28240,29579,Dairy,80,for_profit,72,TRUE,1,2470,3,2470,290,10,FALSE,0,2,12,10,2,1,2,2,115,148
28241,29628,Forest,64,for_profit,68,FALSE,2,84768,3,68019.26341180532,5698,10,FALSE,0.299,3,14,9,1,0,0,0,16,296
28242,28773,Forest,144,for_profit,61,FALSE,2,0,0,0,0,21,TRUE,0,1,9,10,0,0,0,0,41,136
28243,29897,Dairy,128,for_profit,77,TRUE,3,0,0,0,0,21,TRUE,0,3,12,12,3,3,0,0,76,171
28244,30135,Dairy,112,for_profit,46,TRUE,3,4873,3,3910.176842744047,408,10,FALSE,0.002,3,12,11,3,2,0,0,95,199
28245,28939,Dairy,128,for_profit,64,TRUE,2,960,3,960,65,0,FALSE,0,3,12,14,2,0,0,1,123,97
28246,30115,Dairy,48,for_profit,71,TRUE,1,0,0,0,0,21,TRUE,0,1,11,13,0,0,0,0,125,130
28247,29646,Dairy,96,pro_environmental,84,FALSE,1,2595,3,2595,217,5,FALSE,0.001,2,11,14,2,0,2,0,117,149
28248,28808,Forest,176,for_profit,63,FALSE,2,479630,3,275002.39287768,32239,15,FALSE,0.242,2,6,8,0,0,0,0,52,177
28249,29672,SNB,64,pro_environmental,58,TRUE,1,1312,3,403.8706760358971,286,20,FALSE,0.001,2,16,16,2,0,2,0,127,73
28250,29966,Dairy,192,for_profit,59,FALSE,2,1333239,3,410408.64043248736,89615,20,FALSE,0.127,1,9,10,1,0,0,0,51,211
28251,30166,Dairy,64,for_profit,56,FALSE,3,874381,3,701617.9638693582,58772,10,FALSE,0.602,2,11,13,2,0,2,0,110,69
28252,29533,SNB,112,for_profit,59,FALSE,2,-111888,3,-111888,-7521,5,FALSE,-0.312,1,15,16,1,1,1,0,98,129
28253,29765,SNB,64,pro_environmental,55,TRUE,4,128,3,128,9,5,FALSE,0.001,2,9,9,0,0,1,0,84,90
28254,28954,Dairy,32,for_profit,49,FALSE,2,369518,3,369518,30953,10,FALSE,0.587,1,15,12,1,0,0,0,119,146
28255,30041,Dairy,96,for_profit,54,TRUE,2,0,0,0,0,21,TRUE,0,1,13,14,1,1,1,0,87,244
28256,29664,Forest,96,for_profit,64,FALSE,4,153187,3,87831.85279851795,10297,15,FALSE,0.132,1,15,13,0,0,0,0,97,159
28257,30225,SNB,96,for_profit,73,FALSE,1,1440,3,1440,97,5,FALSE,0.005,2,8,13,2,0,0,0,78,132
28258,29558,Dairy,64,for_profit,66,FALSE,3,825618,3,662489.7156890323,55494,10,FALSE,0.591,2,13,17,0,0,0,0,57,187
28259,29328,Dairy,96,for_profit,55,FALSE,2,1208505,3,969724.6594172778,81231,10,FALSE,0.568,3,11,13,2,0,2,0,179,35
28260,30113,Dairy,64,for_profit,61,TRUE,3,1440,3,1440,97,0,FALSE,0,2,8,13,1,0,0,2,92,109
28261,30482,Forest,80,for_profit,50,FALSE,3,116700,3,116700,7844,5,FALSE,0.214,1,16,12,0,0,0,0,28,262
28262,30170,Dairy,128,for_profit,62,TRUE,1,5810,3,1788.482185799209,1269,20,FALSE,0.001,1,13,12,1,1,0,1,57,263
28263,29487,Dairy,32,for_profit,56,TRUE,2,960,3,960,65,0,FALSE,0.001,1,12,11,1,1,1,0,48,237
28264,28749,Forest,96,pro_environmental,54,TRUE,4,0,0,0,0,21,TRUE,0,2,12,11,0,0,0,1,82,147
28265,30476,Dairy,48,for_profit,67,FALSE,5,641864,3,515042.42745558487,43143,10,FALSE,0.484,1,13,13,0,0,0,0,113,113
28266,29849,Dairy,80,for_profit,52,TRUE,1,320,3,183.47635827795926,22,15,FALSE,0,1,13,9,0,0,1,0,44,269
28267,29156,Forest,48,for_profit,58,TRUE,3,0,0,0,0,21,TRUE,0,1,13,13,0,0,0,0,83,193
28268,30355,SNB,64,for_profit,51,FALSE,2,76342,3,76342,5131,5,FALSE,0.372,1,17,16,1,0,0,0,144,212
28269,29710,Dairy,176,for_profit,36,FALSE,4,1689283,3,1355508.9816214226,113546,10,FALSE,0.542,4,8,12,3,0,2,0,69,109
28270,29845,Dairy,128,pro_environmental,65,FALSE,3,0,0,0,0,21,TRUE,0,2,10,12,0,0,1,0,71,197
28271,29216,SNB,160,for_profit,52,FALSE,3,286230,3,286230,19239,5,FALSE,0.52,2,14,14,0,0,0,0,82,282
28272,29442,Forest,64,pro_environmental,45,FALSE,3,298594,3,298594,20070,0,FALSE,1.352,1,9,14,0,0,0,0,49,258
28273,29320,Dairy,32,for_profit,55,TRUE,2,64,3,64,4,5,FALSE,0,2,11,17,2,2,2,0,99,116
28274,29027,Forest,80,for_profit,28,FALSE,3,381458,3,381458,25640,5,FALSE,0.421,2,13,11,0,0,0,0,95,122
28275,30001,Dairy,96,for_profit,54,TRUE,4,1098163,3,338045.6045789702,73814,20,FALSE,0.179,1,11,12,0,0,0,0,69,191
28276,29696,Forest,64,for_profit,63,FALSE,2,222900,3,68614.91896981819,14982,20,FALSE,0.231,2,10,8,0,0,0,0,79,286
28277,30330,Forest,48,for_profit,78,FALSE,1,0,0,0,0,21,TRUE,0,1,12,10,0,0,0,0,133,118
28278,29347,Dairy,128,for_profit,66,FALSE,2,1015632,3,1015632,68266,5,FALSE,0.436,1,15,14,0,0,0,1,90,92
28279,29778,Dairy,64,for_profit,74,TRUE,1,192,3,154.06401678778104,13,10,FALSE,0,3,9,9,3,0,3,3,143,102
28280,29227,Dairy,96,for_profit,81,TRUE,2,2624,3,2624,176,0,FALSE,0,3,12,15,3,1,3,0,80,164
28281,29532,Dairy,64,for_profit,62,TRUE,2,-15158,3,-8691.045746179083,-1777,15,FALSE,-0.007,2,15,14,1,1,1,0,90,187
28282,29494,Forest,112,for_profit,62,TRUE,3,0,0,0,0,21,TRUE,0,1,15,9,0,0,0,0,81,260
28283,28856,Dairy,64,pro_environmental,75,TRUE,1,0,0,0,0,21,TRUE,0,1,10,8,1,1,1,1,77,144
28284,29250,Crop,32,for_profit,33,FALSE,2,248272,3,248272,16688,5,FALSE,0.356,1,11,13,1,0,0,1,59,189
28285,28752,Dairy,64,for_profit,60,TRUE,3,480,3,480,32,5,FALSE,0.001,3,10,13,1,0,1,0,142,86
28286,28799,Dairy,64,for_profit,82,TRUE,2,64,3,64,4,0,FALSE,0,3,12,11,0,0,2,3,81,140
28287,29373,Dairy,80,for_profit,83,TRUE,3,0,0,0,0,21,TRUE,0,3,13,14,1,3,3,3,101,164
28288,28853,Dairy,96,pro_environmental,75,FALSE,2,2880,3,2310.9602518167158,194,10,FALSE,0.001,1,9,16,1,0,0,0,29,269
28289,28877,Dairy,128,for_profit,77,FALSE,1,0,0,0,0,21,TRUE,0,2,11,14,0,0,2,0,119,124
28290,30469,Dairy,96,for_profit,41,FALSE,2,619577,3,497158.9652568907,41645,10,FALSE,0.253,2,12,12,0,2,2,1,73,161
28291,28732,Dairy,144,for_profit,47,TRUE,3,1388,3,427.26562373309844,163,20,FALSE,0,5,14,11,1,4,2,3,148,228
28292,29224,Forest,32,for_profit,58,TRUE,4,78521,3,78521,17145,20,FALSE,0.36,1,14,19,0,0,0,0,95,207
28293,28888,Dairy,96,for_profit,79,TRUE,1,1899,3,1899,223,10,FALSE,0.001,3,14,12,2,2,2,3,62,185
28294,30146,Dairy,112,for_profit,63,TRUE,2,6568,3,6568,1434,15,FALSE,0.001,1,11,14,1,1,1,1,56,270
28295,30405,Forest,160,for_profit,54,FALSE,4,745525,3,427456.9125161737,50111,15,FALSE,0.342,2,10,13,0,0,0,0,78,114
28296,28842,Dairy,32,for_profit,55,TRUE,2,2884,3,2314.1699188331277,242,10,FALSE,0.004,1,13,13,1,0,1,1,53,236
28297,28836,Dairy,64,for_profit,74,FALSE,3,647435,3,199298.78897812578,43518,20,FALSE,0.158,1,16,13,1,0,1,0,110,161
28298,30231,Dairy,112,pro_environmental,69,TRUE,2,1442,3,1442,121,5,FALSE,0,2,11,12,2,0,0,1,39,132
28299,28743,Dairy,80,for_profit,52,FALSE,2,3200,3,3200,215,0,FALSE,0.155,2,8,10,0,0,0,1,93,151
28300,30198,Crop,96,for_profit,44,TRUE,3,0,0,0,0,21,TRUE,0,1,13,12,0,0,0,0,58,160
28301,30362,Forest,64,for_profit,72,FALSE,1,52751,3,52751,6184,15,FALSE,0.407,1,7,11,0,0,0,0,85,95
28302,29583,Dairy,64,for_profit,65,FALSE,2,1064300,3,327621.61623857106,71538,20,FALSE,0.245,2,11,10,0,2,0,2,92,191
28303,28827,Dairy,192,for_profit,54,TRUE,3,1568,3,1568,184,10,FALSE,0.001,4,12,12,4,0,1,4,106,66
28304,29126,Crop,64,for_profit,52,FALSE,3,463861,3,372209.83797498385,31179,10,FALSE,0.257,2,15,9,0,0,0,0,125,131
28305,29972,SNB,64,for_profit,40,TRUE,3,192,3,110.08581496677556,13,15,FALSE,0,2,13,13,0,0,1,0,81,274
28306,29731,Forest,64,for_profit,63,TRUE,2,0,0,0,0,21,TRUE,0,1,9,15,0,0,0,0,107,63
28307,29243,Dairy,96,pro_environmental,49,TRUE,3,0,0,0,0,21,TRUE,0,1,7,13,1,0,0,1,88,250
28308,30376,SNB,64,pro_environmental,72,TRUE,1,5035,3,5035,422,5,FALSE,0.034,3,17,11,3,0,3,3,100,241
28309,30294,Dairy,32,for_profit,47,TRUE,2,128,3,39.40201717423386,9,20,FALSE,0,1,12,12,0,0,1,0,100,251
28310,28862,Dairy,32,for_profit,45,FALSE,5,305258,3,305258,20518,5,FALSE,0.431,1,10,12,0,1,1,0,99,143
28311,29439,Dairy,32,pro_environmental,48,FALSE,1,453889,3,260243.43994507703,30508,15,FALSE,0.367,1,13,14,0,1,0,0,83,190
28312,30553,Forest,64,for_profit,46,TRUE,3,752304,3,752304,63018,10,FALSE,1.096,2,14,8,0,1,0,1,94,194
28313,29278,Dairy,64,for_profit,75,FALSE,1,256,3,205.41868905037472,17,10,FALSE,0,1,14,12,0,0,1,0,107,111
28314,30546,Dairy,160,for_profit,50,FALSE,4,1115673,3,1115673,74991,5,FALSE,0.391,3,17,14,3,2,0,0,132,100
28315,28958,Forest,112,for_profit,60,TRUE,3,0,0,0,0,21,TRUE,0,1,12,17,0,0,0,0,68,242
28316,30550,Dairy,64,for_profit,72,TRUE,1,256,3,256,17,0,FALSE,0,1,16,11,0,1,1,0,49,232
28317,29281,Dairy,112,for_profit,67,FALSE,3,256,3,256,17,0,FALSE,0.014,3,14,12,2,0,1,2,86,118
28318,29004,Dairy,32,pro_environmental,68,TRUE,2,1219,3,1219,102,5,FALSE,0.002,2,17,8,0,2,2,1,61,181
28319,30318,Dairy,144,for_profit,63,TRUE,2,4000,3,3209.667016412105,269,10,FALSE,0.002,2,11,15,0,0,1,1,110,82
28320,30232,Forest,48,for_profit,64,FALSE,6,30313,3,9331.19802033243,2038,20,FALSE,0.037,1,17,7,0,0,0,0,67,124
28321,30050,Forest,64,for_profit,55,FALSE,2,580147,3,465519.6726426084,38995,10,FALSE,0.359,2,11,9,1,1,0,0,81,168
28322,29967,Dairy,48,for_profit,64,FALSE,3,428146,3,428146,28778,5,FALSE,0.477,2,15,8,2,2,0,1,87,232
28323,30067,Dairy,64,for_profit,52,TRUE,1,0,0,0,0,21,TRUE,0,1,14,18,1,1,0,1,38,265
28324,28860,SNB,48,for_profit,78,TRUE,4,4247,3,4247,927,20,FALSE,0.028,1,15,14,0,0,1,1,49,162
28325,30214,Dairy,80,for_profit,52,FALSE,2,0,0,0,0,21,TRUE,0,1,15,11,0,0,1,1,68,255
28326,30051,Dairy,48,for_profit,72,TRUE,1,0,0,0,0,21,TRUE,0,1,10,17,0,0,1,0,60,237
28327,29318,Dairy,128,for_profit,51,FALSE,2,355529,3,355529,41679,10,FALSE,0.22,3,11,12,3,0,2,3,128,148
28328,29247,Dairy,80,for_profit,67,TRUE,2,2400,3,2400,161,5,FALSE,0.002,3,8,10,2,3,3,3,125,56
28329,29319,Forest,144,for_profit,56,FALSE,3,196387,3,157584.219088031,13200,10,FALSE,0.248,3,12,10,0,1,0,1,101,69
28330,29620,Dairy,80,for_profit,52,TRUE,4,64,3,64,4,5,FALSE,0,3,12,15,0,0,2,0,143,89
28331,29349,Dairy,96,pro_environmental,64,TRUE,2,0,0,0,0,21,TRUE,0,1,15,17,0,0,0,1,89,204
28332,29519,Forest,112,for_profit,61,TRUE,4,0,0,0,0,21,TRUE,0,1,11,14,0,0,0,0,90,200
28333,29470,Dairy,144,for_profit,84,TRUE,1,0,0,0,0,21,TRUE,0,1,11,11,0,1,0,0,57,167
28334,30416,SNB,48,for_profit,60,FALSE,2,59119,3,59119,3974,5,FALSE,0.416,1,9,9,1,0,1,0,35,273
28335,28729,Dairy,192,for_profit,55,TRUE,2,1280,3,1280,86,5,FALSE,0,4,12,12,0,1,4,4,58,153
28336,30237,Dairy,32,for_profit,77,TRUE,1,960,3,770.3200839389052,65,10,FALSE,0.001,1,15,13,1,0,0,0,124,216
28337,29722,SNB,64,for_profit,49,FALSE,3,41418,3,41418,2784,5,FALSE,0.202,1,13,14,1,0,0,0,88,146
28338,29286,Dairy,48,for_profit,73,TRUE,1,2363,3,2363,516,15,FALSE,0.001,1,13,17,1,1,0,0,124,168
28339,29769,Dairy,128,for_profit,51,FALSE,5,732975,3,588151.4203386657,49267,10,FALSE,0.261,3,13,10,0,2,0,1,95,114
28340,29085,SNB,80,pro_environmental,59,FALSE,5,66296,3,38011.71452623621,4456,15,FALSE,0.132,3,15,9,1,0,0,0,32,250
28341,28728,Dairy,80,for_profit,54,FALSE,2,2400,3,2400,161,0,FALSE,0.191,1,13,9,1,0,1,0,149,227
28342,30394,Dairy,80,for_profit,49,FALSE,3,381276,3,381276,25628,5,FALSE,0.242,1,13,10,0,1,1,0,91,196
28343,29585,Dairy,128,for_profit,56,TRUE,4,831,3,831,181,15,FALSE,0,3,18,14,0,0,3,3,127,59
28344,29032,Dairy,144,for_profit,69,TRUE,2,0,0,0,0,21,TRUE,0,1,10,17,0,1,0,0,88,78
28345,29654,Dairy,80,for_profit,61,FALSE,2,586773,3,586773,39440,5,FALSE,0.379,2,11,10,0,0,0,2,128,98
28346,28962,SNB,64,pro_environmental,49,TRUE,3,864,3,864,58,0,FALSE,0.004,3,8,12,3,0,3,2,104,238
28347,29904,Dairy,48,for_profit,49,TRUE,2,2080,3,2080,140,5,FALSE,0.002,2,11,13,1,2,2,2,129,216
28348,30517,Dairy,80,for_profit,53,TRUE,2,2707,3,1552.0953183076117,317,15,FALSE,0.001,2,11,11,0,1,2,0,50,117
28349,30293,Dairy,112,for_profit,68,FALSE,5,384,3,384,26,0,FALSE,0.107,2,14,13,0,0,1,0,70,129
28350,30046,Dairy,96,for_profit,63,FALSE,2,2880,3,2880,194,0,FALSE,0.012,1,17,12,1,0,1,1,131,51
28351,29235,Dairy,80,for_profit,60,FALSE,3,951245,3,545409.2763441168,63939,15,FALSE,0.363,2,13,11,0,2,2,0,70,253
28352,28787,Forest,64,pro_environmental,77,TRUE,4,0,0,0,0,21,TRUE,0,1,9,13,0,0,0,0,110,173
28353,28868,SNB,96,pro_environmental,73,TRUE,1,0,0,0,0,21,TRUE,0,1,9,12,0,0,1,0,62,144
28354,28841,Forest,80,for_profit,60,FALSE,2,284056,3,162867.3763343875,19093,15,FALSE,0.295,1,14,14,0,0,0,0,74,188
28355,30044,SNB,96,for_profit,51,TRUE,2,607646,3,607646,50900,10,FALSE,1.976,1,12,11,1,0,1,1,74,143
28356,30335,Dairy,32,for_profit,67,FALSE,3,310076,3,95450.15529154484,20842,20,FALSE,0.164,1,17,13,1,0,1,0,103,200
28357,30090,SNB,64,for_profit,55,TRUE,2,0,0,0,0,21,TRUE,0,1,12,11,0,0,0,1,45,223
28358,30421,Forest,112,for_profit,66,FALSE,5,265253,3,212843.45127609003,17829,10,FALSE,0.278,1,10,10,0,0,0,0,94,243
28359,30076,Dairy,112,for_profit,64,FALSE,2,544103,3,436597.3631577189,36572,10,FALSE,0.221,2,11,12,1,0,2,0,64,143
28360,28894,SNB,96,for_profit,69,FALSE,2,72630,3,41643.399692900566,4882,15,FALSE,0.214,1,16,14,0,1,0,1,100,70
28361,29514,Dairy,64,for_profit,52,TRUE,3,1920,3,1920,129,5,FALSE,0.002,1,13,12,1,0,0,0,41,266
28362,30219,Forest,48,for_profit,56,TRUE,3,0,0,0,0,21,TRUE,0,1,15,10,0,0,0,0,70,196
28363,29501,Forest,32,for_profit,65,FALSE,3,457247,3,457247,30734,5,FALSE,0.784,1,10,16,0,0,0,0,125,28
28364,29160,Forest,64,for_profit,63,TRUE,3,0,0,0,0,21,TRUE,0,1,11,13,0,0,0,0,128,114
28365,28832,Forest,160,for_profit,63,FALSE,2,404758,3,324784.6005572327,27206,10,FALSE,0.397,3,10,10,0,0,0,0,115,235
28366,28895,Forest,64,for_profit,76,FALSE,3,0,0,0,0,21,TRUE,0,1,15,14,0,0,0,0,38,249
28367,29119,SNB,64,for_profit,54,TRUE,3,4267,3,4267,287,5,FALSE,0.022,2,10,10,0,0,0,2,37,244
28368,29123,Dairy,80,for_profit,72,FALSE,1,93221,3,28696.05814843168,20355,20,FALSE,0.018,2,9,11,0,1,0,1,87,154
28369,30023,Forest,80,pro_environmental,76,FALSE,3,0,0,0,0,21,TRUE,0,1,11,12,0,0,0,0,76,178
28370,29594,Dairy,64,for_profit,47,FALSE,2,1920,3,1920,129,0,FALSE,0.119,1,13,12,1,1,0,0,87,229
28371,29090,Dairy,64,for_profit,35,TRUE,2,480,3,480,32,5,FALSE,0,3,15,12,2,0,3,2,94,120
28372,29751,Dairy,64,for_profit,47,FALSE,3,786078,3,786078,52837,5,FALSE,0.606,2,9,7,2,0,0,2,102,148
28373,30003,Dairy,128,for_profit,71,TRUE,2,0,0,0,0,21,TRUE,0,1,10,14,1,0,1,0,86,210
28374,29544,SNB,64,for_profit,73,FALSE,2,1251,3,717.277888142897,147,15,FALSE,0.001,3,11,11,3,0,1,0,81,191
28375,28957,Forest,32,pro_environmental,35,FALSE,2,163369,3,163369,10981,5,FALSE,0.739,1,10,14,0,0,0,0,96,77
28376,29221,Dairy,112,for_profit,65,FALSE,3,1711942,3,981565.2616971441,115069,15,FALSE,0.451,2,13,10,0,1,0,2,44,138
28377,29669,SNB,64,for_profit,64,TRUE,2,2118,3,2118,177,5,FALSE,0.017,2,11,10,2,0,1,2,89,114
28378,28951,Dairy,96,for_profit,38,TRUE,1,1280,3,1280,86,0,FALSE,0,3,14,12,0,3,0,1,61,187
28379,29545,Dairy,64,pro_environmental,75,FALSE,1,1600,3,1283.8668065648421,108,10,FALSE,0.001,2,9,14,2,2,2,2,125,98
28380,30275,Crop,64,for_profit,37,FALSE,3,882883,3,708440.1111127421,59344,10,FALSE,0.53,2,14,11,1,0,0,1,124,93
28381,30285,Forest,80,for_profit,45,FALSE,3,441900,3,354587.9636381273,29703,10,FALSE,0.577,3,10,13,0,0,0,0,132,55
28382,29991,Forest,176,pro_environmental,60,TRUE,3,0,0,0,0,21,TRUE,0,2,14,18,0,0,0,0,127,127
28383,29619,Dairy,64,for_profit,57,TRUE,3,2560,3,2054.1868905037472,172,10,FALSE,0.002,1,18,15,0,1,1,0,81,240
28384,30154,Dairy,64,for_profit,64,FALSE,2,651042,3,200409.1255089653,43760,20,FALSE,0.172,1,10,12,0,0,0,0,34,266
28385,28792,Dairy,80,pro_environmental,67,TRUE,3,4086,3,2342.7637497616925,479,15,FALSE,0.002,1,8,10,0,1,1,1,83,112
28386,29375,Dairy,32,pro_environmental,63,FALSE,3,350737,3,201099.83585417687,23575,15,FALSE,0.284,1,15,15,1,0,0,0,83,157
28387,28866,Dairy,64,for_profit,60,FALSE,3,652249,3,652249,43841,5,FALSE,0.563,2,12,8,2,1,1,0,68,133
28388,28738,Dairy,144,for_profit,58,FALSE,3,999020,3,801630.3856840053,67150,10,FALSE,0.279,2,11,11,2,2,2,2,112,142
28389,29365,Dairy,48,for_profit,84,FALSE,1,0,0,0,0,21,TRUE,0,2,12,11,0,0,0,0,55,161
28390,29852,Forest,160,for_profit,56,TRUE,3,0,0,0,0,21,TRUE,0,1,9,10,0,0,0,0,12,322
28391,29835,Forest,176,for_profit,74,FALSE,3,1896182,3,583698.4041365087,127453,20,FALSE,0.332,2,11,11,0,1,0,0,136,89
28392,29593,Forest,96,for_profit,53,FALSE,4,750649,3,750649,50455,5,FALSE,0.416,3,9,12,0,0,0,0,99,185
28393,30570,SNB,112,for_profit,58,TRUE,4,0,0,0,0,21,TRUE,0,1,10,11,0,0,0,0,53,184
28394,29075,Dairy,112,for_profit,38,TRUE,2,4618,3,4618,1008,15,FALSE,0,1,11,11,1,1,1,0,60,170
28395,29285,Forest,96,for_profit,79,FALSE,1,0,0,0,0,21,TRUE,0,1,8,11,0,0,0,0,81,295
28396,30396,Dairy,48,for_profit,57,TRUE,1,960,3,960,65,0,FALSE,0,2,10,10,1,2,2,1,95,158
28397,30472,Forest,80,for_profit,63,TRUE,2,0,0,0,0,21,TRUE,0,1,12,13,0,0,0,0,55,126
28398,30019,Dairy,32,for_profit,70,TRUE,2,960,3,550.4290748338778,65,15,FALSE,0.001,1,12,13,1,1,0,0,131,135
28399,29562,Forest,48,for_profit,66,FALSE,3,145385,3,44753.61145996867,9772,20,FALSE,0.135,1,13,12,0,0,0,0,53,227
28400,29366,Dairy,64,for_profit,66,FALSE,1,674443,3,386701.0797064428,45333,15,FALSE,0.295,2,7,14,1,0,0,0,77,183
28401,29944,Forest,48,for_profit,35,FALSE,5,222334,3,222334,14944,5,FALSE,0.679,1,12,11,0,0,0,0,74,244
28402,29793,Dairy,144,for_profit,68,TRUE,5,6353,3,5097.753638816526,532,10,FALSE,0.002,1,13,13,0,0,1,1,129,102
28403,30490,Dairy,96,pro_environmental,59,FALSE,2,251892,3,251892,55002,15,FALSE,0.244,1,11,12,0,0,0,1,97,179
28404,30587,Dairy,80,pro_environmental,55,TRUE,2,0,0,0,0,21,TRUE,0,2,17,14,2,2,2,2,77,190
28405,29161,Dairy,80,for_profit,72,TRUE,2,256,3,256,17,0,FALSE,0,2,13,10,0,0,2,0,22,272
28406,28804,Forest,64,for_profit,49,FALSE,4,146595,3,146595,9853,5,FALSE,0.466,1,9,8,0,0,0,0,137,50
28407,29598,SNB,48,for_profit,53,FALSE,3,48480,3,27796.66827911083,3259,15,FALSE,0.181,1,12,11,0,0,1,0,121,70
28408,29902,Dairy,80,for_profit,63,FALSE,2,1185173,3,1185173,79662,5,FALSE,0.754,1,11,12,0,1,1,1,107,142
28409,29277,Dairy,64,for_profit,57,FALSE,3,485550,3,485550,32637,5,FALSE,0.386,1,18,12,0,1,0,0,79,152
28410,28747,Dairy,96,for_profit,47,TRUE,3,0,0,0,0,21,TRUE,0,2,10,16,0,0,0,0,137,120
28411,30221,Forest,48,for_profit,73,FALSE,2,198094,3,60978.931172755336,13315,20,FALSE,0.184,1,14,9,0,0,0,0,119,138
28412,29284,Dairy,48,for_profit,44,FALSE,4,628643,3,628643,42255,5,FALSE,0.735,1,8,13,1,0,0,1,91,107
28413,30204,Dairy,48,for_profit,70,TRUE,2,0,0,0,0,21,TRUE,0,1,11,11,0,0,0,0,126,112
28414,30451,Dairy,32,for_profit,56,TRUE,4,242897,3,74770.5606685147,28475,20,FALSE,0.19,2,12,10,0,0,0,0,104,201
28415,30433,Forest,80,for_profit,65,TRUE,3,0,0,0,0,21,TRUE,0,1,11,14,0,0,0,0,92,258
28416,30385,Dairy,80,for_profit,53,FALSE,2,847073,3,485680.84136120556,56937,15,FALSE,0.382,3,13,11,2,2,1,1,83,203
28417,29881,Forest,128,pro_environmental,56,TRUE,3,0,0,0,0,21,TRUE,0,1,13,18,0,0,0,0,134,94
28418,29361,Forest,112,pro_environmental,48,FALSE,2,200282,3,200282,13462,5,FALSE,0.36,2,12,11,0,0,0,0,135,45
28419,29697,Dairy,32,for_profit,76,FALSE,1,960,3,960,65,0,FALSE,0,1,8,12,1,0,0,0,144,237
28420,30366,Dairy,96,for_profit,74,TRUE,2,2400,3,2400,161,0,FALSE,0,2,11,14,2,0,1,0,103,88
28421,29794,Forest,96,for_profit,50,FALSE,3,1186027,3,951687.9356185499,79720,10,FALSE,0.544,1,12,15,0,0,0,0,57,267
28422,30017,Dairy,64,pro_environmental,52,TRUE,3,640,3,640,43,0,FALSE,0,2,11,13,0,1,2,0,75,172
28423,30364,Dairy,48,for_profit,62,TRUE,2,0,0,0,0,21,TRUE,0,2,10,12,0,0,0,0,102,185
28424,30047,Dairy,80,for_profit,47,FALSE,2,615584,3,493954.9151577573,41377,10,FALSE,0.311,3,12,9,2,0,1,1,68,171
28425,29688,Dairy,32,for_profit,59,FALSE,3,342506,3,274832.5527808111,23022,10,FALSE,0.477,2,14,8,1,1,1,0,13,310
28426,30491,Dairy,112,for_profit,78,FALSE,2,4431,3,4431,968,15,FALSE,0.001,3,11,14,0,1,3,1,58,144
28427,30048,Dairy,96,for_profit,63,FALSE,1,0,0,0,0,21,TRUE,0,3,15,11,0,2,2,3,72,121
28428,30121,Dairy,80,for_profit,57,TRUE,1,3200,3,3200,215,5,FALSE,0.002,1,12,14,0,1,0,0,86,198
28429,28878,Dairy,64,for_profit,63,TRUE,2,4185,3,4185,914,15,FALSE,0.002,1,10,14,0,0,0,1,24,262
28430,28755,SNB,112,for_profit,68,TRUE,2,6995,3,6995,586,5,FALSE,0.023,1,15,11,0,1,1,1,138,215
28431,29246,Dairy,64,for_profit,82,FALSE,1,0,0,0,0,21,TRUE,0,2,16,15,0,1,0,0,77,271
28432,29776,Forest,32,for_profit,56,TRUE,3,0,0,0,0,21,TRUE,0,1,17,13,0,0,0,0,28,274
28433,28940,Forest,64,for_profit,76,TRUE,2,0,0,0,0,21,TRUE,0,2,10,16,0,0,0,0,152,236
28434,30194,Dairy,80,for_profit,56,FALSE,5,725398,3,582071.508592827,48758,10,FALSE,0.362,3,13,11,0,0,3,0,79,191
28435,29489,Forest,80,for_profit,36,TRUE,3,243311,3,139505.6756530267,16354,15,FALSE,0.256,1,9,10,0,0,0,0,55,172
28436,30138,SNB,48,pro_environmental,43,FALSE,4,105200,3,105200,7071,5,FALSE,0.61,2,12,14,0,0,1,0,130,227
28437,28751,Dairy,64,for_profit,43,FALSE,3,889085,3,713416.699821689,59760,10,FALSE,0.612,2,13,11,0,2,1,2,57,188
28438,29574,Dairy,48,pro_environmental,57,TRUE,3,2573,3,2573,562,15,FALSE,0.001,1,12,12,1,1,1,1,68,261
28439,30010,SNB,64,pro_environmental,46,FALSE,4,56520,3,56520,3799,5,FALSE,0.44,2,10,15,1,1,0,0,148,87
28440,29703,Forest,32,pro_environmental,67,TRUE,3,312660,3,179267.86930995857,21016,15,FALSE,0.821,1,13,11,0,0,0,0,117,48
28441,29988,Dairy,112,for_profit,47,FALSE,2,1696285,3,1696285,114017,5,FALSE,0.757,2,11,11,1,0,2,2,102,168
28442,30580,Forest,80,pro_environmental,49,TRUE,3,0,0,0,0,21,TRUE,0,1,10,7,0,0,0,0,128,46
28443,29603,Dairy,48,for_profit,43,FALSE,3,430234,3,345226.96978476143,28918,10,FALSE,0.337,2,11,11,0,1,1,2,87,183
28444,28735,Dairy,80,for_profit,58,TRUE,2,0,0,0,0,21,TRUE,0,1,8,12,0,1,0,1,47,158
28445,29905,Forest,64,for_profit,63,TRUE,4,347981,3,199519.64571850793,23390,15,FALSE,0.451,1,12,14,0,0,0,0,43,138
28446,30177,Forest,64,for_profit,66,TRUE,2,0,0,0,0,21,TRUE,0,1,11,15,0,0,0,0,129,59
28447,30283,Crop,96,for_profit,65,FALSE,1,0,0,0,0,21,TRUE,0,3,8,22,1,0,0,0,131,110
28448,30079,Crop,64,for_profit,52,TRUE,3,1920,3,1920,129,0,FALSE,0,1,14,15,1,0,0,1,106,162
28449,29295,Dairy,64,for_profit,45,FALSE,4,428146,3,428146,28778,5,FALSE,0.398,1,15,14,0,0,1,0,61,117
28450,29606,Crop,96,for_profit,71,FALSE,2,614805,3,493329.83250631107,41325,10,FALSE,0.232,3,9,14,3,0,2,0,115,129
28451,29413,Dairy,128,for_profit,70,TRUE,1,6400,3,3669.527165559185,430,15,FALSE,0.002,1,16,13,0,1,1,1,120,49
28452,30193,SNB,96,for_profit,69,TRUE,4,0,0,0,0,21,TRUE,0,3,11,11,1,0,0,0,132,61
28453,29916,Dairy,80,for_profit,49,TRUE,2,1600,3,917.3817913897963,108,15,FALSE,0.001,3,13,11,0,0,0,3,140,207
28454,29690,Crop,32,for_profit,46,FALSE,3,224051,3,224051,15060,5,FALSE,0.335,2,15,13,1,1,1,0,83,165
28455,30245,Dairy,96,for_profit,79,FALSE,2,384,3,308.1280335755621,26,10,FALSE,0,1,13,12,1,0,1,1,54,261
28456,30084,Forest,32,for_profit,65,TRUE,4,26018,3,26018,5681,20,FALSE,0.153,1,15,11,0,0,0,0,90,109
28457,29159,Forest,64,for_profit,48,FALSE,3,74460,3,59747.95151051134,5005,10,FALSE,0.176,1,11,13,0,0,0,0,38,237
28458,29566,Dairy,48,pro_environmental,79,TRUE,1,2186,3,1253.3728724863092,256,15,FALSE,0.001,2,9,10,2,2,2,2,123,223
28459,29144,Dairy,80,for_profit,77,FALSE,2,1440,3,1440,97,5,FALSE,0.001,2,10,17,2,2,2,2,111,46
28460,30254,Forest,32,for_profit,64,FALSE,3,0,0,0,0,21,TRUE,0,1,9,16,0,0,0,0,122,223
28461,30267,Forest,112,for_profit,68,FALSE,2,183984,3,56635.474435814394,12367,20,FALSE,0.074,1,15,8,0,0,0,0,73,124
28462,29632,Dairy,80,pro_environmental,65,FALSE,3,2536,3,2536,212,5,FALSE,0.001,2,12,16,2,2,0,2,52,117
28463,29938,Forest,48,for_profit,62,FALSE,2,288585,3,288585,33831,15,FALSE,0.881,1,14,10,0,0,0,0,60,273
28464,30309,Dairy,96,pro_environmental,70,TRUE,3,0,0,0,0,21,TRUE,0,2,10,16,0,0,0,0,37,137
28465,30039,Dairy,176,pro_environmental,66,TRUE,1,4878,3,4878,572,10,FALSE,0.001,2,12,10,0,2,2,2,109,103
28466,29524,Dairy,64,pro_environmental,57,FALSE,2,479806,3,275103.30487473286,32250,15,FALSE,0.236,1,12,12,0,1,0,0,63,244
28467,30257,Forest,48,for_profit,62,TRUE,4,0,0,0,0,21,TRUE,0,1,16,11,0,0,0,0,134,31
28468,29926,Dairy,96,for_profit,83,FALSE,0,3200,3,3200,215,0,FALSE,0,2,8,11,0,2,0,1,101,170
28469,30403,Dairy,48,for_profit,57,TRUE,3,2080,3,1669.0268485342947,140,10,FALSE,0.002,2,9,13,2,0,0,2,124,61
28470,30159,Forest,64,pro_environmental,77,TRUE,2,0,0,0,0,21,TRUE,0,1,11,12,0,0,0,0,47,273
28471,30370,Dairy,48,for_profit,66,TRUE,4,960,3,960,65,5,FALSE,0.001,2,13,16,1,0,0,0,101,148
28472,30191,Dairy,32,for_profit,55,TRUE,2,480,3,480,32,0,FALSE,0.001,2,10,9,2,2,0,1,140,19
28473,30418,Dairy,144,for_profit,78,TRUE,2,3976,3,3976,333,5,FALSE,0.001,3,15,12,3,1,0,0,145,224
28474,30263,Dairy,32,for_profit,77,TRUE,2,0,0,0,0,21,TRUE,0,1,13,11,1,0,0,0,76,153
28475,29222,Dairy,96,for_profit,52,FALSE,3,609212,3,609212,40949,5,FALSE,0.368,3,15,12,0,0,3,1,82,143
28476,30217,Dairy,64,for_profit,46,FALSE,3,416084,3,416084,27967,5,FALSE,0.331,1,9,8,1,1,0,0,50,226
28477,29490,Forest,96,for_profit,61,TRUE,3,425510,3,130984.00256100195,28601,20,FALSE,0.226,3,13,11,0,0,0,0,36,247
28478,30063,Dairy,48,for_profit,67,TRUE,2,1280,3,1027.0934452518736,86,10,FALSE,0.001,3,15,12,1,0,0,3,55,149
28479,29808,SNB,64,for_profit,51,TRUE,3,62348,3,19192.476302961975,4191,20,FALSE,0.101,1,12,13,0,0,0,0,70,134
28480,29292,Dairy,80,for_profit,57,FALSE,1,640425,3,640425,75077,15,FALSE,0.426,3,11,17,0,1,3,1,130,66
28481,28966,Dairy,96,for_profit,62,TRUE,1,994,3,797.6022535784081,83,10,FALSE,0,2,15,16,2,2,0,0,93,202
28482,29636,Dairy,32,for_profit,65,TRUE,3,0,0,0,0,21,TRUE,0,1,15,13,1,0,0,0,49,273
28483,28772,Crop,64,pro_environmental,53,TRUE,3,1440,3,1440,97,0,FALSE,0.172,2,7,8,2,0,1,0,130,137
28484,30268,Dairy,96,for_profit,78,TRUE,1,0,0,0,0,21,TRUE,0,2,15,10,0,1,1,0,130,105
28485,29450,Dairy,48,for_profit,54,TRUE,3,1440,3,1440,97,5,FALSE,0.002,1,16,16,1,0,0,0,97,106
28486,29677,Dairy,64,for_profit,40,TRUE,2,1099,3,1099,240,15,FALSE,0.001,2,11,9,2,1,1,0,70,182
28487,29535,Forest,80,pro_environmental,55,TRUE,4,0,0,0,0,21,TRUE,0,1,12,16,0,0,0,0,78,155
28488,29943,Dairy,64,for_profit,43,TRUE,2,1920,3,1920,129,5,FALSE,0.002,1,9,9,1,1,1,0,51,272
28489,29949,Dairy,64,pro_environmental,64,TRUE,2,256,3,256,17,0,FALSE,0.001,1,15,11,1,0,1,1,112,88
28490,30398,SNB,80,for_profit,60,TRUE,3,128,3,128,9,5,FALSE,0.001,3,10,12,3,0,3,3,118,222
28491,28867,Dairy,48,for_profit,59,TRUE,2,480,3,480,32,5,FALSE,0.001,3,9,14,2,0,3,3,90,173
28492,29502,Dairy,96,for_profit,53,TRUE,2,1440,3,1440,97,0,FALSE,0,3,14,11,2,0,3,2,61,267
28493,29906,SNB,96,for_profit,64,FALSE,2,28245,3,28245,6167,20,FALSE,0.132,2,10,11,0,0,1,1,84,88
28494,30240,Dairy,112,pro_environmental,57,TRUE,4,480,3,480,32,0,FALSE,0,2,11,11,2,2,0,2,82,124
28495,29989,Forest,64,for_profit,82,FALSE,3,0,0,0,0,21,TRUE,0,2,21,14,1,1,0,0,66,126
28496,30501,Dairy,128,for_profit,42,FALSE,3,1313105,3,752886.6357393116,88261,15,FALSE,0.284,4,15,13,3,3,3,3,87,191
28497,28936,Dairy,80,for_profit,74,TRUE,1,256,3,256,17,0,FALSE,0,2,12,11,2,2,2,0,76,125
28498,28766,Dairy,80,for_profit,38,TRUE,3,1440,3,1440,97,5,FALSE,0.001,3,13,12,3,2,3,0,94,180
28499,28811,Forest,32,for_profit,71,FALSE,2,0,0,0,0,21,TRUE,0,2,11,12,0,0,0,0,109,132
28500,29900,Dairy,48,for_profit,61,TRUE,1,192,3,59.10302576135079,13,20,FALSE,0,1,12,11,0,0,1,0,130,120
28501,29063,Forest,96,for_profit,63,TRUE,2,0,0,0,0,21,TRUE,0,2,11,13,0,0,0,0,52,111
28502,29312,Dairy,80,for_profit,58,TRUE,3,2625,3,2625,573,15,FALSE,0,2,12,13,2,1,2,0,63,173
28503,30412,Dairy,80,for_profit,62,TRUE,2,3200,3,1834.7635827795925,215,15,FALSE,0.001,1,9,12,0,1,0,0,70,258
28504,30130,Dairy,48,for_profit,83,TRUE,1,1347,3,1080.8553677767763,113,10,FALSE,0.001,1,10,11,1,1,1,0,131,214
28505,29071,SNB,144,pro_environmental,56,TRUE,2,1568,3,1568,184,10,FALSE,0.005,3,8,13,0,0,1,3,138,115
28506,29873,Dairy,112,for_profit,44,FALSE,3,1738287,3,1394830.6122394872,116840,10,FALSE,0.618,3,17,14,0,0,2,3,103,131
28507,30450,SNB,48,for_profit,68,TRUE,2,167,3,134.0035979352054,14,10,FALSE,0.001,2,12,13,2,0,2,0,15,308
28508,29818,Dairy,64,for_profit,38,FALSE,2,584168,3,584168,39265,5,FALSE,0.487,2,10,11,2,0,0,0,111,74
28509,28945,Dairy,64,for_profit,77,TRUE,2,480,3,275.2145374169389,32,15,FALSE,0,2,8,12,1,0,0,0,146,217
28510,29565,SNB,80,for_profit,61,TRUE,3,-644,3,-644,-141,15,FALSE,-0.013,2,9,15,2,1,2,2,120,202
28511,29836,Crop,80,pro_environmental,65,FALSE,5,1144541,3,918398.8741578318,76931,10,FALSE,0.593,2,12,14,0,0,0,0,83,122
28512,30322,Dairy,48,for_profit,72,TRUE,1,0,0,0,0,21,TRUE,0,1,10,11,0,0,1,0,61,272
28513,29584,Dairy,80,for_profit,38,TRUE,2,307,3,246.34194350962906,26,10,FALSE,0,2,14,16,2,2,2,2,102,135
28514,29511,Forest,128,for_profit,53,FALSE,1,441295,3,253022.4985196001,29662,15,FALSE,0.413,3,12,9,0,0,0,0,158,14
28515,29979,Forest,64,for_profit,71,FALSE,2,0,0,0,0,21,TRUE,0,2,12,8,1,0,0,0,99,233
28516,29068,Dairy,112,for_profit,63,FALSE,2,480,3,480,32,0,FALSE,0,2,9,11,1,0,0,2,141,104
28517,29326,Dairy,80,pro_environmental,61,FALSE,2,451980,3,451980,30380,5,FALSE,0.274,2,14,14,1,1,1,0,75,183
28518,28813,Dairy,64,for_profit,61,FALSE,2,1920,3,1920,129,0,FALSE,0,1,10,10,1,0,0,0,83,237
28519,28980,Dairy,80,for_profit,50,FALSE,2,271174,3,271174,22715,5,FALSE,0.204,3,16,10,3,0,3,3,115,120
28520,29360,Dairy,64,for_profit,51,FALSE,3,570075,3,175485.19484844818,38318,20,FALSE,0.148,3,13,14,3,0,1,0,71,127
28521,29128,Dairy,128,for_profit,66,FALSE,2,1214507,3,373859.5755642754,81634,20,FALSE,0.149,1,10,10,1,1,1,1,85,211
28522,30452,Dairy,48,for_profit,77,FALSE,1,0,0,0,0,21,TRUE,0,1,12,14,1,1,0,1,52,267
28523,30007,SNB,32,for_profit,69,FALSE,4,0,0,0,0,21,TRUE,0,1,12,13,0,0,0,0,128,63
28524,29113,Dairy,64,for_profit,36,TRUE,6,4101,3,4101,344,5,FALSE,0.002,1,14,13,1,1,0,0,66,247
28525,30500,Dairy,48,for_profit,52,TRUE,3,0,0,0,0,21,TRUE,0,1,8,13,0,1,0,0,54,177
28526,29940,Dairy,48,for_profit,41,TRUE,3,1920,3,1540.6401678778104,129,10,FALSE,0.002,1,9,13,1,1,1,0,71,283
28527,29021,Dairy,32,for_profit,53,TRUE,4,0,0,0,0,21,TRUE,0,1,10,10,0,0,0,0,76,163
28528,29671,Dairy,80,for_profit,57,TRUE,2,2230,3,2230,261,10,FALSE,0.001,4,8,11,2,3,2,3,126,79
28529,29831,Dairy,80,for_profit,71,FALSE,2,790,3,790,93,10,FALSE,0.001,3,15,17,0,3,3,0,129,138
28530,30466,SNB,64,for_profit,76,FALSE,2,-63936,3,-36658.57638393626,-4298,15,FALSE,-0.179,1,10,16,1,1,0,0,58,235
28531,29773,Dairy,112,for_profit,50,FALSE,2,412046,3,412046,34516,5,FALSE,0.242,3,11,10,3,0,0,2,126,91
28532,29621,SNB,48,for_profit,47,TRUE,2,0,0,0,0,21,TRUE,0,1,13,11,0,0,1,0,93,98
28533,30299,Dairy,32,for_profit,45,TRUE,2,1600,3,1600,108,0,FALSE,0,1,12,13,0,0,1,1,130,67
28534,30557,Dairy,48,pro_environmental,51,TRUE,4,0,0,0,0,21,TRUE,0,2,12,9,1,2,2,0,87,187
28535,29279,Forest,48,for_profit,49,FALSE,3,96989,3,77825.59856369841,6519,10,FALSE,0.31,2,13,14,1,0,0,0,150,231
28536,29837,Dairy,48,for_profit,60,TRUE,4,351874,3,108316.76086848724,23651,20,FALSE,0.126,2,12,8,0,0,0,0,66,130
28537,29468,Dairy,96,for_profit,64,FALSE,3,402251,3,402251,27038,5,FALSE,0.2,3,11,10,3,3,0,0,96,192
28538,29421,Forest,32,for_profit,79,FALSE,4,0,0,0,0,21,TRUE,0,2,10,10,0,0,0,0,80,181
28539,30346,Dairy,80,for_profit,47,TRUE,3,800,3,800,54,0,FALSE,0,2,9,11,2,0,1,1,70,167
28540,29316,SNB,48,for_profit,52,FALSE,3,322029,3,258401.46490704344,21645,10,FALSE,0.274,1,13,14,0,0,0,1,47,233
28541,29596,Forest,64,for_profit,70,FALSE,2,0,0,0,0,21,TRUE,0,1,10,12,0,0,0,0,138,201
28542,29987,Dairy,48,for_profit,37,FALSE,3,256939,3,256939,17270,5,FALSE,0.272,1,16,11,0,1,1,1,123,160
28543,29590,Forest,64,for_profit,69,FALSE,2,800,3,800,54,5,FALSE,0.001,2,19,12,0,1,1,1,31,260
28544,28911,Forest,112,for_profit,38,TRUE,2,0,0,0,0,21,TRUE,0,2,14,14,0,0,0,0,125,96
28545,29496,Dairy,112,for_profit,84,TRUE,2,0,0,0,0,21,TRUE,0,1,12,13,1,0,1,0,104,174
28546,29008,SNB,208,pro_environmental,62,TRUE,3,8503,3,8503,712,5,FALSE,0.023,2,10,14,0,0,2,2,144,52
28547,29749,Dairy,48,for_profit,64,TRUE,2,1920,3,1920,129,5,FALSE,0.002,1,15,12,0,1,0,1,57,239
28548,30035,SNB,96,pro_environmental,72,TRUE,1,0,0,0,0,21,TRUE,0,1,10,10,0,1,0,1,179,40
28549,29770,Forest,48,for_profit,49,FALSE,2,127196,3,102064.20145488853,8550,10,FALSE,0.24,1,13,15,0,0,0,0,117,81
28550,30382,Dairy,80,pro_environmental,61,FALSE,2,16708,3,5143.194554274214,3648,20,FALSE,0.003,3,16,9,3,1,3,1,50,224
28551,28892,Forest,64,for_profit,40,FALSE,3,350946,3,350946,23589,5,FALSE,0.651,3,17,15,0,0,2,1,42,230
28552,28899,Dairy,80,for_profit,69,FALSE,1,231,3,185.35827019779907,19,10,FALSE,0,3,12,11,0,3,1,2,128,66
28553,30444,Dairy,128,for_profit,44,FALSE,3,138359,3,42590.81011101424,30211,20,FALSE,0.028,3,14,12,2,0,0,2,92,117
28554,29432,SNB,64,for_profit,41,TRUE,4,480,3,480,32,0,FALSE,0.039,2,15,14,2,1,2,0,134,54
28555,30568,Dairy,80,for_profit,59,TRUE,4,320,3,320,22,0,FALSE,0,1,13,12,0,0,1,0,47,146
28556,29716,Dairy,64,for_profit,58,FALSE,3,677098,3,677098,45512,5,FALSE,0.584,2,12,8,2,2,0,2,104,117
28557,29096,SNB,64,for_profit,72,FALSE,1,3200,3,3200,215,0,FALSE,0,1,12,11,1,0,0,1,86,85
28558,28767,Dairy,64,for_profit,67,FALSE,1,0,0,0,0,21,TRUE,0,1,14,12,0,0,0,0,65,272
28559,28910,SNB,48,for_profit,60,FALSE,3,99399,3,79759.42294108671,6681,10,FALSE,0.561,1,10,13,0,0,0,0,111,49
28560,30516,Dairy,80,for_profit,61,FALSE,3,0,0,0,0,21,TRUE,0,2,11,10,0,0,0,0,98,235
28561,30575,Crop,48,pro_environmental,48,TRUE,4,0,0,0,0,21,TRUE,0,2,9,10,2,0,1,0,66,132
28562,29060,Crop,96,pro_environmental,50,TRUE,2,3351,3,1031.5324964910756,281,20,FALSE,0,3,14,8,3,0,2,2,68,166
28563,29372,Dairy,96,for_profit,73,FALSE,1,0,0,0,0,21,TRUE,0,2,12,15,1,0,1,0,60,250
28564,30032,Dairy,48,pro_environmental,57,TRUE,2,3461,3,3461,290,5,FALSE,0.002,1,11,13,0,1,1,1,118,220
28565,29176,Dairy,64,pro_environmental,52,TRUE,3,480,3,480,32,5,FALSE,0,2,10,15,1,2,2,0,95,160
28566,29184,Crop,32,pro_environmental,37,FALSE,3,530592,3,530592,35664,5,FALSE,0.762,1,14,14,0,0,0,0,69,172
28567,29336,Forest,112,for_profit,57,FALSE,4,1557730,3,1557730,104704,5,FALSE,0.79,2,8,10,1,0,0,0,104,250
28568,29879,Dairy,80,pro_environmental,59,FALSE,4,960,3,960,65,0,FALSE,0.152,4,9,11,3,3,3,1,83,184
28569,29205,SNB,48,for_profit,48,TRUE,2,-31570,3,-9718.138142113774,-6893,20,FALSE,-0.023,2,14,13,2,1,2,0,67,168
28570,29155,SNB,112,for_profit,34,FALSE,3,73547,3,73547,4944,5,FALSE,0.324,1,13,12,1,0,0,1,9,295
28571,28809,Dairy,32,pro_environmental,51,FALSE,4,169952,3,136372.33219331753,11423,10,FALSE,0.217,1,9,10,0,1,1,0,70,154
28572,30306,Forest,112,for_profit,49,FALSE,3,622708,3,357038.1128454733,41856,15,FALSE,0.341,3,14,15,0,0,0,0,49,122
28573,28869,Dairy,64,for_profit,62,FALSE,2,0,0,0,0,21,TRUE,0,1,11,11,0,0,0,0,54,269
28574,28902,Dairy,64,for_profit,54,TRUE,3,802176,3,246932.44163092363,53919,20,FALSE,0.174,1,13,13,0,0,0,0,98,142
28575,30439,Dairy,64,for_profit,70,TRUE,2,5768,3,4628.339837666255,483,10,FALSE,0.004,1,12,14,1,0,0,1,49,229
28576,29787,Dairy,64,for_profit,70,TRUE,2,1920,3,1920,129,0,FALSE,0,1,12,8,1,0,1,1,90,234
28577,30187,Forest,80,for_profit,53,TRUE,5,0,0,0,0,21,TRUE,0,1,11,16,0,0,0,0,58,173
28578,29730,Dairy,64,for_profit,65,TRUE,1,218,3,218,18,5,FALSE,0,2,12,12,2,2,2,2,129,146
28579,28971,Dairy,80,for_profit,52,FALSE,2,4296,3,4296,360,5,FALSE,0.002,2,9,12,1,0,2,2,125,148
28580,28882,Crop,48,for_profit,75,FALSE,1,0,0,0,0,21,TRUE,0,1,13,11,0,0,0,1,104,169
28581,29575,Dairy,64,for_profit,58,TRUE,2,1702,3,523.9236971136409,372,20,FALSE,0,2,15,13,2,2,2,0,126,86
28582,29685,Forest,128,for_profit,84,FALSE,1,0,0,0,0,21,TRUE,0,2,10,13,1,0,0,0,77,231
28583,29829,Forest,64,for_profit,65,TRUE,3,0,0,0,0,21,TRUE,0,2,15,18,0,0,0,0,95,202
28584,30379,Dairy,64,for_profit,64,TRUE,2,3151,3,969.9668446563352,688,20,FALSE,0.001,1,11,13,1,1,0,0,97,145
28585,30168,Dairy,32,for_profit,58,FALSE,3,158360,3,90797.86280280509,10644,15,FALSE,0.159,1,10,8,0,1,1,1,53,113
28586,30356,SNB,64,for_profit,51,FALSE,3,132767,3,132767,15564,15,FALSE,0.393,4,13,11,1,0,0,0,45,124
28587,30581,Forest,96,for_profit,71,FALSE,3,701809,3,216036.64274243667,47173,20,FALSE,0.329,2,15,11,0,0,0,0,95,141
28588,29335,Dairy,64,for_profit,60,FALSE,2,848972,3,848972,57064,5,FALSE,0.728,1,9,12,1,1,0,0,87,239
28589,30119,Dairy,80,for_profit,67,TRUE,3,1365,3,420.1855737721033,298,20,FALSE,0,2,10,14,1,2,2,0,117,128
28590,29280,Dairy,32,for_profit,61,TRUE,4,0,0,0,0,21,TRUE,0,1,9,8,1,0,1,0,75,238
28591,29461,Dairy,32,pro_environmental,51,TRUE,2,531,3,531,44,5,FALSE,0,2,14,13,1,0,2,0,140,231
28592,29687,Dairy,32,for_profit,28,FALSE,2,125230,3,125230,8417,5,FALSE,0.233,1,12,8,0,0,1,0,105,202
28593,29657,Dairy,96,for_profit,48,TRUE,3,1940,3,597.1868227969819,424,20,FALSE,0,3,11,13,2,1,1,1,133,73
28594,30510,Dairy,32,for_profit,58,TRUE,2,1045,3,321.68053083651864,123,20,FALSE,0.001,1,12,14,0,1,1,1,109,145
28595,29035,Dairy,128,for_profit,54,FALSE,2,588563,3,337460.6120535954,39561,15,FALSE,0.145,1,14,10,1,1,1,1,58,272
28596,29034,Forest,32,for_profit,58,FALSE,6,97194,3,97194,6533,5,FALSE,0.445,1,11,10,0,0,0,0,79,240
28597,29011,Dairy,128,for_profit,69,FALSE,3,490552,3,393627.1435587477,32973,10,FALSE,0.175,3,10,16,0,0,3,2,114,67
28598,29934,Forest,64,for_profit,60,TRUE,3,0,0,0,0,21,TRUE,0,1,10,16,0,0,0,0,51,214
28599,29399,Dairy,80,for_profit,66,TRUE,2,0,0,0,0,21,TRUE,0,1,13,13,0,0,0,0,69,270
28600,28857,Forest,48,pro_environmental,56,TRUE,3,0,0,0,0,21,TRUE,0,1,11,15,0,0,0,0,76,174
28601,29656,Dairy,80,for_profit,70,TRUE,3,3840,3,3081.280335755621,258,10,FALSE,0.002,2,12,8,2,1,2,2,121,72
28602,29537,Forest,32,for_profit,60,TRUE,3,0,0,0,0,21,TRUE,0,2,11,9,0,0,0,0,143,103
28603,30365,Forest,48,for_profit,46,FALSE,3,260483,3,260483,17509,5,FALSE,0.514,2,11,13,0,0,0,0,119,87
28604,29992,Dairy,48,for_profit,78,TRUE,2,2510,3,772.6489305259921,294,20,FALSE,0.001,1,8,11,0,0,1,1,82,138
28605,30246,SNB,64,for_profit,72,TRUE,2,-56841,3,-56841,-4761,5,FALSE,0.043,1,9,13,0,1,1,1,77,146
28606,30153,Dairy,64,for_profit,60,FALSE,3,500935,3,401958.63671659946,33671,10,FALSE,0.419,3,13,13,2,0,0,2,61,120
28607,30109,Dairy,80,for_profit,81,TRUE,2,0,0,0,0,21,TRUE,0,1,15,13,0,0,1,0,67,254
28608,30026,SNB,112,for_profit,53,FALSE,4,237209,3,237209,19870,10,FALSE,0.661,1,12,11,0,1,0,1,99,157
28609,30515,Dairy,64,for_profit,45,FALSE,3,924273,3,924273,62126,5,FALSE,0.79,2,8,14,1,2,0,2,130,76
28610,30407,SNB,32,for_profit,56,FALSE,4,47118,3,47118,3167,5,FALSE,0.344,1,13,17,1,0,1,0,122,151
28611,29016,Dairy,64,for_profit,68,TRUE,3,4614,3,4614,386,5,FALSE,0.002,1,14,10,0,1,0,0,49,239
28612,30425,Dairy,80,pro_environmental,45,FALSE,2,482862,3,482862,32456,5,FALSE,0.323,2,19,8,0,0,2,2,53,145
28613,29631,SNB,48,for_profit,56,TRUE,3,0,0,0,0,21,TRUE,0,2,10,11,1,0,0,2,96,157
28614,30180,SNB,48,for_profit,46,TRUE,3,928,3,928,62,5,FALSE,0.002,2,12,12,0,0,1,1,54,246
28615,29771,SNB,64,for_profit,66,TRUE,2,1250,3,716.7045245232783,105,15,FALSE,0.005,3,10,15,2,0,3,2,143,108
28616,30028,Dairy,64,pro_environmental,78,TRUE,2,3446,3,3446,404,10,FALSE,0.001,2,14,10,2,2,2,2,100,166
28617,30127,SNB,64,for_profit,50,TRUE,3,1920,3,1100.8581496677557,129,15,FALSE,0.008,1,17,10,1,0,0,0,101,253
28618,28917,SNB,80,for_profit,49,FALSE,2,115147,3,115147,9645,10,FALSE,0.727,2,12,14,2,0,2,2,92,92
28619,29798,Dairy,64,pro_environmental,67,TRUE,1,1920,3,1920,129,0,FALSE,0.001,1,12,12,1,0,1,0,67,142
28620,28826,Forest,32,for_profit,67,FALSE,2,0,0,0,0,21,TRUE,0,2,15,12,1,0,0,0,83,183
28621,29858,Dairy,48,for_profit,57,TRUE,3,1160,3,930.8034347595104,97,10,FALSE,0.001,3,13,10,2,3,3,1,62,270
28622,30509,Dairy,48,for_profit,51,TRUE,3,640238,3,197083.34899685264,43034,20,FALSE,0.209,1,14,8,0,0,0,0,48,227
28623,29801,Forest,64,for_profit,53,FALSE,3,343603,3,197009.45979181762,23096,15,FALSE,0.328,2,8,13,0,0,0,0,126,155
28624,30297,Forest,112,for_profit,28,FALSE,3,586371,3,586371,39413,5,FALSE,0.757,1,10,17,0,0,0,0,72,180
28625,29959,Forest,32,for_profit,65,FALSE,4,88155,3,88155,5925,5,FALSE,0.539,2,8,7,0,0,0,0,131,163
28626,29454,SNB,64,for_profit,79,FALSE,4,192,3,192,13,0,FALSE,0,2,11,16,0,0,1,0,102,202
28627,29560,SNB,32,for_profit,59,FALSE,3,20022,3,6163.337405175862,2347,20,FALSE,0.06,1,12,9,0,0,1,0,57,224
28628,29201,Forest,96,for_profit,50,FALSE,2,618113,3,618113,41547,5,FALSE,0.635,2,18,14,0,0,1,1,148,234
28629,30483,Forest,96,for_profit,69,TRUE,4,0,0,0,0,21,TRUE,0,1,17,12,0,0,0,0,83,241
28630,29555,Dairy,48,for_profit,64,FALSE,3,400695,3,229743.93556308403,26933,15,FALSE,0.272,3,14,12,0,3,1,3,114,47
28631,28831,Dairy,64,for_profit,33,TRUE,2,640,3,640,43,0,FALSE,0.01,2,12,10,2,2,2,0,115,84
28632,30545,Dairy,32,for_profit,46,TRUE,3,960,3,960,65,0,FALSE,0,1,11,10,1,0,0,0,137,229
28633,29395,SNB,32,for_profit,66,TRUE,5,23216,3,7146.540864976667,1560,20,FALSE,0.07,1,10,12,0,0,0,0,67,189
28634,29833,Dairy,64,for_profit,52,FALSE,2,685159,3,685159,46053,5,FALSE,0.528,2,16,11,0,0,2,0,64,182
28635,29956,Forest,48,for_profit,50,TRUE,5,357081,3,204737.2546570374,24001,15,FALSE,0.62,2,8,10,0,0,0,0,45,159
28636,30226,Forest,64,for_profit,65,FALSE,4,433348,3,248465.9778344909,29128,15,FALSE,0.567,2,11,16,0,0,0,0,106,122
28637,29947,Dairy,80,for_profit,76,TRUE,1,64,3,64,4,5,FALSE,0,2,13,12,2,2,2,2,88,151
28638,30025,Dairy,80,pro_environmental,47,FALSE,3,329028,3,329028,22116,5,FALSE,0.295,2,16,15,0,0,0,0,127,151
28639,29289,SNB,48,for_profit,64,FALSE,3,84759,3,68012.0416610184,5697,10,FALSE,0.331,2,8,8,0,0,0,1,107,179
28640,28835,Dairy,64,for_profit,50,TRUE,2,4488,3,3601.2463924143817,376,10,FALSE,0.003,1,12,11,1,1,0,1,66,260
28641,28825,Forest,48,for_profit,50,FALSE,4,190394,3,190394,12797,0,FALSE,1.254,1,10,11,0,0,0,0,108,151
28642,30281,Dairy,64,for_profit,64,FALSE,3,284329,3,284329,19111,5,FALSE,0.289,2,12,12,0,1,1,1,108,107
28643,30375,Dairy,64,for_profit,57,TRUE,2,2560,3,2560,172,0,FALSE,0,1,15,13,1,1,0,0,125,207
28644,30169,Dairy,48,for_profit,55,TRUE,2,0,0,0,0,21,TRUE,0,1,13,12,0,1,0,1,62,204
28645,29164,Dairy,96,for_profit,50,TRUE,2,2400,3,2400,161,0,FALSE,0,3,11,11,2,3,0,3,132,139
28646,30005,Forest,64,for_profit,65,FALSE,3,178754,3,102491.04046130728,12015,15,FALSE,0.167,2,18,12,1,0,0,1,117,52
28647,28961,SNB,64,for_profit,72,FALSE,2,2726,3,2726,228,5,FALSE,0.014,2,15,14,0,0,2,2,86,88
28648,29826,Forest,64,for_profit,59,TRUE,5,0,0,0,0,21,TRUE,0,2,11,11,0,1,1,0,108,156
28649,30150,Forest,32,for_profit,55,FALSE,2,59774,3,34272.23699908355,4018,15,FALSE,0.202,1,14,13,0,0,0,0,138,232
28650,30566,Forest,32,for_profit,57,FALSE,3,61617,3,49442.513137566166,4142,10,FALSE,0.291,1,9,12,0,0,0,0,88,73
28651,29031,Forest,80,for_profit,77,FALSE,2,0,0,0,0,21,TRUE,0,1,17,13,0,0,0,0,64,274
28652,29884,Forest,48,pro_environmental,50,TRUE,3,116155,3,93204.71807283701,7807,10,FALSE,0.644,2,15,16,0,0,1,0,125,161
28653,28815,Forest,48,pro_environmental,43,FALSE,4,230675,3,230675,15505,5,FALSE,0.695,1,12,10,0,0,0,0,109,99
28654,30432,SNB,192,for_profit,60,FALSE,4,472611,3,472611,31767,5,FALSE,0.763,2,15,11,0,0,0,1,18,291
28655,29153,Forest,64,pro_environmental,43,TRUE,1,800,3,458.69089569489813,54,15,FALSE,0.001,3,17,11,0,0,0,1,124,58
28656,28949,Forest,32,for_profit,42,TRUE,2,0,0,0,0,21,TRUE,0,1,11,10,0,0,0,0,139,101
28657,29228,Forest,64,for_profit,56,TRUE,3,0,0,0,0,21,TRUE,0,2,9,8,0,0,0,0,98,135
28658,29725,Dairy,80,for_profit,62,TRUE,2,0,0,0,0,21,TRUE,0,2,11,14,2,0,0,0,60,244
28659,29394,Dairy,48,for_profit,53,FALSE,4,431183,3,431183,28982,5,FALSE,0.567,2,10,12,0,0,1,0,120,129
28660,29827,Crop,144,for_profit,57,FALSE,4,1330908,3,1330908,89458,5,FALSE,0.647,2,14,11,0,0,0,0,122,94
28661,29141,Dairy,48,for_profit,73,FALSE,2,686352,3,393529.26705248095,46134,15,FALSE,0.48,2,11,11,1,1,1,0,66,178
28662,28978,Dairy,48,for_profit,68,TRUE,3,2230,3,2230,261,10,FALSE,0.001,2,9,12,1,1,0,2,101,217
28663,28851,Forest,64,for_profit,57,TRUE,3,0,0,0,0,21,TRUE,0,2,15,13,0,0,0,0,56,209
28664,28776,Dairy,48,for_profit,53,FALSE,3,557135,3,557135,37448,5,FALSE,0.755,2,12,14,0,0,1,0,89,172
28665,30350,SNB,64,for_profit,51,FALSE,2,50641,3,50641,5937,10,FALSE,0.248,2,12,7,1,0,1,0,145,63
28666,29758,SNB,96,for_profit,48,FALSE,2,320,3,320,22,0,FALSE,0,3,14,13,0,0,3,0,85,225
28667,29743,SNB,96,for_profit,61,TRUE,2,128,3,128,9,0,FALSE,0,2,13,10,2,1,1,0,63,127
28668,30040,Dairy,32,for_profit,43,FALSE,3,288564,3,288564,19396,5,FALSE,0.495,1,12,11,0,0,0,0,52,114
28669,29895,Dairy,64,for_profit,57,FALSE,2,714923,3,409910.8390286046,48054,15,FALSE,0.334,2,15,8,2,0,2,1,126,143
28670,30099,Dairy,64,for_profit,71,TRUE,2,2370,3,1901.7277072241723,199,10,FALSE,0.001,3,13,13,3,3,3,3,90,158
28671,29225,Dairy,32,for_profit,72,FALSE,3,31558,3,9714.44420300369,6891,20,FALSE,0.015,1,13,11,1,0,1,0,117,145
28672,29525,Dairy,80,for_profit,60,TRUE,4,256,3,205.41868905037472,17,10,FALSE,0,2,14,11,1,0,2,0,119,110
28673,29234,Dairy,48,for_profit,59,FALSE,3,0,0,0,0,21,TRUE,0,1,10,11,1,0,0,0,69,193
28674,29832,Forest,32,pro_environmental,52,FALSE,4,151968,3,151968,10215,5,FALSE,0.351,2,10,9,0,0,0,0,126,106
28675,29104,Dairy,32,for_profit,60,TRUE,2,1576,3,1576,344,15,FALSE,0.001,1,18,12,1,1,0,0,52,149
28676,29695,SNB,64,for_profit,49,TRUE,4,3538,3,3538,773,15,FALSE,0.026,2,10,9,2,0,0,2,15,298
28677,30583,Dairy,64,for_profit,79,TRUE,1,0,0,0,0,21,TRUE,0,1,13,15,0,1,1,1,72,248
28678,29597,Dairy,32,for_profit,49,FALSE,2,281219,3,281219,18902,5,FALSE,0.482,1,14,11,1,0,1,1,80,136
28679,29093,Dairy,48,for_profit,66,TRUE,3,426233,3,131206.56239238454,28650,20,FALSE,0.17,2,16,13,0,1,1,1,60,183
28680,30443,Dairy,64,for_profit,38,TRUE,4,0,0,0,0,21,TRUE,0,1,11,10,0,1,1,0,54,230
28681,30062,Dairy,32,for_profit,73,TRUE,2,0,0,0,0,21,TRUE,0,1,10,13,0,0,0,0,144,239
28682,28753,Dairy,80,for_profit,58,FALSE,3,1130926,3,907473.9700507191,76016,10,FALSE,0.531,2,14,13,0,2,2,0,121,152
28683,29237,Dairy,32,for_profit,63,FALSE,3,2370,3,2370,199,5,FALSE,0.002,1,14,9,1,0,1,1,69,247
28684,30577,SNB,48,pro_environmental,47,TRUE,3,0,0,0,0,21,TRUE,0,1,11,9,0,1,0,0,137,232
28685,30145,Dairy,32,pro_environmental,47,FALSE,3,331932,3,331932,22311,5,FALSE,0.528,1,15,11,0,1,0,0,108,99
28686,28900,SNB,48,for_profit,57,TRUE,3,1703,3,524.2315253728145,143,20,FALSE,0.003,2,12,15,0,0,1,1,107,59
28687,29738,SNB,48,for_profit,49,FALSE,2,25201,3,25201,1694,5,FALSE,0.259,1,12,11,1,0,0,0,66,122
28688,30383,Forest,32,for_profit,46,TRUE,4,186396,3,149567.27329778767,12529,10,FALSE,0.527,1,10,9,0,0,0,0,123,108
28689,30211,Dairy,48,for_profit,50,FALSE,3,618776,3,618776,41591,5,FALSE,0.738,2,10,9,2,2,2,0,95,107
28690,29819,Forest,32,for_profit,46,FALSE,3,69601,3,69601,4678,5,FALSE,0.319,1,9,11,0,0,0,0,64,265
28691,30014,Forest,32,for_profit,73,FALSE,2,188102,3,57903.1112070917,12643,20,FALSE,0.265,1,11,12,0,0,0,0,91,240
28692,29823,Forest,48,for_profit,47,FALSE,3,125372,3,125372,27376,20,FALSE,0.591,2,19,12,0,0,0,0,110,51
28693,29882,Forest,80,for_profit,53,TRUE,3,0,0,0,0,21,TRUE,0,1,14,9,0,0,0,0,64,243
28694,29314,Dairy,48,for_profit,70,FALSE,2,0,0,0,0,21,TRUE,0,1,9,13,1,0,0,0,56,177
28695,29095,Dairy,64,for_profit,71,FALSE,2,76630,3,76630,16733,15,FALSE,0.146,3,13,13,2,0,2,0,113,71
28696,29282,SNB,48,for_profit,53,FALSE,2,61387,3,49257.95728412247,4126,10,FALSE,0.507,1,7,9,0,0,0,0,54,110
28697,28806,Dairy,32,for_profit,53,FALSE,2,77097,3,77097,9038,10,FALSE,0.185,1,12,17,1,0,1,0,66,275
28698,29720,Dairy,32,for_profit,81,TRUE,1,480,3,480,32,5,FALSE,0.001,2,15,9,2,2,0,0,131,103
28699,29170,Dairy,48,for_profit,49,TRUE,4,608,3,608,41,0,FALSE,0.113,2,15,16,1,0,2,0,121,143
28700,30158,Dairy,48,pro_environmental,60,TRUE,2,1440,3,1440,97,0,FALSE,0.001,1,8,16,1,1,1,0,120,94
28701,28830,Dairy,48,for_profit,57,TRUE,3,579,3,178.23256206157347,126,20,FALSE,0,2,15,12,0,2,2,2,70,186
28702,29491,Dairy,80,pro_environmental,67,TRUE,2,192,3,192,13,0,FALSE,0,3,10,8,0,0,1,3,108,113
28703,30018,Dairy,48,for_profit,60,FALSE,3,523111,3,523111,35161,5,FALSE,0.568,3,16,14,0,0,0,3,127,64
28704,29600,Dairy,32,pro_environmental,68,FALSE,1,1955,3,1955,164,5,FALSE,0.002,2,11,12,0,2,2,2,125,114
28705,29862,Dairy,32,for_profit,53,TRUE,3,960,3,770.3200839389052,65,10,FALSE,0.001,1,14,12,1,0,0,1,125,163
28706,29588,SNB,32,for_profit,43,TRUE,3,800,3,800,54,5,FALSE,0.01,2,13,10,0,0,2,2,34,255
28707,28991,Dairy,80,for_profit,54,TRUE,4,947,3,291.51336143749586,111,20,FALSE,0,2,12,16,0,0,2,1,80,183
28708,30489,Dairy,48,for_profit,63,TRUE,2,1920,3,1920,129,0,FALSE,0,1,11,9,1,1,0,0,37,268
28709,29391,Dairy,32,for_profit,84,TRUE,2,1154,3,925.9889342348923,97,10,FALSE,0.002,2,8,11,0,2,0,2,125,52
28710,28920,Dairy,32,for_profit,79,TRUE,1,0,0,0,0,21,TRUE,0,1,12,9,0,0,0,0,150,225
28711,30458,Forest,32,pro_environmental,45,TRUE,3,87682,3,87682,19146,20,FALSE,0.189,2,12,13,0,0,0,1,80,154
28712,29792,SNB,48,for_profit,49,FALSE,3,101514,3,101514,8503,10,FALSE,0.677,2,9,12,2,0,2,0,57,191
28713,29105,Forest,32,for_profit,60,FALSE,6,98874,3,79338.15414518262,6646,10,FALSE,0.359,1,14,10,0,0,0,0,102,156
28714,29942,Forest,32,pro_environmental,79,TRUE,1,0,0,0,0,21,TRUE,0,1,8,15,0,0,0,0,112,114
28715,30361,Forest,32,for_profit,62,FALSE,3,96643,3,77547.96236677877,6496,10,FALSE,0.351,1,10,13,0,0,0,0,57,234
28716,29686,Dairy,32,for_profit,42,FALSE,1,242988,3,242988,16333,5,FALSE,0.363,2,14,10,2,2,1,1,107,168
28717,30414,SNB,32,for_profit,64,FALSE,2,286432,3,164229.68829460134,23993,15,FALSE,0.282,1,16,18,0,0,1,0,47,271
28718,29264,Dairy,32,for_profit,69,TRUE,4,0,0,0,0,21,TRUE,0,1,10,11,0,0,0,0,121,82
28719,29846,SNB,32,pro_environmental,51,FALSE,2,21566,3,21566,1450,5,FALSE,0.333,1,10,10,1,0,0,0,18,278
28720,29338,Dairy,32,for_profit,50,TRUE,3,128,3,128,9,0,FALSE,0,1,10,18,1,0,1,1,46,262
28721,30446,Dairy,48,pro_environmental,47,FALSE,3,695450,3,398745.72926377115,46745,15,FALSE,0.423,1,12,10,0,0,1,1,114,95
28722,29706,Dairy,32,for_profit,76,TRUE,2,0,0,0,0,21,TRUE,0,2,16,11,0,1,1,1,135,21
28723,30539,Dairy,64,for_profit,75,TRUE,1,0,0,0,0,21,TRUE,0,1,17,11,0,0,1,0,136,83
28724,29231,Dairy,48,for_profit,43,FALSE,2,319146,3,319146,21452,5,FALSE,0.389,2,12,11,0,1,0,1,92,183
28725,29622,Forest,32,for_profit,37,FALSE,4,98166,3,78770.04308327768,6598,10,FALSE,0.356,1,15,11,0,0,0,0,86,213
28726,29417,Dairy,32,for_profit,60,FALSE,3,201692,3,201692,13557,5,FALSE,0.284,1,12,12,1,0,1,0,70,170
